time,open,high,low,close,tickvol
2022-02-02 23:45:00,1807.36,1807.49,1806.83,1806.86,273
2022-02-03 01:00:00,1806.94,1807.3,1806.83,1807.24,81
2022-02-03 01:15:00,1807.2,1807.65,1807.08,1807.6,172
2022-02-03 01:30:00,1807.7,1808.0,1807.3,1807.43,82
2022-02-03 01:45:00,1807.43,1807.97,1807.22,1807.94,224
2022-02-03 02:00:00,1807.94,1807.95,1807.23,1807.67,231
2022-02-03 02:15:00,1807.67,1807.68,1807.04,1807.13,297
2022-02-03 02:30:00,1807.26,1807.77,1807.13,1807.74,285
2022-02-03 02:45:00,1807.74,1807.8,1807.09,1807.41,515
2022-02-03 03:00:00,1807.41,1807.86,1806.58,1806.67,507
2022-02-03 03:15:00,1806.71,1806.72,1805.97,1806.52,498
2022-02-03 03:30:00,1806.52,1806.96,1806.32,1806.65,383
2022-02-03 03:45:00,1806.67,1808.61,1806.66,1808.6,532
2022-02-03 04:00:00,1808.57,1808.93,1808.42,1808.57,525
2022-02-03 04:15:00,1808.57,1808.58,1806.48,1806.51,418
2022-02-03 04:30:00,1806.48,1806.87,1806.25,1806.57,341
2022-02-03 04:45:00,1806.57,1806.75,1806.35,1806.57,283
2022-02-03 05:00:00,1806.58,1806.84,1806.21,1806.74,309
2022-02-03 05:15:00,1806.74,1807.75,1806.4,1807.34,443
2022-02-03 05:30:00,1807.28,1807.61,1806.82,1806.94,425
2022-02-03 05:45:00,1806.95,1807.44,1806.79,1807.03,316
2022-02-03 06:00:00,1807.03,1807.16,1806.24,1806.41,364
2022-02-03 06:15:00,1806.41,1806.63,1806.13,1806.42,362
2022-02-03 06:30:00,1806.44,1807.14,1806.44,1807.05,335
2022-02-03 06:45:00,1807.05,1807.19,1806.29,1806.57,456
2022-02-03 07:00:00,1806.57,1806.85,1806.24,1806.66,284
2022-02-03 07:15:00,1806.64,1806.86,1806.18,1806.64,390
2022-02-03 07:30:00,1806.64,1806.64,1805.64,1805.76,389
2022-02-03 07:45:00,1805.76,1806.83,1805.51,1806.79,410
2022-02-03 08:00:00,1806.78,1806.89,1805.4,1805.52,544
2022-02-03 08:15:00,1805.5,1805.97,1805.31,1805.74,490
2022-02-03 08:30:00,1805.77,1806.12,1805.25,1805.31,455
2022-02-03 08:45:00,1805.32,1805.87,1804.96,1805.32,461
2022-02-03 09:00:00,1805.32,1806.05,1804.78,1804.87,524
2022-02-03 09:15:00,1805.01,1805.51,1803.89,1804.02,649
2022-02-03 09:30:00,1803.96,1804.7,1803.17,1804.46,944
2022-02-03 09:45:00,1804.46,1804.91,1804.02,1804.64,673
2022-02-03 10:00:00,1804.64,1804.64,1802.78,1803.14,1315
2022-02-03 10:15:00,1803.14,1804.53,1803.09,1803.62,992
2022-02-03 10:30:00,1803.6,1805.12,1803.57,1804.56,1071
2022-02-03 10:45:00,1804.58,1805.22,1804.43,1805.19,981
2022-02-03 11:00:00,1805.19,1805.65,1804.19,1804.31,917
2022-02-03 11:15:00,1804.31,1806.06,1804.2,1805.66,762
2022-02-03 11:30:00,1805.66,1805.77,1804.54,1804.56,719
2022-02-03 11:45:00,1804.49,1804.53,1803.09,1803.44,916
2022-02-03 12:00:00,1803.47,1804.25,1802.96,1803.38,846
2022-02-03 12:15:00,1803.38,1803.62,1802.29,1802.5,821
2022-02-03 12:30:00,1802.5,1803.99,1802.27,1803.76,899
2022-02-03 12:45:00,1803.76,1803.9,1802.92,1803.2,696
2022-02-03 13:00:00,1803.19,1803.6,1802.85,1802.85,846
2022-02-03 13:15:00,1802.85,1803.39,1802.36,1803.37,710
2022-02-03 13:30:00,1803.37,1805.17,1803.23,1804.66,806
2022-02-03 13:45:00,1804.66,1805.02,1803.63,1804.23,756
2022-02-03 14:00:00,1804.2,1804.79,1801.02,1801.65,3039
2022-02-03 14:15:00,1801.65,1802.56,1800.7,1801.09,1965
2022-02-03 14:30:00,1801.08,1803.23,1800.61,1802.57,1564
2022-02-03 14:45:00,1802.6,1802.63,1800.66,1802.06,2264
2022-02-03 15:00:00,1802.05,1803.17,1800.01,1802.21,2196
2022-02-03 15:15:00,1802.2,1803.12,1800.57,1801.86,1925
2022-02-03 15:30:00,1801.86,1804.37,1801.86,1803.85,3055
2022-02-03 15:45:00,1803.85,1804.69,1802.06,1802.51,3968
2022-02-03 16:00:00,1802.59,1805.19,1802.13,1803.61,3756
2022-02-03 16:15:00,1803.7,1804.91,1802.07,1802.26,2878
2022-02-03 16:30:00,1802.45,1803.24,1795.94,1795.94,4723
2022-02-03 16:45:00,1795.98,1796.36,1788.66,1791.44,5174
2022-02-03 17:00:00,1791.44,1798.57,1790.33,1798.08,4730
2022-02-03 17:15:00,1798.14,1801.15,1797.53,1799.26,3773
2022-02-03 17:30:00,1799.26,1803.83,1798.9,1802.77,3604
2022-02-03 17:45:00,1802.79,1804.21,1802.57,1803.12,2917
2022-02-03 18:00:00,1803.08,1805.37,1801.11,1804.67,2723
2022-02-03 18:15:00,1804.67,1807.09,1804.04,1807.09,2196
2022-02-03 18:30:00,1807.08,1807.25,1804.99,1805.44,2170
2022-02-03 18:45:00,1805.44,1807.7,1805.44,1806.86,1946
2022-02-03 19:00:00,1806.87,1807.07,1804.77,1805.74,1705
2022-02-03 19:15:00,1805.76,1806.75,1805.25,1806.65,1338
2022-02-03 19:30:00,1806.65,1807.01,1804.81,1804.9,1211
2022-02-03 19:45:00,1804.83,1805.0,1803.53,1804.04,1172
2022-02-03 20:00:00,1804.04,1805.13,1803.57,1804.32,1078
2022-02-03 20:15:00,1804.32,1804.32,1803.21,1803.63,1240
2022-02-03 20:30:00,1803.53,1804.48,1803.42,1804.08,984
2022-02-03 20:45:00,1804.08,1805.47,1803.74,1805.38,736
2022-02-03 21:00:00,1805.39,1806.49,1805.15,1806.06,837
2022-02-03 21:15:00,1806.07,1806.69,1805.93,1806.0,869
2022-02-03 21:30:00,1806.01,1806.21,1804.61,1804.64,791
2022-02-03 21:45:00,1804.65,1805.78,1804.55,1805.13,886
2022-02-03 22:00:00,1805.16,1806.43,1805.11,1806.07,1023
2022-02-03 22:15:00,1806.06,1806.3,1805.78,1805.91,663
2022-02-03 22:30:00,1805.92,1806.09,1805.24,1805.57,523
2022-02-03 22:45:00,1805.58,1806.1,1805.1,1805.23,852
2022-02-03 23:00:00,1805.28,1806.25,1805.27,1805.54,401
2022-02-03 23:15:00,1805.54,1805.54,1804.69,1804.81,362
2022-02-03 23:30:00,1804.78,1805.03,1804.64,1804.77,328
2022-02-03 23:45:00,1804.76,1804.9,1804.6,1804.88,120
2022-02-04 01:00:00,1804.8,1805.47,1804.74,1805.31,192
2022-02-04 01:15:00,1805.3,1805.95,1805.3,1805.83,299
2022-02-04 01:30:00,1805.81,1806.53,1805.81,1806.32,224
2022-02-04 01:45:00,1806.28,1806.32,1805.3,1805.82,380
2022-02-04 02:00:00,1805.8,1805.85,1805.0,1805.2,555
2022-02-04 02:15:00,1805.2,1805.94,1805.13,1805.34,396
2022-02-04 02:30:00,1805.4,1805.99,1805.34,1805.84,309
2022-02-04 02:45:00,1805.84,1806.23,1805.52,1805.98,540
2022-02-04 03:00:00,1806.04,1807.19,1805.91,1806.58,614
2022-02-04 03:15:00,1806.6,1807.1,1806.18,1806.87,451
2022-02-04 03:30:00,1806.87,1807.22,1806.46,1806.82,615
2022-02-04 03:45:00,1806.82,1807.36,1806.18,1807.21,569
2022-02-04 04:00:00,1807.22,1807.4,1806.95,1807.25,489
2022-02-04 04:15:00,1807.27,1807.57,1806.42,1806.69,481
2022-02-04 04:30:00,1806.73,1806.92,1806.42,1806.82,408
2022-02-04 04:45:00,1806.81,1806.9,1805.84,1806.18,366
2022-02-04 05:00:00,1806.18,1806.97,1806.18,1806.57,281
2022-02-04 05:15:00,1806.57,1806.81,1805.97,1806.37,272
2022-02-04 05:30:00,1806.46,1806.57,1805.81,1806.2,336
2022-02-04 05:45:00,1806.21,1806.62,1805.89,1806.55,285
2022-02-04 06:00:00,1806.55,1806.94,1806.36,1806.92,326
2022-02-04 06:15:00,1806.94,1807.34,1806.4,1807.31,388
2022-02-04 06:30:00,1807.29,1807.9,1807.24,1807.89,557
2022-02-04 06:45:00,1807.88,1807.9,1806.4,1806.5,428
2022-02-04 07:00:00,1806.48,1806.9,1806.41,1806.56,433
2022-02-04 07:15:00,1806.57,1807.43,1806.55,1806.9,387
2022-02-04 07:30:00,1806.9,1807.33,1806.39,1806.48,449
2022-02-04 07:45:00,1806.46,1806.71,1806.41,1806.53,391
2022-02-04 08:00:00,1806.52,1806.55,1805.78,1806.04,559
2022-02-04 08:15:00,1806.09,1806.41,1805.79,1806.09,396
2022-02-04 08:30:00,1806.12,1806.89,1805.8,1806.86,434
2022-02-04 08:45:00,1806.86,1807.22,1806.62,1807.02,606
2022-02-04 09:00:00,1807.04,1809.21,1806.8,1807.82,1178
2022-02-04 09:15:00,1807.9,1808.43,1807.5,1807.83,911
2022-02-04 09:30:00,1807.78,1808.28,1806.7,1806.7,1272
2022-02-04 09:45:00,1806.71,1807.39,1806.21,1807.39,1522
2022-02-04 10:00:00,1807.37,1808.57,1806.24,1807.85,1896
2022-02-04 10:15:00,1807.85,1809.22,1807.79,1808.78,1511
2022-02-04 10:30:00,1808.78,1809.97,1808.67,1809.85,1475
2022-02-04 10:45:00,1809.85,1810.02,1808.0,1808.58,1155
2022-02-04 11:00:00,1808.61,1809.83,1808.38,1809.37,1117
2022-02-04 11:15:00,1809.36,1810.1,1808.99,1809.96,1125
2022-02-04 11:30:00,1809.96,1810.19,1809.5,1809.62,1020
2022-02-04 11:45:00,1809.63,1811.88,1809.5,1811.0,1306
2022-02-04 12:00:00,1810.99,1813.42,1810.98,1813.22,1289
2022-02-04 12:15:00,1813.22,1813.77,1812.6,1813.7,1328
2022-02-04 12:30:00,1813.7,1814.49,1812.71,1812.86,1329
2022-02-04 12:45:00,1812.88,1813.85,1812.7,1813.28,1050
2022-02-04 13:00:00,1813.28,1813.48,1811.44,1811.5,1055
2022-02-04 13:15:00,1811.5,1812.09,1810.5,1810.91,1116
2022-02-04 13:30:00,1810.93,1811.72,1810.43,1810.47,891
2022-02-04 13:45:00,1810.47,1811.47,1809.76,1810.99,1107
2022-02-04 14:00:00,1811.0,1811.4,1809.98,1810.96,1179
2022-02-04 14:15:00,1810.97,1811.6,1810.31,1811.1,935
2022-02-04 14:30:00,1811.1,1812.41,1811.08,1811.62,772
2022-02-04 14:45:00,1811.61,1811.76,1810.8,1810.99,936
2022-02-04 15:00:00,1810.97,1813.91,1810.61,1813.59,1563
2022-02-04 15:15:00,1813.66,1814.88,1812.67,1812.99,1835
2022-02-04 15:30:00,1812.98,1813.51,1796.53,1797.9,6021
2022-02-04 15:45:00,1797.9,1800.76,1794.98,1795.52,4379
2022-02-04 16:00:00,1795.46,1804.21,1792.14,1803.32,4691
2022-02-04 16:15:00,1803.34,1803.43,1799.27,1799.73,2981
2022-02-04 16:30:00,1799.67,1806.59,1798.78,1806.49,4024
2022-02-04 16:45:00,1806.51,1807.21,1802.14,1804.34,3604
2022-02-04 17:00:00,1804.35,1810.32,1803.98,1806.01,3781
2022-02-04 17:15:00,1805.98,1809.01,1805.49,1807.35,2875
2022-02-04 17:30:00,1807.23,1808.96,1805.36,1805.64,3166
2022-02-04 17:45:00,1805.64,1805.85,1803.48,1803.93,2844
2022-02-04 18:00:00,1803.93,1805.96,1803.14,1804.5,2805
2022-02-04 18:15:00,1804.49,1805.27,1803.48,1804.72,2103
2022-02-04 18:30:00,1804.68,1806.23,1804.42,1805.75,1764
2022-02-04 18:45:00,1805.75,1807.94,1805.67,1806.89,1550
2022-02-04 19:00:00,1806.88,1808.7,1806.6,1807.54,1322
2022-02-04 19:15:00,1807.56,1808.18,1806.74,1806.89,1029
2022-02-04 19:30:00,1806.89,1807.86,1806.71,1806.8,767
2022-02-04 19:45:00,1806.8,1806.93,1805.64,1806.38,932
2022-02-04 20:00:00,1806.39,1807.35,1806.1,1806.97,844
2022-02-04 20:15:00,1806.96,1808.02,1806.77,1807.6,1115
2022-02-04 20:30:00,1807.6,1807.85,1806.04,1806.58,730
2022-02-04 20:45:00,1806.58,1807.88,1806.53,1807.63,631
2022-02-04 21:00:00,1807.7,1808.58,1807.28,1807.55,637
2022-02-04 21:15:00,1807.55,1807.71,1805.9,1806.13,525
2022-02-04 21:30:00,1806.07,1807.42,1805.91,1806.96,536
2022-02-04 21:45:00,1806.96,1807.18,1806.53,1806.89,634
2022-02-04 22:00:00,1806.89,1807.28,1806.08,1806.99,699
2022-02-04 22:15:00,1807.04,1807.86,1806.69,1807.54,678
2022-02-04 22:30:00,1807.53,1808.18,1807.2,1807.36,702
2022-02-04 22:45:00,1807.37,1808.24,1806.97,1808.14,875
2022-02-04 23:00:00,1808.14,1808.24,1807.44,1807.53,463
2022-02-04 23:15:00,1807.53,1807.92,1807.42,1807.91,229
2022-02-04 23:30:00,1807.91,1808.3,1806.86,1807.1,189
2022-02-04 23:45:00,1807.1,1808.15,1807.03,1807.84,83
2022-02-07 01:00:00,1808.53,1809.55,1807.84,1809.35,516
2022-02-07 01:15:00,1809.31,1809.73,1808.82,1809.19,435
2022-02-07 01:30:00,1809.19,1811.52,1809.19,1810.66,537
2022-02-07 01:45:00,1810.65,1810.67,1809.98,1810.13,624
2022-02-07 02:00:00,1810.13,1812.62,1810.13,1812.29,954
2022-02-07 02:15:00,1812.32,1812.8,1811.33,1812.39,844
2022-02-07 02:30:00,1812.39,1812.95,1812.0,1812.49,701
2022-02-07 02:45:00,1812.48,1813.53,1812.13,1813.2,646
2022-02-07 03:00:00,1813.32,1815.3,1810.3,1811.82,3050
2022-02-07 03:15:00,1811.79,1812.38,1809.78,1809.85,1941
2022-02-07 03:30:00,1809.84,1810.77,1808.79,1809.98,1506
2022-02-07 03:45:00,1809.98,1810.56,1809.09,1810.32,1147
2022-02-07 04:00:00,1810.32,1810.55,1809.77,1810.12,988
2022-02-07 04:15:00,1810.15,1810.87,1809.66,1810.5,661
2022-02-07 04:30:00,1810.52,1810.56,1809.67,1809.95,874
2022-02-07 04:45:00,1809.94,1811.17,1809.6,1809.67,1126
2022-02-07 05:00:00,1809.67,1810.21,1809.29,1809.64,984
2022-02-07 05:15:00,1809.66,1810.72,1809.41,1810.5,761
2022-02-07 05:30:00,1810.53,1810.9,1810.29,1810.59,450
2022-02-07 05:45:00,1810.51,1810.9,1809.87,1809.89,557
2022-02-07 06:00:00,1809.89,1810.66,1809.76,1810.22,435
2022-02-07 06:15:00,1810.23,1810.93,1809.97,1810.41,493
2022-02-07 06:30:00,1810.41,1810.7,1810.23,1810.4,350
2022-02-07 06:45:00,1810.4,1810.89,1810.17,1810.51,307
2022-02-07 07:00:00,1810.49,1810.7,1810.03,1810.06,365
2022-02-07 07:15:00,1810.06,1810.23,1809.48,1809.69,607
2022-02-07 07:30:00,1809.69,1810.95,1809.57,1810.75,823
2022-02-07 07:45:00,1810.72,1810.79,1810.22,1810.31,811
2022-02-07 08:00:00,1810.27,1811.27,1810.08,1810.47,730
2022-02-07 08:15:00,1810.48,1810.67,1809.38,1809.84,925
2022-02-07 08:30:00,1809.8,1809.81,1808.81,1809.71,864
2022-02-07 08:45:00,1809.68,1810.58,1809.53,1809.56,750
2022-02-07 09:00:00,1809.55,1811.41,1809.53,1811.4,1165
2022-02-07 09:15:00,1811.41,1811.72,1810.92,1811.05,995
2022-02-07 09:30:00,1811.06,1811.69,1810.8,1811.12,1090
2022-02-07 09:45:00,1811.12,1813.01,1811.02,1812.99,1064
2022-02-07 10:00:00,1813.05,1814.16,1811.38,1811.74,1812
2022-02-07 10:15:00,1811.75,1811.85,1809.94,1811.27,1669
2022-02-07 10:30:00,1811.27,1813.28,1811.27,1812.99,1638
2022-02-07 10:45:00,1813.0,1813.76,1812.57,1813.07,1517
2022-02-07 11:00:00,1813.06,1813.23,1811.13,1812.1,1283
2022-02-07 11:15:00,1812.1,1813.45,1811.7,1811.72,1213
2022-02-07 11:30:00,1811.73,1812.46,1811.35,1811.5,1026
2022-02-07 11:45:00,1811.5,1812.71,1811.29,1812.43,1041
2022-02-07 12:00:00,1812.44,1812.52,1811.24,1811.25,1023
2022-02-07 12:15:00,1811.26,1811.82,1810.34,1811.72,1072
2022-02-07 12:30:00,1811.73,1812.09,1810.85,1811.55,794
2022-02-07 12:45:00,1811.49,1811.71,1810.26,1810.38,926
2022-02-07 13:00:00,1810.38,1812.36,1810.35,1812.07,982
2022-02-07 13:15:00,1812.05,1812.72,1811.83,1812.14,1091
2022-02-07 13:30:00,1812.14,1813.17,1811.9,1812.87,740
2022-02-07 13:45:00,1812.9,1813.96,1812.73,1813.63,1246
2022-02-07 14:00:00,1813.62,1813.87,1812.89,1813.47,1105
2022-02-07 14:15:00,1813.45,1814.01,1811.91,1812.73,1009
2022-02-07 14:30:00,1812.73,1814.07,1812.31,1813.62,1052
2022-02-07 14:45:00,1813.64,1814.25,1813.23,1813.26,1174
2022-02-07 15:00:00,1813.27,1815.62,1812.63,1814.84,2016
2022-02-07 15:15:00,1814.81,1817.21,1814.49,1816.37,2480
2022-02-07 15:30:00,1816.36,1816.98,1813.78,1814.77,2447
2022-02-07 15:45:00,1814.69,1816.03,1811.66,1813.99,2141
2022-02-07 16:00:00,1813.98,1816.01,1813.93,1815.78,1950
2022-02-07 16:15:00,1815.79,1816.08,1814.09,1814.66,1291
2022-02-07 16:30:00,1814.66,1815.68,1813.38,1813.44,2877
2022-02-07 16:45:00,1813.47,1815.22,1812.54,1814.01,2517
2022-02-07 17:00:00,1814.04,1814.27,1811.89,1812.85,2360
2022-02-07 17:15:00,1812.85,1816.62,1812.21,1815.26,2133
2022-02-07 17:30:00,1815.21,1816.11,1814.65,1815.57,1578
2022-02-07 17:45:00,1815.54,1816.32,1814.4,1815.86,2029
2022-02-07 18:00:00,1815.86,1816.53,1814.46,1815.0,1601
2022-02-07 18:15:00,1815.0,1817.78,1814.29,1817.0,2031
2022-02-07 18:30:00,1817.0,1818.4,1816.93,1817.36,2086
2022-02-07 18:45:00,1817.39,1817.66,1816.74,1817.36,1175
2022-02-07 19:00:00,1817.36,1818.1,1816.89,1817.97,1184
2022-02-07 19:15:00,1817.97,1819.38,1817.87,1819.04,1337
2022-02-07 19:30:00,1819.03,1819.86,1818.76,1819.84,1343
2022-02-07 19:45:00,1819.84,1820.14,1819.24,1819.93,1058
2022-02-07 20:00:00,1819.92,1820.44,1819.57,1819.79,1260
2022-02-07 20:15:00,1819.86,1821.23,1819.8,1821.14,972
2022-02-07 20:30:00,1821.13,1821.13,1820.11,1820.52,998
2022-02-07 20:45:00,1820.52,1821.15,1820.0,1821.14,589
2022-02-07 21:00:00,1821.13,1821.96,1820.74,1821.71,648
2022-02-07 21:15:00,1821.74,1822.35,1821.23,1822.33,899
2022-02-07 21:30:00,1822.33,1823.54,1822.17,1823.38,1092
2022-02-07 21:45:00,1823.39,1823.39,1822.12,1822.32,1002
2022-02-07 22:00:00,1822.34,1822.65,1821.02,1821.17,854
2022-02-07 22:15:00,1821.17,1821.6,1820.44,1820.54,698
2022-02-07 22:30:00,1820.54,1821.44,1820.24,1821.43,676
2022-02-07 22:45:00,1821.43,1822.06,1821.28,1821.53,808
2022-02-07 23:00:00,1821.52,1821.93,1821.06,1821.16,318
2022-02-07 23:15:00,1821.2,1821.36,1820.8,1820.8,165
2022-02-07 23:30:00,1820.8,1821.34,1820.75,1821.19,373
2022-02-07 23:45:00,1821.18,1821.25,1820.29,1820.48,198
2022-02-08 01:00:00,1821.2,1821.3,1820.56,1820.73,228
2022-02-08 01:15:00,1820.73,1821.46,1820.69,1821.44,237
2022-02-08 01:30:00,1821.41,1821.82,1821.39,1821.63,224
2022-02-08 01:45:00,1821.71,1822.1,1821.67,1822.04,265
2022-02-08 02:00:00,1822.0,1822.05,1820.59,1820.76,428
2022-02-08 02:15:00,1820.76,1820.96,1820.33,1820.62,321
2022-02-08 02:30:00,1820.62,1820.91,1820.44,1820.71,274
2022-02-08 02:45:00,1820.71,1821.68,1820.33,1820.73,592
2022-02-08 03:00:00,1820.73,1821.51,1820.26,1820.87,999
2022-02-08 03:15:00,1820.87,1822.05,1820.55,1821.99,766
2022-02-08 03:30:00,1821.99,1822.12,1821.01,1821.73,931
2022-02-08 03:45:00,1821.71,1822.37,1821.35,1822.15,858
2022-02-08 04:00:00,1822.07,1823.28,1822.05,1822.91,1104
2022-02-08 04:15:00,1822.92,1822.92,1821.66,1821.78,620
2022-02-08 04:30:00,1821.78,1822.6,1821.72,1822.55,843
2022-02-08 04:45:00,1822.57,1822.59,1821.96,1822.12,701
2022-02-08 05:00:00,1822.12,1822.88,1822.04,1822.72,559
2022-02-08 05:15:00,1822.65,1823.31,1822.34,1822.63,697
2022-02-08 05:30:00,1822.63,1822.68,1821.86,1822.14,394
2022-02-08 05:45:00,1822.05,1822.31,1821.73,1821.87,388
2022-02-08 06:00:00,1821.87,1822.27,1821.76,1822.04,394
2022-02-08 06:15:00,1822.04,1822.38,1821.94,1822.14,552
2022-02-08 06:30:00,1822.13,1822.16,1821.67,1821.88,472
2022-02-08 06:45:00,1821.88,1821.88,1821.05,1821.43,407
2022-02-08 07:00:00,1821.41,1821.58,1819.59,1819.62,814
2022-02-08 07:15:00,1819.63,1819.85,1819.04,1819.41,872
2022-02-08 07:30:00,1819.43,1820.84,1818.97,1820.62,1081
2022-02-08 07:45:00,1820.62,1821.1,1820.15,1820.32,795
2022-02-08 08:00:00,1820.32,1820.41,1819.51,1820.06,813
2022-02-08 08:15:00,1820.1,1820.61,1819.82,1820.26,659
2022-02-08 08:30:00,1820.25,1821.01,1820.18,1820.8,718
2022-02-08 08:45:00,1820.83,1820.84,1819.49,1819.57,787
2022-02-08 09:00:00,1819.56,1820.07,1818.42,1818.76,911
2022-02-08 09:15:00,1818.76,1818.76,1816.64,1817.31,1367
2022-02-08 09:30:00,1817.34,1817.91,1815.43,1815.47,1562
2022-02-08 09:45:00,1815.47,1817.56,1815.47,1817.37,1008
2022-02-08 10:00:00,1817.37,1819.16,1817.2,1818.95,1503
2022-02-08 10:15:00,1818.95,1819.37,1817.52,1818.88,1338
2022-02-08 10:30:00,1818.88,1820.49,1818.36,1819.97,1150
2022-02-08 10:45:00,1819.98,1820.5,1818.71,1819.28,1060
2022-02-08 11:00:00,1819.26,1820.06,1817.52,1817.74,868
2022-02-08 11:15:00,1817.74,1818.36,1817.54,1818.1,964
2022-02-08 11:30:00,1818.1,1819.04,1817.88,1818.5,776
2022-02-08 11:45:00,1818.51,1820.01,1818.51,1819.84,992
2022-02-08 12:00:00,1819.81,1819.96,1819.11,1819.21,853
2022-02-08 12:15:00,1819.19,1820.14,1818.92,1819.8,996
2022-02-08 12:30:00,1819.8,1821.07,1818.72,1819.14,970
2022-02-08 12:45:00,1819.17,1819.84,1818.54,1819.1,814
2022-02-08 13:00:00,1819.11,1819.4,1818.34,1818.62,767
2022-02-08 13:15:00,1818.55,1818.55,1817.46,1817.68,891
2022-02-08 13:30:00,1817.7,1818.58,1817.59,1818.26,871
2022-02-08 13:45:00,1818.25,1818.61,1817.76,1818.16,917
2022-02-08 14:00:00,1818.16,1818.54,1817.26,1818.27,1001
2022-02-08 14:15:00,1818.27,1818.66,1817.65,1817.95,874
2022-02-08 14:30:00,1817.94,1819.02,1817.72,1818.74,947
2022-02-08 14:45:00,1818.69,1818.82,1817.51,1817.75,926
2022-02-08 15:00:00,1817.73,1820.03,1817.45,1819.82,1740
2022-02-08 15:15:00,1819.79,1820.0,1818.79,1819.74,1562
2022-02-08 15:30:00,1819.74,1823.01,1819.18,1821.11,2354
2022-02-08 15:45:00,1821.18,1824.7,1821.14,1824.05,2290
2022-02-08 16:00:00,1824.05,1824.47,1821.94,1822.17,2219
2022-02-08 16:15:00,1822.15,1822.46,1821.15,1821.8,1738
2022-02-08 16:30:00,1821.81,1823.16,1820.17,1822.54,2552
2022-02-08 16:45:00,1822.46,1822.94,1820.38,1822.18,2553
2022-02-08 17:00:00,1822.18,1824.91,1821.82,1824.36,2467
2022-02-08 17:15:00,1824.36,1827.35,1824.0,1827.1,2232
2022-02-08 17:30:00,1827.1,1828.33,1825.71,1826.36,2131
2022-02-08 17:45:00,1826.38,1827.39,1824.55,1824.55,1749
2022-02-08 18:00:00,1824.55,1826.44,1824.44,1826.37,1601
2022-02-08 18:15:00,1826.43,1826.45,1824.87,1825.25,1309
2022-02-08 18:30:00,1825.27,1826.24,1825.12,1825.47,1001
2022-02-08 18:45:00,1825.47,1826.42,1825.3,1826.35,1015
2022-02-08 19:00:00,1826.35,1827.69,1826.35,1827.68,851
2022-02-08 19:15:00,1827.68,1827.71,1826.95,1826.97,902
2022-02-08 19:30:00,1826.97,1827.52,1826.95,1827.14,879
2022-02-08 19:45:00,1827.15,1827.88,1827.13,1827.43,981
2022-02-08 20:00:00,1827.43,1828.01,1826.45,1826.54,1271
2022-02-08 20:15:00,1826.54,1827.12,1826.01,1827.04,1276
2022-02-08 20:30:00,1827.05,1827.96,1826.95,1827.71,649
2022-02-08 20:45:00,1827.65,1828.27,1827.59,1828.12,684
2022-02-08 21:00:00,1828.12,1828.75,1828.03,1828.63,604
2022-02-08 21:15:00,1828.63,1828.66,1827.1,1827.6,932
2022-02-08 21:30:00,1827.61,1828.07,1827.44,1827.55,736
2022-02-08 21:45:00,1827.55,1827.62,1826.82,1826.99,661
2022-02-08 22:00:00,1827.0,1827.37,1826.74,1827.26,879
2022-02-08 22:15:00,1827.26,1827.86,1827.02,1827.07,676
2022-02-08 22:30:00,1827.07,1827.38,1826.53,1826.82,739
2022-02-08 22:45:00,1826.8,1827.29,1826.77,1827.0,947
2022-02-08 23:00:00,1826.97,1827.04,1825.87,1826.36,467
2022-02-08 23:15:00,1826.36,1826.39,1825.89,1826.17,390
2022-02-08 23:30:00,1826.17,1826.21,1825.66,1826.07,336
2022-02-08 23:45:00,1826.07,1826.28,1825.93,1826.03,200
2022-02-09 01:00:00,1825.75,1826.17,1825.55,1826.17,169
2022-02-09 01:15:00,1826.17,1826.23,1825.8,1826.14,206
2022-02-09 01:30:00,1826.14,1826.35,1825.94,1826.18,242
2022-02-09 01:45:00,1826.18,1826.32,1825.82,1825.99,313
2022-02-09 02:00:00,1825.99,1826.01,1825.4,1825.57,317
2022-02-09 02:15:00,1825.54,1825.73,1825.15,1825.3,442
2022-02-09 02:30:00,1825.31,1825.45,1825.06,1825.22,363
2022-02-09 02:45:00,1825.19,1825.58,1825.06,1825.49,494
2022-02-09 03:00:00,1825.46,1826.79,1825.18,1826.36,1035
2022-02-09 03:15:00,1826.36,1826.45,1825.43,1825.57,784
2022-02-09 03:30:00,1825.56,1826.59,1825.53,1826.43,664
2022-02-09 03:45:00,1826.44,1826.83,1825.63,1826.74,812
2022-02-09 04:00:00,1826.74,1827.63,1826.74,1827.2,720
2022-02-09 04:15:00,1827.18,1827.86,1826.49,1827.57,549
2022-02-09 04:30:00,1827.59,1828.19,1827.15,1827.22,994
2022-02-09 04:45:00,1827.26,1827.63,1826.47,1827.55,935
2022-02-09 05:00:00,1827.56,1828.69,1827.53,1827.9,738
2022-02-09 05:15:00,1827.89,1828.75,1827.89,1828.37,731
2022-02-09 05:30:00,1828.4,1828.69,1827.63,1827.81,581
2022-02-09 05:45:00,1827.82,1828.41,1827.82,1828.09,378
2022-02-09 06:00:00,1828.08,1828.51,1828.01,1828.05,368
2022-02-09 06:15:00,1828.04,1828.07,1827.29,1827.43,447
2022-02-09 06:30:00,1827.43,1827.88,1827.34,1827.74,348
2022-02-09 06:45:00,1827.75,1827.89,1827.28,1827.29,346
2022-02-09 07:00:00,1827.3,1827.53,1827.15,1827.44,297
2022-02-09 07:15:00,1827.45,1828.15,1827.44,1827.91,437
2022-02-09 07:30:00,1827.93,1828.51,1827.65,1828.4,570
2022-02-09 07:45:00,1828.4,1829.26,1827.43,1827.51,719
2022-02-09 08:00:00,1827.51,1828.06,1826.89,1827.45,893
2022-02-09 08:15:00,1827.43,1828.25,1826.62,1826.69,887
2022-02-09 08:30:00,1826.68,1827.58,1826.49,1827.35,590
2022-02-09 08:45:00,1827.4,1827.69,1826.76,1827.51,753
2022-02-09 09:00:00,1827.51,1828.27,1827.12,1827.29,833
2022-02-09 09:15:00,1827.32,1827.56,1826.74,1826.95,813
2022-02-09 09:30:00,1826.93,1826.99,1825.8,1825.92,971
2022-02-09 09:45:00,1825.92,1826.94,1825.78,1826.8,1009
2022-02-09 10:00:00,1826.71,1828.25,1826.36,1826.94,1101
2022-02-09 10:15:00,1826.91,1827.7,1826.33,1827.25,908
2022-02-09 10:30:00,1827.2,1827.78,1826.48,1827.78,715
2022-02-09 10:45:00,1827.79,1827.88,1826.28,1826.44,834
2022-02-09 11:00:00,1826.41,1827.27,1826.21,1827.09,687
2022-02-09 11:15:00,1827.09,1827.66,1826.75,1827.45,609
2022-02-09 11:30:00,1827.45,1827.58,1826.9,1827.25,695
2022-02-09 11:45:00,1827.25,1827.81,1827.12,1827.73,461
2022-02-09 12:00:00,1827.81,1828.35,1827.29,1827.29,740
2022-02-09 12:15:00,1827.28,1827.59,1826.98,1827.59,638
2022-02-09 12:30:00,1827.6,1828.11,1826.74,1826.98,673
2022-02-09 12:45:00,1826.99,1827.55,1826.83,1826.89,539
2022-02-09 13:00:00,1826.89,1827.14,1826.05,1826.23,751
2022-02-09 13:15:00,1826.23,1826.86,1826.03,1826.54,585
2022-02-09 13:30:00,1826.56,1826.78,1825.75,1826.38,828
2022-02-09 13:45:00,1826.39,1827.27,1825.73,1826.88,1022
2022-02-09 14:00:00,1826.9,1827.73,1826.89,1827.34,1351
2022-02-09 14:15:00,1827.36,1827.83,1826.96,1827.03,927
2022-02-09 14:30:00,1827.03,1827.38,1826.22,1826.63,1016
2022-02-09 14:45:00,1826.63,1828.42,1826.45,1828.13,1084
2022-02-09 15:00:00,1828.21,1832.56,1828.2,1830.27,2729
2022-02-09 15:15:00,1830.28,1832.19,1829.09,1830.68,2403
2022-02-09 15:30:00,1830.74,1831.36,1827.48,1827.91,2199
2022-02-09 15:45:00,1827.88,1829.29,1826.04,1826.14,1825
2022-02-09 16:00:00,1826.07,1828.17,1824.73,1826.78,1931
2022-02-09 16:15:00,1826.78,1828.61,1826.63,1827.86,1573
2022-02-09 16:30:00,1827.89,1829.09,1826.61,1828.99,2266
2022-02-09 16:45:00,1828.97,1831.03,1826.99,1828.65,2435
2022-02-09 17:00:00,1828.65,1829.09,1827.31,1828.99,2139
2022-02-09 17:15:00,1828.98,1831.52,1828.44,1831.18,1937
2022-02-09 17:30:00,1831.17,1831.33,1828.2,1828.2,1709
2022-02-09 17:45:00,1828.2,1829.22,1827.95,1828.47,1330
2022-02-09 18:00:00,1828.47,1830.55,1828.33,1830.55,1185
2022-02-09 18:15:00,1830.54,1830.77,1829.51,1830.61,1045
2022-02-09 18:30:00,1830.62,1833.05,1830.58,1832.92,1267
2022-02-09 18:45:00,1832.94,1833.36,1832.04,1832.51,1385
2022-02-09 19:00:00,1832.53,1834.73,1832.49,1833.99,1491
2022-02-09 19:15:00,1833.99,1835.77,1833.62,1835.44,1237
2022-02-09 19:30:00,1835.43,1835.78,1834.51,1834.93,1645
2022-02-09 19:45:00,1834.94,1834.95,1833.95,1834.15,1192
2022-02-09 20:00:00,1834.16,1835.5,1833.82,1834.93,1779
2022-02-09 20:15:00,1834.93,1835.74,1834.85,1835.59,1337
2022-02-09 20:30:00,1835.59,1835.8,1833.84,1834.3,859
2022-02-09 20:45:00,1834.31,1834.7,1834.27,1834.62,519
2022-02-09 21:00:00,1834.61,1834.65,1833.55,1834.14,544
2022-02-09 21:15:00,1834.08,1834.27,1833.57,1833.78,474
2022-02-09 21:30:00,1833.75,1833.96,1833.19,1833.41,549
2022-02-09 21:45:00,1833.44,1833.97,1833.05,1833.33,434
2022-02-09 22:00:00,1833.37,1833.45,1832.32,1832.44,613
2022-02-09 22:15:00,1832.36,1832.47,1831.27,1831.81,828
2022-02-09 22:30:00,1831.82,1833.04,1831.73,1832.62,559
2022-02-09 22:45:00,1832.61,1833.43,1832.14,1833.27,843
2022-02-09 23:00:00,1833.28,1833.29,1832.55,1832.76,411
2022-02-09 23:15:00,1832.82,1832.83,1832.42,1832.73,159
2022-02-09 23:30:00,1832.73,1832.89,1832.48,1832.7,214
2022-02-09 23:45:00,1832.69,1832.99,1832.5,1832.87,135
2022-02-10 01:00:00,1832.74,1832.99,1832.72,1832.96,138
2022-02-10 01:15:00,1832.96,1833.44,1832.76,1833.41,220
2022-02-10 01:30:00,1833.38,1833.47,1832.75,1832.82,201
2022-02-10 01:45:00,1832.81,1832.99,1832.54,1832.6,290
2022-02-10 02:00:00,1832.6,1832.65,1832.22,1832.46,477
2022-02-10 02:15:00,1832.38,1832.55,1832.27,1832.43,292
2022-02-10 02:30:00,1832.41,1832.41,1831.56,1831.82,360
2022-02-10 02:45:00,1831.82,1832.61,1831.55,1832.58,446
2022-02-10 03:00:00,1832.58,1834.49,1832.06,1833.46,1143
2022-02-10 03:15:00,1833.46,1834.09,1833.32,1833.72,822
2022-02-10 03:30:00,1833.72,1834.33,1833.65,1834.04,698
2022-02-10 03:45:00,1834.04,1834.21,1833.19,1833.86,776
2022-02-10 04:00:00,1833.87,1834.79,1833.87,1834.47,855
2022-02-10 04:15:00,1834.47,1834.66,1833.49,1833.86,374
2022-02-10 04:30:00,1833.86,1834.42,1833.82,1834.12,593
2022-02-10 04:45:00,1834.16,1834.67,1833.93,1834.26,558
2022-02-10 05:00:00,1834.28,1834.37,1833.7,1834.1,676
2022-02-10 05:15:00,1834.09,1834.58,1834.07,1834.24,365
2022-02-10 05:30:00,1834.24,1834.43,1833.93,1834.22,423
2022-02-10 05:45:00,1834.21,1834.33,1834.01,1834.11,479
2022-02-10 06:00:00,1834.09,1834.48,1834.05,1834.42,354
2022-02-10 06:15:00,1834.41,1834.45,1834.0,1834.01,371
2022-02-10 06:30:00,1834.0,1834.47,1833.89,1834.26,614
2022-02-10 06:45:00,1834.24,1834.3,1834.0,1834.11,322
2022-02-10 07:00:00,1834.14,1834.2,1833.64,1833.96,348
2022-02-10 07:15:00,1833.96,1834.14,1833.7,1833.83,303
2022-02-10 07:30:00,1833.84,1834.48,1833.5,1834.47,559
2022-02-10 07:45:00,1834.57,1834.78,1834.12,1834.49,467
2022-02-10 08:00:00,1834.49,1835.04,1833.95,1834.77,864
2022-02-10 08:15:00,1834.75,1834.86,1833.69,1834.06,708
2022-02-10 08:30:00,1834.06,1834.82,1834.06,1834.56,617
2022-02-10 08:45:00,1834.56,1834.9,1834.11,1834.33,676
2022-02-10 09:00:00,1834.33,1834.78,1833.76,1834.47,794
2022-02-10 09:15:00,1834.42,1835.03,1834.09,1834.56,784
2022-02-10 09:30:00,1834.56,1836.02,1834.53,1835.1,1052
2022-02-10 09:45:00,1835.11,1835.3,1833.88,1834.72,847
2022-02-10 10:00:00,1834.71,1834.84,1832.32,1832.87,1442
2022-02-10 10:15:00,1832.86,1833.48,1831.53,1831.69,1108
2022-02-10 10:30:00,1831.74,1832.03,1830.45,1830.88,1183
2022-02-10 10:45:00,1830.89,1832.42,1830.84,1832.04,968
2022-02-10 11:00:00,1832.0,1832.78,1831.0,1831.56,1393
2022-02-10 11:15:00,1831.53,1831.99,1830.93,1831.39,1063
2022-02-10 11:30:00,1831.39,1832.05,1830.82,1831.36,950
2022-02-10 11:45:00,1831.36,1832.95,1831.33,1832.57,863
2022-02-10 12:00:00,1832.57,1833.17,1832.05,1832.71,912
2022-02-10 12:15:00,1832.7,1833.11,1832.09,1832.31,735
2022-02-10 12:30:00,1832.31,1833.3,1832.14,1833.21,793
2022-02-10 12:45:00,1833.22,1833.38,1832.34,1833.07,687
2022-02-10 13:00:00,1833.05,1833.6,1832.65,1832.82,698
2022-02-10 13:15:00,1832.8,1833.39,1832.8,1833.1,717
2022-02-10 13:30:00,1833.11,1833.23,1832.59,1832.7,641
2022-02-10 13:45:00,1832.71,1833.13,1832.26,1832.37,634
2022-02-10 14:00:00,1832.37,1832.78,1832.28,1832.55,887
2022-02-10 14:15:00,1832.55,1832.58,1831.07,1831.07,831
2022-02-10 14:30:00,1831.07,1831.89,1830.67,1831.76,942
2022-02-10 14:45:00,1831.76,1831.9,1831.35,1831.76,795
2022-02-10 15:00:00,1831.76,1832.7,1830.74,1830.78,1575
2022-02-10 15:15:00,1830.76,1831.39,1829.91,1830.05,1858
2022-02-10 15:30:00,1830.05,1837.24,1821.68,1831.01,6167
2022-02-10 15:45:00,1831.0,1832.2,1827.32,1830.46,4231
2022-02-10 16:00:00,1830.39,1830.44,1826.79,1829.76,3719
2022-02-10 16:15:00,1829.77,1829.93,1825.25,1826.45,2985
2022-02-10 16:30:00,1826.46,1832.3,1825.61,1831.64,3888
2022-02-10 16:45:00,1831.65,1834.07,1830.62,1831.46,3509
2022-02-10 17:00:00,1831.47,1836.31,1830.22,1834.45,3796
2022-02-10 17:15:00,1834.48,1835.91,1832.4,1835.7,2998
2022-02-10 17:30:00,1835.73,1840.55,1835.69,1840.39,3206
2022-02-10 17:45:00,1840.39,1840.39,1835.58,1835.68,2975
2022-02-10 18:00:00,1835.59,1840.04,1835.4,1838.81,2398
2022-02-10 18:15:00,1838.81,1840.16,1838.06,1839.69,2345
2022-02-10 18:30:00,1839.71,1840.29,1837.74,1840.22,2162
2022-02-10 18:45:00,1840.22,1841.92,1839.48,1841.56,2133
2022-02-10 19:00:00,1841.59,1841.72,1839.58,1839.74,1760
2022-02-10 19:15:00,1839.74,1840.3,1838.71,1838.91,1372
2022-02-10 19:30:00,1838.9,1839.45,1838.1,1839.13,1258
2022-02-10 19:45:00,1839.12,1839.14,1831.99,1835.24,4836
2022-02-10 20:00:00,1835.24,1837.67,1833.47,1835.28,3272
2022-02-10 20:15:00,1835.22,1837.27,1834.42,1836.25,2498
2022-02-10 20:30:00,1836.25,1836.9,1834.76,1835.89,1827
2022-02-10 20:45:00,1835.89,1836.03,1834.58,1835.28,1402
2022-02-10 21:00:00,1835.33,1835.83,1833.34,1833.51,1313
2022-02-10 21:15:00,1833.51,1833.81,1831.81,1832.41,1833
2022-02-10 21:30:00,1832.49,1833.01,1830.19,1830.3,1659
2022-02-10 21:45:00,1830.2,1831.11,1828.81,1829.75,1857
2022-02-10 22:00:00,1829.74,1829.96,1828.39,1829.66,2104
2022-02-10 22:15:00,1829.63,1830.34,1828.99,1829.01,1498
2022-02-10 22:30:00,1829.08,1829.9,1826.76,1827.02,1666
2022-02-10 22:45:00,1827.02,1827.62,1826.62,1827.17,1831
2022-02-10 23:00:00,1827.17,1827.63,1826.59,1826.85,1236
2022-02-10 23:15:00,1826.86,1826.92,1825.63,1826.18,765
2022-02-10 23:30:00,1826.18,1827.21,1825.94,1826.85,804
2022-02-10 23:45:00,1826.84,1827.55,1826.71,1826.75,456
2022-02-11 01:00:00,1827.28,1827.97,1826.98,1827.33,382
2022-02-11 01:15:00,1827.31,1827.69,1826.43,1826.62,659
2022-02-11 01:30:00,1826.61,1827.53,1826.23,1827.53,565
2022-02-11 01:45:00,1827.55,1827.69,1826.76,1826.82,507
2022-02-11 02:00:00,1826.82,1827.19,1826.42,1826.61,666
2022-02-11 02:15:00,1826.61,1826.65,1824.75,1825.04,798
2022-02-11 02:30:00,1825.03,1825.76,1824.84,1825.21,665
2022-02-11 02:45:00,1825.24,1826.19,1825.07,1826.14,763
2022-02-11 03:00:00,1826.07,1826.07,1824.06,1824.11,1859
2022-02-11 03:15:00,1824.08,1825.65,1823.9,1823.9,1231
2022-02-11 03:30:00,1823.92,1825.91,1823.71,1825.69,1183
2022-02-11 03:45:00,1825.69,1826.15,1825.08,1825.78,951
2022-02-11 04:00:00,1825.78,1825.98,1824.93,1825.3,952
2022-02-11 04:15:00,1825.37,1825.88,1825.29,1825.57,540
2022-02-11 04:30:00,1825.57,1826.6,1825.22,1826.07,779
2022-02-11 04:45:00,1826.12,1827.03,1825.99,1826.85,939
2022-02-11 05:00:00,1826.84,1826.84,1825.56,1825.93,786
2022-02-11 05:15:00,1825.96,1826.19,1825.51,1825.79,516
2022-02-11 05:30:00,1825.81,1825.93,1825.11,1825.35,495
2022-02-11 05:45:00,1825.36,1825.6,1824.88,1824.96,514
2022-02-11 06:00:00,1824.96,1825.05,1823.99,1824.16,566
2022-02-11 06:15:00,1824.15,1824.15,1823.24,1823.32,880
2022-02-11 06:30:00,1823.32,1825.27,1823.09,1824.78,753
2022-02-11 06:45:00,1824.82,1824.82,1823.1,1824.23,849
2022-02-11 07:00:00,1824.21,1825.13,1823.99,1825.13,645
2022-02-11 07:15:00,1825.14,1825.4,1824.5,1825.19,551
2022-02-11 07:30:00,1825.1,1825.13,1823.76,1823.99,975
2022-02-11 07:45:00,1823.97,1824.56,1823.74,1824.5,711
2022-02-11 08:00:00,1824.5,1824.65,1823.57,1824.05,862
2022-02-11 08:15:00,1824.02,1824.26,1822.51,1823.1,863
2022-02-11 08:30:00,1823.09,1823.75,1821.96,1822.48,1293
2022-02-11 08:45:00,1822.41,1823.27,1822.07,1822.89,934
2022-02-11 09:00:00,1822.92,1823.74,1821.81,1823.52,1310
2022-02-11 09:15:00,1823.52,1823.99,1820.92,1823.81,1667
2022-02-11 09:30:00,1823.8,1824.69,1823.43,1824.69,1259
2022-02-11 09:45:00,1824.68,1826.26,1824.17,1826.2,1181
2022-02-11 10:00:00,1826.2,1827.52,1825.33,1826.82,1887
2022-02-11 10:15:00,1826.82,1827.28,1825.95,1826.68,1137
2022-02-11 10:30:00,1826.68,1827.22,1825.98,1826.02,1324
2022-02-11 10:45:00,1826.02,1827.65,1825.96,1826.61,996
2022-02-11 11:00:00,1826.62,1827.33,1826.51,1826.9,1036
2022-02-11 11:15:00,1826.9,1827.33,1826.41,1826.89,1067
2022-02-11 11:30:00,1826.9,1827.16,1825.24,1825.65,1190
2022-02-11 11:45:00,1825.67,1826.63,1825.38,1826.01,909
2022-02-11 12:00:00,1826.01,1826.22,1825.19,1825.87,760
2022-02-11 12:15:00,1825.84,1826.7,1825.74,1826.06,706
2022-02-11 12:30:00,1826.06,1827.81,1826.06,1827.05,767
2022-02-11 12:45:00,1827.12,1827.41,1826.0,1826.1,885
2022-02-11 13:00:00,1826.09,1826.25,1825.26,1825.43,828
2022-02-11 13:15:00,1825.41,1826.62,1825.41,1826.19,825
2022-02-11 13:30:00,1826.19,1826.9,1825.73,1826.51,734
2022-02-11 13:45:00,1826.51,1827.65,1826.47,1827.32,978
2022-02-11 14:00:00,1827.32,1828.3,1825.68,1828.17,1237
2022-02-11 14:15:00,1828.12,1831.42,1827.99,1831.34,1822
2022-02-11 14:30:00,1831.3,1831.66,1829.6,1830.02,1599
2022-02-11 14:45:00,1830.02,1831.04,1829.47,1830.47,938
2022-02-11 15:00:00,1830.47,1833.28,1830.47,1833.2,1940
2022-02-11 15:15:00,1833.19,1833.34,1827.82,1828.92,2413
2022-02-11 15:30:00,1828.75,1828.89,1826.51,1826.65,2007
2022-02-11 15:45:00,1826.65,1828.78,1824.96,1827.34,2413
2022-02-11 16:00:00,1827.34,1829.02,1827.17,1827.69,1668
2022-02-11 16:15:00,1827.69,1830.42,1827.63,1828.71,1761
2022-02-11 16:30:00,1828.72,1830.86,1828.24,1830.24,2827
2022-02-11 16:45:00,1830.22,1832.52,1829.61,1829.72,2660
2022-02-11 17:00:00,1830.09,1833.25,1829.76,1833.09,2899
2022-02-11 17:15:00,1833.13,1836.75,1833.06,1836.61,3126
2022-02-11 17:30:00,1836.61,1837.18,1834.75,1834.95,2499
2022-02-11 17:45:00,1834.95,1836.72,1834.32,1835.9,2176
2022-02-11 18:00:00,1835.89,1836.36,1832.98,1833.2,1915
2022-02-11 18:15:00,1833.19,1835.15,1832.77,1833.76,1859
2022-02-11 18:30:00,1833.76,1834.75,1833.05,1834.05,1678
2022-02-11 18:45:00,1833.96,1837.02,1833.8,1836.74,1765
2022-02-11 19:00:00,1836.73,1840.4,1836.52,1839.74,1996
2022-02-11 19:15:00,1839.74,1840.87,1838.59,1840.86,1714
2022-02-11 19:30:00,1840.85,1840.87,1839.55,1840.56,1489
2022-02-11 19:45:00,1840.56,1840.69,1839.88,1840.56,1456
2022-02-11 20:00:00,1840.46,1841.07,1839.57,1840.11,1196
2022-02-11 20:15:00,1840.12,1840.73,1839.36,1840.57,1278
2022-02-11 20:30:00,1840.54,1850.91,1840.1,1850.09,4473
2022-02-11 20:45:00,1850.11,1860.19,1849.56,1857.18,4869
2022-02-11 21:00:00,1857.18,1862.16,1854.78,1854.97,4971
2022-02-11 21:15:00,1854.93,1858.42,1851.47,1857.97,4211
2022-02-11 21:30:00,1858.01,1859.63,1856.32,1858.68,2966
2022-02-11 21:45:00,1858.68,1862.22,1858.13,1858.8,3109
2022-02-11 22:00:00,1858.93,1862.83,1857.46,1862.03,3272
2022-02-11 22:15:00,1862.02,1865.45,1861.48,1862.52,2534
2022-02-11 22:30:00,1862.53,1862.92,1861.1,1862.0,2286
2022-02-11 22:45:00,1861.98,1863.23,1860.29,1861.07,2058
2022-02-11 23:00:00,1861.1,1862.57,1860.02,1862.57,1233
2022-02-11 23:15:00,1862.61,1863.65,1862.43,1862.69,676
2022-02-11 23:30:00,1862.65,1862.95,1860.06,1861.05,464
2022-02-11 23:45:00,1860.98,1861.56,1858.8,1858.98,315
2022-02-14 01:00:00,1855.86,1861.06,1855.29,1860.65,969
2022-02-14 01:15:00,1860.68,1861.52,1859.59,1860.05,811
2022-02-14 01:30:00,1860.07,1860.5,1858.01,1858.21,659
2022-02-14 01:45:00,1858.23,1859.86,1857.64,1859.62,884
2022-02-14 02:00:00,1859.62,1860.09,1858.48,1859.34,761
2022-02-14 02:15:00,1859.35,1860.76,1858.27,1858.89,997
2022-02-14 02:30:00,1858.89,1860.37,1858.59,1860.16,845
2022-02-14 02:45:00,1860.16,1860.25,1857.67,1857.97,943
2022-02-14 03:00:00,1858.02,1860.25,1857.01,1857.25,2614
2022-02-14 03:15:00,1857.25,1859.35,1857.15,1858.36,1747
2022-02-14 03:30:00,1858.35,1859.81,1858.28,1858.72,1380
2022-02-14 03:45:00,1858.73,1859.63,1857.8,1859.6,1508
2022-02-14 04:00:00,1859.59,1859.69,1857.68,1857.92,1154
2022-02-14 04:15:00,1857.89,1858.48,1857.64,1858.2,694
2022-02-14 04:30:00,1858.2,1858.39,1854.39,1854.54,1674
2022-02-14 04:45:00,1854.51,1854.89,1853.95,1854.84,1127
2022-02-14 05:00:00,1854.79,1854.88,1852.41,1852.53,1375
2022-02-14 05:15:00,1852.5,1853.85,1852.19,1853.32,1067
2022-02-14 05:30:00,1853.36,1854.11,1852.64,1853.01,710
2022-02-14 05:45:00,1853.01,1853.96,1852.93,1853.1,576
2022-02-14 06:00:00,1853.09,1853.42,1851.51,1851.87,774
2022-02-14 06:15:00,1851.92,1853.11,1851.48,1852.77,726
2022-02-14 06:30:00,1852.77,1853.67,1852.29,1852.97,536
2022-02-14 06:45:00,1852.97,1853.02,1851.67,1851.87,405
2022-02-14 07:00:00,1851.81,1853.67,1851.57,1853.64,625
2022-02-14 07:15:00,1853.6,1854.15,1852.85,1853.75,539
2022-02-14 07:30:00,1853.74,1854.78,1853.23,1854.1,1177
2022-02-14 07:45:00,1854.1,1854.84,1853.91,1854.56,930
2022-02-14 08:00:00,1854.55,1854.81,1853.07,1853.36,1129
2022-02-14 08:15:00,1853.35,1853.42,1852.57,1853.27,1043
2022-02-14 08:30:00,1853.26,1853.82,1852.33,1852.69,781
2022-02-14 08:45:00,1852.66,1853.46,1851.59,1853.22,1081
2022-02-14 09:00:00,1853.15,1853.18,1850.82,1852.48,1527
2022-02-14 09:15:00,1852.51,1854.79,1852.28,1854.61,1398
2022-02-14 09:30:00,1854.6,1854.89,1853.06,1854.63,1373
2022-02-14 09:45:00,1854.6,1855.26,1853.94,1854.31,1257
2022-02-14 10:00:00,1854.35,1854.69,1852.17,1853.16,1996
2022-02-14 10:15:00,1853.17,1858.34,1853.16,1858.24,2127
2022-02-14 10:30:00,1858.32,1858.51,1855.66,1856.6,2673
2022-02-14 10:45:00,1856.47,1857.73,1856.22,1856.8,2103
2022-02-14 11:00:00,1856.8,1856.97,1855.64,1855.8,1785
2022-02-14 11:15:00,1855.71,1856.35,1853.57,1854.53,1756
2022-02-14 11:30:00,1854.64,1857.1,1853.64,1856.8,1508
2022-02-14 11:45:00,1856.8,1857.49,1856.02,1857.38,1265
2022-02-14 12:00:00,1857.4,1857.89,1856.08,1856.34,1263
2022-02-14 12:15:00,1856.32,1857.59,1856.25,1857.11,1193
2022-02-14 12:30:00,1857.13,1857.32,1854.38,1854.67,1485
2022-02-14 12:45:00,1854.67,1855.83,1854.49,1855.54,1130
2022-02-14 13:00:00,1855.58,1855.72,1854.08,1854.26,1063
2022-02-14 13:15:00,1854.26,1856.77,1854.25,1856.06,1008
2022-02-14 13:30:00,1856.06,1856.56,1855.31,1855.52,930
2022-02-14 13:45:00,1855.53,1856.84,1855.2,1856.45,1011
2022-02-14 14:00:00,1856.45,1857.3,1855.51,1857.14,1135
2022-02-14 14:15:00,1857.13,1857.74,1856.67,1857.05,1208
2022-02-14 14:30:00,1857.02,1858.22,1852.3,1854.51,2998
2022-02-14 14:45:00,1854.51,1856.22,1851.42,1855.66,3271
2022-02-14 15:00:00,1855.67,1856.31,1853.45,1853.9,3056
2022-02-14 15:15:00,1853.9,1858.39,1853.21,1857.31,2890
2022-02-14 15:30:00,1857.28,1860.71,1855.33,1860.31,3872
2022-02-14 15:45:00,1860.41,1862.86,1859.89,1861.52,3331
2022-02-14 16:00:00,1861.56,1863.18,1861.01,1861.64,2175
2022-02-14 16:15:00,1861.65,1862.71,1860.06,1860.94,2200
2022-02-14 16:30:00,1860.92,1866.38,1860.1,1862.22,3929
2022-02-14 16:45:00,1862.24,1866.68,1861.72,1866.47,3168
2022-02-14 17:00:00,1866.47,1867.72,1864.14,1867.19,2886
2022-02-14 17:15:00,1867.19,1869.1,1864.34,1866.65,3199
2022-02-14 17:30:00,1866.65,1870.93,1866.22,1870.22,3062
2022-02-14 17:45:00,1870.27,1871.04,1867.79,1868.17,2410
2022-02-14 18:00:00,1868.17,1868.9,1865.16,1865.79,2285
2022-02-14 18:15:00,1865.79,1866.37,1863.03,1863.76,2457
2022-02-14 18:30:00,1863.75,1864.1,1860.27,1862.69,3085
2022-02-14 18:45:00,1862.67,1863.64,1861.67,1861.91,1912
2022-02-14 19:00:00,1861.9,1862.62,1861.47,1861.5,1527
2022-02-14 19:15:00,1861.5,1862.5,1860.65,1861.88,1177
2022-02-14 19:30:00,1861.87,1863.22,1861.25,1863.17,1236
2022-02-14 19:45:00,1863.17,1864.68,1862.36,1864.64,1223
2022-02-14 20:00:00,1864.6,1866.88,1863.92,1866.83,1351
2022-02-14 20:15:00,1866.83,1868.06,1866.14,1867.74,1557
2022-02-14 20:30:00,1867.73,1868.17,1865.92,1867.56,1198
2022-02-14 20:45:00,1867.56,1872.87,1866.27,1871.08,3179
2022-02-14 21:00:00,1871.09,1874.16,1870.87,1871.44,2837
2022-02-14 21:15:00,1871.44,1871.87,1867.58,1869.48,1930
2022-02-14 21:30:00,1869.48,1871.08,1868.08,1869.3,2543
2022-02-14 21:45:00,1869.28,1870.57,1867.79,1868.12,1714
2022-02-14 22:00:00,1868.12,1872.5,1868.07,1872.14,1546
2022-02-14 22:15:00,1872.12,1873.24,1871.15,1872.57,1424
2022-02-14 22:30:00,1872.57,1873.5,1871.28,1872.87,1122
2022-02-14 22:45:00,1872.87,1873.03,1871.18,1872.01,1310
2022-02-14 23:00:00,1871.93,1873.23,1871.05,1873.05,570
2022-02-14 23:15:00,1873.05,1873.06,1871.54,1871.71,398
2022-02-14 23:30:00,1871.71,1871.9,1869.86,1870.07,426
2022-02-14 23:45:00,1870.05,1872.03,1869.94,1871.74,213
2022-02-15 01:00:00,1870.57,1870.97,1870.2,1870.84,202
2022-02-15 01:15:00,1870.82,1871.43,1870.56,1871.0,324
2022-02-15 01:30:00,1871.0,1871.26,1870.44,1870.86,377
2022-02-15 01:45:00,1870.86,1871.24,1870.48,1871.13,300
2022-02-15 02:00:00,1871.14,1871.73,1870.53,1871.42,464
2022-02-15 02:15:00,1871.48,1872.12,1870.59,1871.37,592
2022-02-15 02:30:00,1871.39,1872.06,1871.24,1871.39,416
2022-02-15 02:45:00,1871.39,1872.13,1871.39,1871.99,350
2022-02-15 03:00:00,1871.94,1872.31,1870.13,1870.67,1312
2022-02-15 03:15:00,1870.68,1871.42,1870.27,1871.05,969
2022-02-15 03:30:00,1871.05,1871.68,1870.35,1871.13,1038
2022-02-15 03:45:00,1871.11,1871.21,1870.46,1871.04,850
2022-02-15 04:00:00,1871.03,1871.94,1870.97,1871.25,929
2022-02-15 04:15:00,1871.25,1871.85,1870.45,1871.44,729
2022-02-15 04:30:00,1871.45,1876.69,1871.27,1876.14,1262
2022-02-15 04:45:00,1876.19,1876.83,1876.06,1876.28,897
2022-02-15 05:00:00,1876.28,1877.46,1876.11,1877.08,984
2022-02-15 05:15:00,1877.13,1878.97,1876.37,1878.95,1082
2022-02-15 05:30:00,1878.95,1879.03,1876.31,1876.91,874
2022-02-15 05:45:00,1876.92,1878.3,1876.84,1877.45,663
2022-02-15 06:00:00,1877.43,1878.99,1876.6,1878.36,838
2022-02-15 06:15:00,1878.36,1878.59,1877.86,1877.92,464
2022-02-15 06:30:00,1877.92,1878.28,1877.56,1877.58,432
2022-02-15 06:45:00,1877.64,1877.73,1877.34,1877.42,439
2022-02-15 07:00:00,1877.42,1879.42,1876.97,1878.57,999
2022-02-15 07:15:00,1878.57,1879.01,1878.16,1878.54,574
2022-02-15 07:30:00,1878.53,1878.91,1876.69,1878.75,1274
2022-02-15 07:45:00,1878.78,1878.98,1876.97,1877.83,1284
2022-02-15 08:00:00,1877.82,1879.04,1877.75,1877.82,1062
2022-02-15 08:15:00,1877.85,1879.51,1877.82,1878.04,910
2022-02-15 08:30:00,1878.07,1878.4,1877.68,1878.05,759
2022-02-15 08:45:00,1878.06,1879.01,1877.63,1878.78,809
2022-02-15 09:00:00,1878.77,1879.05,1877.34,1878.06,1079
2022-02-15 09:15:00,1878.07,1878.7,1877.65,1877.92,841
2022-02-15 09:30:00,1877.94,1878.03,1875.24,1875.64,1152
2022-02-15 09:45:00,1875.57,1876.51,1875.36,1875.64,829
2022-02-15 10:00:00,1875.64,1877.23,1868.65,1870.33,2526
2022-02-15 10:15:00,1870.33,1871.8,1866.96,1868.58,2606
2022-02-15 10:30:00,1868.6,1870.26,1864.35,1864.35,2067
2022-02-15 10:45:00,1864.35,1864.44,1857.39,1861.58,2422
2022-02-15 11:00:00,1861.55,1861.75,1856.55,1856.65,1945
2022-02-15 11:15:00,1856.65,1858.6,1852.44,1855.08,2088
2022-02-15 11:30:00,1855.08,1857.24,1853.4,1855.78,1591
2022-02-15 11:45:00,1855.78,1859.81,1855.51,1857.73,1304
2022-02-15 12:00:00,1857.74,1857.79,1854.22,1854.25,1309
2022-02-15 12:15:00,1854.25,1857.49,1854.16,1856.19,1430
2022-02-15 12:30:00,1856.19,1856.36,1854.84,1854.9,1225
2022-02-15 12:45:00,1854.9,1855.89,1854.4,1855.02,901
2022-02-15 13:00:00,1855.02,1856.1,1854.49,1855.25,882
2022-02-15 13:15:00,1855.25,1855.54,1854.42,1854.91,806
2022-02-15 13:30:00,1854.87,1855.68,1852.75,1853.1,1259
2022-02-15 13:45:00,1853.05,1853.34,1849.91,1852.44,1563
2022-02-15 14:00:00,1852.44,1853.22,1850.66,1851.63,1628
2022-02-15 14:15:00,1851.7,1852.16,1844.49,1849.62,2001
2022-02-15 14:30:00,1849.62,1850.55,1848.31,1849.19,1457
2022-02-15 14:45:00,1849.11,1851.75,1848.52,1850.14,1562
2022-02-15 15:00:00,1850.14,1852.61,1848.23,1849.05,2562
2022-02-15 15:15:00,1849.05,1849.49,1844.89,1847.52,2592
2022-02-15 15:30:00,1847.52,1853.72,1844.64,1851.29,3407
2022-02-15 15:45:00,1851.29,1852.42,1849.83,1850.4,1909
2022-02-15 16:00:00,1850.41,1856.74,1850.19,1856.03,2535
2022-02-15 16:15:00,1855.96,1857.13,1853.54,1853.81,2025
2022-02-15 16:30:00,1853.71,1854.28,1846.93,1850.38,3290
2022-02-15 16:45:00,1850.38,1854.29,1848.75,1848.75,2938
2022-02-15 17:00:00,1848.75,1852.71,1847.95,1852.64,2406
2022-02-15 17:15:00,1852.64,1852.92,1849.9,1850.85,1971
2022-02-15 17:30:00,1850.85,1851.18,1848.59,1849.45,1763
2022-02-15 17:45:00,1849.44,1850.83,1846.97,1848.0,1941
2022-02-15 18:00:00,1848.0,1849.74,1846.53,1849.0,1955
2022-02-15 18:15:00,1849.0,1849.49,1846.99,1849.21,1722
2022-02-15 18:30:00,1849.19,1851.47,1848.59,1849.78,1544
2022-02-15 18:45:00,1849.75,1852.66,1849.33,1852.55,1339
2022-02-15 19:00:00,1852.55,1852.87,1850.01,1850.34,973
2022-02-15 19:15:00,1850.38,1851.04,1849.7,1850.14,1047
2022-02-15 19:30:00,1850.14,1851.69,1850.09,1851.58,1002
2022-02-15 19:45:00,1851.58,1853.75,1851.51,1852.83,1169
2022-02-15 20:00:00,1852.83,1854.69,1852.57,1854.69,1012
2022-02-15 20:15:00,1854.69,1855.49,1853.76,1855.11,1181
2022-02-15 20:30:00,1855.12,1856.34,1854.93,1855.72,774
2022-02-15 20:45:00,1855.72,1856.54,1854.89,1855.2,616
2022-02-15 21:00:00,1855.09,1855.35,1853.96,1854.93,504
2022-02-15 21:15:00,1855.04,1855.53,1854.32,1854.34,395
2022-02-15 21:30:00,1854.34,1854.44,1853.01,1854.24,511
2022-02-15 21:45:00,1854.3,1854.86,1853.52,1854.49,586
2022-02-15 22:00:00,1854.49,1856.21,1854.49,1855.77,757
2022-02-15 22:15:00,1855.8,1856.06,1852.5,1852.56,836
2022-02-15 22:30:00,1852.51,1853.42,1851.64,1852.95,963
2022-02-15 22:45:00,1852.95,1854.13,1851.93,1853.43,1055
2022-02-15 23:00:00,1853.33,1853.34,1851.53,1852.64,450
2022-02-15 23:15:00,1852.64,1853.34,1852.53,1853.34,179
2022-02-15 23:30:00,1853.34,1853.6,1853.34,1853.45,209
2022-02-15 23:45:00,1853.45,1853.45,1853.17,1853.36,47
2022-02-16 01:00:00,1853.83,1854.19,1853.62,1853.75,144
2022-02-16 01:15:00,1853.75,1854.63,1853.34,1853.76,362
2022-02-16 01:30:00,1853.82,1853.87,1852.7,1853.4,283
2022-02-16 01:45:00,1853.4,1853.82,1852.94,1852.95,291
2022-02-16 02:00:00,1852.95,1853.18,1852.07,1852.1,380
2022-02-16 02:15:00,1852.13,1852.53,1851.81,1852.13,531
2022-02-16 02:30:00,1852.11,1852.47,1851.53,1852.32,363
2022-02-16 02:45:00,1852.31,1852.78,1851.96,1852.09,390
2022-02-16 03:00:00,1852.1,1852.1,1850.33,1851.48,1354
2022-02-16 03:15:00,1851.47,1852.16,1851.15,1851.25,941
2022-02-16 03:30:00,1851.25,1851.99,1850.9,1851.64,937
2022-02-16 03:45:00,1851.64,1852.85,1851.51,1852.46,795
2022-02-16 04:00:00,1852.41,1852.78,1851.64,1852.05,870
2022-02-16 04:15:00,1852.08,1852.94,1851.88,1852.32,620
2022-02-16 04:30:00,1852.36,1853.08,1851.51,1851.65,811
2022-02-16 04:45:00,1851.65,1852.52,1851.47,1852.33,784
2022-02-16 05:00:00,1852.34,1852.97,1851.33,1852.01,733
2022-02-16 05:15:00,1851.94,1852.18,1851.46,1851.96,570
2022-02-16 05:30:00,1852.0,1852.6,1851.89,1852.58,403
2022-02-16 05:45:00,1852.58,1852.75,1852.15,1852.67,392
2022-02-16 06:00:00,1852.69,1853.05,1852.44,1852.95,403
2022-02-16 06:15:00,1852.95,1853.09,1852.45,1852.76,423
2022-02-16 06:30:00,1852.73,1853.25,1852.63,1853.0,330
2022-02-16 06:45:00,1853.0,1853.19,1852.83,1852.9,362
2022-02-16 07:00:00,1852.9,1853.21,1852.39,1852.5,430
2022-02-16 07:15:00,1852.42,1853.82,1852.22,1853.13,526
2022-02-16 07:30:00,1853.12,1854.57,1853.07,1854.17,1099
2022-02-16 07:45:00,1854.22,1854.8,1853.69,1854.3,815
2022-02-16 08:00:00,1854.3,1854.3,1853.33,1853.66,884
2022-02-16 08:15:00,1853.67,1855.31,1853.58,1854.91,866
2022-02-16 08:30:00,1854.94,1855.21,1854.44,1854.82,740
2022-02-16 08:45:00,1854.77,1856.0,1854.77,1855.16,710
2022-02-16 09:00:00,1855.14,1856.75,1855.04,1855.77,1028
2022-02-16 09:15:00,1855.82,1855.89,1854.14,1855.72,886
2022-02-16 09:30:00,1855.7,1855.88,1854.83,1855.59,859
2022-02-16 09:45:00,1855.65,1855.85,1854.91,1855.24,748
2022-02-16 10:00:00,1855.24,1857.08,1855.05,1856.58,1206
2022-02-16 10:15:00,1856.62,1857.63,1856.05,1856.56,1205
2022-02-16 10:30:00,1856.56,1857.33,1856.26,1857.25,803
2022-02-16 10:45:00,1857.26,1857.53,1856.66,1857.03,828
2022-02-16 11:00:00,1857.01,1857.42,1856.29,1856.64,1219
2022-02-16 11:15:00,1856.6,1857.4,1856.16,1857.27,801
2022-02-16 11:30:00,1857.27,1857.39,1856.22,1857.3,765
2022-02-16 11:45:00,1857.29,1858.99,1857.2,1858.51,954
2022-02-16 12:00:00,1858.51,1859.62,1857.48,1857.62,948
2022-02-16 12:15:00,1857.6,1857.78,1854.76,1854.81,1033
2022-02-16 12:30:00,1854.89,1856.17,1854.24,1854.35,1149
2022-02-16 12:45:00,1854.34,1855.49,1853.97,1854.8,766
2022-02-16 13:00:00,1854.79,1855.35,1854.09,1854.71,763
2022-02-16 13:15:00,1854.68,1855.17,1854.2,1855.01,645
2022-02-16 13:30:00,1855.01,1855.46,1854.94,1855.35,576
2022-02-16 13:45:00,1855.33,1856.51,1855.18,1856.42,661
2022-02-16 14:00:00,1856.42,1856.42,1854.62,1854.69,746
2022-02-16 14:15:00,1854.68,1855.23,1853.76,1854.92,1080
2022-02-16 14:30:00,1854.92,1855.45,1852.07,1852.07,1236
2022-02-16 14:45:00,1852.16,1854.07,1851.41,1853.03,1379
2022-02-16 15:00:00,1852.93,1853.85,1851.48,1852.45,1876
2022-02-16 15:15:00,1852.45,1855.93,1851.69,1853.5,1914
2022-02-16 15:30:00,1853.5,1857.08,1851.58,1856.25,3143
2022-02-16 15:45:00,1856.25,1859.05,1855.78,1858.69,2768
2022-02-16 16:00:00,1858.72,1859.56,1857.72,1858.01,2187
2022-02-16 16:15:00,1858.01,1859.23,1857.65,1858.3,1560
2022-02-16 16:30:00,1858.28,1864.85,1858.25,1862.99,3460
2022-02-16 16:45:00,1862.99,1864.09,1861.61,1861.87,2429
2022-02-16 17:00:00,1861.82,1863.17,1860.78,1861.39,2371
2022-02-16 17:15:00,1861.34,1863.55,1861.28,1861.9,1931
2022-02-16 17:30:00,1861.9,1862.82,1860.04,1862.22,1861
2022-02-16 17:45:00,1862.25,1862.81,1861.58,1862.66,1561
2022-02-16 18:00:00,1862.62,1863.47,1861.46,1862.16,1510
2022-02-16 18:15:00,1862.15,1864.55,1861.86,1864.43,1266
2022-02-16 18:30:00,1864.42,1865.93,1864.2,1864.36,1534
2022-02-16 18:45:00,1864.35,1865.76,1864.33,1865.2,1207
2022-02-16 19:00:00,1865.19,1867.13,1865.09,1866.83,1161
2022-02-16 19:15:00,1866.83,1868.94,1866.5,1868.82,1316
2022-02-16 19:30:00,1868.82,1870.02,1867.59,1868.27,1519
2022-02-16 19:45:00,1868.26,1869.93,1868.01,1869.06,1212
2022-02-16 20:00:00,1869.0,1870.39,1868.28,1869.77,1577
2022-02-16 20:15:00,1869.77,1870.45,1869.0,1869.49,1440
2022-02-16 20:30:00,1869.46,1870.37,1868.19,1868.5,1061
2022-02-16 20:45:00,1868.5,1868.96,1865.46,1866.13,1373
2022-02-16 21:00:00,1866.08,1872.24,1865.18,1871.16,3371
2022-02-16 21:15:00,1871.16,1872.31,1868.04,1870.48,2523
2022-02-16 21:30:00,1870.48,1871.72,1866.39,1866.53,1777
2022-02-16 21:45:00,1866.7,1870.79,1866.7,1870.41,1524
2022-02-16 22:00:00,1870.49,1870.91,1868.95,1870.37,1178
2022-02-16 22:15:00,1870.37,1872.28,1870.17,1871.74,1146
2022-02-16 22:30:00,1871.74,1872.57,1871.08,1871.46,1017
2022-02-16 22:45:00,1871.45,1872.49,1870.69,1872.26,1090
2022-02-16 23:00:00,1872.33,1872.44,1868.14,1868.48,1079
2022-02-16 23:15:00,1868.35,1868.78,1867.39,1868.53,679
2022-02-16 23:30:00,1868.59,1868.7,1867.79,1868.21,426
2022-02-16 23:45:00,1868.25,1869.07,1868.24,1869.0,225
2022-02-17 01:00:00,1869.85,1870.36,1869.75,1870.02,149
2022-02-17 01:15:00,1870.02,1870.67,1869.5,1869.68,411
2022-02-17 01:30:00,1869.76,1870.83,1869.25,1870.6,388
2022-02-17 01:45:00,1870.6,1870.83,1869.73,1869.97,438
2022-02-17 02:00:00,1869.97,1871.23,1869.96,1870.68,412
2022-02-17 02:15:00,1870.73,1871.39,1870.57,1871.25,405
2022-02-17 02:30:00,1871.25,1871.66,1870.27,1871.02,621
2022-02-17 02:45:00,1871.02,1871.5,1870.6,1871.03,398
2022-02-17 03:00:00,1871.03,1871.84,1868.69,1868.98,1533
2022-02-17 03:15:00,1868.98,1869.31,1868.35,1869.0,1030
2022-02-17 03:30:00,1869.0,1870.18,1868.8,1869.49,969
2022-02-17 03:45:00,1869.49,1870.23,1869.18,1870.12,798
2022-02-17 04:00:00,1870.18,1870.54,1869.2,1869.51,940
2022-02-17 04:15:00,1869.51,1870.24,1868.41,1868.51,541
2022-02-17 04:30:00,1868.52,1869.15,1867.83,1868.32,1104
2022-02-17 04:45:00,1868.28,1869.01,1868.14,1868.86,670
2022-02-17 05:00:00,1868.86,1869.31,1867.81,1867.99,743
2022-02-17 05:15:00,1867.99,1869.22,1867.95,1869.2,661
2022-02-17 05:30:00,1869.16,1869.69,1868.13,1869.38,689
2022-02-17 05:45:00,1869.39,1874.88,1869.36,1874.88,2193
2022-02-17 06:00:00,1874.9,1875.55,1872.23,1874.9,3551
2022-02-17 06:15:00,1874.92,1876.25,1871.55,1872.95,1884
2022-02-17 06:30:00,1872.95,1875.48,1872.55,1874.5,1183
2022-02-17 06:45:00,1874.53,1874.94,1873.41,1873.8,1028
2022-02-17 07:00:00,1873.8,1875.07,1870.47,1873.52,1505
2022-02-17 07:15:00,1873.56,1874.68,1872.98,1873.7,960
2022-02-17 07:30:00,1873.7,1874.59,1872.16,1874.5,1615
2022-02-17 07:45:00,1874.56,1875.08,1873.26,1874.97,1489
2022-02-17 08:00:00,1874.98,1876.66,1874.5,1876.18,1388
2022-02-17 08:15:00,1876.18,1877.14,1873.81,1873.83,1329
2022-02-17 08:30:00,1873.83,1877.1,1872.79,1875.2,1697
2022-02-17 08:45:00,1875.2,1875.8,1873.98,1875.18,728
2022-02-17 09:00:00,1875.18,1876.77,1874.63,1875.39,1420
2022-02-17 09:15:00,1875.46,1875.46,1873.88,1874.48,1246
2022-02-17 09:30:00,1874.49,1876.03,1874.19,1875.53,1198
2022-02-17 09:45:00,1875.53,1876.16,1874.66,1876.09,925
2022-02-17 10:00:00,1876.03,1876.97,1875.32,1876.8,1458
2022-02-17 10:15:00,1876.89,1890.93,1875.74,1884.33,2671
2022-02-17 10:30:00,1884.36,1887.2,1881.26,1886.23,3070
2022-02-17 10:45:00,1886.24,1888.57,1884.9,1886.15,2191
2022-02-17 11:00:00,1886.21,1889.44,1884.83,1888.11,2465
2022-02-17 11:15:00,1888.09,1893.43,1887.71,1892.83,2196
2022-02-17 11:30:00,1892.83,1893.22,1890.38,1890.6,1643
2022-02-17 11:45:00,1890.6,1890.69,1887.44,1888.37,1628
2022-02-17 12:00:00,1888.37,1889.68,1884.04,1886.23,1586
2022-02-17 12:15:00,1886.23,1886.74,1884.26,1886.21,1424
2022-02-17 12:30:00,1886.11,1886.75,1885.57,1885.95,1039
2022-02-17 12:45:00,1885.95,1887.28,1885.83,1886.25,1153
2022-02-17 13:00:00,1886.17,1886.48,1885.06,1885.09,870
2022-02-17 13:15:00,1885.09,1885.5,1884.12,1884.27,897
2022-02-17 13:30:00,1884.23,1884.93,1883.31,1884.4,1185
2022-02-17 13:45:00,1884.4,1884.63,1883.23,1883.63,1105
2022-02-17 14:00:00,1883.6,1886.57,1882.74,1885.8,1267
2022-02-17 14:15:00,1885.78,1887.64,1885.59,1885.66,987
2022-02-17 14:30:00,1885.66,1887.32,1885.17,1886.75,1175
2022-02-17 14:45:00,1886.75,1886.93,1885.67,1886.66,1126
2022-02-17 15:00:00,1886.68,1890.37,1885.66,1889.8,2684
2022-02-17 15:15:00,1889.8,1893.36,1889.13,1892.73,2562
2022-02-17 15:30:00,1892.7,1897.57,1891.45,1897.51,3060
2022-02-17 15:45:00,1897.53,1897.76,1894.35,1895.82,3014
2022-02-17 16:00:00,1895.82,1896.45,1885.81,1889.44,4093
2022-02-17 16:15:00,1889.35,1893.67,1886.21,1892.68,2762
2022-02-17 16:30:00,1892.57,1894.02,1889.39,1892.72,3993
2022-02-17 16:45:00,1892.72,1895.2,1891.89,1893.41,3925
2022-02-17 17:00:00,1893.36,1896.3,1892.4,1895.69,3567
2022-02-17 17:15:00,1895.65,1895.89,1893.25,1895.49,2532
2022-02-17 17:30:00,1895.4,1895.72,1892.98,1895.21,2347
2022-02-17 17:45:00,1895.21,1896.1,1892.36,1895.36,2586
2022-02-17 18:00:00,1895.36,1897.3,1894.83,1895.4,2221
2022-02-17 18:15:00,1895.37,1896.35,1893.13,1894.78,1958
2022-02-17 18:30:00,1894.77,1897.35,1894.08,1897.24,2004
2022-02-17 18:45:00,1897.23,1899.33,1895.13,1895.7,2111
2022-02-17 19:00:00,1895.71,1898.42,1895.35,1897.76,1921
2022-02-17 19:15:00,1897.76,1898.95,1897.13,1897.78,1304
2022-02-17 19:30:00,1897.78,1899.32,1897.76,1899.07,1436
2022-02-17 19:45:00,1899.07,1900.23,1897.38,1897.71,1578
2022-02-17 20:00:00,1897.71,1899.48,1897.4,1898.86,1786
2022-02-17 20:15:00,1898.86,1900.29,1898.72,1899.86,1813
2022-02-17 20:30:00,1899.86,1901.13,1897.06,1897.52,1567
2022-02-17 20:45:00,1897.5,1899.05,1896.95,1897.18,1059
2022-02-17 21:00:00,1897.18,1899.52,1896.64,1899.43,953
2022-02-17 21:15:00,1899.43,1900.25,1899.2,1899.98,822
2022-02-17 21:30:00,1899.98,1900.86,1899.49,1899.56,1053
2022-02-17 21:45:00,1899.56,1900.48,1898.0,1899.95,1021
2022-02-17 22:00:00,1899.9,1900.11,1897.44,1898.68,1017
2022-02-17 22:15:00,1898.69,1899.23,1898.24,1898.96,806
2022-02-17 22:30:00,1898.94,1899.46,1897.76,1897.95,871
2022-02-17 22:45:00,1897.94,1899.14,1897.38,1898.59,987
2022-02-17 23:00:00,1898.6,1898.94,1897.74,1898.12,594
2022-02-17 23:15:00,1898.12,1898.54,1897.7,1897.9,412
2022-02-17 23:30:00,1897.9,1898.1,1897.44,1897.64,346
2022-02-17 23:45:00,1897.64,1898.48,1897.55,1898.25,297
2022-02-18 01:00:00,1898.69,1899.51,1898.68,1898.91,275
2022-02-18 01:15:00,1898.91,1899.88,1898.8,1899.59,405
2022-02-18 01:30:00,1899.58,1900.25,1898.98,1899.47,565
2022-02-18 01:45:00,1899.47,1900.21,1899.14,1899.94,608
2022-02-18 02:00:00,1899.97,1900.64,1899.72,1900.12,727
2022-02-18 02:15:00,1900.11,1902.37,1900.1,1902.27,867
2022-02-18 02:30:00,1902.31,1902.51,1900.3,1900.3,625
2022-02-18 02:45:00,1900.3,1900.37,1899.45,1899.48,711
2022-02-18 03:00:00,1899.53,1899.63,1897.78,1898.61,1598
2022-02-18 03:15:00,1898.61,1899.07,1898.04,1898.45,986
2022-02-18 03:30:00,1898.45,1899.4,1891.36,1893.39,2810
2022-02-18 03:45:00,1893.38,1893.88,1888.22,1890.24,2060
2022-02-18 04:00:00,1890.17,1890.73,1888.54,1890.19,1632
2022-02-18 04:15:00,1890.19,1890.86,1889.44,1890.52,927
2022-02-18 04:30:00,1890.53,1892.04,1890.53,1891.27,1015
2022-02-18 04:45:00,1891.27,1891.66,1890.16,1890.82,862
2022-02-18 05:00:00,1890.82,1891.5,1890.58,1891.07,770
2022-02-18 05:15:00,1891.06,1891.51,1890.54,1891.09,758
2022-02-18 05:30:00,1891.07,1891.68,1890.79,1891.33,728
2022-02-18 05:45:00,1891.33,1891.86,1890.89,1891.06,668
2022-02-18 06:00:00,1891.06,1891.25,1890.13,1890.3,594
2022-02-18 06:15:00,1890.31,1890.58,1889.56,1890.42,580
2022-02-18 06:30:00,1890.53,1890.99,1889.7,1890.07,585
2022-02-18 06:45:00,1890.12,1890.86,1889.79,1890.48,517
2022-02-18 07:00:00,1890.45,1891.26,1890.19,1891.2,557
2022-02-18 07:15:00,1891.19,1891.27,1890.2,1890.2,515
2022-02-18 07:30:00,1890.2,1893.37,1890.2,1892.35,1290
2022-02-18 07:45:00,1892.41,1893.4,1891.86,1891.93,1252
2022-02-18 08:00:00,1891.93,1893.17,1891.1,1891.28,1257
2022-02-18 08:15:00,1891.28,1892.14,1891.17,1891.79,1105
2022-02-18 08:30:00,1891.76,1892.1,1891.07,1892.05,1072
2022-02-18 08:45:00,1892.03,1892.69,1891.73,1891.93,854
2022-02-18 09:00:00,1891.94,1892.58,1889.88,1890.68,1258
2022-02-18 09:15:00,1890.68,1893.0,1890.07,1891.51,1051
2022-02-18 09:30:00,1891.47,1892.21,1890.94,1891.6,1000
2022-02-18 09:45:00,1891.61,1892.06,1891.27,1891.73,873
2022-02-18 10:00:00,1891.69,1895.73,1891.69,1894.57,1721
2022-02-18 10:15:00,1894.57,1895.68,1893.56,1894.45,1241
2022-02-18 10:30:00,1894.46,1894.93,1891.86,1893.12,1270
2022-02-18 10:45:00,1893.13,1895.86,1893.0,1895.21,1119
2022-02-18 11:00:00,1895.21,1895.48,1893.08,1894.31,1048
2022-02-18 11:15:00,1894.29,1894.5,1892.74,1892.94,907
2022-02-18 11:30:00,1892.94,1894.53,1892.9,1893.59,988
2022-02-18 11:45:00,1893.56,1894.93,1893.48,1894.76,890
2022-02-18 12:00:00,1894.71,1895.2,1892.87,1892.89,1182
2022-02-18 12:15:00,1892.89,1892.9,1889.12,1889.59,1398
2022-02-18 12:30:00,1889.6,1889.6,1886.58,1887.51,1618
2022-02-18 12:45:00,1887.52,1890.1,1887.21,1889.54,1068
2022-02-18 13:00:00,1889.55,1890.2,1887.63,1888.12,996
2022-02-18 13:15:00,1888.12,1889.2,1886.65,1888.8,1117
2022-02-18 13:30:00,1888.84,1890.83,1888.73,1890.63,1029
2022-02-18 13:45:00,1890.61,1892.28,1890.52,1891.14,1102
2022-02-18 14:00:00,1891.18,1892.29,1890.51,1890.76,1109
2022-02-18 14:15:00,1890.78,1891.57,1889.38,1891.43,1004
2022-02-18 14:30:00,1891.46,1893.03,1891.09,1892.8,1029
2022-02-18 14:45:00,1892.83,1894.22,1892.19,1893.97,1266
2022-02-18 15:00:00,1893.97,1896.58,1892.21,1896.29,2652
2022-02-18 15:15:00,1896.29,1899.31,1895.15,1899.15,3077
2022-02-18 15:30:00,1899.15,1899.96,1896.2,1898.87,2887
2022-02-18 15:45:00,1898.87,1899.25,1896.03,1896.53,2237
2022-02-18 16:00:00,1896.34,1898.4,1896.11,1898.05,2031
2022-02-18 16:15:00,1898.05,1898.53,1896.04,1896.38,2094
2022-02-18 16:30:00,1896.41,1898.24,1894.46,1897.57,2966
2022-02-18 16:45:00,1897.54,1898.2,1893.54,1894.58,2407
2022-02-18 17:00:00,1894.58,1896.58,1892.43,1896.07,2256
2022-02-18 17:15:00,1896.16,1896.5,1893.36,1894.22,1925
2022-02-18 17:30:00,1894.23,1896.48,1890.38,1891.03,2060
2022-02-18 17:45:00,1891.05,1892.83,1890.75,1891.9,2671
2022-02-18 18:00:00,1891.9,1896.65,1891.27,1895.24,2912
2022-02-18 18:15:00,1895.24,1895.48,1893.25,1893.28,1850
2022-02-18 18:30:00,1893.28,1896.55,1892.56,1896.55,1601
2022-02-18 18:45:00,1896.5,1896.73,1895.27,1896.03,1557
2022-02-18 19:00:00,1896.03,1896.42,1894.44,1894.89,1391
2022-02-18 19:15:00,1894.91,1896.36,1894.73,1895.98,1206
2022-02-18 19:30:00,1895.98,1897.76,1895.56,1895.93,2111
2022-02-18 19:45:00,1895.89,1897.27,1895.88,1896.86,1168
2022-02-18 20:00:00,1896.86,1897.29,1896.45,1897.19,1104
2022-02-18 20:15:00,1897.19,1897.9,1896.76,1897.43,1416
2022-02-18 20:30:00,1897.43,1897.52,1896.27,1896.88,1127
2022-02-18 20:45:00,1896.88,1897.04,1896.05,1896.1,878
2022-02-18 21:00:00,1896.2,1896.2,1894.88,1895.77,885
2022-02-18 21:15:00,1895.77,1896.84,1895.49,1896.36,816
2022-02-18 21:30:00,1896.36,1896.94,1895.35,1895.77,792
2022-02-18 21:45:00,1895.78,1895.79,1894.92,1895.54,906
2022-02-18 22:00:00,1895.48,1895.6,1893.64,1894.07,1230
2022-02-18 22:15:00,1894.11,1895.29,1893.86,1894.87,958
2022-02-18 22:30:00,1894.87,1895.8,1893.92,1895.71,1009
2022-02-18 22:45:00,1895.7,1897.03,1894.96,1896.99,1161
2022-02-18 23:00:00,1897.0,1897.7,1896.1,1897.68,650
2022-02-18 23:15:00,1897.69,1898.55,1897.07,1897.25,485
2022-02-18 23:30:00,1897.25,1899.4,1897.25,1897.95,325
2022-02-18 23:45:00,1897.91,1898.4,1897.16,1897.34,261
2022-02-21 01:00:00,1902.54,1904.44,1898.52,1904.29,585
2022-02-21 01:15:00,1904.29,1905.26,1903.38,1904.74,634
2022-02-21 01:30:00,1904.74,1906.29,1903.72,1905.31,605
2022-02-21 01:45:00,1905.31,1906.43,1904.31,1904.84,557
2022-02-21 02:00:00,1904.89,1906.5,1904.89,1906.13,784
2022-02-21 02:15:00,1906.13,1908.26,1906.13,1907.38,936
2022-02-21 02:30:00,1907.33,1907.81,1906.64,1906.9,695
2022-02-21 02:45:00,1906.94,1907.49,1895.94,1898.27,2122
2022-02-21 03:00:00,1898.18,1903.22,1895.58,1897.15,2294
2022-02-21 03:15:00,1897.16,1899.34,1895.49,1896.76,1882
2022-02-21 03:30:00,1896.76,1896.76,1891.58,1894.89,1900
2022-02-21 03:45:00,1894.94,1896.82,1894.89,1895.7,1345
2022-02-21 04:00:00,1895.7,1896.87,1895.03,1896.72,912
2022-02-21 04:15:00,1896.73,1897.68,1896.01,1896.57,765
2022-02-21 04:30:00,1896.59,1897.43,1896.0,1896.71,878
2022-02-21 04:45:00,1896.7,1897.67,1896.26,1897.37,743
2022-02-21 05:00:00,1897.36,1898.94,1897.32,1898.82,695
2022-02-21 05:15:00,1898.82,1899.08,1897.79,1897.91,1174
2022-02-21 05:30:00,1897.92,1898.32,1897.21,1897.28,733
2022-02-21 05:45:00,1897.27,1897.53,1896.78,1896.8,321
2022-02-21 06:00:00,1896.74,1897.04,1892.96,1893.01,684
2022-02-21 06:15:00,1892.93,1894.7,1892.91,1893.1,694
2022-02-21 06:30:00,1893.09,1893.46,1889.19,1892.68,852
2022-02-21 06:45:00,1892.69,1893.24,1891.76,1891.86,653
2022-02-21 07:00:00,1891.88,1892.42,1891.05,1891.59,690
2022-02-21 07:15:00,1891.51,1891.76,1890.48,1891.06,712
2022-02-21 07:30:00,1891.12,1893.27,1890.89,1893.2,1247
2022-02-21 07:45:00,1893.21,1893.96,1891.56,1891.57,899
2022-02-21 08:00:00,1891.58,1892.99,1891.09,1891.09,852
2022-02-21 08:15:00,1891.11,1891.28,1889.02,1890.13,1136
2022-02-21 08:30:00,1890.08,1890.23,1888.79,1890.1,692
2022-02-21 08:45:00,1890.15,1890.56,1887.75,1887.95,931
2022-02-21 09:00:00,1887.89,1889.3,1887.63,1888.54,1225
2022-02-21 09:15:00,1888.54,1890.63,1887.62,1890.39,1136
2022-02-21 09:30:00,1890.39,1892.59,1890.18,1890.89,1218
2022-02-21 09:45:00,1890.9,1892.72,1890.69,1891.61,940
2022-02-21 10:00:00,1891.7,1894.34,1891.27,1893.51,1073
2022-02-21 10:15:00,1893.53,1894.11,1892.2,1893.45,852
2022-02-21 10:30:00,1893.45,1896.77,1893.01,1895.72,1884
2022-02-21 10:45:00,1895.72,1897.73,1895.28,1896.05,1241
2022-02-21 11:00:00,1896.05,1898.38,1895.66,1897.28,1113
2022-02-21 11:15:00,1897.23,1898.13,1895.18,1895.46,1083
2022-02-21 11:30:00,1895.42,1895.68,1894.55,1895.06,915
2022-02-21 11:45:00,1895.07,1896.36,1894.89,1896.36,674
2022-02-21 12:00:00,1896.35,1897.32,1896.12,1897.03,864
2022-02-21 12:15:00,1897.01,1897.52,1896.39,1896.63,704
2022-02-21 12:30:00,1896.63,1897.23,1895.14,1897.02,999
2022-02-21 12:45:00,1897.02,1898.34,1896.67,1897.36,929
2022-02-21 13:00:00,1897.39,1897.64,1896.4,1896.56,893
2022-02-21 13:15:00,1896.6,1897.64,1896.02,1897.0,1030
2022-02-21 13:30:00,1897.0,1898.66,1895.88,1897.72,1214
2022-02-21 13:45:00,1897.74,1898.04,1894.34,1894.62,1213
2022-02-21 14:00:00,1894.6,1894.82,1892.51,1893.77,1269
2022-02-21 14:15:00,1893.8,1895.01,1893.72,1894.51,712
2022-02-21 14:30:00,1894.51,1896.74,1893.21,1895.08,1046
2022-02-21 14:45:00,1894.98,1897.33,1894.21,1897.21,1669
2022-02-21 15:00:00,1897.18,1897.5,1895.4,1896.69,1529
2022-02-21 15:15:00,1896.75,1897.51,1894.03,1896.73,1726
2022-02-21 15:30:00,1896.74,1897.06,1894.62,1895.38,1337
2022-02-21 15:45:00,1895.36,1897.49,1894.26,1895.95,1799
2022-02-21 16:00:00,1895.95,1896.41,1893.69,1894.21,1620
2022-02-21 16:15:00,1894.17,1894.5,1892.48,1893.91,1597
2022-02-21 16:30:00,1893.91,1894.99,1893.14,1894.94,1176
2022-02-21 16:45:00,1895.03,1897.02,1894.7,1895.07,1587
2022-02-21 17:00:00,1895.04,1895.53,1893.86,1894.09,1515
2022-02-21 17:15:00,1894.09,1894.52,1892.82,1893.68,1176
2022-02-21 17:30:00,1893.68,1896.27,1893.51,1895.53,888
2022-02-21 17:45:00,1895.53,1895.93,1894.97,1895.39,904
2022-02-21 18:00:00,1895.39,1896.78,1895.37,1896.65,808
2022-02-21 18:15:00,1896.65,1897.08,1895.76,1896.48,967
2022-02-21 18:30:00,1896.5,1896.6,1895.7,1896.3,623
2022-02-21 18:45:00,1896.3,1896.54,1895.67,1896.48,673
2022-02-21 19:00:00,1896.45,1896.59,1895.72,1896.05,496
2022-02-21 19:15:00,1896.06,1897.08,1895.66,1896.18,536
2022-02-21 19:30:00,1896.15,1897.1,1895.88,1897.09,572
2022-02-21 19:45:00,1897.09,1897.72,1896.87,1897.69,713
2022-02-21 20:00:00,1897.69,1899.65,1896.51,1898.65,929
2022-02-21 20:15:00,1898.68,1900.2,1898.35,1900.19,835
2022-02-21 20:30:00,1900.21,1902.15,1899.86,1900.1,664
2022-02-21 20:45:00,1900.1,1904.99,1900.08,1904.7,866
2022-02-21 21:00:00,1904.7,1905.68,1901.33,1904.06,1114
2022-02-21 21:15:00,1904.06,1906.09,1903.31,1903.46,890
2022-02-22 01:00:00,1912.0,1913.98,1909.97,1912.16,1207
2022-02-22 01:15:00,1912.16,1913.1,1909.75,1909.89,961
2022-02-22 01:30:00,1909.89,1910.96,1908.03,1910.47,1159
2022-02-22 01:45:00,1910.39,1911.2,1908.14,1909.57,1029
2022-02-22 02:00:00,1909.54,1913.66,1909.46,1913.33,1459
2022-02-22 02:15:00,1913.33,1913.97,1910.43,1910.82,1394
2022-02-22 02:30:00,1910.82,1911.0,1909.19,1909.8,939
2022-02-22 02:45:00,1909.84,1909.91,1907.31,1908.08,1181
2022-02-22 03:00:00,1908.08,1909.87,1905.44,1906.3,2292
2022-02-22 03:15:00,1906.4,1907.78,1905.29,1907.12,1589
2022-02-22 03:30:00,1907.09,1911.08,1906.44,1909.95,2255
2022-02-22 03:45:00,1910.0,1910.13,1908.08,1909.48,1718
2022-02-22 04:00:00,1909.48,1909.67,1906.36,1906.46,1504
2022-02-22 04:15:00,1906.47,1909.66,1906.47,1908.83,1168
2022-02-22 04:30:00,1908.83,1909.15,1907.4,1908.31,1107
2022-02-22 04:45:00,1908.31,1909.71,1907.62,1909.51,1529
2022-02-22 05:00:00,1909.5,1910.38,1908.65,1908.68,1259
2022-02-22 05:15:00,1908.79,1909.85,1908.57,1909.6,1053
2022-02-22 05:30:00,1909.57,1910.11,1908.46,1909.27,1013
2022-02-22 05:45:00,1909.33,1909.84,1908.07,1908.5,946
2022-02-22 06:00:00,1908.51,1908.72,1908.19,1908.35,658
2022-02-22 06:15:00,1908.33,1908.9,1908.05,1908.09,453
2022-02-22 06:30:00,1908.1,1908.8,1907.31,1908.39,596
2022-02-22 06:45:00,1908.37,1908.53,1907.28,1907.83,688
2022-02-22 07:00:00,1907.81,1908.5,1907.48,1908.25,640
2022-02-22 07:15:00,1908.25,1908.86,1908.11,1908.2,606
2022-02-22 07:30:00,1908.13,1909.72,1907.98,1909.5,1159
2022-02-22 07:45:00,1909.5,1910.33,1908.93,1910.15,1272
2022-02-22 08:00:00,1910.15,1911.33,1909.63,1909.88,1466
2022-02-22 08:15:00,1909.88,1910.11,1909.22,1909.82,1178
2022-02-22 08:30:00,1909.79,1910.64,1908.72,1909.05,1109
2022-02-22 08:45:00,1909.13,1910.36,1908.6,1909.96,1457
2022-02-22 09:00:00,1909.96,1912.11,1909.83,1911.3,1675
2022-02-22 09:15:00,1911.49,1913.36,1910.27,1912.23,1878
2022-02-22 09:30:00,1912.22,1912.43,1910.84,1911.45,1602
2022-02-22 09:45:00,1911.43,1911.58,1907.34,1908.7,1944
2022-02-22 10:00:00,1908.67,1911.71,1907.15,1910.7,2347
2022-02-22 10:15:00,1910.73,1911.07,1903.82,1904.77,2634
2022-02-22 10:30:00,1904.76,1905.33,1901.72,1904.18,2577
2022-02-22 10:45:00,1904.18,1904.47,1895.81,1896.52,2335
2022-02-22 11:00:00,1896.46,1900.21,1896.43,1900.11,2283
2022-02-22 11:15:00,1900.07,1901.66,1897.43,1900.84,1831
2022-02-22 11:30:00,1900.86,1902.13,1899.01,1900.23,1475
2022-02-22 11:45:00,1900.23,1900.93,1898.9,1900.64,1607
2022-02-22 12:00:00,1900.67,1901.16,1899.15,1899.56,1719
2022-02-22 12:15:00,1899.66,1899.87,1894.7,1897.0,2020
2022-02-22 12:30:00,1897.01,1897.73,1894.17,1896.18,2156
2022-02-22 12:45:00,1896.19,1896.92,1893.95,1896.64,2177
2022-02-22 13:00:00,1896.55,1898.2,1894.59,1896.85,1893
2022-02-22 13:15:00,1896.89,1897.36,1893.1,1894.38,1786
2022-02-22 13:30:00,1894.38,1897.55,1894.38,1894.81,1831
2022-02-22 13:45:00,1894.79,1895.0,1891.38,1893.87,2402
2022-02-22 14:00:00,1893.87,1896.36,1893.74,1895.84,2020
2022-02-22 14:15:00,1895.84,1897.59,1895.07,1896.99,1509
2022-02-22 14:30:00,1896.99,1900.18,1896.88,1899.05,1921
2022-02-22 14:45:00,1899.05,1899.76,1898.31,1899.49,1412
2022-02-22 15:00:00,1899.61,1899.94,1897.88,1899.24,2226
2022-02-22 15:15:00,1899.24,1902.65,1898.57,1902.34,2632
2022-02-22 15:30:00,1902.31,1906.0,1900.67,1901.71,3227
2022-02-22 15:45:00,1901.68,1902.95,1900.87,1902.21,2032
2022-02-22 16:00:00,1902.19,1904.14,1901.71,1903.72,2069
2022-02-22 16:15:00,1903.72,1904.57,1902.56,1902.85,1750
2022-02-22 16:30:00,1902.83,1907.15,1902.48,1903.35,3429
2022-02-22 16:45:00,1903.35,1903.38,1900.93,1901.39,2754
2022-02-22 17:00:00,1901.39,1903.25,1897.11,1899.52,3174
2022-02-22 17:15:00,1899.5,1899.92,1896.63,1896.78,2705
2022-02-22 17:30:00,1896.8,1899.58,1896.19,1898.11,2624
2022-02-22 17:45:00,1898.11,1898.4,1893.91,1897.96,3293
2022-02-22 18:00:00,1897.91,1899.64,1896.88,1899.54,2528
2022-02-22 18:15:00,1899.54,1901.58,1899.37,1901.54,1907
2022-02-22 18:30:00,1901.56,1903.39,1900.39,1901.99,2382
2022-02-22 18:45:00,1902.04,1903.58,1902.03,1903.25,1870
2022-02-22 19:00:00,1903.23,1903.62,1902.37,1902.42,1557
2022-02-22 19:15:00,1902.41,1903.92,1901.96,1903.26,1264
2022-02-22 19:30:00,1903.25,1903.95,1902.78,1903.33,1300
2022-02-22 19:45:00,1903.34,1904.52,1903.07,1903.45,1445
2022-02-22 20:00:00,1903.44,1905.06,1902.84,1903.96,1611
2022-02-22 20:15:00,1903.96,1905.72,1903.77,1905.42,1622
2022-02-22 20:30:00,1905.34,1905.34,1903.02,1903.44,1176
2022-02-22 20:45:00,1903.44,1903.89,1902.56,1903.58,1226
2022-02-22 21:00:00,1903.58,1903.96,1902.83,1903.29,1076
2022-02-22 21:15:00,1903.29,1904.6,1901.51,1902.35,1758
2022-02-22 21:30:00,1902.46,1903.29,1900.23,1902.61,1727
2022-02-22 21:45:00,1902.61,1902.91,1900.57,1901.56,1429
2022-02-22 22:00:00,1901.56,1901.67,1897.73,1898.86,1535
2022-02-22 22:15:00,1898.83,1901.0,1898.53,1899.95,1117
2022-02-22 22:30:00,1900.03,1901.02,1899.89,1900.81,1120
2022-02-22 22:45:00,1900.81,1901.34,1900.39,1900.44,1240
2022-02-22 23:00:00,1900.52,1901.36,1899.46,1899.59,525
2022-02-22 23:15:00,1899.61,1899.61,1898.86,1899.36,317
2022-02-22 23:30:00,1899.35,1899.44,1899.05,1899.2,321
2022-02-22 23:45:00,1899.25,1899.26,1898.28,1898.5,326
2022-02-23 01:00:00,1898.91,1899.42,1898.91,1899.16,191
2022-02-23 01:15:00,1899.16,1899.59,1899.05,1899.44,253
2022-02-23 01:30:00,1899.43,1899.43,1898.5,1898.9,320
2022-02-23 01:45:00,1898.96,1898.96,1897.78,1898.24,397
2022-02-23 02:00:00,1898.24,1899.08,1897.88,1899.02,380
2022-02-23 02:15:00,1899.02,1899.39,1898.75,1899.19,236
2022-02-23 02:30:00,1899.19,1899.95,1899.19,1899.74,333
2022-02-23 02:45:00,1899.74,1900.52,1899.7,1900.51,303
2022-02-23 03:00:00,1900.52,1901.11,1899.76,1900.63,1109
2022-02-23 03:15:00,1900.63,1900.91,1899.88,1900.42,560
2022-02-23 03:30:00,1900.38,1901.36,1898.69,1898.74,861
2022-02-23 03:45:00,1898.74,1899.31,1898.3,1898.33,634
2022-02-23 04:00:00,1898.32,1899.38,1898.3,1899.07,677
2022-02-23 04:15:00,1899.05,1900.29,1898.85,1898.94,597
2022-02-23 04:30:00,1898.94,1899.49,1898.15,1899.12,790
2022-02-23 04:45:00,1899.12,1899.89,1898.91,1899.65,586
2022-02-23 05:00:00,1899.63,1900.33,1899.09,1899.38,515
2022-02-23 05:15:00,1899.38,1899.65,1898.9,1899.19,488
2022-02-23 05:30:00,1899.16,1899.95,1899.11,1899.84,291
2022-02-23 05:45:00,1899.84,1900.1,1899.69,1899.8,310
2022-02-23 06:00:00,1899.8,1899.86,1898.76,1899.16,247
2022-02-23 06:15:00,1899.2,1899.47,1899.14,1899.21,165
2022-02-23 06:30:00,1899.21,1899.46,1899.12,1899.28,211
2022-02-23 06:45:00,1899.28,1899.35,1896.35,1897.0,663
2022-02-23 07:00:00,1897.0,1897.29,1896.22,1896.35,822
2022-02-23 07:15:00,1896.3,1896.3,1894.62,1895.52,578
2022-02-23 07:30:00,1895.56,1896.87,1895.18,1896.54,1180
2022-02-23 07:45:00,1896.54,1896.63,1895.76,1896.28,626
2022-02-23 08:00:00,1896.3,1896.51,1893.41,1894.88,1071
2022-02-23 08:15:00,1894.88,1896.43,1894.79,1896.31,857
2022-02-23 08:30:00,1896.31,1896.97,1896.11,1896.88,512
2022-02-23 08:45:00,1896.85,1897.46,1896.18,1897.02,846
2022-02-23 09:00:00,1897.0,1898.38,1896.68,1897.47,1351
2022-02-23 09:15:00,1897.49,1898.01,1894.91,1895.29,1243
2022-02-23 09:30:00,1895.36,1896.74,1895.3,1896.7,1253
2022-02-23 09:45:00,1896.7,1896.81,1894.81,1894.88,1188
2022-02-23 10:00:00,1894.84,1896.97,1894.6,1896.45,1626
2022-02-23 10:15:00,1896.45,1897.13,1895.44,1896.38,1203
2022-02-23 10:30:00,1896.38,1897.65,1893.48,1894.74,1501
2022-02-23 10:45:00,1894.7,1895.98,1892.1,1893.07,1549
2022-02-23 11:00:00,1893.06,1895.56,1892.69,1892.88,1409
2022-02-23 11:15:00,1892.86,1893.47,1891.74,1892.32,1232
2022-02-23 11:30:00,1892.37,1892.52,1889.62,1892.38,1447
2022-02-23 11:45:00,1892.34,1893.81,1890.89,1893.44,1240
2022-02-23 12:00:00,1893.53,1894.05,1892.69,1893.14,1288
2022-02-23 12:15:00,1893.14,1894.88,1893.02,1893.94,1038
2022-02-23 12:30:00,1893.94,1895.8,1893.49,1895.44,1079
2022-02-23 12:45:00,1895.42,1895.81,1894.51,1894.8,934
2022-02-23 13:00:00,1894.83,1895.01,1893.54,1894.23,936
2022-02-23 13:15:00,1894.19,1895.6,1894.01,1895.36,880
2022-02-23 13:30:00,1895.38,1895.68,1894.34,1894.74,785
2022-02-23 13:45:00,1894.74,1896.08,1894.67,1894.78,931
2022-02-23 14:00:00,1894.79,1895.57,1893.94,1895.19,1043
2022-02-23 14:15:00,1895.14,1895.28,1894.13,1894.32,742
2022-02-23 14:30:00,1894.33,1895.56,1893.61,1895.48,987
2022-02-23 14:45:00,1895.48,1897.15,1895.13,1896.35,1103
2022-02-23 15:00:00,1896.35,1897.97,1895.99,1897.22,1572
2022-02-23 15:15:00,1897.26,1904.25,1896.41,1903.67,2505
2022-02-23 15:30:00,1903.63,1904.5,1899.3,1899.86,2524
2022-02-23 15:45:00,1899.83,1901.46,1899.33,1901.27,1818
2022-02-23 16:00:00,1901.27,1902.21,1900.12,1900.86,1479
2022-02-23 16:15:00,1900.87,1901.52,1899.67,1900.35,1399
2022-02-23 16:30:00,1900.39,1903.24,1899.67,1902.82,2674
2022-02-23 16:45:00,1902.82,1906.19,1902.27,1906.15,3495
2022-02-23 17:00:00,1906.17,1908.07,1903.08,1904.38,3606
2022-02-23 17:15:00,1904.29,1907.63,1904.2,1906.68,2519
2022-02-23 17:30:00,1906.68,1907.49,1905.17,1907.13,2083
2022-02-23 17:45:00,1907.12,1908.39,1905.99,1907.44,2130
2022-02-23 18:00:00,1907.4,1909.09,1906.91,1907.01,2201
2022-02-23 18:15:00,1907.01,1907.74,1905.4,1907.28,1804
2022-02-23 18:30:00,1907.28,1908.59,1906.52,1908.16,1716
2022-02-23 18:45:00,1908.18,1909.01,1907.23,1908.55,1782
2022-02-23 19:00:00,1908.52,1910.21,1908.45,1909.39,1432
2022-02-23 19:15:00,1909.38,1910.49,1908.56,1910.13,1178
2022-02-23 19:30:00,1910.13,1910.47,1909.22,1909.56,932
2022-02-23 19:45:00,1909.56,1909.56,1908.04,1908.32,1097
2022-02-23 20:00:00,1908.24,1909.33,1907.6,1908.77,1323
2022-02-23 20:15:00,1908.79,1909.53,1907.45,1907.75,1347
2022-02-23 20:30:00,1907.83,1907.93,1906.03,1906.7,1216
2022-02-23 20:45:00,1906.72,1908.9,1906.44,1908.72,1143
2022-02-23 21:00:00,1908.73,1909.38,1907.3,1907.96,1090
2022-02-23 21:15:00,1907.91,1909.27,1907.35,1908.29,885
2022-02-23 21:30:00,1908.29,1908.4,1906.88,1906.96,885
2022-02-23 21:45:00,1906.95,1907.79,1906.54,1907.08,1241
2022-02-23 22:00:00,1907.1,1908.07,1906.51,1907.41,786
2022-02-23 22:15:00,1907.39,1907.43,1904.63,1904.76,1003
2022-02-23 22:30:00,1904.77,1907.01,1904.62,1906.43,1152
2022-02-23 22:45:00,1906.45,1910.3,1906.33,1909.19,1575
2022-02-23 23:00:00,1909.24,1909.99,1908.61,1908.93,1013
2022-02-23 23:15:00,1908.95,1909.13,1908.17,1908.23,523
2022-02-23 23:30:00,1908.23,1908.62,1907.27,1907.45,549
2022-02-23 23:45:00,1907.33,1908.44,1907.16,1908.08,350
2022-02-24 01:00:00,1909.79,1910.54,1909.63,1910.14,423
2022-02-24 01:15:00,1910.15,1911.1,1909.98,1910.73,783
2022-02-24 01:30:00,1910.73,1911.58,1910.62,1910.63,471
2022-02-24 01:45:00,1910.63,1911.3,1910.53,1910.72,502
2022-02-24 02:00:00,1910.72,1912.22,1910.17,1910.74,904
2022-02-24 02:15:00,1910.73,1912.98,1910.36,1911.17,1019
2022-02-24 02:30:00,1911.19,1913.44,1911.14,1911.73,1492
2022-02-24 02:45:00,1911.73,1913.74,1911.44,1913.66,1202
2022-02-24 03:00:00,1913.66,1913.66,1910.41,1910.77,1922
2022-02-24 03:15:00,1910.77,1913.04,1910.11,1912.4,1539
2022-02-24 03:30:00,1912.4,1914.1,1912.06,1912.37,1679
2022-02-24 03:45:00,1912.37,1913.64,1912.21,1913.47,1251
2022-02-24 04:00:00,1913.47,1914.23,1912.56,1913.7,1246
2022-02-24 04:15:00,1913.75,1915.21,1913.44,1914.47,1107
2022-02-24 04:30:00,1914.45,1915.25,1913.32,1915.1,1475
2022-02-24 04:45:00,1915.1,1920.96,1914.5,1920.96,3206
2022-02-24 05:00:00,1920.95,1928.86,1920.86,1924.0,3838
2022-02-24 05:15:00,1924.0,1931.17,1923.81,1927.91,2970
2022-02-24 05:30:00,1927.91,1931.27,1926.48,1929.03,2609
2022-02-24 05:45:00,1928.98,1929.71,1926.93,1929.25,2352
2022-02-24 06:00:00,1929.25,1944.51,1928.99,1943.54,2760
2022-02-24 06:15:00,1943.54,1949.09,1938.37,1941.31,2993
2022-02-24 06:30:00,1941.32,1944.24,1938.56,1940.2,1653
2022-02-24 06:45:00,1940.2,1940.61,1933.23,1935.67,1973
2022-02-24 07:00:00,1935.67,1940.89,1933.76,1940.05,1672
2022-02-24 07:15:00,1940.05,1940.94,1936.15,1938.26,1255
2022-02-24 07:30:00,1938.26,1945.5,1938.01,1943.88,2040
2022-02-24 07:45:00,1943.88,1943.88,1939.0,1940.48,1721
2022-02-24 08:00:00,1940.48,1940.87,1935.71,1938.52,2350
2022-02-24 08:15:00,1938.52,1942.53,1937.29,1942.43,1459
2022-02-24 08:30:00,1942.41,1943.37,1938.54,1938.8,1463
2022-02-24 08:45:00,1938.8,1943.09,1938.44,1942.42,1547
2022-02-24 09:00:00,1942.4,1944.09,1941.23,1943.43,2661
2022-02-24 09:15:00,1943.42,1944.7,1941.68,1941.79,2428
2022-02-24 09:30:00,1941.79,1942.3,1937.93,1938.69,2471
2022-02-24 09:45:00,1938.69,1945.4,1938.69,1945.4,2360
2022-02-24 10:00:00,1945.4,1945.46,1941.39,1942.53,2965
2022-02-24 10:15:00,1942.53,1943.6,1938.95,1940.32,3000
2022-02-24 10:30:00,1940.32,1943.13,1939.78,1941.96,2417
2022-02-24 10:45:00,1941.97,1946.21,1941.87,1944.96,2412
2022-02-24 11:00:00,1944.96,1945.64,1940.33,1943.68,2642
2022-02-24 11:15:00,1943.67,1947.38,1943.14,1944.49,2267
2022-02-24 11:30:00,1944.5,1949.18,1943.33,1947.92,2468
2022-02-24 11:45:00,1947.91,1954.36,1947.38,1953.54,2362
2022-02-24 12:00:00,1953.52,1961.16,1953.04,1960.78,2590
2022-02-24 12:15:00,1960.73,1973.11,1960.33,1968.81,3480
2022-02-24 12:30:00,1968.81,1972.16,1966.05,1970.74,2620
2022-02-24 12:45:00,1970.74,1974.52,1968.25,1973.72,2098
2022-02-24 13:00:00,1973.72,1973.86,1968.76,1970.73,2252
2022-02-24 13:15:00,1970.69,1972.69,1969.72,1970.68,1883
2022-02-24 13:30:00,1970.72,1971.74,1967.74,1969.8,2004
2022-02-24 13:45:00,1969.8,1970.88,1961.48,1961.67,2598
2022-02-24 14:00:00,1961.67,1964.82,1959.94,1960.64,2503
2022-02-24 14:15:00,1960.64,1961.99,1950.47,1957.51,2732
2022-02-24 14:30:00,1957.49,1963.84,1954.66,1963.31,2317
2022-02-24 14:45:00,1963.34,1963.73,1959.13,1962.82,1702
2022-02-24 15:00:00,1962.83,1967.19,1961.71,1962.49,2303
2022-02-24 15:15:00,1962.5,1966.75,1962.48,1965.51,2109
2022-02-24 15:30:00,1965.49,1966.35,1959.59,1959.69,2649
2022-02-24 15:45:00,1959.69,1959.79,1955.84,1959.31,2629
2022-02-24 16:00:00,1959.34,1963.04,1955.37,1956.94,2410
2022-02-24 16:15:00,1956.94,1957.07,1951.84,1955.59,2951
2022-02-24 16:30:00,1955.62,1955.73,1933.29,1937.49,4952
2022-02-24 16:45:00,1937.49,1940.38,1930.66,1934.46,4041
2022-02-24 17:00:00,1934.46,1940.72,1933.83,1934.71,3847
2022-02-24 17:15:00,1934.7,1935.73,1913.34,1920.11,4711
2022-02-24 17:30:00,1920.11,1928.87,1919.44,1926.67,3064
2022-02-24 17:45:00,1926.77,1929.0,1922.58,1928.75,2554
2022-02-24 18:00:00,1928.78,1930.2,1923.31,1924.73,2627
2022-02-24 18:15:00,1924.78,1926.7,1920.49,1923.0,2439
2022-02-24 18:30:00,1923.0,1925.12,1920.33,1923.69,2107
2022-02-24 18:45:00,1923.71,1924.51,1921.13,1921.61,1474
2022-02-24 19:00:00,1921.61,1923.04,1916.68,1922.75,1875
2022-02-24 19:15:00,1922.75,1925.58,1922.0,1924.76,1522
2022-02-24 19:30:00,1924.76,1925.63,1922.51,1924.29,1263
2022-02-24 19:45:00,1924.29,1925.34,1922.86,1923.65,1250
2022-02-24 20:00:00,1923.8,1924.93,1921.91,1923.59,1535
2022-02-24 20:15:00,1923.59,1925.34,1922.12,1924.87,1813
2022-02-24 20:30:00,1924.93,1926.91,1920.91,1924.74,1573
2022-02-24 20:45:00,1924.76,1926.04,1916.26,1920.07,2210
2022-02-24 21:00:00,1920.07,1920.24,1902.35,1904.3,2540
2022-02-24 21:15:00,1904.3,1906.47,1884.8,1889.35,3419
2022-02-24 21:30:00,1889.35,1892.01,1878.0,1885.98,3047
2022-02-24 21:45:00,1885.98,1890.97,1885.8,1887.86,1722
2022-02-24 22:00:00,1888.04,1888.51,1880.35,1885.76,1987
2022-02-24 22:15:00,1885.66,1895.84,1885.31,1894.1,1658
2022-02-24 22:30:00,1894.1,1896.16,1890.58,1895.46,1579
2022-02-24 22:45:00,1895.46,1898.06,1895.46,1898.0,1696
2022-02-24 23:00:00,1898.05,1900.73,1895.15,1898.31,1144
2022-02-24 23:15:00,1898.28,1905.93,1898.04,1903.05,822
2022-02-24 23:30:00,1902.9,1903.26,1901.65,1903.09,524
2022-02-24 23:45:00,1903.09,1904.0,1901.91,1903.77,376
2022-02-25 01:00:00,1906.5,1907.68,1905.5,1906.45,469
2022-02-25 01:15:00,1906.38,1913.6,1906.32,1911.22,922
2022-02-25 01:30:00,1911.32,1912.46,1905.97,1907.74,1001
2022-02-25 01:45:00,1907.79,1907.94,1904.01,1906.49,957
2022-02-25 02:00:00,1906.47,1906.89,1904.22,1905.76,920
2022-02-25 02:15:00,1905.78,1909.45,1905.21,1909.42,885
2022-02-25 02:30:00,1909.42,1912.34,1908.86,1909.3,1093
2022-02-25 02:45:00,1909.3,1912.89,1908.37,1912.65,1644
2022-02-25 03:00:00,1912.56,1921.42,1912.3,1916.64,2895
2022-02-25 03:15:00,1916.63,1917.97,1909.36,1911.01,2308
2022-02-25 03:30:00,1911.03,1911.83,1906.24,1909.54,2095
2022-02-25 03:45:00,1909.54,1910.42,1907.81,1909.42,1721
2022-02-25 04:00:00,1909.42,1909.99,1907.92,1909.49,1513
2022-02-25 04:15:00,1909.54,1914.35,1908.7,1914.19,1325
2022-02-25 04:30:00,1914.19,1915.16,1910.76,1913.84,1595
2022-02-25 04:45:00,1913.86,1914.41,1911.93,1913.27,1085
2022-02-25 05:00:00,1913.27,1914.83,1912.06,1914.67,1129
2022-02-25 05:15:00,1914.67,1916.11,1913.51,1913.79,1245
2022-02-25 05:30:00,1913.71,1913.8,1912.84,1913.35,838
2022-02-25 05:45:00,1913.31,1917.05,1912.58,1914.26,1243
2022-02-25 06:00:00,1914.26,1915.07,1913.7,1914.64,667
2022-02-25 06:15:00,1914.64,1914.77,1911.61,1912.06,761
2022-02-25 06:30:00,1912.14,1913.12,1912.11,1912.97,563
2022-02-25 06:45:00,1912.89,1912.94,1910.92,1912.22,567
2022-02-25 07:00:00,1912.23,1914.02,1911.33,1913.33,713
2022-02-25 07:15:00,1913.43,1914.69,1913.26,1914.01,623
2022-02-25 07:30:00,1913.98,1914.52,1911.69,1914.11,1294
2022-02-25 07:45:00,1914.05,1916.84,1913.96,1916.58,1202
2022-02-25 08:00:00,1916.45,1916.98,1914.71,1915.48,1246
2022-02-25 08:15:00,1915.51,1917.09,1914.96,1916.61,810
2022-02-25 08:30:00,1916.66,1917.38,1915.6,1916.65,917
2022-02-25 08:45:00,1916.65,1919.92,1915.83,1919.25,1121
2022-02-25 09:00:00,1919.3,1921.33,1917.98,1918.95,1528
2022-02-25 09:15:00,1918.88,1919.61,1916.07,1917.14,1528
2022-02-25 09:30:00,1917.14,1918.96,1914.2,1915.11,1324
2022-02-25 09:45:00,1915.11,1916.47,1912.99,1913.33,1709
2022-02-25 10:00:00,1913.35,1915.5,1911.19,1911.89,2245
2022-02-25 10:15:00,1911.92,1913.68,1908.99,1912.0,2198
2022-02-25 10:30:00,1912.01,1915.8,1911.46,1913.3,1957
2022-02-25 10:45:00,1913.29,1914.13,1911.34,1913.93,1931
2022-02-25 11:00:00,1913.93,1913.93,1910.52,1910.97,1902
2022-02-25 11:15:00,1910.97,1912.94,1910.57,1911.35,1751
2022-02-25 11:30:00,1911.35,1911.66,1908.47,1910.08,1933
2022-02-25 11:45:00,1910.13,1910.98,1909.22,1910.72,1304
2022-02-25 12:00:00,1910.75,1911.45,1909.45,1909.5,1074
2022-02-25 12:15:00,1909.48,1909.71,1907.18,1907.52,1519
2022-02-25 12:30:00,1907.52,1911.43,1907.15,1908.88,1729
2022-02-25 12:45:00,1909.01,1911.3,1908.68,1910.12,1260
2022-02-25 13:00:00,1910.12,1913.91,1909.86,1909.87,1594
2022-02-25 13:15:00,1909.88,1910.14,1901.42,1903.66,1749
2022-02-25 13:30:00,1903.72,1905.42,1892.84,1894.29,2079
2022-02-25 13:45:00,1894.36,1900.97,1893.94,1898.92,2245
2022-02-25 14:00:00,1898.92,1903.07,1898.82,1901.96,1965
2022-02-25 14:15:00,1901.97,1905.06,1900.66,1904.81,1579
2022-02-25 14:30:00,1904.8,1906.95,1903.67,1905.18,1723
2022-02-25 14:45:00,1905.18,1905.58,1894.9,1895.72,2904
2022-02-25 15:00:00,1895.83,1897.92,1890.43,1890.54,3368
2022-02-25 15:15:00,1890.54,1896.13,1890.43,1893.13,2927
2022-02-25 15:30:00,1893.14,1895.16,1888.73,1891.17,2955
2022-02-25 15:45:00,1891.2,1892.17,1886.14,1887.72,2904
2022-02-25 16:00:00,1887.6,1890.21,1885.09,1890.21,3194
2022-02-25 16:15:00,1890.23,1892.88,1887.49,1889.93,2670
2022-02-25 16:30:00,1889.83,1893.64,1887.91,1892.15,4172
2022-02-25 16:45:00,1892.0,1893.48,1887.86,1889.03,3361
2022-02-25 17:00:00,1889.04,1890.11,1882.86,1886.78,3676
2022-02-25 17:15:00,1886.88,1888.19,1884.28,1887.0,3203
2022-02-25 17:30:00,1887.0,1889.75,1885.33,1889.52,2441
2022-02-25 17:45:00,1889.52,1890.46,1886.62,1889.28,2427
2022-02-25 18:00:00,1889.31,1890.48,1885.12,1887.32,2362
2022-02-25 18:15:00,1887.17,1887.44,1885.01,1886.09,1962
2022-02-25 18:30:00,1886.09,1886.91,1884.5,1885.87,1703
2022-02-25 18:45:00,1885.81,1885.82,1883.26,1884.41,1795
2022-02-25 19:00:00,1884.41,1885.77,1883.82,1884.02,1637
2022-02-25 19:15:00,1884.04,1884.42,1883.06,1883.86,1511
2022-02-25 19:30:00,1883.86,1884.92,1883.59,1884.27,1419
2022-02-25 19:45:00,1884.26,1888.38,1884.03,1887.37,2107
2022-02-25 20:00:00,1887.37,1889.4,1887.01,1889.19,1900
2022-02-25 20:15:00,1889.16,1889.38,1885.77,1885.93,1906
2022-02-25 20:30:00,1886.11,1888.76,1885.87,1888.48,1154
2022-02-25 20:45:00,1888.5,1888.71,1886.63,1886.63,1036
2022-02-25 21:00:00,1886.63,1888.77,1886.63,1888.51,1048
2022-02-25 21:15:00,1888.51,1889.8,1887.74,1889.42,1018
2022-02-25 21:30:00,1889.41,1890.58,1888.85,1889.27,979
2022-02-25 21:45:00,1889.32,1890.91,1888.85,1890.63,1089
2022-02-25 22:00:00,1890.63,1892.78,1890.48,1892.0,1364
2022-02-25 22:15:00,1892.0,1892.88,1891.62,1892.56,952
2022-02-25 22:30:00,1892.6,1892.7,1891.3,1892.01,1132
2022-02-25 22:45:00,1892.0,1892.38,1889.42,1890.69,1495
2022-02-25 23:00:00,1890.67,1890.93,1888.71,1888.86,766
2022-02-25 23:15:00,1888.83,1888.84,1886.73,1887.24,573
2022-02-25 23:30:00,1887.24,1887.81,1887.01,1887.61,477
2022-02-25 23:45:00,1887.64,1888.89,1887.64,1888.25,273
2022-02-28 01:00:00,1919.79,1926.69,1908.92,1913.73,1129
2022-02-28 01:15:00,1913.73,1916.07,1905.34,1914.48,1316
2022-02-28 01:30:00,1914.73,1915.25,1904.61,1905.35,1069
2022-02-28 01:45:00,1905.35,1910.29,1904.23,1910.15,1093
2022-02-28 02:00:00,1910.06,1911.28,1907.87,1908.72,1278
2022-02-28 02:15:00,1908.72,1911.79,1907.28,1910.46,1256
2022-02-28 02:30:00,1910.43,1915.77,1910.25,1914.69,1437
2022-02-28 02:45:00,1914.64,1919.36,1914.44,1917.5,1209
2022-02-28 03:00:00,1917.5,1917.6,1906.09,1908.41,2382
2022-02-28 03:15:00,1908.22,1911.67,1907.43,1910.6,1737
2022-02-28 03:30:00,1910.6,1912.5,1909.91,1911.81,929
2022-02-28 03:45:00,1911.81,1914.29,1911.8,1913.29,1197
2022-02-28 04:00:00,1913.29,1913.49,1910.64,1911.01,959
2022-02-28 04:15:00,1911.01,1913.21,1909.52,1911.15,1041
2022-02-28 04:30:00,1911.14,1911.73,1909.57,1910.11,1075
2022-02-28 04:45:00,1910.11,1911.41,1908.51,1909.48,1251
2022-02-28 05:00:00,1909.48,1910.65,1908.32,1908.38,893
2022-02-28 05:15:00,1908.43,1910.12,1906.21,1906.24,1190
2022-02-28 05:30:00,1906.34,1907.62,1904.58,1907.06,1016
2022-02-28 05:45:00,1907.09,1908.01,1906.41,1907.41,821
2022-02-28 06:00:00,1907.38,1907.61,1906.07,1906.5,749
2022-02-28 06:15:00,1906.5,1910.48,1906.49,1909.35,910
2022-02-28 06:30:00,1909.32,1910.86,1908.05,1908.97,651
2022-02-28 06:45:00,1908.97,1911.59,1908.71,1911.12,860
2022-02-28 07:00:00,1911.12,1911.89,1910.57,1910.94,666
2022-02-28 07:15:00,1910.91,1911.56,1909.03,1909.44,736
2022-02-28 07:30:00,1909.44,1909.75,1906.13,1908.96,1448
2022-02-28 07:45:00,1908.95,1909.15,1906.75,1908.02,980
2022-02-28 08:00:00,1908.02,1910.01,1907.36,1909.93,1040
2022-02-28 08:15:00,1909.9,1910.05,1908.55,1908.63,1014
2022-02-28 08:30:00,1908.56,1909.89,1907.0,1908.83,1031
2022-02-28 08:45:00,1908.84,1909.5,1906.87,1908.7,1065
2022-02-28 09:00:00,1908.7,1908.85,1906.82,1906.95,1777
2022-02-28 09:15:00,1906.98,1907.01,1896.18,1900.64,2352
2022-02-28 09:30:00,1900.64,1900.66,1893.16,1900.12,2251
2022-02-28 09:45:00,1900.21,1900.49,1896.32,1896.4,1718
2022-02-28 10:00:00,1896.33,1898.72,1894.82,1897.85,2222
2022-02-28 10:15:00,1897.86,1899.49,1895.95,1899.38,1814
2022-02-28 10:30:00,1899.38,1902.05,1898.92,1899.05,1702
2022-02-28 10:45:00,1899.06,1900.8,1898.71,1900.34,1341
2022-02-28 11:00:00,1900.33,1901.97,1898.66,1899.2,1388
2022-02-28 11:15:00,1899.23,1900.47,1898.47,1900.06,1119
2022-02-28 11:30:00,1900.03,1901.52,1899.56,1900.29,964
2022-02-28 11:45:00,1900.31,1900.94,1898.68,1899.6,1123
2022-02-28 12:00:00,1899.61,1902.56,1898.84,1902.56,1135
2022-02-28 12:15:00,1902.56,1903.49,1901.77,1903.18,1084
2022-02-28 12:30:00,1903.18,1905.33,1902.66,1905.26,1336
2022-02-28 12:45:00,1905.27,1908.95,1904.04,1906.46,1446
2022-02-28 13:00:00,1906.52,1907.49,1903.92,1907.28,1434
2022-02-28 13:15:00,1907.28,1907.99,1905.91,1906.0,912
2022-02-28 13:30:00,1906.0,1908.37,1905.71,1908.07,981
2022-02-28 13:45:00,1908.07,1908.99,1905.47,1905.63,1455
2022-02-28 14:00:00,1905.73,1907.25,1904.54,1905.67,1293
2022-02-28 14:15:00,1905.76,1907.66,1904.34,1907.31,1214
2022-02-28 14:30:00,1907.32,1909.23,1906.56,1908.69,1471
2022-02-28 14:45:00,1908.69,1914.01,1907.85,1913.28,1608
2022-02-28 15:00:00,1913.29,1914.8,1909.37,1910.68,2268
2022-02-28 15:15:00,1910.69,1911.65,1908.26,1910.54,2315
2022-02-28 15:30:00,1910.49,1916.01,1910.1,1915.31,2751
2022-02-28 15:45:00,1915.31,1918.25,1913.57,1917.24,2898
2022-02-28 16:00:00,1917.29,1917.44,1911.8,1914.02,2742
2022-02-28 16:15:00,1914.06,1916.49,1913.22,1915.85,2200
2022-02-28 16:30:00,1915.85,1916.76,1908.09,1915.35,3886
2022-02-28 16:45:00,1915.35,1917.22,1910.21,1910.52,3324
2022-02-28 17:00:00,1910.52,1916.09,1907.31,1914.55,3004
2022-02-28 17:15:00,1914.57,1916.88,1913.65,1915.25,2432
2022-02-28 17:30:00,1915.25,1915.98,1907.64,1908.22,2956
2022-02-28 17:45:00,1908.26,1908.9,1905.41,1908.31,2926
2022-02-28 18:00:00,1908.34,1908.45,1902.97,1903.9,2811
2022-02-28 18:15:00,1903.9,1905.98,1899.82,1900.6,2826
2022-02-28 18:30:00,1900.6,1902.63,1897.67,1898.81,2838
2022-02-28 18:45:00,1898.6,1899.67,1890.99,1892.84,3061
2022-02-28 19:00:00,1892.83,1894.25,1890.86,1892.78,2581
2022-02-28 19:15:00,1892.83,1894.99,1891.43,1894.5,1999
2022-02-28 19:30:00,1894.58,1896.18,1892.85,1894.82,1866
2022-02-28 19:45:00,1894.8,1899.24,1894.62,1899.23,1767
2022-02-28 20:00:00,1899.23,1899.27,1897.06,1897.19,1555
2022-02-28 20:15:00,1897.18,1900.13,1897.04,1899.18,2038
2022-02-28 20:30:00,1899.17,1900.43,1898.21,1898.69,1111
2022-02-28 20:45:00,1898.61,1898.95,1897.62,1898.77,1027
2022-02-28 21:00:00,1898.77,1901.16,1898.04,1900.21,1280
2022-02-28 21:15:00,1900.13,1903.71,1899.81,1903.07,1292
2022-02-28 21:30:00,1903.07,1904.73,1902.79,1904.45,1230
2022-02-28 21:45:00,1904.48,1906.54,1903.09,1906.49,1423
2022-02-28 22:00:00,1906.46,1906.87,1905.16,1905.85,1541
2022-02-28 22:15:00,1905.86,1906.67,1904.64,1906.58,1167
2022-02-28 22:30:00,1906.57,1909.02,1906.57,1908.12,1584
2022-02-28 22:45:00,1908.19,1910.11,1907.69,1909.92,2327
2022-02-28 23:00:00,1910.01,1910.93,1909.22,1910.77,1373
2022-02-28 23:15:00,1910.77,1910.84,1908.22,1908.22,999
2022-02-28 23:30:00,1908.22,1908.58,1907.05,1908.22,648
2022-02-28 23:45:00,1908.19,1908.46,1906.73,1908.26,229
2022-03-01 01:00:00,1908.3,1908.7,1907.4,1907.99,220
2022-03-01 01:15:00,1907.99,1908.22,1907.03,1907.53,265
2022-03-01 01:30:00,1907.61,1907.62,1906.63,1906.93,262
2022-03-01 01:45:00,1906.83,1906.83,1905.76,1906.24,300
2022-03-01 02:00:00,1906.24,1907.79,1905.77,1907.54,606
2022-03-01 02:15:00,1907.54,1907.54,1906.61,1906.93,347
2022-03-01 02:30:00,1906.94,1907.01,1905.3,1905.41,596
2022-03-01 02:45:00,1905.41,1906.83,1905.11,1905.42,727
2022-03-01 03:00:00,1905.39,1905.82,1903.34,1904.05,1356
2022-03-01 03:15:00,1904.05,1905.2,1904.04,1904.74,709
2022-03-01 03:30:00,1904.76,1904.82,1902.84,1903.36,836
2022-03-01 03:45:00,1903.36,1903.73,1902.64,1902.92,753
2022-03-01 04:00:00,1902.89,1903.36,1901.39,1902.23,910
2022-03-01 04:15:00,1902.23,1902.82,1901.76,1902.5,433
2022-03-01 04:30:00,1902.43,1904.01,1901.92,1903.63,705
2022-03-01 04:45:00,1903.63,1903.88,1902.64,1903.43,696
2022-03-01 05:00:00,1903.45,1904.58,1902.81,1903.42,733
2022-03-01 05:15:00,1903.45,1905.12,1903.11,1904.66,669
2022-03-01 05:30:00,1904.64,1905.77,1904.0,1904.0,509
2022-03-01 05:45:00,1904.0,1905.64,1904.0,1905.64,252
2022-03-01 06:00:00,1905.64,1905.91,1904.86,1905.72,428
2022-03-01 06:15:00,1905.72,1905.78,1904.57,1905.19,420
2022-03-01 06:30:00,1905.19,1906.44,1905.09,1906.41,301
2022-03-01 06:45:00,1906.41,1906.64,1905.27,1905.55,311
2022-03-01 07:00:00,1905.56,1905.56,1904.58,1905.52,391
2022-03-01 07:15:00,1905.52,1906.02,1905.03,1905.06,394
2022-03-01 07:30:00,1905.05,1906.51,1905.05,1906.06,883
2022-03-01 07:45:00,1906.06,1907.6,1905.77,1907.08,648
2022-03-01 08:00:00,1907.08,1907.51,1905.41,1905.77,772
2022-03-01 08:15:00,1905.78,1906.13,1904.66,1905.8,747
2022-03-01 08:30:00,1905.82,1906.98,1905.61,1906.65,538
2022-03-01 08:45:00,1906.68,1908.74,1906.68,1907.73,901
2022-03-01 09:00:00,1907.78,1908.41,1906.61,1907.8,1077
2022-03-01 09:15:00,1907.74,1908.54,1906.37,1908.23,874
2022-03-01 09:30:00,1908.22,1908.33,1906.47,1907.48,789
2022-03-01 09:45:00,1907.63,1907.91,1906.26,1907.68,865
2022-03-01 10:00:00,1907.68,1912.01,1907.17,1911.44,1609
2022-03-01 10:15:00,1911.44,1912.51,1911.16,1911.77,1412
2022-03-01 10:30:00,1911.8,1913.91,1911.17,1913.77,1258
2022-03-01 10:45:00,1913.75,1914.19,1911.8,1912.58,1301
2022-03-01 11:00:00,1912.58,1915.26,1911.96,1915.09,1193
2022-03-01 11:15:00,1915.09,1916.83,1914.06,1916.77,1373
2022-03-01 11:30:00,1916.8,1918.65,1914.56,1917.6,1828
2022-03-01 11:45:00,1917.6,1917.99,1914.88,1916.25,1670
2022-03-01 12:00:00,1916.23,1918.74,1915.38,1916.34,1489
2022-03-01 12:15:00,1916.36,1919.83,1916.3,1919.79,1582
2022-03-01 12:30:00,1919.79,1922.67,1919.59,1921.4,2474
2022-03-01 12:45:00,1921.38,1925.27,1921.38,1925.2,2043
2022-03-01 13:00:00,1925.2,1926.32,1922.48,1922.52,2192
2022-03-01 13:15:00,1922.52,1924.22,1920.07,1921.71,2268
2022-03-01 13:30:00,1921.71,1923.31,1920.79,1923.31,2041
2022-03-01 13:45:00,1923.29,1924.11,1920.12,1920.23,1918
2022-03-01 14:00:00,1920.23,1922.89,1919.6,1921.09,1885
2022-03-01 14:15:00,1921.09,1922.99,1920.42,1921.83,1712
2022-03-01 14:30:00,1921.83,1923.75,1920.65,1921.0,2074
2022-03-01 14:45:00,1920.99,1921.33,1911.05,1916.37,2544
2022-03-01 15:00:00,1916.36,1920.17,1914.6,1919.2,2715
2022-03-01 15:15:00,1919.22,1922.04,1916.3,1918.79,2872
2022-03-01 15:30:00,1918.81,1919.4,1913.47,1915.1,3045
2022-03-01 15:45:00,1915.12,1917.22,1912.36,1916.83,2599
2022-03-01 16:00:00,1916.83,1920.48,1916.14,1917.93,2562
2022-03-01 16:15:00,1918.02,1919.15,1916.18,1917.86,2126
2022-03-01 16:30:00,1917.89,1922.78,1917.78,1921.38,3780
2022-03-01 16:45:00,1921.33,1927.03,1920.3,1924.08,3670
2022-03-01 17:00:00,1924.08,1924.52,1920.2,1920.38,3556
2022-03-01 17:15:00,1920.42,1921.19,1917.97,1919.48,3241
2022-03-01 17:30:00,1919.48,1927.07,1919.32,1927.07,2910
2022-03-01 17:45:00,1927.12,1929.86,1924.37,1926.59,3270
2022-03-01 18:00:00,1926.68,1927.22,1923.27,1925.4,2680
2022-03-01 18:15:00,1925.38,1929.04,1924.88,1928.65,2517
2022-03-01 18:30:00,1928.65,1932.74,1928.12,1932.68,3008
2022-03-01 18:45:00,1932.6,1934.9,1930.89,1931.43,3083
2022-03-01 19:00:00,1931.51,1935.04,1931.43,1933.57,2668
2022-03-01 19:15:00,1933.59,1934.6,1931.3,1932.66,2412
2022-03-01 19:30:00,1932.68,1935.19,1932.68,1934.26,2337
2022-03-01 19:45:00,1934.26,1935.45,1929.72,1934.78,2687
2022-03-01 20:00:00,1934.79,1936.95,1934.33,1936.61,2339
2022-03-01 20:15:00,1936.61,1942.06,1936.56,1941.72,2942
2022-03-01 20:30:00,1941.79,1942.37,1936.72,1940.56,2595
2022-03-01 20:45:00,1940.56,1942.74,1940.07,1942.03,1813
2022-03-01 21:00:00,1942.03,1942.09,1938.85,1939.59,1959
2022-03-01 21:15:00,1939.58,1940.54,1936.57,1938.18,2034
2022-03-01 21:30:00,1938.25,1940.55,1938.2,1940.0,1617
2022-03-01 21:45:00,1939.99,1940.94,1937.85,1940.35,2108
2022-03-01 22:00:00,1940.32,1941.83,1939.36,1940.58,1961
2022-03-01 22:15:00,1940.55,1940.97,1939.17,1940.11,1454
2022-03-01 22:30:00,1940.15,1944.81,1939.96,1944.32,1853
2022-03-01 22:45:00,1944.34,1946.4,1943.86,1945.46,1778
2022-03-01 23:00:00,1945.58,1950.17,1944.93,1945.43,1193
2022-03-01 23:15:00,1945.43,1945.51,1943.44,1943.72,550
2022-03-01 23:30:00,1943.72,1944.38,1940.08,1943.09,833
2022-03-01 23:45:00,1943.12,1945.47,1942.76,1945.17,380
2022-03-02 01:00:00,1942.98,1944.09,1942.35,1944.09,241
2022-03-02 01:15:00,1944.14,1944.27,1942.71,1943.56,532
2022-03-02 01:30:00,1943.56,1943.79,1942.31,1942.56,526
2022-03-02 01:45:00,1942.53,1943.39,1941.87,1942.29,645
2022-03-02 02:00:00,1942.33,1943.76,1941.49,1943.07,999
2022-03-02 02:15:00,1943.11,1943.75,1941.19,1941.21,1078
2022-03-02 02:30:00,1941.21,1941.3,1937.04,1937.05,1089
2022-03-02 02:45:00,1937.05,1937.4,1934.74,1935.06,1115
2022-03-02 03:00:00,1935.12,1935.78,1931.75,1932.32,2149
2022-03-02 03:15:00,1932.34,1933.98,1930.97,1933.41,1501
2022-03-02 03:30:00,1933.44,1936.04,1933.01,1935.52,1397
2022-03-02 03:45:00,1935.51,1935.91,1933.88,1935.57,1130
2022-03-02 04:00:00,1935.56,1940.59,1934.35,1938.76,1720
2022-03-02 04:15:00,1938.76,1940.14,1937.78,1938.49,1173
2022-03-02 04:30:00,1938.52,1939.35,1936.38,1937.4,1583
2022-03-02 04:45:00,1937.4,1938.9,1937.0,1938.11,1200
2022-03-02 05:00:00,1938.11,1938.28,1935.99,1936.09,1214
2022-03-02 05:15:00,1936.12,1936.12,1933.47,1934.85,1139
2022-03-02 05:30:00,1934.92,1936.9,1934.62,1936.19,854
2022-03-02 05:45:00,1936.0,1936.66,1935.07,1935.71,723
2022-03-02 06:00:00,1935.69,1937.49,1935.22,1937.1,704
2022-03-02 06:15:00,1937.14,1937.85,1936.59,1936.74,725
2022-03-02 06:30:00,1936.73,1937.46,1936.28,1936.95,509
2022-03-02 06:45:00,1936.98,1937.43,1936.24,1936.32,644
2022-03-02 07:00:00,1936.3,1936.45,1934.38,1935.12,751
2022-03-02 07:15:00,1935.14,1936.02,1933.28,1935.94,967
2022-03-02 07:30:00,1936.0,1938.19,1935.02,1937.29,1120
2022-03-02 07:45:00,1937.29,1938.3,1934.65,1934.65,1024
2022-03-02 08:00:00,1934.69,1935.23,1931.91,1934.14,1525
2022-03-02 08:15:00,1934.14,1937.38,1933.85,1937.38,1343
2022-03-02 08:30:00,1937.47,1938.22,1936.03,1937.58,1402
2022-03-02 08:45:00,1937.58,1940.22,1937.18,1937.85,1725
2022-03-02 09:00:00,1937.86,1941.2,1935.64,1941.01,1919
2022-03-02 09:15:00,1941.01,1943.68,1940.2,1941.32,2049
2022-03-02 09:30:00,1941.5,1942.99,1939.17,1942.93,1832
2022-03-02 09:45:00,1942.92,1947.87,1942.38,1944.77,2315
2022-03-02 10:00:00,1944.79,1944.79,1940.21,1940.64,2529
2022-03-02 10:15:00,1940.63,1942.51,1936.14,1937.12,2027
2022-03-02 10:30:00,1937.12,1939.09,1933.89,1935.06,1927
2022-03-02 10:45:00,1935.02,1939.83,1934.45,1939.27,1685
2022-03-02 11:00:00,1939.3,1940.18,1936.22,1936.69,1443
2022-03-02 11:15:00,1936.73,1938.15,1934.86,1937.55,1659
2022-03-02 11:30:00,1937.55,1938.73,1931.38,1936.84,2289
2022-03-02 11:45:00,1936.74,1936.97,1932.93,1932.93,1518
2022-03-02 12:00:00,1932.93,1935.5,1931.42,1933.64,1741
2022-03-02 12:15:00,1933.64,1933.99,1913.42,1921.64,2080
2022-03-02 12:30:00,1921.68,1927.43,1921.68,1923.94,2188
2022-03-02 12:45:00,1923.94,1927.13,1923.26,1926.57,1348
2022-03-02 13:00:00,1926.56,1931.24,1925.82,1926.18,1731
2022-03-02 13:15:00,1926.19,1930.47,1925.34,1928.63,1118
2022-03-02 13:30:00,1928.62,1929.33,1926.24,1927.53,1079
2022-03-02 13:45:00,1927.53,1930.48,1926.3,1929.26,1018
2022-03-02 14:00:00,1929.26,1930.03,1927.22,1928.89,1018
2022-03-02 14:15:00,1928.88,1929.14,1923.28,1923.8,1329
2022-03-02 14:30:00,1923.74,1928.46,1923.74,1925.21,1289
2022-03-02 14:45:00,1925.21,1927.38,1925.09,1926.06,1203
2022-03-02 15:00:00,1926.08,1930.5,1926.06,1928.2,1958
2022-03-02 15:15:00,1928.2,1929.72,1922.72,1928.36,2485
2022-03-02 15:30:00,1928.58,1934.58,1926.52,1932.56,2923
2022-03-02 15:45:00,1932.55,1934.14,1931.0,1931.87,1959
2022-03-02 16:00:00,1931.88,1934.87,1930.78,1931.57,2011
2022-03-02 16:15:00,1931.57,1931.75,1926.72,1929.44,1833
2022-03-02 16:30:00,1929.44,1929.8,1922.18,1924.06,3293
2022-03-02 16:45:00,1924.03,1931.19,1923.42,1929.48,3055
2022-03-02 17:00:00,1929.5,1932.45,1926.95,1931.37,2519
2022-03-02 17:15:00,1931.51,1935.58,1929.66,1934.19,2637
2022-03-02 17:30:00,1934.27,1934.27,1922.96,1925.87,3323
2022-03-02 17:45:00,1925.93,1927.91,1924.81,1926.96,2366
2022-03-02 18:00:00,1926.91,1927.96,1916.32,1919.0,2600
2022-03-02 18:15:00,1918.98,1925.32,1918.98,1923.96,2176
2022-03-02 18:30:00,1924.13,1924.17,1916.63,1920.23,3194
2022-03-02 18:45:00,1920.24,1921.18,1917.72,1918.82,1971
2022-03-02 19:00:00,1918.82,1918.83,1914.88,1915.97,1509
2022-03-02 19:15:00,1916.18,1920.46,1915.91,1919.62,1578
2022-03-02 19:30:00,1919.62,1921.89,1917.26,1917.67,1419
2022-03-02 19:45:00,1917.67,1918.86,1917.08,1918.58,1147
2022-03-02 20:00:00,1918.58,1920.04,1917.3,1919.43,1148
2022-03-02 20:15:00,1919.34,1920.97,1917.3,1920.78,1470
2022-03-02 20:30:00,1920.72,1921.55,1919.74,1920.67,766
2022-03-02 20:45:00,1920.63,1921.76,1919.82,1920.51,609
2022-03-02 21:00:00,1920.51,1924.4,1920.18,1924.18,887
2022-03-02 21:15:00,1924.21,1925.93,1923.91,1925.6,801
2022-03-02 21:30:00,1925.6,1926.63,1924.85,1925.91,843
2022-03-02 21:45:00,1925.91,1928.58,1925.16,1927.81,1050
2022-03-02 22:00:00,1927.83,1933.23,1927.78,1931.52,1127
2022-03-02 22:15:00,1931.52,1931.68,1928.56,1929.16,955
2022-03-02 22:30:00,1929.16,1930.35,1927.67,1928.06,991
2022-03-02 22:45:00,1928.06,1929.16,1924.74,1925.19,1343
2022-03-02 23:00:00,1925.11,1927.47,1924.67,1926.02,702
2022-03-02 23:15:00,1926.02,1927.51,1925.78,1927.5,440
2022-03-02 23:30:00,1927.48,1927.91,1926.5,1927.36,325
2022-03-02 23:45:00,1927.36,1927.93,1926.16,1927.61,190
2022-03-03 01:00:00,1929.27,1929.75,1928.22,1929.17,338
2022-03-03 01:15:00,1929.17,1929.55,1928.41,1928.91,357
2022-03-03 01:30:00,1928.95,1930.39,1928.91,1929.4,429
2022-03-03 01:45:00,1929.4,1929.99,1928.62,1928.81,349
2022-03-03 02:00:00,1928.81,1929.92,1928.08,1929.75,607
2022-03-03 02:15:00,1929.81,1930.61,1929.43,1930.22,542
2022-03-03 02:30:00,1930.23,1930.23,1928.94,1929.82,399
2022-03-03 02:45:00,1929.82,1930.58,1928.34,1929.17,607
2022-03-03 03:00:00,1929.0,1929.26,1926.17,1927.07,1604
2022-03-03 03:15:00,1927.07,1927.97,1926.61,1927.83,1062
2022-03-03 03:30:00,1927.8,1929.82,1927.79,1929.06,1057
2022-03-03 03:45:00,1929.06,1930.7,1928.12,1930.6,1144
2022-03-03 04:00:00,1930.6,1930.81,1928.96,1929.27,1036
2022-03-03 04:15:00,1929.24,1929.89,1928.49,1928.91,612
2022-03-03 04:30:00,1928.88,1930.28,1928.25,1928.63,961
2022-03-03 04:45:00,1928.6,1929.02,1927.71,1928.71,939
2022-03-03 05:00:00,1928.71,1929.62,1928.11,1929.61,861
2022-03-03 05:15:00,1929.54,1930.61,1929.03,1930.24,822
2022-03-03 05:30:00,1930.22,1930.52,1928.18,1928.56,652
2022-03-03 05:45:00,1928.59,1928.74,1926.79,1927.48,808
2022-03-03 06:00:00,1927.5,1927.51,1926.35,1926.65,766
2022-03-03 06:15:00,1926.61,1927.37,1926.53,1927.21,422
2022-03-03 06:30:00,1927.19,1927.51,1923.68,1924.54,647
2022-03-03 06:45:00,1924.53,1925.44,1923.88,1924.59,541
2022-03-03 07:00:00,1924.46,1925.21,1922.08,1922.57,795
2022-03-03 07:15:00,1922.57,1924.1,1922.47,1923.76,600
2022-03-03 07:30:00,1923.73,1926.16,1923.38,1925.99,1215
2022-03-03 07:45:00,1926.02,1926.48,1925.06,1925.18,854
2022-03-03 08:00:00,1925.18,1926.29,1925.08,1925.46,787
2022-03-03 08:15:00,1925.47,1928.08,1925.47,1927.52,1037
2022-03-03 08:30:00,1927.52,1929.64,1926.76,1928.79,1001
2022-03-03 08:45:00,1928.76,1929.48,1927.31,1927.66,1201
2022-03-03 09:00:00,1927.66,1929.45,1926.96,1927.97,1108
2022-03-03 09:15:00,1927.97,1928.74,1925.15,1926.6,1248
2022-03-03 09:30:00,1926.6,1930.72,1925.82,1929.53,1130
2022-03-03 09:45:00,1929.53,1932.33,1928.2,1932.05,1470
2022-03-03 10:00:00,1932.08,1934.59,1929.2,1929.23,1851
2022-03-03 10:15:00,1929.21,1931.42,1928.41,1930.66,1340
2022-03-03 10:30:00,1930.64,1935.1,1930.35,1932.68,1499
2022-03-03 10:45:00,1932.68,1934.13,1931.09,1931.98,1368
2022-03-03 11:00:00,1931.91,1931.99,1927.89,1929.82,1546
2022-03-03 11:15:00,1929.8,1929.92,1923.7,1924.27,1577
2022-03-03 11:30:00,1924.19,1928.2,1924.16,1928.18,1280
2022-03-03 11:45:00,1928.12,1929.34,1927.24,1929.14,1372
2022-03-03 12:00:00,1929.13,1931.61,1929.12,1931.03,1306
2022-03-03 12:15:00,1931.03,1933.56,1930.82,1933.46,1164
2022-03-03 12:30:00,1933.46,1935.51,1931.54,1932.61,1304
2022-03-03 12:45:00,1932.61,1934.72,1932.03,1933.86,1015
2022-03-03 13:00:00,1933.86,1935.69,1933.79,1933.9,1168
2022-03-03 13:15:00,1933.97,1934.75,1933.77,1934.16,901
2022-03-03 13:30:00,1934.16,1938.75,1934.16,1936.37,1553
2022-03-03 13:45:00,1936.36,1936.57,1932.32,1932.45,1303
2022-03-03 14:00:00,1932.4,1934.53,1932.36,1934.17,1300
2022-03-03 14:15:00,1934.24,1936.04,1933.53,1935.04,1290
2022-03-03 14:30:00,1935.04,1935.22,1930.53,1931.27,1541
2022-03-03 14:45:00,1931.27,1932.68,1929.7,1930.6,1478
2022-03-03 15:00:00,1930.6,1933.26,1929.92,1932.42,2153
2022-03-03 15:15:00,1932.36,1937.24,1931.33,1931.41,2327
2022-03-03 15:30:00,1931.41,1931.88,1926.95,1928.74,2844
2022-03-03 15:45:00,1928.74,1930.5,1924.24,1926.22,2828
2022-03-03 16:00:00,1926.13,1930.49,1924.49,1928.18,3171
2022-03-03 16:15:00,1928.18,1931.68,1927.71,1927.93,2354
2022-03-03 16:30:00,1927.93,1931.18,1926.3,1930.78,2871
2022-03-03 16:45:00,1930.8,1932.13,1925.87,1926.72,2869
2022-03-03 17:00:00,1926.72,1930.57,1926.72,1930.21,2626
2022-03-03 17:15:00,1930.25,1930.5,1925.86,1926.59,2299
2022-03-03 17:30:00,1926.47,1928.74,1925.54,1927.03,2531
2022-03-03 17:45:00,1927.06,1929.35,1925.99,1926.32,2059
2022-03-03 18:00:00,1926.25,1929.32,1924.82,1926.45,2495
2022-03-03 18:15:00,1926.48,1928.2,1923.29,1927.83,2737
2022-03-03 18:30:00,1927.83,1930.63,1927.02,1929.8,2067
2022-03-03 18:45:00,1929.79,1930.87,1928.48,1930.52,1637
2022-03-03 19:00:00,1930.45,1931.69,1929.8,1930.85,1444
2022-03-03 19:15:00,1930.83,1931.08,1927.71,1927.98,1363
2022-03-03 19:30:00,1927.96,1932.49,1927.48,1931.86,2720
2022-03-03 19:45:00,1931.92,1932.58,1930.91,1931.88,1498
2022-03-03 20:00:00,1931.95,1933.74,1931.26,1933.46,1479
2022-03-03 20:15:00,1933.48,1934.31,1931.84,1934.01,1577
2022-03-03 20:30:00,1933.88,1935.19,1933.1,1934.04,1250
2022-03-03 20:45:00,1934.05,1935.15,1933.41,1933.98,1147
2022-03-03 21:00:00,1934.06,1935.64,1932.52,1933.23,1078
2022-03-03 21:15:00,1933.24,1933.89,1932.35,1933.48,986
2022-03-03 21:30:00,1933.48,1934.75,1933.28,1934.66,902
2022-03-03 21:45:00,1934.6,1935.35,1934.08,1935.27,1006
2022-03-03 22:00:00,1935.29,1937.6,1934.95,1937.01,1108
2022-03-03 22:15:00,1937.01,1941.18,1936.9,1939.08,1337
2022-03-03 22:30:00,1939.17,1941.03,1939.02,1939.43,1105
2022-03-03 22:45:00,1939.43,1939.78,1936.56,1936.94,1176
2022-03-03 23:00:00,1936.94,1938.32,1936.26,1936.67,605
2022-03-03 23:15:00,1936.67,1938.16,1936.24,1938.08,391
2022-03-03 23:30:00,1938.16,1938.18,1937.08,1937.08,262
2022-03-03 23:45:00,1937.09,1937.1,1935.59,1936.62,341
2022-03-04 01:00:00,1936.72,1936.82,1935.72,1935.89,171
2022-03-04 01:15:00,1935.9,1936.13,1935.08,1935.38,308
2022-03-04 01:30:00,1935.38,1936.59,1935.29,1936.59,197
2022-03-04 01:45:00,1936.59,1936.71,1934.78,1934.84,265
2022-03-04 02:00:00,1934.88,1940.23,1934.79,1939.22,1231
2022-03-04 02:15:00,1939.2,1943.33,1939.18,1942.47,2157
2022-03-04 02:30:00,1942.52,1950.93,1941.71,1949.62,2559
2022-03-04 02:45:00,1949.62,1950.73,1944.85,1947.28,2167
2022-03-04 03:00:00,1947.29,1947.48,1942.26,1943.36,3117
2022-03-04 03:15:00,1943.34,1944.01,1938.14,1939.71,2218
2022-03-04 03:30:00,1939.66,1941.02,1938.17,1939.81,1438
2022-03-04 03:45:00,1939.81,1940.06,1929.56,1933.94,2459
2022-03-04 04:00:00,1933.94,1936.63,1933.63,1935.52,1269
2022-03-04 04:15:00,1935.52,1938.67,1934.71,1938.67,1091
2022-03-04 04:30:00,1938.67,1938.96,1935.82,1937.33,1041
2022-03-04 04:45:00,1937.33,1940.17,1937.08,1939.35,1197
2022-03-04 05:00:00,1939.35,1940.61,1938.4,1940.35,1149
2022-03-04 05:15:00,1940.39,1941.35,1939.67,1939.68,965
2022-03-04 05:30:00,1939.5,1940.88,1937.98,1939.95,1097
2022-03-04 05:45:00,1939.95,1941.29,1939.11,1939.64,948
2022-03-04 06:00:00,1939.58,1940.67,1938.95,1939.63,391
2022-03-04 06:15:00,1939.63,1940.44,1938.2,1939.11,532
2022-03-04 06:30:00,1939.11,1940.3,1938.64,1939.78,510
2022-03-04 06:45:00,1939.78,1940.09,1938.7,1939.19,470
2022-03-04 07:00:00,1939.19,1940.24,1939.06,1939.34,441
2022-03-04 07:15:00,1939.48,1940.18,1938.93,1939.58,457
2022-03-04 07:30:00,1939.57,1940.29,1936.4,1936.56,702
2022-03-04 07:45:00,1936.56,1937.45,1934.55,1935.57,1016
2022-03-04 08:00:00,1935.58,1937.89,1935.51,1936.86,916
2022-03-04 08:15:00,1936.86,1937.04,1934.45,1934.59,890
2022-03-04 08:30:00,1934.55,1936.75,1934.05,1936.63,668
2022-03-04 08:45:00,1936.63,1936.77,1935.07,1935.96,514
2022-03-04 09:00:00,1935.87,1937.86,1935.29,1935.95,1329
2022-03-04 09:15:00,1935.95,1938.47,1935.66,1938.11,1209
2022-03-04 09:30:00,1938.11,1939.23,1936.92,1938.51,1206
2022-03-04 09:45:00,1938.5,1938.5,1935.6,1936.1,1269
2022-03-04 10:00:00,1936.16,1938.06,1934.31,1935.63,1687
2022-03-04 10:15:00,1935.61,1936.99,1933.99,1936.34,1633
2022-03-04 10:30:00,1936.34,1940.24,1936.02,1938.44,1493
2022-03-04 10:45:00,1938.42,1939.98,1937.72,1938.74,1527
2022-03-04 11:00:00,1938.74,1942.06,1938.25,1941.36,1877
2022-03-04 11:15:00,1941.36,1943.37,1940.84,1940.91,1571
2022-03-04 11:30:00,1940.89,1944.69,1940.17,1944.11,1651
2022-03-04 11:45:00,1944.19,1946.23,1943.26,1945.79,1613
2022-03-04 12:00:00,1945.86,1947.16,1942.45,1942.85,1780
2022-03-04 12:15:00,1942.85,1945.24,1942.78,1943.32,1404
2022-03-04 12:30:00,1943.3,1946.03,1943.23,1945.79,1259
2022-03-04 12:45:00,1945.79,1947.92,1945.73,1947.19,1403
2022-03-04 13:00:00,1947.23,1949.07,1947.08,1947.45,1741
2022-03-04 13:15:00,1947.45,1948.0,1945.29,1946.39,1670
2022-03-04 13:30:00,1946.43,1946.62,1944.24,1944.71,1418
2022-03-04 13:45:00,1944.71,1947.73,1944.57,1946.34,1409
2022-03-04 14:00:00,1946.34,1949.5,1946.03,1948.97,1647
2022-03-04 14:15:00,1948.98,1949.68,1947.89,1949.22,1423
2022-03-04 14:30:00,1949.22,1949.99,1946.08,1946.26,1647
2022-03-04 14:45:00,1946.14,1947.36,1943.9,1945.73,1880
2022-03-04 15:00:00,1945.62,1945.73,1939.88,1942.83,2434
2022-03-04 15:15:00,1942.83,1946.32,1942.29,1944.28,2312
2022-03-04 15:30:00,1944.32,1947.04,1942.33,1944.07,3675
2022-03-04 15:45:00,1944.13,1948.25,1944.05,1946.94,2878
2022-03-04 16:00:00,1946.96,1948.67,1945.48,1948.5,2702
2022-03-04 16:15:00,1948.5,1950.98,1946.84,1950.78,2484
2022-03-04 16:30:00,1950.76,1959.26,1949.88,1953.14,4384
2022-03-04 16:45:00,1953.15,1958.17,1950.27,1951.87,3556
2022-03-04 17:00:00,1952.07,1955.5,1942.61,1955.41,3910
2022-03-04 17:15:00,1955.36,1955.78,1952.11,1955.04,2512
2022-03-04 17:30:00,1955.05,1957.41,1953.7,1956.03,2312
2022-03-04 17:45:00,1956.03,1959.06,1955.62,1957.91,2444
2022-03-04 18:00:00,1957.91,1961.98,1956.62,1961.13,2789
2022-03-04 18:15:00,1961.15,1962.77,1960.24,1961.5,2597
2022-03-04 18:30:00,1961.49,1962.72,1958.58,1962.58,2123
2022-03-04 18:45:00,1962.55,1965.71,1962.16,1962.7,2210
2022-03-04 19:00:00,1962.65,1965.36,1962.26,1963.8,1815
2022-03-04 19:15:00,1963.8,1964.39,1960.03,1961.04,1918
2022-03-04 19:30:00,1961.16,1963.14,1960.63,1960.89,1371
2022-03-04 19:45:00,1960.89,1962.6,1960.89,1962.12,1553
2022-03-04 20:00:00,1962.12,1963.62,1960.8,1961.05,1393
2022-03-04 20:15:00,1961.02,1963.87,1960.85,1963.48,1540
2022-03-04 20:30:00,1963.48,1965.69,1962.99,1965.4,1078
2022-03-04 20:45:00,1965.43,1966.47,1962.74,1965.12,1142
2022-03-04 21:00:00,1965.24,1966.92,1964.54,1966.74,1232
2022-03-04 21:15:00,1966.74,1968.01,1966.23,1966.45,1226
2022-03-04 21:30:00,1966.45,1969.96,1965.13,1969.56,1346
2022-03-04 21:45:00,1969.56,1969.56,1966.08,1967.06,1589
2022-03-04 22:00:00,1966.99,1969.11,1965.19,1968.85,1833
2022-03-04 22:15:00,1968.89,1970.19,1968.19,1969.15,1628
2022-03-04 22:30:00,1969.15,1970.15,1967.91,1969.38,1346
2022-03-04 22:45:00,1969.33,1969.46,1967.12,1967.33,1858
2022-03-04 23:00:00,1967.3,1968.99,1965.52,1968.99,1069
2022-03-04 23:15:00,1968.98,1969.67,1967.91,1968.51,701
2022-03-04 23:30:00,1968.51,1969.88,1967.57,1968.54,427
2022-03-04 23:45:00,1968.56,1970.16,1968.14,1969.74,299
