time,open,high,low,close,volume
2026-09-09 19:08:00,4398.836,4399.463,4398.274,4398.949,197
2026-09-09 19:09:00,4398.923,4399.803,4397.424,4398.96,197
2026-09-09 19:10:00,4399.197,4399.733,4398.512,4398.83,144
2026-09-09 19:11:00,4398.811,4399.343,4398.073,4399.023,139
2026-09-09 19:12:00,4398.905,4398.978,4397.432,4397.832,160
2026-09-09 19:13:00,4397.603,4398.551,4397.028,4398.447,106
2026-09-09 19:14:00,4398.333,4400.759,4397.844,4400.06,165
2026-09-09 19:15:00,4400.006,4401.531,4398.964,4400.238,217
2026-09-09 19:16:00,4400.177,4400.26,4398.958,4399.263,137
2026-09-09 19:17:00,4399.269,4400.187,4398.404,4399.656,165
2026-09-09 19:18:00,4399.709,4401.587,4399.676,4401.252,136
2026-09-09 19:19:00,4401.582,4402.385,4401.079,4401.973,133
2026-09-09 19:20:00,4401.69,4402.55,4401.43,4402.374,128
2026-09-09 19:21:00,4402.28,4403.987,4402.072,4403.377,140
2026-09-09 19:22:00,4403.378,4404.038,4401.814,4403.878,151
2026-09-09 19:23:00,4403.854,4404.914,4403.629,4404.553,131
2026-09-09 19:24:00,4404.544,4404.719,4404.042,4404.261,106
2026-09-09 19:25:00,4404.199,4404.769,4404.027,4404.139,102
2026-09-09 19:26:00,4404.136,4404.469,4401.912,4402.238,144
2026-09-09 19:27:00,4402.252,4402.621,4401.124,4401.622,123
2026-09-09 19:28:00,4401.708,4401.843,4400.383,4400.88,107
2026-09-09 19:29:00,4400.933,4400.933,4399.382,4399.507,95
2026-09-09 19:30:00,4399.374,4400.994,4398.372,4400.248,165
2026-09-09 19:31:00,4400.303,4400.722,4399.495,4400.047,118
2026-09-09 19:32:00,4400.044,4400.933,4398.713,4399.076,130
2026-09-09 19:33:00,4399.084,4399.875,4398.649,4398.893,89
2026-09-09 19:34:00,4398.95,4399.604,4398.677,4398.973,106
2026-09-09 19:35:00,4398.92,4399.117,4397.408,4397.807,123
2026-09-09 19:36:00,4397.934,4398.136,4396.181,4396.422,150
2026-09-09 19:37:00,4396.305,4396.793,4395.713,4395.898,101
2026-09-09 19:38:00,4395.914,4397.234,4395.498,4396.729,103
2026-09-09 19:39:00,4396.781,4398.195,4396.709,4397.429,101
2026-09-09 19:40:00,4397.369,4397.795,4396.028,4397.157,128
2026-09-09 19:41:00,4397.01,4398.175,4396.388,4397.018,111
2026-09-09 19:42:00,4396.684,4397.983,4396.684,4397.133,107
2026-09-09 19:43:00,4397.035,4399.339,4397.035,4399.072,147
2026-09-09 19:44:00,4399.229,4399.953,4398.557,4399.702,117
2026-09-09 19:45:00,4399.759,4401.522,4399.759,4400.553,167
2026-09-09 19:46:00,4400.531,4400.784,4399.424,4399.706,128
2026-09-09 19:47:00,4399.776,4401.333,4399.775,4399.927,148
2026-09-09 19:48:00,4399.928,4401.158,4399.682,4400.478,106
2026-09-09 19:49:00,4400.535,4401.278,4399.945,4399.956,103
2026-09-09 19:50:00,4400.348,4400.434,4397.328,4397.42,167
2026-09-09 19:51:00,4397.415,4398.489,4396.167,4398.337,138
2026-09-09 19:52:00,4398.337,4399.791,4398.104,4399.172,101
2026-09-09 19:53:00,4398.963,4399.745,4398.593,4398.882,119
2026-09-09 19:54:00,4399.042,4400.839,4398.435,4398.704,173
2026-09-09 19:55:00,4398.893,4399.63,4398.228,4399.472,141
2026-09-09 19:56:00,4399.167,4400.101,4398.729,4399.009,164
2026-09-09 19:57:00,4399.193,4399.797,4397.787,4398.043,122
2026-09-09 19:58:00,4397.952,4399.223,4397.51,4398.72,164
2026-09-09 19:59:00,4398.639,4399.57,4398.473,4398.907,195
2026-09-09 20:00:00,4398.853,4399.463,4397.713,4398.526,176
2026-09-09 20:01:00,4398.551,4398.65,4397.179,4397.799,98
2026-09-09 20:02:00,4397.856,4398.277,4397.575,4397.881,66
2026-09-09 20:03:00,4398.13,4398.409,4397.039,4397.251,80
2026-09-09 20:04:00,4397.188,4397.188,4396.271,4396.945,87
2026-09-09 20:05:00,4396.892,4397.398,4396.227,4397.398,76
2026-09-09 20:06:00,4397.462,4397.462,4396.591,4397.114,61
2026-09-09 20:07:00,4397.175,4397.264,4396.641,4396.815,68
2026-09-09 20:08:00,4396.579,4397.195,4396.579,4396.78,47
2026-09-09 20:09:00,4397.052,4397.217,4396.659,4396.786,47
2026-09-09 20:10:00,4396.782,4397.864,4396.689,4397.45,66
2026-09-09 20:11:00,4397.509,4397.934,4397.488,4397.916,42
2026-09-09 20:12:00,4397.862,4398.252,4397.592,4397.953,59
2026-09-09 20:13:00,4397.979,4398.419,4397.059,4397.406,52
2026-09-09 20:14:00,4397.564,4397.612,4397.0,4397.055,41
2026-09-09 20:15:00,4397.351,4397.601,4396.555,4396.58,62
2026-09-09 20:16:00,4396.362,4396.763,4395.749,4395.857,78
2026-09-09 20:17:00,4395.824,4396.311,4395.753,4396.111,46
2026-09-09 20:18:00,4396.1,4396.316,4395.756,4396.044,53
2026-09-09 20:19:00,4396.032,4396.032,4394.081,4394.524,130
2026-09-09 20:20:00,4394.468,4394.595,4393.303,4393.984,145
2026-09-09 20:21:00,4394.052,4394.41,4393.431,4393.728,62
2026-09-09 20:22:00,4393.734,4394.908,4393.712,4394.791,67
2026-09-09 20:23:00,4394.846,4395.057,4394.129,4394.978,48
2026-09-09 20:24:00,4394.967,4395.105,4394.712,4395.074,46
2026-09-09 20:25:00,4395.066,4395.875,4394.854,4395.846,50
2026-09-09 20:26:00,4395.731,4396.08,4395.336,4395.754,56
2026-09-09 20:27:00,4395.78,4395.78,4395.017,4395.276,59
2026-09-09 20:28:00,4395.084,4395.228,4393.657,4393.829,67
2026-09-09 20:29:00,4393.996,4394.916,4393.865,4394.616,58
2026-09-09 20:30:00,4394.657,4395.819,4394.657,4395.457,59
2026-09-09 20:31:00,4395.428,4397.473,4395.413,4397.356,58
2026-09-09 20:32:00,4397.341,4397.598,4396.826,4397.382,42
2026-09-09 20:33:00,4397.384,4397.53,4396.887,4397.26,41
2026-09-09 20:34:00,4397.227,4397.486,4396.146,4397.146,76
2026-09-09 20:35:00,4397.091,4399.491,4396.839,4399.377,97
2026-09-09 20:36:00,4399.367,4400.891,4399.367,4400.502,86
2026-09-09 20:37:00,4400.517,4400.598,4399.314,4399.314,75
2026-09-09 20:38:00,4399.59,4399.925,4399.083,4399.083,68
2026-09-09 20:39:00,4399.246,4400.082,4398.715,4399.576,79
2026-09-09 20:40:00,4399.514,4399.691,4398.751,4399.233,74
2026-09-09 20:41:00,4399.453,4399.809,4398.543,4399.37,54
2026-09-09 20:42:00,4399.642,4399.848,4399.231,4399.796,51
2026-09-09 20:43:00,4399.53,4400.194,4399.126,4399.126,63
2026-09-09 20:44:00,4399.4,4400.383,4399.144,4399.988,67
2026-09-09 20:45:00,4400.099,4400.967,4399.709,4399.709,80
2026-09-09 20:46:00,4399.697,4400.717,4399.624,4400.29,67
2026-09-09 20:47:00,4400.563,4400.563,4399.585,4399.896,58
2026-09-09 20:48:00,4399.869,4400.029,4399.222,4399.287,65
2026-09-09 20:49:00,4399.664,4400.218,4399.14,4399.876,49
2026-09-09 20:50:00,4400.172,4400.315,4399.359,4399.797,70
2026-09-09 20:51:00,4399.827,4400.362,4399.348,4399.811,69
2026-09-09 20:52:00,4399.866,4400.173,4399.335,4399.898,62
2026-09-09 20:53:00,4399.893,4400.597,4399.674,4400.425,73
2026-09-09 20:54:00,4400.368,4400.439,4399.823,4400.006,60
2026-09-09 20:55:00,4400.127,4401.002,4399.988,4400.615,119
2026-09-09 20:56:00,4400.604,4400.94,4399.803,4399.803,76
2026-09-09 20:57:00,4399.884,4401.056,4399.884,4400.712,97
2026-09-09 22:00:00,4404.616,4404.616,4403.664,4403.814,23
2026-09-09 22:01:00,4403.813,4405.658,4403.813,4404.98,90
2026-09-09 22:02:00,4404.988,4405.711,4404.463,4404.995,68
2026-09-09 22:03:00,4405.27,4406.332,4405.074,4405.34,71
2026-09-09 22:04:00,4405.304,4405.467,4404.619,4405.302,54
2026-09-09 22:05:00,4405.21,4405.696,4404.106,4404.469,74
2026-09-09 22:06:00,4404.454,4404.575,4403.263,4403.691,44
2026-09-09 22:07:00,4403.628,4404.302,4403.42,4403.64,72
2026-09-09 22:08:00,4403.701,4404.289,4403.396,4404.133,66
2026-09-09 22:09:00,4403.873,4404.908,4403.641,4404.51,83
2026-09-09 22:10:00,4404.51,4404.658,4402.476,4402.82,78
2026-09-09 22:11:00,4402.82,4406.091,4402.472,4405.509,131
2026-09-09 22:12:00,4405.444,4405.524,4404.191,4404.616,72
2026-09-09 22:13:00,4404.539,4404.662,4403.576,4403.894,87
2026-09-09 22:14:00,4403.897,4403.897,4402.735,4402.968,59
2026-09-09 22:15:00,4403.049,4403.419,4402.323,4402.7,73
2026-09-09 22:16:00,4402.615,4402.855,4402.201,4402.414,56
2026-09-09 22:17:00,4402.425,4403.337,4402.218,4402.95,79
2026-09-09 22:18:00,4403.092,4404.33,4402.945,4404.121,62
2026-09-09 22:19:00,4404.42,4404.42,4402.53,4403.515,88
2026-09-09 22:20:00,4403.207,4403.397,4402.811,4403.113,59
2026-09-09 22:21:00,4403.113,4403.227,4402.128,4402.401,66
2026-09-09 22:22:00,4402.128,4402.637,4401.42,4401.837,58
2026-09-09 22:23:00,4401.564,4401.892,4401.126,4401.651,43
2026-09-09 22:24:00,4401.622,4401.912,4401.109,4401.912,39
2026-09-09 22:25:00,4401.913,4402.123,4401.137,4402.006,53
2026-09-09 22:26:00,4402.134,4403.038,4401.784,4401.784,79
2026-09-09 22:27:00,4401.768,4401.768,4400.549,4401.038,65
2026-09-09 22:28:00,4401.042,4401.337,4400.325,4400.725,65
2026-09-09 22:29:00,4400.864,4402.386,4400.371,4402.331,87
2026-09-09 22:30:00,4402.544,4403.438,4402.289,4402.821,87
2026-09-09 22:31:00,4402.831,4402.831,4402.119,4402.143,41
2026-09-09 22:32:00,4402.092,4403.784,4401.361,4403.744,97
2026-09-09 22:33:00,4403.512,4403.814,4402.861,4402.967,114
2026-09-09 22:34:00,4402.968,4403.753,4402.355,4402.703,96
2026-09-09 22:35:00,4402.682,4403.323,4401.183,4401.183,112
2026-09-09 22:36:00,4401.138,4401.161,4400.032,4401.113,104
2026-09-09 22:37:00,4401.165,4401.297,4400.122,4400.373,58
2026-09-09 22:38:00,4400.368,4400.789,4399.754,4400.223,62
2026-09-09 22:39:00,4400.336,4400.697,4399.808,4400.462,70
2026-09-09 22:40:00,4400.485,4401.013,4400.186,4400.53,66
2026-09-09 22:41:00,4400.833,4401.229,4400.064,4401.089,59
2026-09-09 22:42:00,4401.087,4401.479,4400.404,4400.825,90
2026-09-09 22:43:00,4400.86,4402.361,4400.802,4401.623,126
2026-09-09 22:44:00,4401.63,4401.63,4401.103,4401.552,47
2026-09-09 22:45:00,4401.337,4401.722,4400.57,4400.86,88
2026-09-09 22:46:00,4400.839,4401.026,4400.199,4400.94,82
2026-09-09 22:47:00,4400.859,4401.027,4399.674,4399.81,78
2026-09-09 22:48:00,4400.11,4400.76,4397.611,4398.213,138
2026-09-09 22:49:00,4398.277,4400.342,4398.277,4400.048,121
2026-09-09 22:50:00,4399.878,4400.459,4399.322,4399.845,89
2026-09-09 22:51:00,4399.9,4400.142,4399.335,4399.372,73
2026-09-09 22:52:00,4399.362,4399.905,4398.893,4399.227,59
2026-09-09 22:53:00,4399.242,4399.585,4398.8,4399.276,59
2026-09-09 22:54:00,4399.129,4399.439,4398.493,4398.797,48
2026-09-09 22:55:00,4398.797,4398.961,4398.097,4398.429,66
2026-09-09 22:56:00,4398.156,4398.698,4397.689,4398.125,74
2026-09-09 22:57:00,4397.825,4398.278,4397.617,4398.132,57
2026-09-09 22:58:00,4398.151,4400.142,4397.955,4399.812,84
2026-09-09 22:59:00,4399.529,4401.084,4399.477,4399.477,116
2026-09-09 23:00:00,4399.419,4402.216,4399.363,4401.579,180
2026-09-09 23:01:00,4401.474,4402.474,4400.987,4401.671,113
2026-09-09 23:02:00,4401.694,4402.204,4400.774,4401.753,113
2026-09-09 23:03:00,4401.699,4402.93,4401.696,4402.848,72
2026-09-09 23:04:00,4402.901,4403.228,4402.152,4402.619,78
2026-09-09 23:05:00,4402.655,4402.973,4402.125,4402.125,45
2026-09-09 23:06:00,4402.398,4402.852,4400.785,4401.045,75
2026-09-09 23:07:00,4400.819,4401.817,4400.013,4401.24,125
2026-09-09 23:08:00,4401.2,4401.397,4399.077,4399.71,147
2026-09-09 23:09:00,4399.642,4400.254,4398.469,4399.986,143
2026-09-09 23:10:00,4400.141,4401.095,4399.502,4400.912,118
2026-09-09 23:11:00,4400.932,4401.741,4400.031,4401.317,100
2026-09-09 23:12:00,4401.333,4402.302,4401.224,4401.957,69
2026-09-09 23:13:00,4402.159,4402.667,4400.463,4400.699,72
2026-09-09 23:14:00,4400.431,4400.806,4400.15,4400.802,52
2026-09-09 23:15:00,4400.794,4400.794,4399.716,4399.941,83
2026-09-09 23:16:00,4399.668,4400.085,4399.062,4399.294,58
2026-09-09 23:17:00,4399.102,4399.433,4398.048,4399.244,122
2026-09-09 23:18:00,4399.277,4402.287,4399.161,4401.82,153
2026-09-09 23:19:00,4402.033,4402.211,4399.854,4400.17,87
2026-09-09 23:20:00,4400.218,4400.931,4399.378,4400.664,89
2026-09-09 23:21:00,4400.937,4401.335,4400.614,4400.945,60
2026-09-09 23:22:00,4401.02,4401.02,4399.744,4400.129,66
2026-09-09 23:23:00,4400.305,4400.305,4397.83,4398.185,86
2026-09-09 23:24:00,4398.212,4398.499,4396.862,4397.486,76
2026-09-09 23:25:00,4397.591,4398.681,4396.449,4398.149,121
2026-09-09 23:26:00,4398.177,4399.776,4397.819,4398.87,128
2026-09-09 23:27:00,4399.137,4399.137,4397.004,4397.24,131
2026-09-09 23:28:00,4396.989,4397.314,4395.659,4396.665,152
2026-09-09 23:29:00,4396.729,4397.721,4396.479,4397.721,85
2026-09-09 23:30:00,4397.397,4399.23,4396.835,4398.255,145
2026-09-09 23:31:00,4398.308,4398.308,4396.9,4396.9,80
2026-09-09 23:32:00,4396.985,4397.114,4394.782,4394.984,107
2026-09-09 23:33:00,4395.043,4395.237,4393.771,4394.855,123
2026-09-09 23:34:00,4394.852,4395.482,4393.915,4394.268,102
2026-09-09 23:35:00,4394.323,4394.749,4393.755,4394.303,77
2026-09-09 23:36:00,4394.277,4394.943,4393.956,4394.882,48
2026-09-09 23:37:00,4394.936,4394.944,4393.659,4394.444,62
2026-09-09 23:38:00,4394.456,4394.542,4393.372,4393.756,56
2026-09-09 23:39:00,4393.753,4394.544,4393.753,4393.968,61
2026-09-09 23:40:00,4393.922,4394.342,4393.887,4394.118,55
2026-09-09 23:41:00,4394.101,4394.148,4393.179,4393.468,57
2026-09-09 23:42:00,4393.523,4394.06,4393.182,4393.992,67
2026-09-09 23:43:00,4393.698,4393.998,4393.29,4393.777,60
2026-09-09 23:44:00,4393.774,4394.513,4393.746,4394.51,57
2026-09-09 23:45:00,4394.51,4394.792,4393.832,4394.42,109
2026-09-09 23:46:00,4394.362,4395.089,4393.732,4394.826,130
2026-09-09 23:47:00,4395.107,4395.34,4394.189,4394.589,124
2026-09-09 23:48:00,4394.466,4394.466,4393.268,4393.554,79
2026-09-09 23:49:00,4393.61,4394.408,4393.515,4394.256,79
2026-09-09 23:50:00,4393.977,4394.349,4393.451,4394.138,73
2026-09-09 23:51:00,4394.133,4394.956,4393.608,4394.529,80
2026-09-09 23:52:00,4394.828,4394.863,4393.522,4393.75,91
2026-09-09 23:53:00,4393.751,4394.995,4393.751,4394.58,74
2026-09-09 23:54:00,4394.86,4394.983,4394.157,4394.488,59
2026-09-09 23:55:00,4394.505,4394.505,4393.816,4394.113,59
2026-09-09 23:56:00,4394.257,4394.909,4393.984,4394.491,62
2026-09-09 23:57:00,4394.491,4394.492,4393.387,4393.906,73
2026-09-09 23:58:00,4393.814,4394.101,4393.08,4393.825,70
2026-09-09 23:59:00,4394.032,4394.26,4393.656,4394.034,49
2026-09-10 00:00:00,4393.941,4394.176,4391.656,4392.214,236
2026-09-10 00:01:00,4392.08,4392.688,4390.876,4391.034,149
2026-09-10 00:02:00,4391.317,4391.341,4389.732,4390.215,137
2026-09-10 00:03:00,4390.332,4391.417,4389.657,4391.039,137
2026-09-10 00:04:00,4391.363,4392.245,4391.234,4392.202,113
2026-09-10 00:05:00,4392.06,4392.06,4390.798,4391.104,115
2026-09-10 00:06:00,4391.225,4391.438,4389.957,4391.357,151
2026-09-10 00:07:00,4391.41,4393.278,4391.355,4392.391,112
2026-09-10 00:08:00,4392.455,4392.455,4390.323,4390.836,142
2026-09-10 00:09:00,4390.917,4394.282,4390.731,4393.44,161
2026-09-10 00:10:00,4393.5,4394.627,4392.883,4394.489,117
2026-09-10 00:11:00,4394.802,4397.204,4393.932,4395.961,175
2026-09-10 00:12:00,4395.91,4396.818,4395.816,4395.983,144
2026-09-10 00:13:00,4396.31,4397.049,4395.132,4395.526,175
2026-09-10 00:14:00,4395.752,4395.99,4394.274,4395.097,176
2026-09-10 00:15:00,4395.09,4397.572,4394.538,4397.098,216
2026-09-10 00:16:00,4397.155,4397.553,4396.426,4397.082,172
2026-09-10 00:17:00,4396.803,4397.61,4395.893,4396.558,115
2026-09-10 00:18:00,4396.41,4398.527,4396.396,4398.188,131
2026-09-10 00:19:00,4398.114,4398.356,4396.091,4396.796,134
2026-09-10 00:20:00,4396.848,4397.885,4396.37,4396.902,139
2026-09-10 00:21:00,4396.849,4397.947,4396.482,4397.217,126
2026-09-10 00:22:00,4397.221,4397.587,4395.832,4396.092,151
2026-09-10 00:23:00,4396.039,4396.697,4395.178,4396.039,149
2026-09-10 00:24:00,4396.094,4396.545,4395.51,4396.026,116
2026-09-10 00:25:00,4395.976,4396.763,4394.612,4394.771,188
2026-09-10 00:26:00,4394.889,4395.418,4394.255,4394.76,142
2026-09-10 00:27:00,4394.492,4397.469,4394.096,4395.003,195
2026-09-10 00:28:00,4395.292,4396.163,4394.094,4394.307,197
2026-09-10 00:29:00,4394.491,4394.579,4392.063,4392.668,190
2026-09-10 00:30:00,4392.733,4395.077,4392.498,4394.806,176
2026-09-10 00:31:00,4394.754,4394.754,4393.028,4393.102,151
2026-09-10 00:32:00,4393.149,4393.578,4392.039,4392.854,161
2026-09-10 00:33:00,4392.874,4392.946,4391.901,4391.905,122
2026-09-10 00:34:00,4392.177,4394.789,4391.251,4394.789,216
2026-09-10 00:35:00,4394.561,4395.824,4394.558,4395.119,179
2026-09-10 00:36:00,4395.145,4396.867,4394.763,4396.492,152
2026-09-10 00:37:00,4396.253,4397.908,4396.253,4396.396,190
2026-09-10 00:38:00,4396.121,4397.616,4396.062,4397.19,151
2026-09-10 00:39:00,4397.213,4398.811,4397.14,4398.313,177
2026-09-10 00:40:00,4398.346,4400.154,4398.236,4399.373,193
2026-09-10 00:41:00,4399.363,4399.421,4397.48,4397.651,146
2026-09-10 00:42:00,4397.536,4398.597,4396.542,4398.27,195
2026-09-10 00:43:00,4398.089,4400.177,4397.623,4399.88,151
2026-09-10 00:44:00,4399.863,4401.674,4399.78,4400.721,170
2026-09-10 00:45:00,4400.839,4401.072,4399.468,4399.683,182
2026-09-10 00:46:00,4399.706,4400.042,4398.687,4399.018,163
2026-09-10 00:47:00,4399.316,4399.369,4397.782,4398.685,132
2026-09-10 00:48:00,4398.74,4400.527,4398.685,4400.435,170
2026-09-10 00:49:00,4400.147,4400.767,4399.782,4400.149,122
2026-09-10 00:50:00,4400.08,4400.113,4397.886,4398.496,212
2026-09-10 00:51:00,4398.75,4401.846,4398.742,4401.399,186
2026-09-10 00:52:00,4401.071,4402.471,4400.893,4401.996,232
2026-09-10 00:53:00,4402.051,4404.414,4401.764,4404.025,154
2026-09-10 00:54:00,4404.08,4405.042,4402.329,4402.712,226
2026-09-10 00:55:00,4402.83,4403.323,4402.138,4403.103,154
2026-09-10 00:56:00,4403.142,4403.611,4402.371,4402.944,160
2026-09-10 00:57:00,4402.877,4403.705,4401.975,4403.367,141
2026-09-10 00:58:00,4403.288,4403.297,4400.67,4400.862,141
2026-09-10 00:59:00,4400.981,4402.68,4400.721,4400.916,239
2026-09-10 01:00:00,4401.125,4407.794,4399.877,4407.502,854
2026-09-10 01:01:00,4407.789,4409.07,4405.409,4406.936,667
2026-09-10 01:02:00,4407.003,4410.774,4406.218,4410.006,416
2026-09-10 01:03:00,4409.673,4413.191,4409.6,4412.398,414
2026-09-10 01:04:00,4412.521,4412.53,4407.979,4409.289,395
2026-09-10 01:05:00,4409.551,4409.972,4407.426,4409.897,442
2026-09-10 01:06:00,4409.842,4410.607,4408.512,4410.607,320
2026-09-10 01:07:00,4410.257,4415.748,4409.797,4415.748,384
2026-09-10 01:08:00,4415.691,4417.437,4415.179,4416.979,278
2026-09-10 01:09:00,4416.917,4418.565,4414.842,4417.65,314
2026-09-10 01:10:00,4417.708,4419.007,4416.336,4418.276,375
2026-09-10 01:11:00,4418.334,4418.504,4413.823,4414.35,237
2026-09-10 01:12:00,4414.392,4414.472,4413.008,4413.735,233
2026-09-10 01:13:00,4413.834,4415.525,4413.422,4414.292,314
2026-09-10 01:14:00,4414.226,4414.438,4411.852,4412.611,276
2026-09-10 01:15:00,4412.831,4414.185,4411.661,4413.405,339
2026-09-10 01:16:00,4413.461,4414.578,4411.414,4412.701,372
2026-09-10 01:17:00,4412.759,4413.923,4411.779,4413.323,380
2026-09-10 01:18:00,4413.107,4415.77,4412.914,4415.588,321
2026-09-10 01:19:00,4415.527,4416.504,4413.464,4415.055,383
2026-09-10 01:20:00,4414.965,4415.144,4411.641,4412.273,350
2026-09-10 01:21:00,4412.122,4412.198,4410.38,4411.639,361
2026-09-10 01:22:00,4411.572,4414.131,4410.764,4413.887,225
2026-09-10 01:23:00,4414.062,4414.814,4412.223,4413.433,301
2026-09-10 01:24:00,4413.446,4415.205,4412.011,4412.573,278
2026-09-10 01:25:00,4412.482,4416.324,4412.187,4415.493,300
2026-09-10 01:26:00,4415.44,4416.608,4413.87,4414.088,290
2026-09-10 01:27:00,4414.146,4414.703,4411.575,4411.575,226
2026-09-10 01:28:00,4411.794,4412.419,4410.911,4411.95,277
2026-09-10 01:29:00,4411.884,4412.563,4410.292,4410.509,272
2026-09-10 01:30:00,4410.565,4411.104,4408.231,4408.425,348
2026-09-10 01:31:00,4408.216,4410.21,4407.666,4409.343,381
2026-09-10 01:32:00,4409.262,4409.425,4407.524,4408.145,285
2026-09-10 01:33:00,4408.199,4408.31,4405.539,4406.39,349
2026-09-10 01:34:00,4406.335,4407.953,4405.286,4407.953,322
2026-09-10 01:35:00,4408.116,4408.953,4407.486,4408.047,327
2026-09-10 01:36:00,4408.208,4409.954,4407.807,4409.574,388
2026-09-10 01:37:00,4409.493,4410.337,4408.349,4409.272,355
2026-09-10 01:38:00,4409.303,4410.508,4407.125,4407.171,373
2026-09-10 01:39:00,4407.242,4407.431,4406.13,4407.302,384
2026-09-10 01:40:00,4407.358,4410.445,4407.276,4409.682,373
2026-09-10 01:41:00,4409.771,4410.164,4408.585,4408.585,342
2026-09-10 01:42:00,4408.783,4409.539,4408.127,4408.445,279
2026-09-10 01:43:00,4408.392,4409.089,4407.306,4408.404,272
2026-09-10 01:44:00,4408.46,4410.502,4407.962,4410.129,388
2026-09-10 01:45:00,4410.088,4410.731,4408.915,4410.73,335
2026-09-10 01:46:00,4410.511,4413.125,4410.196,4412.779,329
2026-09-10 01:47:00,4412.721,4414.348,4412.476,4412.809,301
2026-09-10 01:48:00,4412.48,4413.877,4410.724,4412.157,425
2026-09-10 01:49:00,4411.829,4413.552,4411.614,4412.98,333
2026-09-10 01:50:00,4412.919,4414.442,4411.813,4412.87,330
2026-09-10 01:51:00,4412.813,4413.458,4409.601,4410.169,487
2026-09-10 01:52:00,4410.223,4410.949,4409.207,4409.692,379
2026-09-10 01:53:00,4409.746,4410.555,4409.161,4409.806,317
2026-09-10 01:54:00,4409.707,4410.367,4408.18,4408.97,328
2026-09-10 01:55:00,4408.859,4413.182,4408.716,4411.688,432
2026-09-10 01:56:00,4411.738,4412.616,4409.796,4409.952,459
2026-09-10 01:57:00,4410.019,4410.642,4407.894,4409.627,416
2026-09-10 01:58:00,4409.778,4410.962,4407.996,4410.46,302
2026-09-10 01:59:00,4410.342,4412.428,4410.247,4412.263,264
2026-09-10 02:00:00,4412.124,4413.681,4411.462,4412.83,405
2026-09-10 02:01:00,4412.9,4415.453,4412.841,4413.62,374
2026-09-10 02:02:00,4413.738,4414.738,4412.877,4414.738,307
2026-09-10 02:03:00,4414.802,4417.92,4414.802,4416.791,273
2026-09-10 02:04:00,4416.673,4417.687,4414.627,4414.867,383
2026-09-10 02:05:00,4415.207,4417.881,4414.167,4417.826,309
2026-09-10 02:06:00,4417.975,4418.951,4415.9,4415.997,281
2026-09-10 02:07:00,4416.067,4416.894,4415.138,4416.229,292
2026-09-10 02:08:00,4415.883,4418.314,4415.812,4417.997,214
2026-09-10 02:09:00,4418.053,4418.895,4416.05,4416.662,243
2026-09-10 02:10:00,4416.716,4417.012,4414.671,4416.224,322
2026-09-10 02:11:00,4416.168,4417.183,4413.864,4414.238,351
2026-09-10 02:12:00,4414.294,4414.294,4411.832,4413.448,302
2026-09-10 02:13:00,4413.603,4415.362,4413.584,4414.927,224
2026-09-10 02:14:00,4415.059,4415.471,4413.836,4413.836,243
2026-09-10 02:15:00,4414.093,4414.793,4411.539,4411.801,170
2026-09-10 02:16:00,4411.747,4411.918,4408.826,4409.079,202
2026-09-10 02:17:00,4409.043,4409.795,4408.192,4409.526,208
2026-09-10 02:18:00,4409.13,4410.37,4407.978,4408.87,165
2026-09-10 02:19:00,4408.923,4409.861,4408.462,4409.737,131
2026-09-10 02:20:00,4409.798,4411.149,4408.636,4411.149,142
2026-09-10 02:21:00,4410.906,4411.475,4408.607,4408.983,154
2026-09-10 02:22:00,4409.043,4412.369,4408.838,4412.369,143
2026-09-10 02:23:00,4412.312,4413.863,4411.857,4413.488,139
2026-09-10 02:24:00,4413.495,4413.732,4411.615,4412.709,171
2026-09-10 02:25:00,4412.981,4413.783,4412.333,4412.624,154
2026-09-10 02:26:00,4412.505,4413.089,4412.081,4412.693,111
2026-09-10 02:27:00,4412.814,4414.379,4412.296,4414.104,179
2026-09-10 02:28:00,4414.323,4416.442,4413.673,4415.466,170
2026-09-10 02:29:00,4415.519,4417.777,4415.193,4416.823,214
2026-09-10 02:30:00,4416.952,4417.927,4413.18,4414.915,484
2026-09-10 02:31:00,4414.97,4414.97,4412.938,4413.97,267
2026-09-10 02:32:00,4413.915,4414.194,4412.72,4412.927,183
2026-09-10 02:33:00,4412.906,4413.178,4411.019,4411.968,263
2026-09-10 02:34:00,4411.829,4416.325,4411.532,4415.735,282
2026-09-10 02:35:00,4415.681,4416.369,4414.445,4414.874,314
2026-09-10 02:36:00,4415.183,4416.248,4414.38,4414.675,219
2026-09-10 02:37:00,4414.982,4415.568,4414.359,4415.562,234
2026-09-10 02:38:00,4415.509,4418.923,4414.934,4417.615,265
2026-09-10 02:39:00,4417.612,4420.421,4417.509,4418.547,344
2026-09-10 02:40:00,4418.531,4420.779,4418.531,4419.232,201
2026-09-10 02:41:00,4419.51,4419.51,4417.53,4417.605,166
2026-09-10 02:42:00,4417.659,4420.892,4417.659,4419.479,223
2026-09-10 02:43:00,4419.533,4419.88,4418.365,4418.864,160
2026-09-10 02:44:00,4418.872,4419.136,4417.225,4417.998,162
2026-09-10 02:45:00,4418.036,4418.249,4417.243,4417.796,196
2026-09-10 02:46:00,4417.714,4418.137,4416.881,4418.046,166
2026-09-10 02:47:00,4417.992,4419.393,4417.519,4418.429,155
2026-09-10 02:48:00,4418.367,4418.367,4416.704,4417.475,219
2026-09-10 02:49:00,4417.356,4417.891,4416.839,4417.787,164
2026-09-10 02:50:00,4417.779,4419.017,4415.96,4417.996,230
2026-09-10 02:51:00,4418.203,4420.167,4418.149,4420.012,159
2026-09-10 02:52:00,4420.078,4420.858,4418.743,4419.893,218
2026-09-10 02:53:00,4419.95,4420.776,4419.72,4420.122,163
2026-09-10 02:54:00,4420.094,4420.674,4419.744,4420.472,139
2026-09-10 02:55:00,4420.486,4420.631,4419.15,4420.041,164
2026-09-10 02:56:00,4419.708,4419.977,4417.894,4418.375,166
2026-09-10 02:57:00,4418.438,4419.268,4417.876,4418.779,146
2026-09-10 02:58:00,4418.686,4418.742,4417.252,4417.87,134
2026-09-10 02:59:00,4417.815,4419.56,4417.467,4419.464,141
2026-09-10 03:00:00,4419.138,4420.985,4418.495,4419.862,254
2026-09-10 03:01:00,4419.921,4420.269,4419.198,4419.446,147
2026-09-10 03:02:00,4419.501,4419.745,4418.202,4418.202,170
2026-09-10 03:03:00,4418.546,4418.546,4415.35,4416.953,219
2026-09-10 03:04:00,4417.11,4418.376,4416.952,4417.681,182
2026-09-10 03:05:00,4417.378,4417.457,4415.334,4416.152,179
2026-09-10 03:06:00,4416.174,4416.257,4414.865,4415.145,148
2026-09-10 03:07:00,4415.264,4416.339,4414.565,4414.566,200
2026-09-10 03:08:00,4414.55,4414.967,4411.453,4412.695,227
2026-09-10 03:09:00,4412.632,4414.127,4411.735,4413.386,276
2026-09-10 03:10:00,4413.441,4416.13,4413.234,4415.253,241
2026-09-10 03:11:00,4415.307,4416.72,4414.598,4414.598,149
2026-09-10 03:12:00,4414.838,4415.058,4413.596,4414.573,222
2026-09-10 03:13:00,4414.719,4414.808,4413.095,4413.534,188
2026-09-10 03:14:00,4413.541,4413.759,4412.388,4412.774,175
2026-09-10 03:15:00,4412.831,4413.811,4412.22,4413.052,169
2026-09-10 03:16:00,4413.057,4413.176,4412.378,4412.796,123
2026-09-10 03:17:00,4412.914,4414.131,4412.169,4413.953,169
2026-09-10 03:18:00,4413.99,4414.877,4413.132,4413.15,155
2026-09-10 03:19:00,4413.425,4414.704,4413.156,4414.399,141
2026-09-10 03:20:00,4414.324,4415.03,4413.952,4414.176,150
2026-09-10 03:21:00,4414.056,4414.233,4412.009,4412.198,156
2026-09-10 03:22:00,4412.143,4412.531,4411.351,4411.717,152
2026-09-10 03:23:00,4411.658,4412.732,4411.333,4412.622,145
2026-09-10 03:24:00,4412.541,4413.068,4412.068,4412.184,134
2026-09-10 03:25:00,4412.442,4412.668,4411.35,4411.944,130
2026-09-10 03:26:00,4411.889,4412.019,4409.697,4410.519,162
2026-09-10 03:27:00,4410.55,4410.652,4409.277,4410.419,160
2026-09-10 03:28:00,4410.699,4410.782,4409.397,4409.592,107
2026-09-10 03:29:00,4409.649,4410.531,4409.416,4410.148,144
2026-09-10 03:30:00,4410.066,4411.441,4409.633,4411.307,128
2026-09-10 03:31:00,4411.058,4412.06,4410.53,4411.897,137
2026-09-10 03:32:00,4411.919,4412.559,4411.413,4412.331,105
2026-09-10 03:33:00,4412.319,4412.526,4410.623,4411.844,135
2026-09-10 03:34:00,4411.705,4412.228,4411.053,4411.13,107
2026-09-10 03:35:00,4411.36,4411.36,4409.926,4409.937,105
2026-09-10 03:36:00,4409.951,4410.203,4409.364,4409.981,78
2026-09-10 03:37:00,4409.698,4410.413,4409.419,4410.105,90
2026-09-10 03:38:00,4410.05,4410.212,4408.29,4409.209,115
2026-09-10 03:39:00,4409.216,4409.216,4408.039,4408.739,117
2026-09-10 03:40:00,4408.719,4408.893,4407.534,4408.244,100
2026-09-10 03:41:00,4408.233,4408.448,4406.994,4407.493,98
2026-09-10 03:42:00,4407.515,4408.648,4407.084,4408.007,91
2026-09-10 03:43:00,4407.927,4408.595,4407.179,4407.47,81
2026-09-10 03:44:00,4407.539,4408.048,4406.923,4407.977,64
2026-09-10 03:45:00,4407.977,4408.762,4407.871,4408.453,83
2026-09-10 03:46:00,4408.599,4409.362,4408.383,4409.222,89
2026-09-10 03:47:00,4409.085,4409.446,4408.262,4408.923,112
2026-09-10 03:48:00,4408.923,4409.896,4408.458,4408.601,150
2026-09-10 03:49:00,4408.679,4410.06,4408.271,4409.006,146
2026-09-10 03:50:00,4408.993,4408.993,4406.704,4407.387,140
2026-09-10 03:51:00,4407.406,4408.065,4407.23,4407.862,81
2026-09-10 03:52:00,4407.881,4407.89,4406.863,4407.715,91
2026-09-10 03:53:00,4407.706,4408.167,4407.088,4408.103,85
2026-09-10 03:54:00,4407.813,4408.573,4407.813,4408.096,85
2026-09-10 03:55:00,4408.12,4408.455,4407.593,4408.102,67
2026-09-10 03:56:00,4408.102,4409.005,4407.734,4408.49,101
2026-09-10 03:57:00,4408.618,4409.645,4407.81,4409.247,86
2026-09-10 03:58:00,4409.199,4409.199,4408.032,4408.655,77
2026-09-10 03:59:00,4408.707,4409.392,4408.703,4409.263,66
2026-09-10 04:00:00,4408.984,4410.0,4408.929,4409.36,110
2026-09-10 04:01:00,4409.579,4410.674,4409.363,4410.062,125
2026-09-10 04:02:00,4410.063,4410.726,4409.261,4410.173,142
2026-09-10 04:03:00,4409.885,4411.042,4409.628,4410.879,85
2026-09-10 04:04:00,4410.971,4412.772,4410.66,4412.765,114
2026-09-10 04:05:00,4412.763,4413.369,4412.189,4412.854,94
2026-09-10 04:06:00,4412.801,4414.211,4412.738,4413.889,90
2026-09-10 04:07:00,4413.765,4414.17,4413.47,4413.747,76
2026-09-10 04:08:00,4413.488,4413.488,4412.439,4412.597,102
2026-09-10 04:09:00,4412.549,4413.289,4412.332,4413.182,97
2026-09-10 04:10:00,4412.79,4413.7,4412.694,4413.409,87
2026-09-10 04:11:00,4413.282,4415.445,4413.282,4414.766,138
2026-09-10 04:12:00,4414.76,4415.462,4414.474,4414.474,105
2026-09-10 04:13:00,4414.729,4415.234,4413.82,4414.08,122
2026-09-10 04:14:00,4414.133,4414.541,4413.228,4413.84,106
2026-09-10 04:15:00,4413.857,4414.483,4413.723,4413.85,98
2026-09-10 04:16:00,4414.111,4415.061,4413.97,4414.505,96
2026-09-10 04:17:00,4414.521,4414.878,4413.877,4414.5,78
2026-09-10 04:18:00,4414.489,4415.359,4414.109,4414.597,89
2026-09-10 04:19:00,4414.597,4414.759,4414.081,4414.456,65
2026-09-10 04:20:00,4414.434,4415.28,4413.709,4414.088,102
2026-09-10 04:21:00,4413.798,4414.458,4413.337,4413.89,86
2026-09-10 04:22:00,4413.844,4414.715,4413.478,4414.483,78
2026-09-10 04:23:00,4414.789,4414.952,4413.753,4414.618,104
2026-09-10 04:24:00,4414.652,4414.907,4413.56,4414.012,103
2026-09-10 04:25:00,4414.066,4414.62,4413.373,4413.828,139
2026-09-10 04:26:00,4413.889,4414.209,4413.643,4413.989,62
2026-09-10 04:27:00,4414.087,4414.404,4412.667,4412.751,103
2026-09-10 04:28:00,4412.869,4413.257,4412.375,4412.568,74
2026-09-10 04:29:00,4412.846,4412.948,4410.609,4411.501,117
2026-09-10 04:30:00,4411.806,4413.146,4411.193,4412.687,160
2026-09-10 04:31:00,4412.895,4413.598,4412.634,4413.08,120
2026-09-10 04:32:00,4413.31,4413.31,4411.898,4412.14,98
2026-09-10 04:33:00,4412.136,4412.136,4410.597,4410.842,86
2026-09-10 04:34:00,4410.852,4411.207,4410.47,4410.894,63
2026-09-10 04:35:00,4410.831,4410.972,4410.443,4410.746,62
2026-09-10 04:36:00,4410.746,4411.464,4410.043,4410.753,108
2026-09-10 04:37:00,4410.698,4410.729,4409.807,4409.901,91
2026-09-10 04:38:00,4409.913,4409.913,4407.864,4408.632,109
2026-09-10 04:39:00,4408.579,4408.866,4408.019,4408.273,89
2026-09-10 04:40:00,4408.29,4408.918,4406.457,4406.886,126
2026-09-10 04:41:00,4406.875,4407.342,4406.039,4406.46,106
2026-09-10 04:42:00,4406.441,4406.831,4405.548,4405.928,106
2026-09-10 04:43:00,4406.2,4406.621,4405.805,4406.325,85
2026-09-10 04:44:00,4406.346,4407.118,4406.022,4406.758,99
2026-09-10 04:45:00,4406.696,4407.428,4406.308,4406.969,122
2026-09-10 04:46:00,4407.103,4407.676,4406.661,4407.343,69
2026-09-10 04:47:00,4407.555,4408.925,4407.085,4408.925,77
2026-09-10 04:48:00,4408.979,4409.582,4408.608,4408.903,83
2026-09-10 04:49:00,4408.895,4409.511,4408.6,4409.385,70
2026-09-10 04:50:00,4409.653,4411.758,4409.32,4410.298,129
2026-09-10 04:51:00,4410.51,4411.224,4409.694,4410.381,137
2026-09-10 04:52:00,4410.319,4410.404,4408.818,4409.066,88
2026-09-10 04:53:00,4409.094,4409.273,4407.54,4408.046,111
2026-09-10 04:54:00,4407.928,4408.315,4406.961,4407.226,100
2026-09-10 04:55:00,4407.008,4407.725,4406.626,4407.609,97
2026-09-10 04:56:00,4407.562,4408.761,4407.048,4407.812,98
2026-09-10 04:57:00,4408.071,4408.38,4407.592,4407.891,81
2026-09-10 04:58:00,4408.151,4408.373,4407.69,4408.112,68
2026-09-10 04:59:00,4407.88,4408.77,4407.805,4408.498,82
2026-09-10 05:00:00,4408.56,4410.378,4408.029,4409.78,153
2026-09-10 05:01:00,4409.58,4411.294,4408.91,4411.294,124
2026-09-10 05:02:00,4411.023,4411.915,4410.712,4410.918,102
2026-09-10 05:03:00,4410.911,4411.333,4410.188,4410.722,108
2026-09-10 05:04:00,4410.938,4410.938,4408.924,4409.441,95
2026-09-10 05:05:00,4409.264,4409.699,4408.716,4409.06,122
2026-09-10 05:06:00,4409.113,4410.439,4408.908,4409.966,121
2026-09-10 05:07:00,4410.019,4413.784,4410.019,4413.103,158
2026-09-10 05:08:00,4413.007,4413.585,4412.522,4413.032,171
2026-09-10 05:09:00,4413.09,4414.784,4413.09,4414.373,131
2026-09-10 05:10:00,4414.491,4416.742,4414.481,4415.597,175
2026-09-10 05:11:00,4415.47,4416.413,4414.644,4416.413,144
2026-09-10 05:12:00,4416.478,4416.864,4415.577,4416.438,127
2026-09-10 05:13:00,4416.343,4418.673,4416.027,4418.081,183
2026-09-10 05:14:00,4418.026,4418.918,4416.927,4418.7,160
2026-09-10 05:15:00,4418.687,4419.216,4417.004,4417.004,184
2026-09-10 05:16:00,4417.144,4419.645,4416.817,4419.389,135
2026-09-10 05:17:00,4419.666,4420.004,4417.904,4418.233,185
2026-09-10 05:18:00,4417.978,4419.609,4417.827,4418.211,224
2026-09-10 05:19:00,4418.281,4419.094,4417.915,4418.395,110
2026-09-10 05:20:00,4418.406,4419.944,4418.136,4418.91,129
2026-09-10 05:21:00,4418.914,4419.206,4417.913,4418.512,114
2026-09-10 05:22:00,4418.473,4419.03,4417.993,4418.747,112
2026-09-10 05:23:00,4418.749,4419.177,4418.22,4418.57,94
2026-09-10 05:24:00,4418.353,4419.105,4418.326,4418.819,95
2026-09-10 05:25:00,4418.788,4419.39,4418.25,4418.255,96
2026-09-10 05:26:00,4418.495,4419.075,4418.172,4418.983,101
2026-09-10 05:27:00,4418.93,4419.023,4417.369,4417.523,85
2026-09-10 05:28:00,4417.466,4419.03,4417.035,4418.571,143
2026-09-10 05:29:00,4418.625,4420.874,4418.413,4420.576,129
2026-09-10 05:30:00,4420.876,4423.047,4418.314,4418.314,765
2026-09-10 05:31:00,4418.374,4421.655,4417.407,4421.437,373
2026-09-10 05:32:00,4421.78,4426.237,4421.532,4426.028,463
2026-09-10 05:33:00,4426.118,4427.544,4424.277,4424.533,373
2026-09-10 05:34:00,4424.653,4426.466,4424.28,4425.493,253
2026-09-10 05:35:00,4425.624,4427.475,4424.753,4425.548,261
2026-09-10 05:36:00,4425.601,4427.1,4425.092,4426.177,253
2026-09-10 05:37:00,4426.464,4427.556,4425.62,4426.023,261
2026-09-10 05:38:00,4426.151,4426.306,4423.926,4424.322,251
2026-09-10 05:39:00,4424.121,4424.719,4421.712,4423.282,264
2026-09-10 05:40:00,4423.062,4424.288,4422.51,4424.07,206
2026-09-10 05:41:00,4424.009,4424.293,4423.075,4423.808,178
2026-09-10 05:42:00,4423.751,4428.849,4423.542,4428.583,247
2026-09-10 05:43:00,4428.646,4429.473,4427.159,4427.686,282
2026-09-10 05:44:00,4427.897,4428.965,4427.531,4428.151,251
2026-09-10 05:45:00,4428.026,4429.893,4427.577,4427.746,281
2026-09-10 05:46:00,4427.769,4430.291,4427.658,4429.56,241
2026-09-10 05:47:00,4429.507,4429.665,4427.615,4427.615,240
2026-09-10 05:48:00,4427.668,4428.637,4426.469,4427.033,214
2026-09-10 05:49:00,4427.016,4427.447,4425.871,4426.007,173
2026-09-10 05:50:00,4426.086,4426.499,4423.94,4424.134,200
2026-09-10 05:51:00,4424.192,4427.686,4423.856,4426.532,341
2026-09-10 05:52:00,4426.477,4427.962,4426.175,4427.084,203
2026-09-10 05:53:00,4426.996,4427.897,4425.879,4427.046,222
2026-09-10 05:54:00,4427.122,4427.955,4426.314,4426.882,209
2026-09-10 05:55:00,4426.805,4427.202,4425.678,4426.056,177
2026-09-10 05:56:00,4426.113,4426.847,4425.472,4425.906,139
2026-09-10 05:57:00,4425.91,4427.321,4425.509,4426.029,186
2026-09-10 05:58:00,4426.026,4428.892,4425.801,4428.884,169
2026-09-10 05:59:00,4428.875,4431.171,4428.301,4430.843,228
2026-09-10 06:00:00,4430.945,4435.175,4428.51,4429.706,249
2026-09-10 06:01:00,4429.572,4431.121,4428.901,4431.121,209
2026-09-10 06:02:00,4431.199,4431.199,4427.008,4427.113,316
2026-09-10 06:03:00,4427.186,4428.739,4427.089,4428.136,279
2026-09-10 06:04:00,4428.072,4428.525,4426.701,4426.867,237
2026-09-10 06:05:00,4426.919,4427.619,4425.782,4426.263,204
2026-09-10 06:06:00,4426.145,4426.626,4423.725,4424.028,199
2026-09-10 06:07:00,4423.972,4424.747,4423.326,4423.838,243
2026-09-10 06:08:00,4423.625,4425.097,4423.412,4424.414,210
2026-09-10 06:09:00,4424.302,4424.302,4422.426,4422.52,176
2026-09-10 06:10:00,4422.576,4423.28,4421.351,4422.283,187
2026-09-10 06:11:00,4422.226,4422.945,4421.847,4422.778,173
2026-09-10 06:12:00,4422.991,4423.045,4418.673,4419.002,207
2026-09-10 06:13:00,4418.948,4419.86,4417.583,4417.685,202
2026-09-10 06:14:00,4417.691,4418.185,4416.083,4416.479,134
2026-09-10 06:15:00,4416.538,4416.568,4414.015,4414.247,239
2026-09-10 06:16:00,4414.189,4415.433,4413.072,4413.734,285
2026-09-10 06:17:00,4413.864,4414.206,4412.94,4413.236,224
2026-09-10 06:18:00,4413.181,4416.125,4413.118,4415.581,252
2026-09-10 06:19:00,4415.911,4416.083,4414.217,4414.912,216
2026-09-10 06:20:00,4414.967,4415.022,4413.031,4413.256,290
2026-09-10 06:21:00,4413.309,4413.765,4411.577,4411.861,243
2026-09-10 06:22:00,4411.915,4414.822,4410.769,4413.831,346
2026-09-10 06:23:00,4413.756,4413.972,4411.223,4412.328,267
2026-09-10 06:24:00,4412.525,4416.127,4412.269,4415.962,234
2026-09-10 06:25:00,4415.834,4416.261,4414.637,4415.271,207
2026-09-10 06:26:00,4415.534,4415.584,4413.068,4414.734,275
2026-09-10 06:27:00,4414.674,4415.791,4413.802,4415.664,181
2026-09-10 06:28:00,4415.386,4417.242,4413.574,4416.89,283
2026-09-10 06:29:00,4416.945,4417.715,4416.459,4417.435,196
2026-09-10 06:30:00,4417.374,4418.947,4416.814,4417.718,293
2026-09-10 06:31:00,4418.008,4418.673,4416.231,4417.217,291
2026-09-10 06:32:00,4417.063,4417.179,4414.757,4415.487,223
2026-09-10 06:33:00,4415.541,4417.132,4415.319,4416.515,195
2026-09-10 06:34:00,4416.428,4416.544,4415.133,4415.493,144
2026-09-10 06:35:00,4415.406,4415.453,4414.02,4414.02,199
2026-09-10 06:36:00,4413.965,4414.563,4413.179,4414.03,210
2026-09-10 06:37:00,4414.027,4416.66,4413.784,4416.053,228
2026-09-10 06:38:00,4415.928,4416.763,4415.928,4416.683,140
2026-09-10 06:39:00,4416.675,4418.584,4416.58,4418.584,181
2026-09-10 06:40:00,4418.524,4421.294,4418.524,4420.805,234
2026-09-10 06:41:00,4420.859,4421.7,4420.258,4421.652,192
2026-09-10 06:42:00,4421.666,4424.641,4421.31,4424.142,211
2026-09-10 06:43:00,4424.198,4426.469,4424.142,4425.249,202
2026-09-10 06:44:00,4425.305,4426.908,4424.873,4426.65,229
2026-09-10 06:45:00,4426.706,4427.749,4425.378,4427.414,245
2026-09-10 06:46:00,4427.479,4428.93,4426.829,4427.771,202
2026-09-10 06:47:00,4427.522,4427.611,4424.112,4424.698,209
2026-09-10 06:48:00,4424.572,4424.913,4424.159,4424.687,122
2026-09-10 06:49:00,4424.416,4425.218,4424.236,4424.863,137
2026-09-10 06:50:00,4424.619,4427.823,4423.832,4427.823,332
2026-09-10 06:51:00,4427.653,4428.717,4426.628,4428.136,462
2026-09-10 06:52:00,4428.029,4428.494,4425.78,4426.121,290
2026-09-10 06:53:00,4425.796,4426.518,4425.097,4426.518,198
2026-09-10 06:54:00,4426.482,4426.482,4424.61,4425.142,234
2026-09-10 06:55:00,4424.976,4425.225,4424.352,4424.783,179
2026-09-10 06:56:00,4424.766,4425.449,4424.22,4424.55,151
2026-09-10 06:57:00,4424.365,4425.661,4424.224,4424.275,170
2026-09-10 06:58:00,4424.38,4424.87,4423.581,4424.202,171
2026-09-10 06:59:00,4424.204,4425.453,4423.522,4425.384,128
2026-09-10 07:00:00,4425.316,4425.493,4422.396,4422.743,221
2026-09-10 07:01:00,4422.949,4422.949,4418.638,4419.069,316
2026-09-10 07:02:00,4419.125,4419.554,4416.358,4416.882,226
2026-09-10 07:03:00,4416.938,4417.485,4415.528,4417.022,325
2026-09-10 07:04:00,4416.964,4417.504,4414.649,4415.334,288
2026-09-10 07:05:00,4415.392,4416.539,4414.534,4416.491,209
2026-09-10 07:06:00,4416.555,4416.609,4414.057,4414.268,195
2026-09-10 07:07:00,4414.328,4415.33,4414.286,4414.789,182
2026-09-10 07:08:00,4414.822,4415.66,4414.252,4415.347,181
2026-09-10 07:09:00,4415.338,4415.62,4414.287,4414.826,196
2026-09-10 07:10:00,4414.975,4415.834,4413.56,4415.079,235
2026-09-10 07:11:00,4415.026,4415.965,4414.288,4415.523,194
2026-09-10 07:12:00,4415.589,4417.341,4415.204,4417.341,200
2026-09-10 07:13:00,4417.014,4417.419,4413.314,4413.57,197
2026-09-10 07:14:00,4413.498,4414.348,4413.096,4413.529,185
2026-09-10 07:15:00,4413.411,4415.136,4411.515,4414.496,284
2026-09-10 07:16:00,4414.499,4414.662,4412.656,4413.485,196
2026-09-10 07:17:00,4413.477,4414.101,4412.937,4413.285,145
2026-09-10 07:18:00,4413.238,4413.515,4412.501,4413.197,128
2026-09-10 07:19:00,4413.219,4413.515,4412.137,4412.667,120
2026-09-10 07:20:00,4412.547,4413.201,4412.174,4412.562,139
2026-09-10 07:21:00,4412.501,4412.747,4411.065,4411.542,154
2026-09-10 07:22:00,4411.576,4411.617,4410.392,4411.063,133
2026-09-10 07:23:00,4411.119,4413.012,4410.9,4411.594,200
2026-09-10 07:24:00,4411.614,4412.639,4410.179,4411.657,197
2026-09-10 07:25:00,4411.67,4411.973,4409.34,4409.464,152
2026-09-10 07:26:00,4409.797,4410.721,4409.231,4409.601,127
2026-09-10 07:27:00,4409.48,4410.897,4408.714,4409.334,140
2026-09-10 07:28:00,4409.335,4409.755,4408.45,4408.894,170
2026-09-10 07:29:00,4408.825,4409.334,4407.828,4408.519,177
2026-09-10 07:30:00,4408.514,4409.721,4406.544,4408.474,271
2026-09-10 07:31:00,4408.532,4409.367,4407.885,4409.038,177
2026-09-10 07:32:00,4409.092,4410.225,4407.899,4409.057,211
2026-09-10 07:33:00,4408.996,4410.804,4405.854,4406.672,360
2026-09-10 07:34:00,4406.729,4406.729,4403.967,4404.775,311
2026-09-10 07:35:00,4404.839,4407.301,4403.966,4406.344,291
2026-09-10 07:36:00,4406.543,4407.626,4405.903,4406.38,192
2026-09-10 07:37:00,4406.441,4407.295,4405.889,4406.259,190
2026-09-10 07:38:00,4406.167,4407.76,4405.334,4406.289,231
2026-09-10 07:39:00,4406.349,4407.119,4405.572,4406.245,209
2026-09-10 07:40:00,4406.187,4407.331,4405.45,4407.268,215
2026-09-10 07:41:00,4407.324,4407.324,4405.119,4406.358,201
2026-09-10 07:42:00,4406.686,4406.907,4405.425,4406.7,135
2026-09-10 07:43:00,4406.49,4408.785,4406.014,4408.567,134
2026-09-10 07:44:00,4408.569,4409.77,4408.519,4409.519,160
2026-09-10 07:45:00,4409.397,4409.765,4408.663,4409.006,163
2026-09-10 07:46:00,4408.795,4411.706,4408.795,4411.588,222
2026-09-10 07:47:00,4411.528,4412.573,4411.157,4412.062,221
2026-09-10 07:48:00,4412.054,4412.11,4410.801,4411.367,230
2026-09-10 07:49:00,4411.313,4412.259,4410.908,4411.308,220
2026-09-10 07:50:00,4411.294,4412.4,4411.003,4411.799,123
2026-09-10 07:51:00,4412.067,4414.725,4412.067,4414.663,204
2026-09-10 07:52:00,4414.716,4415.275,4413.969,4414.593,186
2026-09-10 07:53:00,4414.54,4414.913,4413.466,4413.878,180
2026-09-10 07:54:00,4414.048,4415.182,4413.514,4414.542,163
2026-09-10 07:55:00,4414.603,4414.928,4412.426,4413.169,183
2026-09-10 07:56:00,4413.401,4413.401,4412.016,4412.619,128
2026-09-10 07:57:00,4412.491,4413.238,4411.592,4411.806,118
2026-09-10 07:58:00,4411.869,4412.487,4411.071,4411.382,135
2026-09-10 07:59:00,4411.256,4412.434,4411.003,4411.852,110
2026-09-10 08:00:00,4411.794,4412.847,4411.105,4412.265,240
2026-09-10 08:01:00,4412.258,4412.799,4410.785,4411.058,192
2026-09-10 08:02:00,4410.741,4411.067,4409.69,4410.126,131
2026-09-10 08:03:00,4410.103,4410.615,4408.109,4408.573,158
2026-09-10 08:04:00,4408.634,4409.338,4407.346,4407.776,176
2026-09-10 08:05:00,4407.534,4408.196,4406.56,4407.593,188
2026-09-10 08:06:00,4407.878,4408.386,4406.999,4408.137,182
2026-09-10 08:07:00,4408.083,4408.714,4407.71,4408.23,161
2026-09-10 08:08:00,4408.349,4408.937,4407.415,4408.479,172
2026-09-10 08:09:00,4408.698,4409.15,4407.564,4409.09,166
2026-09-10 08:10:00,4408.876,4409.868,4408.341,4408.86,145
2026-09-10 08:11:00,4409.033,4409.525,4408.011,4409.02,163
2026-09-10 08:12:00,4408.96,4409.53,4407.121,4407.277,142
2026-09-10 08:13:00,4407.391,4408.033,4406.301,4406.908,158
2026-09-10 08:14:00,4406.856,4406.861,4404.543,4405.663,213
2026-09-10 08:15:00,4405.827,4406.53,4405.21,4405.487,149
2026-09-10 08:16:00,4405.431,4406.317,4405.364,4405.824,108
2026-09-10 08:17:00,4405.856,4406.746,4404.51,4406.668,205
2026-09-10 08:18:00,4406.723,4407.028,4405.238,4406.06,185
2026-09-10 08:19:00,4406.079,4406.682,4405.525,4406.076,186
2026-09-10 08:20:00,4406.339,4406.381,4405.512,4405.696,117
2026-09-10 08:21:00,4405.406,4407.076,4405.203,4405.909,188
2026-09-10 08:22:00,4405.835,4406.975,4405.402,4405.984,179
2026-09-10 08:23:00,4405.83,4407.813,4405.757,4406.707,178
2026-09-10 08:24:00,4406.686,4407.034,4405.203,4406.507,134
2026-09-10 08:25:00,4406.179,4406.566,4405.184,4405.321,147
2026-09-10 08:26:00,4405.65,4405.926,4404.926,4405.486,123
2026-09-10 08:27:00,4405.479,4405.903,4404.02,4404.836,203
2026-09-10 08:28:00,4405.092,4405.869,4404.289,4405.393,157
2026-09-10 08:29:00,4405.122,4406.37,4403.807,4405.722,191
2026-09-10 08:30:00,4405.604,4406.14,4404.112,4405.481,188
2026-09-10 08:31:00,4405.689,4405.728,4403.167,4403.221,170
2026-09-10 08:32:00,4402.89,4403.031,4401.209,4401.957,195
2026-09-10 08:33:00,4401.951,4402.186,4400.586,4401.089,159
2026-09-10 08:34:00,4401.096,4401.99,4399.851,4399.962,190
2026-09-10 08:35:00,4399.947,4401.123,4399.461,4400.9,181
2026-09-10 08:36:00,4400.857,4401.73,4400.418,4401.294,159
2026-09-10 08:37:00,4401.446,4401.446,4399.596,4399.596,159
2026-09-10 08:38:00,4399.924,4400.306,4398.482,4399.714,219
2026-09-10 08:39:00,4399.715,4401.015,4398.879,4399.925,207
2026-09-10 08:40:00,4399.869,4400.246,4399.103,4399.404,129
2026-09-10 08:41:00,4399.463,4400.652,4398.137,4398.875,207
2026-09-10 08:42:00,4398.993,4398.993,4395.425,4397.036,293
2026-09-10 08:43:00,4397.095,4397.554,4394.738,4395.902,265
2026-09-10 08:44:00,4395.947,4396.672,4395.589,4395.973,154
2026-09-10 08:45:00,4396.035,4396.73,4393.56,4393.842,261
2026-09-10 08:46:00,4393.517,4395.789,4393.419,4395.004,379
2026-09-10 08:47:00,4395.066,4395.628,4393.365,4394.131,254
2026-09-10 08:48:00,4394.185,4394.386,4392.585,4393.753,228
2026-09-10 08:49:00,4393.678,4393.994,4392.38,4392.995,216
2026-09-10 08:50:00,4393.115,4395.645,4392.908,4395.374,239
2026-09-10 08:51:00,4395.436,4398.043,4395.436,4397.454,216
2026-09-10 08:52:00,4397.398,4398.312,4396.488,4396.618,185
2026-09-10 08:53:00,4396.556,4397.338,4395.558,4395.931,174
2026-09-10 08:54:00,4395.997,4397.314,4395.638,4396.837,155
2026-09-10 08:55:00,4396.769,4396.769,4394.918,4395.204,167
2026-09-10 08:56:00,4395.216,4395.269,4393.662,4394.753,201
2026-09-10 08:57:00,4394.685,4394.965,4394.179,4394.463,156
2026-09-10 08:58:00,4394.476,4395.777,4394.476,4395.409,152
2026-09-10 08:59:00,4395.427,4395.766,4394.258,4395.013,156
2026-09-10 09:00:00,4394.685,4396.042,4394.016,4395.049,263
2026-09-10 09:01:00,4395.103,4395.103,4393.077,4393.826,207
2026-09-10 09:02:00,4393.715,4395.02,4393.33,4394.875,221
2026-09-10 09:03:00,4395.159,4396.737,4393.708,4395.035,234
2026-09-10 09:04:00,4395.091,4396.187,4395.046,4395.725,187
2026-09-10 09:05:00,4395.717,4396.655,4392.34,4392.34,234
2026-09-10 09:06:00,4392.567,4394.154,4391.326,4394.087,214
2026-09-10 09:07:00,4394.141,4394.555,4393.208,4394.257,153
2026-09-10 09:08:00,4394.095,4394.631,4392.974,4393.337,171
2026-09-10 09:09:00,4393.269,4393.566,4389.723,4391.491,260
2026-09-10 09:10:00,4391.617,4392.943,4391.616,4392.655,158
2026-09-10 09:11:00,4392.794,4393.873,4392.011,4393.067,192
2026-09-10 09:12:00,4393.27,4394.939,4392.314,4394.686,178
2026-09-10 09:13:00,4394.633,4395.016,4393.795,4394.456,140
2026-09-10 09:14:00,4394.238,4395.096,4393.979,4395.0,136
2026-09-10 09:15:00,4395.056,4395.885,4393.449,4394.151,174
2026-09-10 09:16:00,4394.033,4396.675,4393.736,4395.874,194
2026-09-10 09:17:00,4395.81,4396.953,4394.973,4395.375,159
2026-09-10 09:18:00,4395.107,4396.223,4395.107,4395.954,153
2026-09-10 09:19:00,4395.899,4396.328,4395.046,4395.644,117
2026-09-10 09:20:00,4395.91,4396.174,4394.618,4395.663,161
2026-09-10 09:21:00,4395.6,4396.035,4393.732,4394.45,133
2026-09-10 09:22:00,4394.395,4394.794,4393.483,4394.161,130
2026-09-10 09:23:00,4394.126,4394.364,4393.346,4393.91,112
2026-09-10 09:24:00,4393.962,4394.228,4391.994,4392.898,134
2026-09-10 09:25:00,4392.962,4393.019,4391.736,4392.457,148
2026-09-10 09:26:00,4392.51,4394.003,4392.225,4394.003,159
2026-09-10 09:27:00,4394.018,4395.684,4393.608,4395.252,141
2026-09-10 09:28:00,4394.887,4395.169,4392.547,4393.316,132
2026-09-10 09:29:00,4393.32,4393.898,4392.604,4392.654,117
2026-09-10 09:30:00,4392.87,4393.076,4391.441,4392.286,173
2026-09-10 09:31:00,4392.367,4392.625,4390.449,4390.839,182
2026-09-10 09:32:00,4390.892,4392.328,4389.487,4389.755,182
2026-09-10 09:33:00,4390.154,4392.349,4389.725,4391.909,246
2026-09-10 09:34:00,4391.98,4392.595,4391.363,4392.204,149
2026-09-10 09:35:00,4392.072,4392.426,4390.977,4391.871,136
2026-09-10 09:36:00,4391.632,4392.575,4391.029,4392.11,187
2026-09-10 09:37:00,4392.165,4393.255,4391.005,4391.451,169
2026-09-10 09:38:00,4391.396,4392.266,4390.686,4391.594,186
2026-09-10 09:39:00,4391.665,4392.213,4390.908,4390.908,169
2026-09-10 09:40:00,4390.928,4391.121,4389.553,4390.737,192
2026-09-10 09:41:00,4390.982,4390.982,4389.335,4389.814,173
2026-09-10 09:42:00,4389.887,4390.114,4388.311,4388.872,159
2026-09-10 09:43:00,4388.932,4392.243,4388.535,4392.235,159
2026-09-10 09:44:00,4392.23,4393.287,4391.647,4393.166,196
2026-09-10 09:45:00,4393.1,4393.994,4392.413,4393.353,129
2026-09-10 09:46:00,4393.41,4394.938,4393.41,4394.613,131
2026-09-10 09:47:00,4394.494,4395.186,4393.661,4394.324,154
2026-09-10 09:48:00,4394.546,4395.726,4394.081,4394.853,144
2026-09-10 09:49:00,4394.787,4395.234,4394.185,4395.02,125
2026-09-10 09:50:00,4394.96,4394.96,4393.786,4394.143,117
2026-09-10 09:51:00,4393.799,4394.69,4393.732,4394.37,97
2026-09-10 09:52:00,4394.586,4394.815,4394.019,4394.442,114
2026-09-10 09:53:00,4394.28,4395.746,4394.28,4394.824,125
2026-09-10 09:54:00,4394.837,4395.847,4394.553,4394.867,128
2026-09-10 09:55:00,4394.594,4394.819,4393.846,4394.34,131
2026-09-10 09:56:00,4394.497,4394.75,4393.84,4394.29,108
2026-09-10 09:57:00,4394.343,4395.203,4393.972,4394.031,117
2026-09-10 09:58:00,4394.148,4394.492,4393.066,4393.806,104
2026-09-10 09:59:00,4393.48,4394.342,4393.116,4393.961,86
2026-09-10 10:00:00,4394.21,4394.239,4391.584,4393.317,671
2026-09-10 10:01:00,4393.351,4395.602,4392.672,4395.19,247
2026-09-10 10:02:00,4395.136,4396.501,4394.501,4396.372,158
2026-09-10 10:03:00,4396.381,4397.984,4396.083,4397.438,166
2026-09-10 10:04:00,4397.496,4399.367,4397.496,4398.032,192
2026-09-10 10:05:00,4398.247,4399.822,4397.958,4399.502,147
2026-09-10 10:06:00,4399.447,4399.978,4399.395,4399.395,107
2026-09-10 10:07:00,4399.395,4399.782,4396.868,4397.141,200
2026-09-10 10:08:00,4397.213,4397.371,4395.192,4395.934,365
2026-09-10 10:09:00,4395.992,4395.992,4391.742,4392.962,414
2026-09-10 10:10:00,4392.908,4393.711,4391.364,4391.877,268
2026-09-10 10:11:00,4391.81,4393.452,4389.701,4393.383,307
2026-09-10 10:12:00,4393.056,4394.395,4392.513,4394.177,238
2026-09-10 10:13:00,4394.385,4396.85,4394.385,4396.023,260
2026-09-10 10:14:00,4396.081,4397.557,4395.027,4395.282,240
2026-09-10 10:15:00,4395.223,4398.313,4394.242,4398.077,240
2026-09-10 10:16:00,4398.016,4400.362,4397.716,4400.362,226
2026-09-10 10:17:00,4400.095,4400.095,4398.246,4398.716,175
2026-09-10 10:18:00,4398.618,4399.004,4396.746,4397.087,157
2026-09-10 10:19:00,4397.147,4399.157,4396.962,4398.725,150
2026-09-10 10:20:00,4398.663,4399.112,4397.451,4397.991,140
2026-09-10 10:21:00,4397.887,4398.634,4397.024,4398.193,143
2026-09-10 10:22:00,4398.468,4399.342,4398.294,4398.768,161
2026-09-10 10:23:00,4398.503,4398.977,4396.059,4396.842,152
2026-09-10 10:24:00,4396.75,4397.417,4395.773,4396.043,156
2026-09-10 10:25:00,4396.095,4397.32,4395.518,4397.266,175
2026-09-10 10:26:00,4397.243,4397.485,4395.899,4396.268,175
2026-09-10 10:27:00,4396.212,4396.585,4394.338,4394.961,187
2026-09-10 10:28:00,4394.615,4395.804,4394.615,4395.165,142
2026-09-10 10:29:00,4394.93,4395.251,4393.539,4394.264,125
2026-09-10 10:30:00,4394.245,4394.808,4392.113,4392.776,205
2026-09-10 10:31:00,4392.829,4393.239,4390.078,4390.292,194
2026-09-10 10:32:00,4390.228,4390.374,4387.066,4388.717,385
2026-09-10 10:33:00,4388.776,4389.058,4385.708,4386.189,260
2026-09-10 10:34:00,4386.111,4386.111,4383.462,4385.027,350
2026-09-10 10:35:00,4384.973,4384.973,4381.639,4382.105,328
2026-09-10 10:36:00,4382.05,4382.725,4379.068,4379.813,378
2026-09-10 10:37:00,4379.75,4383.932,4377.685,4383.932,401
2026-09-10 10:38:00,4384.033,4384.092,4382.39,4383.146,261
2026-09-10 10:39:00,4383.2,4385.639,4382.973,4385.353,245
2026-09-10 10:40:00,4385.325,4385.675,4383.183,4384.898,227
2026-09-10 10:41:00,4384.845,4385.596,4383.306,4383.453,231
2026-09-10 10:42:00,4383.787,4386.383,4383.603,4386.165,183
2026-09-10 10:43:00,4385.994,4386.339,4384.375,4384.653,206
2026-09-10 10:44:00,4384.689,4385.071,4382.976,4383.868,275
2026-09-10 10:45:00,4383.474,4384.506,4382.039,4384.096,289
2026-09-10 10:46:00,4384.161,4385.939,4383.9,4384.87,244
2026-09-10 10:47:00,4384.993,4385.038,4382.425,4383.158,263
2026-09-10 10:48:00,4382.83,4383.537,4380.024,4381.501,309
2026-09-10 10:49:00,4381.637,4383.521,4381.428,4383.009,233
2026-09-10 10:50:00,4382.953,4383.503,4381.653,4382.396,217
2026-09-10 10:51:00,4382.451,4383.703,4379.145,4379.55,249
2026-09-10 10:52:00,4379.491,4379.491,4374.867,4377.612,410
2026-09-10 10:53:00,4377.71,4378.948,4377.184,4378.356,224
2026-09-10 10:54:00,4378.262,4378.503,4376.494,4377.293,252
2026-09-10 10:55:00,4377.352,4379.794,4376.991,4379.164,236
2026-09-10 10:56:00,4379.064,4387.616,4378.774,4385.567,1068
2026-09-10 10:57:00,4385.623,4386.998,4382.163,4382.9,676
2026-09-10 10:58:00,4382.842,4382.984,4379.406,4379.856,449
2026-09-10 10:59:00,4379.526,4379.901,4377.49,4379.071,322
2026-09-10 11:00:00,4379.018,4380.541,4377.997,4380.045,515
2026-09-10 11:01:00,4380.099,4382.461,4379.436,4380.997,472
2026-09-10 11:02:00,4380.697,4382.148,4379.069,4381.772,376
2026-09-10 11:03:00,4381.705,4383.797,4381.705,4382.106,335
2026-09-10 11:04:00,4382.017,4384.619,4381.931,4383.625,325
2026-09-10 11:05:00,4383.571,4384.402,4381.938,4382.918,356
2026-09-10 11:06:00,4383.113,4383.273,4379.211,4379.32,335
2026-09-10 11:07:00,4379.1,4381.808,4378.932,4381.532,279
2026-09-10 11:08:00,4381.691,4382.728,4381.318,4382.37,225
2026-09-10 11:09:00,4382.243,4382.968,4378.669,4379.632,319
2026-09-10 11:10:00,4379.567,4381.623,4378.764,4380.39,272
2026-09-10 11:11:00,4380.272,4380.721,4377.098,4377.708,335
2026-09-10 11:12:00,4377.762,4378.16,4374.984,4377.694,375
2026-09-10 11:13:00,4377.747,4382.197,4377.253,4380.057,325
2026-09-10 11:14:00,4380.3,4383.725,4380.132,4383.426,254
2026-09-10 11:15:00,4383.373,4384.641,4382.034,4383.797,286
2026-09-10 11:16:00,4383.865,4384.219,4382.004,4382.763,312
2026-09-10 11:17:00,4382.71,4385.712,4382.281,4382.565,305
2026-09-10 11:18:00,4382.239,4384.459,4382.054,4382.756,308
2026-09-10 11:19:00,4382.82,4383.357,4380.813,4382.955,259
2026-09-10 11:20:00,4382.684,4383.643,4382.045,4382.659,256
2026-09-10 11:21:00,4382.987,4383.065,4379.836,4379.838,226
2026-09-10 11:22:00,4380.149,4381.59,4380.093,4381.59,252
2026-09-10 11:23:00,4381.273,4382.79,4381.215,4382.131,236
2026-09-10 11:24:00,4382.075,4382.729,4381.151,4382.674,208
2026-09-10 11:25:00,4382.892,4386.136,4382.391,4385.797,277
2026-09-10 11:26:00,4385.738,4387.681,4385.141,4387.659,230
2026-09-10 11:27:00,4387.606,4388.746,4386.747,4387.146,237
2026-09-10 11:28:00,4387.193,4387.927,4385.601,4386.121,200
2026-09-10 11:29:00,4386.064,4386.36,4385.487,4385.889,199
2026-09-10 11:30:00,4385.844,4386.439,4384.758,4386.315,259
2026-09-10 11:31:00,4386.374,4387.731,4386.163,4386.864,249
2026-09-10 11:32:00,4386.923,4387.56,4385.701,4387.117,218
2026-09-10 11:33:00,4386.918,4388.598,4384.328,4388.598,277
2026-09-10 11:34:00,4388.393,4388.77,4386.387,4386.528,225
2026-09-10 11:35:00,4386.71,4388.678,4386.188,4388.35,196
2026-09-10 11:36:00,4388.296,4388.296,4386.966,4387.711,221
2026-09-10 11:37:00,4387.821,4388.49,4387.03,4387.797,236
2026-09-10 11:38:00,4387.742,4388.168,4386.136,4388.155,198
2026-09-10 11:39:00,4388.209,4389.547,4388.145,4389.359,173
2026-09-10 11:40:00,4389.389,4390.058,4388.95,4389.43,202
2026-09-10 11:41:00,4389.372,4390.869,4389.061,4389.398,171
2026-09-10 11:42:00,4389.461,4389.683,4387.751,4388.245,192
2026-09-10 11:43:00,4387.855,4388.444,4384.804,4384.897,275
2026-09-10 11:44:00,4384.677,4385.6,4384.228,4384.605,210
2026-09-10 11:45:00,4384.711,4384.977,4382.831,4384.073,240
2026-09-10 11:46:00,4384.129,4385.244,4383.305,4383.733,164
2026-09-10 11:47:00,4383.676,4383.763,4380.791,4381.449,208
2026-09-10 11:48:00,4381.394,4381.841,4380.149,4381.826,231
2026-09-10 11:49:00,4381.833,4382.339,4381.26,4381.354,200
2026-09-10 11:50:00,4381.686,4382.802,4378.649,4380.055,345
2026-09-10 11:51:00,4379.934,4380.552,4376.27,4376.728,265
2026-09-10 11:52:00,4376.67,4377.426,4375.724,4376.592,243
2026-09-10 11:53:00,4376.537,4378.09,4375.845,4377.352,284
2026-09-10 11:54:00,4377.573,4380.851,4376.677,4380.312,298
2026-09-10 11:55:00,4380.52,4380.52,4376.373,4377.244,396
2026-09-10 11:56:00,4377.327,4378.946,4373.979,4375.479,443
2026-09-10 11:57:00,4375.532,4377.006,4374.235,4376.596,406
2026-09-10 11:58:00,4376.52,4377.844,4375.125,4375.837,336
2026-09-10 11:59:00,4375.891,4376.895,4374.341,4374.341,310
2026-09-10 12:00:00,4374.41,4376.749,4371.435,4373.251,692
2026-09-10 12:01:00,4373.375,4375.916,4372.41,4374.998,408
2026-09-10 12:02:00,4374.753,4377.082,4373.042,4373.844,349
2026-09-10 12:03:00,4374.051,4374.051,4371.154,4371.644,372
2026-09-10 12:04:00,4371.587,4373.015,4370.461,4372.749,432
2026-09-10 12:05:00,4372.453,4372.831,4369.727,4372.54,374
2026-09-10 12:06:00,4372.602,4373.335,4370.069,4371.406,355
2026-09-10 12:07:00,4371.459,4374.996,4370.877,4373.941,390
2026-09-10 12:08:00,4373.995,4376.67,4372.145,4373.941,493
2026-09-10 12:09:00,4374.028,4376.381,4372.065,4372.295,332
2026-09-10 12:10:00,4372.348,4374.144,4371.704,4374.144,373
2026-09-10 12:11:00,4373.807,4374.987,4373.548,4374.779,275
2026-09-10 12:12:00,4374.846,4377.965,4373.866,4374.25,281
2026-09-10 12:13:00,4373.995,4374.963,4372.518,4373.869,275
2026-09-10 12:14:00,4373.926,4376.136,4373.7,4375.067,308
2026-09-10 12:15:00,4375.332,4376.881,4371.251,4372.832,262
2026-09-10 12:16:00,4372.69,4374.21,4367.891,4367.891,283
2026-09-10 12:17:00,4368.267,4371.092,4366.67,4369.957,292
2026-09-10 12:18:00,4369.995,4374.307,4369.493,4373.422,592
2026-09-10 12:19:00,4373.364,4373.779,4371.705,4372.024,477
2026-09-10 12:20:00,4372.096,4373.782,4368.747,4372.833,749
2026-09-10 12:21:00,4373.011,4373.022,4368.319,4368.916,535
2026-09-10 12:22:00,4368.972,4370.106,4367.593,4369.903,415
2026-09-10 12:23:00,4369.842,4369.842,4366.905,4367.826,396
2026-09-10 12:24:00,4367.9,4368.082,4365.74,4367.626,436
2026-09-10 12:25:00,4367.579,4368.361,4363.813,4364.557,509
2026-09-10 12:26:00,4364.49,4364.654,4362.445,4363.103,410
2026-09-10 12:27:00,4363.047,4364.653,4361.779,4362.361,251
2026-09-10 12:28:00,4362.69,4363.561,4362.078,4363.561,247
2026-09-10 12:29:00,4363.502,4363.821,4361.938,4363.821,306
2026-09-10 12:30:00,4364.15,4373.103,4359.002,4360.33,601
2026-09-10 12:31:00,4359.91,4360.266,4352.331,4352.826,429
2026-09-10 12:32:00,4353.012,4355.183,4349.064,4351.324,406
2026-09-10 12:33:00,4351.248,4353.084,4348.061,4348.479,1026
2026-09-10 12:34:00,4348.391,4348.76,4339.839,4342.262,1237
2026-09-10 12:35:00,4342.32,4343.153,4338.336,4341.056,1208
2026-09-10 12:36:00,4341.18,4343.249,4335.286,4337.241,1251
2026-09-10 12:37:00,4337.163,4337.962,4331.21,4331.21,923
2026-09-10 12:38:00,4331.157,4331.941,4327.294,4328.377,1097
2026-09-10 12:39:00,4328.434,4329.02,4323.976,4326.934,774
2026-09-10 12:40:00,4327.097,4329.675,4324.049,4329.254,1165
2026-09-10 12:41:00,4329.372,4333.577,4327.818,4328.538,1030
2026-09-10 12:42:00,4328.577,4335.274,4324.551,4332.752,1187
2026-09-10 12:43:00,4332.691,4334.517,4330.734,4332.007,960
2026-09-10 12:44:00,4332.054,4342.967,4330.027,4340.682,1091
2026-09-10 12:45:00,4340.612,4343.67,4339.282,4341.181,878
2026-09-10 12:46:00,4341.111,4342.829,4338.604,4342.4,870
2026-09-10 12:47:00,4342.454,4346.081,4340.398,4340.879,914
2026-09-10 12:48:00,4340.759,4347.149,4338.194,4345.461,845
2026-09-10 12:49:00,4345.405,4349.545,4345.053,4349.401,688
2026-09-10 12:50:00,4349.462,4354.961,4349.02,4354.18,738
2026-09-10 12:51:00,4354.12,4354.645,4349.277,4350.817,869
2026-09-10 12:52:00,4350.979,4351.235,4345.778,4347.129,897
2026-09-10 12:53:00,4347.074,4347.249,4344.249,4344.607,687
2026-09-10 12:54:00,4344.669,4346.54,4342.407,4343.355,807
2026-09-10 12:55:00,4343.482,4343.515,4337.635,4338.314,754
2026-09-10 12:56:00,4338.377,4341.022,4336.297,4338.509,722
2026-09-10 12:57:00,4338.303,4342.461,4337.642,4341.609,717
2026-09-10 12:58:00,4341.568,4344.16,4340.702,4342.084,753
2026-09-10 12:59:00,4341.832,4342.438,4337.76,4340.093,879
2026-09-10 13:00:00,4339.893,4347.471,4339.296,4343.01,1904
2026-09-10 13:01:00,4343.25,4352.395,4342.599,4348.639,1161
2026-09-10 13:02:00,4348.584,4355.409,4347.96,4353.873,809
2026-09-10 13:03:00,4353.819,4354.06,4348.217,4350.769,929
2026-09-10 13:04:00,4350.734,4354.579,4350.419,4350.904,796
2026-09-10 13:05:00,4351.184,4353.447,4348.17,4348.658,1018
2026-09-10 13:06:00,4348.602,4349.766,4346.557,4347.85,773
2026-09-10 13:07:00,4347.458,4352.521,4346.64,4347.456,904
2026-09-10 13:08:00,4347.465,4350.561,4346.469,4348.57,816
2026-09-10 13:09:00,4348.781,4353.233,4347.188,4347.317,805
2026-09-10 13:10:00,4347.109,4351.224,4346.611,4348.957,817
2026-09-10 13:11:00,4348.891,4349.269,4346.168,4346.236,633
2026-09-10 13:12:00,4346.294,4349.165,4344.35,4345.573,659
2026-09-10 13:13:00,4345.847,4347.589,4344.686,4346.576,823
2026-09-10 13:14:00,4346.687,4348.667,4343.753,4344.058,764
2026-09-10 13:15:00,4343.934,4346.648,4341.343,4345.737,761
2026-09-10 13:16:00,4345.797,4346.064,4341.257,4344.302,774
2026-09-10 13:17:00,4343.999,4345.636,4343.274,4344.665,644
2026-09-10 13:18:00,4344.607,4347.796,4344.547,4347.468,861
2026-09-10 13:19:00,4347.401,4349.227,4344.61,4349.059,775
2026-09-10 13:20:00,4349.134,4352.524,4349.134,4352.409,730
2026-09-10 13:21:00,4352.353,4356.134,4351.408,4353.188,933
2026-09-10 13:22:00,4353.249,4355.368,4351.719,4352.807,678
2026-09-10 13:23:00,4352.668,4355.486,4352.58,4353.981,699
2026-09-10 13:24:00,4354.037,4354.238,4349.11,4350.338,607
2026-09-10 13:25:00,4349.928,4350.576,4347.783,4349.306,646
2026-09-10 13:26:00,4349.135,4349.423,4344.797,4349.359,592
2026-09-10 13:27:00,4349.236,4354.512,4348.329,4353.97,570
2026-09-10 13:28:00,4353.849,4356.678,4351.184,4356.476,602
2026-09-10 13:29:00,4356.534,4357.645,4355.745,4357.56,472
2026-09-10 13:30:00,4357.62,4359.004,4353.665,4356.053,1148
2026-09-10 13:31:00,4355.836,4359.078,4352.181,4357.042,1068
2026-09-10 13:32:00,4356.939,4362.751,4356.251,4360.573,745
2026-09-10 13:33:00,4360.775,4367.901,4359.716,4367.131,846
2026-09-10 13:34:00,4367.072,4368.33,4363.47,4363.631,633
2026-09-10 13:35:00,4363.291,4365.997,4359.532,4359.994,902
2026-09-10 13:36:00,4360.145,4364.111,4359.381,4359.931,893
2026-09-10 13:37:00,4359.986,4367.984,4359.924,4367.224,1038
2026-09-10 13:38:00,4367.168,4371.742,4367.168,4370.795,1121
2026-09-10 13:39:00,4370.849,4371.113,4367.457,4369.609,1083
2026-09-10 13:40:00,4369.438,4373.393,4367.239,4371.353,1107
2026-09-10 13:41:00,4371.472,4373.494,4366.564,4369.481,882
2026-09-10 13:42:00,4369.541,4372.084,4367.084,4368.939,1012
2026-09-10 13:43:00,4369.001,4370.071,4365.527,4366.608,821
2026-09-10 13:44:00,4366.67,4367.671,4363.191,4364.514,731
2026-09-10 13:45:00,4364.576,4366.423,4363.441,4366.423,786
2026-09-10 13:46:00,4366.24,4368.299,4364.775,4367.691,1053
2026-09-10 13:47:00,4367.746,4372.655,4366.361,4371.69,928
2026-09-10 13:48:00,4371.813,4374.669,4369.908,4374.413,823
2026-09-10 13:49:00,4374.358,4376.072,4371.63,4371.727,661
2026-09-10 13:50:00,4371.784,4372.996,4365.834,4367.397,761
2026-09-10 13:51:00,4367.452,4367.572,4363.325,4364.278,726
2026-09-10 13:52:00,4364.335,4373.653,4362.339,4372.69,812
2026-09-10 13:53:00,4372.588,4374.852,4371.176,4371.932,719
2026-09-10 13:54:00,4372.05,4372.76,4366.815,4367.026,704
2026-09-10 13:55:00,4367.115,4368.136,4365.196,4366.113,599
2026-09-10 13:56:00,4366.242,4370.484,4365.989,4369.268,578
2026-09-10 13:57:00,4369.211,4369.554,4366.765,4367.362,576
2026-09-10 13:58:00,4367.422,4368.837,4365.861,4366.587,430
2026-09-10 13:59:00,4366.639,4368.176,4364.316,4366.094,488
2026-09-10 14:00:00,4366.152,4371.937,4365.937,4367.813,383
2026-09-10 14:01:00,4367.888,4373.912,4367.228,4373.057,286
2026-09-10 14:02:00,4373.073,4374.955,4371.524,4372.321,329
2026-09-10 14:03:00,4372.461,4373.23,4369.611,4371.376,709
2026-09-10 14:04:00,4371.496,4371.942,4368.191,4369.836,727
2026-09-10 14:05:00,4369.892,4371.754,4366.794,4367.368,871
2026-09-10 14:06:00,4367.435,4368.739,4363.887,4364.768,657
2026-09-10 14:07:00,4364.714,4366.54,4361.68,4361.909,652
2026-09-10 14:08:00,4361.965,4364.184,4361.034,4361.895,622
2026-09-10 14:09:00,4361.848,4365.478,4361.779,4364.171,582
2026-09-10 14:10:00,4364.032,4365.919,4361.991,4362.836,632
2026-09-10 14:11:00,4362.889,4367.248,4361.979,4365.56,566
2026-09-10 14:12:00,4365.618,4366.346,4359.795,4360.6,649
2026-09-10 14:13:00,4360.654,4362.902,4359.82,4360.851,541
2026-09-10 14:14:00,4360.905,4361.712,4359.014,4359.375,556
2026-09-10 14:15:00,4359.432,4361.905,4358.968,4361.155,486
2026-09-10 14:16:00,4361.272,4361.351,4357.881,4359.806,571
2026-09-10 14:17:00,4359.864,4360.255,4354.938,4355.53,655
2026-09-10 14:18:00,4355.401,4360.1,4353.884,4359.461,616
2026-09-10 14:19:00,4359.407,4363.247,4359.055,4361.342,675
2026-09-10 14:20:00,4361.415,4366.762,4361.415,4363.817,760
2026-09-10 14:21:00,4363.834,4364.914,4362.042,4364.491,577
2026-09-10 14:22:00,4364.425,4366.878,4363.508,4366.551,678
2026-09-10 14:23:00,4366.495,4367.714,4361.279,4362.056,599
2026-09-10 14:24:00,4362.111,4373.566,4359.108,4371.215,1499
2026-09-10 14:25:00,4371.145,4376.517,4370.769,4371.683,1713
2026-09-10 14:26:00,4371.742,4371.763,4365.788,4366.368,877
2026-09-10 14:27:00,4366.299,4369.06,4364.557,4366.675,769
2026-09-10 14:28:00,4366.601,4367.986,4366.063,4367.597,634
2026-09-10 14:29:00,4367.544,4367.585,4362.51,4363.554,627
2026-09-10 14:30:00,4363.499,4363.866,4360.673,4361.209,658
2026-09-10 14:31:00,4361.142,4362.692,4360.213,4361.647,493
2026-09-10 14:32:00,4361.52,4364.321,4360.923,4363.207,561
2026-09-10 14:33:00,4363.148,4365.505,4361.864,4362.283,483
2026-09-10 14:34:00,4362.23,4365.415,4362.23,4364.491,492
2026-09-10 14:35:00,4364.437,4369.384,4364.326,4368.09,578
2026-09-10 14:36:00,4368.022,4370.331,4366.182,4370.031,634
2026-09-10 14:37:00,4370.073,4370.073,4367.108,4368.962,570
2026-09-10 14:38:00,4368.91,4369.029,4365.007,4366.893,512
2026-09-10 14:39:00,4366.747,4367.438,4362.72,4363.141,426
2026-09-10 14:40:00,4363.087,4368.895,4362.706,4368.626,540
2026-09-10 14:41:00,4368.682,4369.609,4365.017,4365.017,473
2026-09-10 14:42:00,4364.886,4366.119,4360.236,4360.493,532
2026-09-10 14:43:00,4360.437,4360.437,4356.905,4357.698,503
2026-09-10 14:44:00,4357.815,4359.525,4356.151,4356.4,573
2026-09-10 14:45:00,4356.335,4356.918,4353.948,4355.542,605
2026-09-10 14:46:00,4355.661,4358.4,4355.342,4357.58,617
2026-09-10 14:47:00,4357.505,4357.505,4354.363,4354.363,584
2026-09-10 14:48:00,4354.309,4356.991,4353.791,4356.815,535
2026-09-10 14:49:00,4356.735,4358.994,4356.509,4357.776,489
2026-09-10 14:50:00,4357.996,4358.665,4356.399,4357.105,483
2026-09-10 14:51:00,4357.162,4359.264,4356.815,4359.044,444
2026-09-10 14:52:00,4359.1,4360.125,4358.092,4360.125,438
2026-09-10 14:53:00,4360.218,4361.835,4360.082,4360.727,340
2026-09-10 14:54:00,4360.674,4360.785,4354.938,4355.378,337
2026-09-10 14:55:00,4355.015,4357.159,4354.054,4355.922,384
2026-09-10 14:56:00,4355.783,4358.977,4355.409,4358.709,332
2026-09-10 14:57:00,4358.928,4359.967,4357.604,4358.461,326
2026-09-10 14:58:00,4358.52,4358.976,4356.107,4357.44,321
2026-09-10 14:59:00,4357.563,4359.289,4356.677,4358.258,361
2026-09-10 15:00:00,4358.316,4358.477,4355.497,4355.896,589
2026-09-10 15:01:00,4356.238,4356.353,4353.164,4354.05,380
2026-09-10 15:02:00,4353.967,4355.5,4352.387,4354.037,431
2026-09-10 15:03:00,4354.099,4355.949,4353.01,4354.48,323
2026-09-10 15:04:00,4354.403,4357.271,4353.515,4353.678,377
2026-09-10 15:05:00,4353.351,4357.377,4353.351,4357.148,363
2026-09-10 15:06:00,4357.307,4357.307,4353.264,4354.63,328
2026-09-10 15:07:00,4354.578,4357.492,4354.007,4356.761,318
2026-09-10 15:08:00,4356.707,4358.913,4356.031,4358.706,285
2026-09-10 15:09:00,4358.926,4359.091,4355.3,4355.636,303
2026-09-10 15:10:00,4355.689,4361.525,4355.211,4360.486,381
2026-09-10 15:11:00,4360.094,4361.328,4357.951,4359.054,273
2026-09-10 15:12:00,4359.0,4359.874,4357.295,4358.175,298
2026-09-10 15:13:00,4358.239,4359.378,4356.112,4358.286,785
2026-09-10 15:14:00,4358.252,4360.334,4357.912,4359.545,496
2026-09-10 15:15:00,4359.503,4362.769,4358.547,4362.385,470
2026-09-10 15:16:00,4362.328,4362.933,4360.27,4361.672,379
2026-09-10 15:17:00,4361.605,4364.635,4361.428,4364.159,433
2026-09-10 15:18:00,4364.222,4364.768,4362.914,4364.768,314
2026-09-10 15:19:00,4364.985,4365.046,4362.68,4363.579,368
2026-09-10 15:20:00,4363.251,4365.564,4362.1,4362.1,351
2026-09-10 15:21:00,4362.425,4364.78,4361.056,4363.942,407
2026-09-10 15:22:00,4363.997,4366.61,4363.466,4366.536,286
2026-09-10 15:23:00,4366.319,4367.267,4364.61,4365.173,369
2026-09-10 15:24:00,4365.23,4366.531,4365.077,4366.111,349
2026-09-10 15:25:00,4366.123,4366.411,4364.357,4366.003,265
2026-09-10 15:26:00,4366.006,4366.711,4364.945,4364.947,221
2026-09-10 15:27:00,4365.272,4367.806,4364.992,4367.333,283
2026-09-10 15:28:00,4367.386,4367.604,4363.072,4363.3,303
2026-09-10 15:29:00,4363.2,4365.612,4363.2,4365.194,302
2026-09-10 15:30:00,4365.262,4367.358,4364.71,4366.121,358
2026-09-10 15:31:00,4366.179,4366.487,4363.143,4364.346,307
2026-09-10 15:32:00,4364.287,4364.4,4362.189,4363.15,260
2026-09-10 15:33:00,4363.027,4367.198,4362.68,4366.872,279
2026-09-10 15:34:00,4366.606,4369.674,4366.312,4369.404,335
2026-09-10 15:35:00,4369.345,4370.394,4368.566,4370.067,247
2026-09-10 15:36:00,4370.002,4371.556,4369.478,4369.918,307
2026-09-10 15:37:00,4369.575,4372.299,4369.331,4370.638,301
2026-09-10 15:38:00,4370.646,4371.456,4369.141,4369.253,280
2026-09-10 15:39:00,4369.473,4369.675,4366.961,4368.35,411
2026-09-10 15:40:00,4368.167,4368.774,4366.044,4366.268,377
2026-09-10 15:41:00,4366.129,4368.05,4365.022,4366.676,359
2026-09-10 15:42:00,4366.602,4366.789,4365.261,4365.4,340
2026-09-10 15:43:00,4365.421,4365.808,4363.874,4364.829,305
2026-09-10 15:44:00,4364.954,4366.525,4364.16,4365.65,360
2026-09-10 15:45:00,4365.793,4366.503,4364.139,4364.139,366
2026-09-10 15:46:00,4364.41,4365.294,4363.086,4363.833,312
2026-09-10 15:47:00,4363.52,4363.788,4360.847,4362.504,379
2026-09-10 15:48:00,4362.415,4363.997,4362.285,4362.706,329
2026-09-10 15:49:00,4362.76,4366.868,4362.541,4366.812,312
2026-09-10 15:50:00,4366.759,4367.658,4365.214,4365.392,331
2026-09-10 15:51:00,4365.515,4368.477,4365.515,4368.317,305
2026-09-10 15:52:00,4368.264,4370.11,4368.132,4368.19,344
2026-09-10 15:53:00,4368.243,4368.939,4366.844,4367.264,226
2026-09-10 15:54:00,4367.21,4367.834,4365.423,4365.926,290
2026-09-10 15:55:00,4365.707,4366.76,4363.772,4366.143,345
2026-09-10 15:56:00,4365.752,4366.421,4365.513,4365.684,237
2026-09-10 15:57:00,4365.765,4367.133,4365.074,4365.429,244
2026-09-10 15:58:00,4365.209,4367.487,4364.936,4367.107,200
2026-09-10 15:59:00,4367.051,4367.637,4365.499,4365.991,176
2026-09-10 16:00:00,4366.056,4368.25,4364.59,4367.946,298
2026-09-10 16:01:00,4368.121,4368.96,4366.078,4367.667,263
2026-09-10 16:02:00,4367.722,4368.166,4366.975,4367.627,215
2026-09-10 16:03:00,4367.513,4369.504,4366.062,4368.428,343
2026-09-10 16:04:00,4368.633,4369.899,4366.911,4367.245,354
2026-09-10 16:05:00,4367.154,4368.689,4365.924,4366.059,461
2026-09-10 16:06:00,4366.301,4366.54,4364.704,4365.015,304
2026-09-10 16:07:00,4365.056,4365.525,4363.032,4363.751,343
2026-09-10 16:08:00,4363.926,4364.42,4360.533,4360.615,450
2026-09-10 16:09:00,4360.529,4361.814,4359.46,4359.827,478
2026-09-10 16:10:00,4359.728,4361.046,4356.779,4357.401,449
2026-09-10 16:11:00,4357.539,4357.6,4354.869,4355.164,401
2026-09-10 16:12:00,4355.097,4358.424,4353.991,4357.823,413
2026-09-10 16:13:00,4357.977,4359.04,4357.119,4358.976,250
2026-09-10 16:14:00,4358.99,4360.126,4358.332,4358.876,284
2026-09-10 16:15:00,4358.814,4361.257,4358.394,4359.804,355
2026-09-10 16:16:00,4359.748,4359.748,4357.348,4357.871,307
2026-09-10 16:17:00,4357.942,4358.319,4355.31,4355.435,291
2026-09-10 16:18:00,4355.512,4357.215,4355.512,4356.621,257
2026-09-10 16:19:00,4356.838,4359.519,4356.777,4359.31,241
2026-09-10 16:20:00,4359.449,4360.7,4358.756,4359.773,290
2026-09-10 16:21:00,4359.646,4361.996,4359.496,4361.181,215
2026-09-10 16:22:00,4361.511,4362.167,4360.809,4361.772,211
2026-09-10 16:23:00,4361.75,4362.953,4360.841,4361.573,248
2026-09-10 16:24:00,4361.239,4361.749,4360.189,4361.131,208
2026-09-10 16:25:00,4361.351,4361.594,4359.943,4360.205,223
2026-09-10 16:26:00,4360.088,4362.389,4359.741,4362.389,202
2026-09-10 16:27:00,4362.04,4362.936,4361.541,4362.333,177
2026-09-10 16:28:00,4362.344,4362.722,4361.868,4362.361,156
2026-09-10 16:29:00,4362.429,4363.879,4362.123,4362.948,175
2026-09-10 16:30:00,4363.167,4363.991,4361.407,4362.08,263
2026-09-10 16:31:00,4361.745,4364.698,4361.745,4363.638,228
2026-09-10 16:32:00,4363.691,4365.665,4362.971,4364.505,272
2026-09-10 16:33:00,4364.892,4365.002,4363.637,4363.833,216
2026-09-10 16:34:00,4363.885,4364.688,4356.777,4357.407,883
2026-09-10 16:35:00,4357.061,4359.123,4355.526,4356.655,667
2026-09-10 16:36:00,4356.574,4359.615,4356.152,4358.646,487
2026-09-10 16:37:00,4358.538,4361.028,4358.538,4359.78,364
2026-09-10 16:38:00,4359.87,4361.374,4359.317,4359.849,300
2026-09-10 16:39:00,4359.629,4361.4,4359.324,4360.298,335
2026-09-10 16:40:00,4360.244,4360.887,4358.584,4359.507,324
2026-09-10 16:41:00,4359.455,4361.613,4359.441,4361.221,248
2026-09-10 16:42:00,4361.154,4361.241,4357.29,4357.575,290
2026-09-10 16:43:00,4357.487,4358.174,4356.647,4357.857,262
2026-09-10 16:44:00,4357.923,4358.781,4356.036,4356.733,245
2026-09-10 16:45:00,4356.671,4360.971,4356.294,4360.665,395
2026-09-10 16:46:00,4360.603,4361.433,4359.019,4360.82,271
2026-09-10 16:47:00,4360.888,4363.254,4360.057,4362.323,300
2026-09-10 16:48:00,4362.377,4362.931,4360.582,4360.738,247
2026-09-10 16:49:00,4360.802,4361.237,4359.077,4360.065,231
2026-09-10 16:50:00,4360.393,4362.345,4360.21,4361.717,226
2026-09-10 16:51:00,4361.777,4363.381,4361.074,4362.27,265
2026-09-10 16:52:00,4362.351,4363.83,4361.873,4362.211,229
2026-09-10 16:53:00,4362.273,4363.839,4361.311,4362.897,292
2026-09-10 16:54:00,4362.951,4363.481,4361.0,4361.519,207
2026-09-10 16:55:00,4361.442,4361.722,4359.625,4361.114,199
2026-09-10 16:56:00,4361.149,4361.509,4360.07,4360.347,167
2026-09-10 16:57:00,4360.474,4362.263,4360.137,4361.373,174
2026-09-10 16:58:00,4361.389,4364.342,4361.342,4363.949,164
2026-09-10 16:59:00,4363.907,4364.386,4362.913,4363.921,141
2026-09-10 17:00:00,4363.974,4364.056,4362.095,4363.84,202
2026-09-10 17:01:00,4363.897,4364.054,4362.2,4362.627,227
2026-09-10 17:02:00,4362.746,4368.073,4362.254,4362.371,502
2026-09-10 17:03:00,4362.421,4362.68,4359.541,4360.633,343
2026-09-10 17:04:00,4360.724,4363.603,4360.108,4363.443,291
2026-09-10 17:05:00,4363.771,4364.697,4361.258,4361.504,280
2026-09-10 17:06:00,4361.631,4363.092,4360.45,4362.336,281
2026-09-10 17:07:00,4362.39,4363.52,4362.206,4363.193,170
2026-09-10 17:08:00,4362.948,4363.52,4361.328,4362.012,196
2026-09-10 17:09:00,4361.949,4362.566,4360.759,4361.721,231
2026-09-10 17:10:00,4361.773,4366.273,4361.773,4365.717,231
2026-09-10 17:11:00,4365.825,4366.071,4364.478,4365.636,210
2026-09-10 17:12:00,4365.662,4366.305,4364.657,4365.136,254
2026-09-10 17:13:00,4365.191,4365.217,4361.773,4362.162,242
2026-09-10 17:14:00,4362.215,4362.641,4361.168,4362.641,179
2026-09-10 17:15:00,4362.699,4362.699,4361.263,4361.938,201
2026-09-10 17:16:00,4361.717,4364.483,4361.717,4363.654,184
2026-09-10 17:17:00,4363.565,4364.187,4362.72,4363.036,199
2026-09-10 17:18:00,4363.09,4363.877,4361.12,4362.814,274
2026-09-10 17:19:00,4362.602,4364.948,4361.933,4363.991,220
2026-09-10 17:20:00,4364.109,4364.593,4362.858,4364.257,191
2026-09-10 17:21:00,4364.217,4365.437,4363.905,4364.092,203
2026-09-10 17:22:00,4364.038,4365.086,4363.237,4363.636,227
2026-09-10 17:23:00,4363.419,4364.803,4362.824,4363.315,196
2026-09-10 17:24:00,4363.373,4365.53,4362.476,4362.716,301
2026-09-10 17:25:00,4362.767,4364.867,4362.442,4363.43,245
2026-09-10 17:26:00,4363.496,4364.941,4363.231,4364.889,209
2026-09-10 17:27:00,4364.949,4366.625,4364.89,4365.77,218
2026-09-10 17:28:00,4365.931,4366.802,4363.839,4365.165,266
2026-09-10 17:29:00,4365.382,4365.91,4363.601,4365.591,296
2026-09-10 17:30:00,4365.712,4366.181,4363.18,4364.277,274
2026-09-10 17:31:00,4364.195,4365.508,4363.344,4364.914,204
2026-09-10 17:32:00,4365.245,4365.255,4364.283,4364.727,146
2026-09-10 17:33:00,4364.784,4365.279,4362.317,4362.53,229
2026-09-10 17:34:00,4362.557,4363.903,4361.966,4362.681,198
2026-09-10 17:35:00,4362.66,4363.671,4361.689,4363.128,187
2026-09-10 17:36:00,4363.116,4363.973,4362.506,4362.937,227
2026-09-10 17:37:00,4362.931,4363.432,4361.739,4361.869,209
2026-09-10 17:38:00,4361.922,4362.626,4360.911,4362.341,209
2026-09-10 17:39:00,4362.281,4362.392,4358.17,4358.622,251
2026-09-10 17:40:00,4358.546,4358.546,4355.492,4355.725,305
2026-09-10 17:41:00,4355.78,4356.609,4355.199,4356.227,240
2026-09-10 17:42:00,4355.887,4356.827,4355.291,4356.739,225
2026-09-10 17:43:00,4356.674,4358.546,4356.27,4358.281,224
2026-09-10 17:44:00,4358.215,4359.552,4357.329,4359.3,193
2026-09-10 17:45:00,4359.362,4360.154,4358.203,4359.429,190
2026-09-10 17:46:00,4359.444,4360.194,4357.268,4357.784,183
2026-09-10 17:47:00,4357.797,4358.567,4357.018,4357.163,189
2026-09-10 17:48:00,4357.214,4358.174,4356.79,4357.228,172
2026-09-10 17:49:00,4357.172,4357.98,4356.849,4357.651,145
2026-09-10 17:50:00,4357.836,4358.676,4357.131,4357.474,163
2026-09-10 17:51:00,4357.275,4358.824,4357.182,4358.583,130
2026-09-10 17:52:00,4358.636,4360.247,4358.636,4359.423,155
2026-09-10 17:53:00,4359.481,4359.633,4357.789,4358.565,222
2026-09-10 17:54:00,4358.423,4359.879,4358.367,4359.308,162
2026-09-10 17:55:00,4359.375,4359.837,4356.921,4357.081,161
2026-09-10 17:56:00,4357.075,4357.422,4354.903,4355.002,205
2026-09-10 17:57:00,4354.935,4354.943,4351.298,4351.728,265
2026-09-10 17:58:00,4351.848,4352.897,4351.077,4351.614,240
2026-09-10 17:59:00,4351.668,4354.01,4351.668,4352.664,227
2026-09-10 18:00:00,4352.722,4354.829,4352.105,4354.829,284
2026-09-10 18:01:00,4354.776,4356.096,4350.73,4351.033,355
2026-09-10 18:02:00,4350.713,4352.93,4348.743,4352.639,430
2026-09-10 18:03:00,4352.753,4352.788,4348.825,4349.3,315
2026-09-10 18:04:00,4349.173,4351.421,4348.834,4350.666,310
2026-09-10 18:05:00,4350.719,4350.719,4347.557,4348.47,329
2026-09-10 18:06:00,4348.69,4350.824,4347.883,4349.506,395
2026-09-10 18:07:00,4349.18,4350.284,4348.172,4349.242,433
2026-09-10 18:08:00,4349.363,4350.379,4344.306,4344.367,345
2026-09-10 18:09:00,4344.435,4344.761,4341.885,4343.402,499
2026-09-10 18:10:00,4343.267,4343.267,4340.756,4341.993,436
2026-09-10 18:11:00,4341.94,4343.906,4341.694,4342.488,373
2026-09-10 18:12:00,4342.433,4342.867,4340.895,4342.52,317
2026-09-10 18:13:00,4342.848,4343.527,4340.333,4340.549,386
2026-09-10 18:14:00,4340.465,4342.744,4340.465,4340.94,294
2026-09-10 18:15:00,4340.993,4342.181,4338.607,4342.068,452
2026-09-10 18:16:00,4342.201,4345.075,4340.822,4341.619,348
2026-09-10 18:17:00,4341.956,4342.48,4340.358,4341.263,278
2026-09-10 18:18:00,4341.204,4342.204,4340.647,4341.328,201
2026-09-10 18:19:00,4341.311,4342.581,4341.056,4342.4,200
2026-09-10 18:20:00,4342.461,4343.841,4342.107,4343.336,230
2026-09-10 18:21:00,4343.321,4344.678,4341.942,4342.915,248
2026-09-10 18:22:00,4342.967,4344.77,4342.86,4344.662,275
2026-09-10 18:23:00,4344.656,4346.321,4344.478,4344.853,213
2026-09-10 18:24:00,4344.79,4345.396,4343.611,4343.773,220
2026-09-10 18:25:00,4343.647,4345.324,4342.463,4342.921,261
2026-09-10 18:26:00,4342.976,4343.189,4337.403,4338.381,385
2026-09-10 18:27:00,4338.438,4339.439,4338.19,4338.769,270
2026-09-10 18:28:00,4338.829,4341.537,4338.442,4341.004,349
2026-09-10 18:29:00,4340.988,4340.988,4337.299,4339.169,241
2026-09-10 18:30:00,4339.01,4339.01,4334.892,4336.539,426
2026-09-10 18:31:00,4336.416,4338.27,4335.985,4337.526,305
2026-09-10 18:32:00,4337.472,4337.626,4335.518,4335.855,255
2026-09-10 18:33:00,4335.802,4336.334,4332.626,4333.071,306
2026-09-10 18:34:00,4333.173,4336.054,4332.291,4335.276,284
2026-09-10 18:35:00,4335.148,4336.103,4334.558,4335.204,187
2026-09-10 18:36:00,4335.151,4335.786,4333.815,4334.346,188
2026-09-10 18:37:00,4334.289,4334.592,4332.888,4333.806,228
2026-09-10 18:38:00,4333.791,4334.849,4332.812,4333.873,220
2026-09-10 18:39:00,4333.99,4334.685,4333.637,4334.272,178
2026-09-10 18:40:00,4334.218,4334.218,4331.717,4331.942,217
2026-09-10 18:41:00,4332.192,4335.151,4332.092,4334.692,210
2026-09-10 18:42:00,4334.785,4335.672,4333.823,4334.19,184
2026-09-10 18:43:00,4334.324,4334.918,4332.776,4333.243,221
2026-09-10 18:44:00,4333.444,4334.614,4333.377,4333.894,151
2026-09-10 18:45:00,4333.841,4333.841,4332.113,4332.245,222
2026-09-10 18:46:00,4332.265,4332.908,4331.22,4332.278,206
2026-09-10 18:47:00,4332.208,4332.433,4330.817,4331.523,141
2026-09-10 18:48:00,4331.522,4332.246,4330.204,4331.017,188
2026-09-10 18:49:00,4330.968,4334.202,4330.684,4331.857,417
2026-09-10 18:50:00,4331.8,4333.094,4329.815,4332.92,266
2026-09-10 18:51:00,4332.862,4338.752,4331.951,4336.844,1001
2026-09-10 18:52:00,4336.784,4338.375,4334.928,4337.311,499
2026-09-10 18:53:00,4337.149,4337.434,4332.532,4333.405,414
2026-09-10 18:54:00,4333.34,4333.881,4330.469,4331.579,325
2026-09-10 18:55:00,4331.527,4334.928,4330.797,4334.928,233
2026-09-10 18:56:00,4334.899,4336.758,4334.778,4335.326,289
2026-09-10 18:57:00,4335.27,4335.791,4332.657,4332.664,231
2026-09-10 18:58:00,4332.607,4333.271,4330.542,4332.064,248
2026-09-10 18:59:00,4332.01,4333.449,4331.793,4332.689,209
2026-09-10 19:00:00,4332.635,4332.852,4325.584,4326.858,434
2026-09-10 19:01:00,4326.915,4327.375,4320.078,4321.269,627
2026-09-10 19:02:00,4321.216,4322.156,4315.494,4315.666,596
2026-09-10 19:03:00,4315.468,4317.28,4313.524,4315.323,568
2026-09-10 19:04:00,4315.218,4317.556,4315.072,4316.791,385
2026-09-10 19:05:00,4316.671,4319.048,4316.259,4318.09,268
2026-09-10 19:06:00,4318.034,4320.579,4317.522,4319.077,305
2026-09-10 19:07:00,4319.17,4320.088,4317.021,4317.349,270
2026-09-10 19:08:00,4317.149,4318.855,4316.907,4318.306,268
2026-09-10 19:09:00,4318.211,4324.599,4317.48,4324.24,752
2026-09-10 19:10:00,4324.179,4324.64,4320.758,4320.945,440
2026-09-10 19:11:00,4321.0,4322.036,4319.699,4321.013,274
2026-09-10 19:12:00,4320.926,4323.852,4320.673,4321.354,305
2026-09-10 19:13:00,4321.293,4322.025,4320.732,4321.504,279
2026-09-10 19:14:00,4321.447,4322.715,4319.845,4322.273,327
2026-09-10 19:15:00,4322.338,4323.721,4321.148,4321.207,278
2026-09-10 19:16:00,4321.163,4322.003,4319.183,4319.973,242
2026-09-10 19:17:00,4320.302,4321.644,4319.841,4320.54,202
2026-09-10 19:18:00,4320.47,4321.124,4319.564,4320.192,267
2026-09-10 19:19:00,4320.349,4321.383,4319.466,4321.262,249
2026-09-10 19:20:00,4321.205,4323.904,4320.682,4322.486,256
2026-09-10 19:21:00,4322.281,4323.931,4322.257,4323.268,249
2026-09-10 19:22:00,4323.246,4324.865,4323.246,4324.038,161
2026-09-10 19:23:00,4324.037,4324.969,4323.595,4323.595,175
2026-09-10 19:24:00,4323.592,4329.709,4323.592,4329.235,262
2026-09-10 19:25:00,4329.331,4330.87,4328.598,4328.622,270
2026-09-10 19:26:00,4328.676,4330.162,4328.676,4329.749,205
2026-09-10 19:27:00,4329.745,4330.515,4328.74,4330.433,223
2026-09-10 19:28:00,4330.38,4330.38,4327.768,4328.119,237
2026-09-10 19:29:00,4328.31,4328.682,4326.315,4327.497,185
2026-09-10 19:30:00,4327.442,4328.238,4325.24,4325.501,275
2026-09-10 19:31:00,4325.446,4329.372,4325.027,4329.212,231
2026-09-10 19:32:00,4329.145,4329.486,4326.573,4327.302,173
2026-09-10 19:33:00,4327.321,4327.511,4324.884,4326.153,218
2026-09-10 19:34:00,4326.222,4327.32,4324.74,4327.146,173
2026-09-10 19:35:00,4327.149,4327.298,4326.002,4326.694,195
2026-09-10 19:36:00,4326.727,4328.159,4325.388,4327.534,209
2026-09-10 19:37:00,4327.947,4327.947,4324.787,4325.881,208
2026-09-10 19:38:00,4325.829,4326.436,4324.138,4326.3,249
2026-09-10 19:39:00,4326.238,4327.079,4325.453,4326.826,204
2026-09-10 19:40:00,4326.879,4327.949,4326.658,4326.846,200
2026-09-10 19:41:00,4326.963,4327.784,4326.067,4326.288,177
2026-09-10 19:42:00,4326.309,4327.266,4324.543,4325.168,146
2026-09-10 19:43:00,4325.116,4325.316,4323.542,4324.506,163
2026-09-10 19:44:00,4324.386,4324.874,4323.739,4324.406,169
2026-09-10 19:45:00,4324.47,4325.279,4324.25,4325.006,159
2026-09-10 19:46:00,4324.953,4326.16,4322.745,4322.765,187
2026-09-10 19:47:00,4322.695,4324.306,4322.695,4323.482,139
2026-09-10 19:48:00,4323.567,4324.238,4321.55,4321.679,131
2026-09-10 19:49:00,4321.627,4323.338,4320.854,4322.827,146
2026-09-10 19:50:00,4322.891,4323.88,4320.876,4321.264,194
2026-09-10 19:51:00,4321.321,4321.528,4319.929,4321.195,167
2026-09-10 19:52:00,4321.21,4322.939,4320.463,4321.554,198
2026-09-10 19:53:00,4321.607,4324.758,4320.965,4324.758,233
2026-09-10 19:54:00,4324.583,4324.965,4323.214,4323.682,216
2026-09-10 19:55:00,4323.522,4324.188,4322.381,4323.588,235
2026-09-10 19:56:00,4323.622,4324.319,4323.299,4324.041,133
2026-09-10 19:57:00,4324.007,4324.763,4322.567,4322.843,148
2026-09-10 19:58:00,4322.789,4324.193,4322.34,4323.803,215
2026-09-10 19:59:00,4323.741,4324.483,4323.243,4324.224,212
2026-09-10 20:00:00,4324.659,4324.659,4322.788,4323.616,200
2026-09-10 20:01:00,4323.562,4323.772,4321.514,4321.999,131
2026-09-10 20:02:00,4321.997,4323.19,4321.563,4322.153,117
2026-09-10 20:03:00,4322.133,4322.658,4321.386,4322.353,139
2026-09-10 20:04:00,4322.486,4322.653,4319.784,4321.198,157
2026-09-10 20:05:00,4321.412,4322.304,4320.187,4322.162,140
2026-09-10 20:06:00,4322.109,4322.632,4321.65,4322.059,121
2026-09-10 20:07:00,4322.331,4322.658,4321.636,4321.952,103
2026-09-10 20:08:00,4321.9,4322.736,4321.782,4322.28,84
2026-09-10 20:09:00,4322.321,4323.824,4322.321,4322.707,95
2026-09-10 20:10:00,4322.824,4324.012,4322.774,4323.447,139
2026-09-10 20:11:00,4323.515,4324.358,4322.772,4322.772,130
2026-09-10 20:12:00,4323.007,4323.234,4322.198,4322.341,106
2026-09-10 20:13:00,4322.555,4323.192,4322.254,4323.185,90
2026-09-10 20:14:00,4322.833,4323.225,4322.778,4323.061,62
2026-09-10 20:15:00,4323.175,4323.175,4321.795,4322.605,94
2026-09-10 20:16:00,4322.862,4323.071,4322.273,4323.071,69
2026-09-10 20:17:00,4322.944,4323.171,4322.37,4322.606,80
2026-09-10 20:18:00,4322.652,4322.911,4322.096,4322.479,65
2026-09-10 20:19:00,4322.491,4322.698,4321.795,4321.795,76
2026-09-10 20:20:00,4321.737,4321.915,4318.197,4319.22,121
2026-09-10 20:21:00,4319.208,4319.25,4316.925,4318.135,138
2026-09-10 20:22:00,4318.187,4318.598,4317.294,4317.931,100
2026-09-10 20:23:00,4317.821,4317.821,4316.508,4317.402,125
2026-09-10 20:24:00,4317.409,4317.591,4316.498,4316.99,102
2026-09-10 20:25:00,4316.95,4318.23,4316.747,4317.565,148
2026-09-10 20:26:00,4317.593,4318.611,4317.284,4318.249,67
2026-09-10 20:27:00,4318.125,4318.947,4318.014,4318.455,82
2026-09-10 20:28:00,4318.506,4319.215,4318.481,4318.77,79
2026-09-10 20:29:00,4318.774,4319.186,4318.3,4318.3,79
2026-09-10 20:30:00,4318.353,4318.792,4317.175,4318.35,149
2026-09-10 20:31:00,4318.345,4318.64,4316.596,4316.784,107
2026-09-10 20:32:00,4316.854,4318.339,4316.489,4317.792,128
2026-09-10 20:33:00,4317.717,4317.717,4316.658,4317.326,88
2026-09-10 20:34:00,4317.298,4318.07,4316.687,4316.882,87
2026-09-10 20:35:00,4316.8,4317.378,4316.492,4316.894,115
2026-09-10 20:36:00,4316.979,4317.032,4315.657,4316.792,112
2026-09-10 20:37:00,4316.564,4318.285,4316.564,4316.998,103
2026-09-10 20:38:00,4316.941,4318.017,4316.74,4317.684,93
2026-09-10 20:39:00,4317.698,4318.381,4316.885,4317.183,108
2026-09-10 20:40:00,4317.125,4317.316,4315.978,4316.872,103
2026-09-10 20:41:00,4316.59,4317.507,4316.528,4317.382,79
2026-09-10 20:42:00,4317.688,4317.688,4316.409,4316.843,85
2026-09-10 20:43:00,4316.65,4318.148,4316.616,4317.768,75
2026-09-10 20:44:00,4317.751,4318.269,4317.392,4317.855,78
2026-09-10 20:45:00,4317.78,4318.855,4317.623,4318.052,127
2026-09-10 20:46:00,4318.005,4318.836,4317.764,4318.506,79
2026-09-10 20:47:00,4318.771,4318.782,4317.872,4318.262,91
2026-09-10 20:48:00,4318.234,4318.385,4317.522,4317.787,82
2026-09-10 20:49:00,4317.731,4317.731,4315.138,4315.375,109
2026-09-10 20:50:00,4315.339,4316.587,4314.397,4314.397,137
2026-09-10 20:51:00,4314.673,4316.251,4314.64,4316.032,65
2026-09-10 20:52:00,4315.968,4317.09,4315.706,4316.828,89
2026-09-10 20:53:00,4317.088,4317.088,4316.189,4316.749,59
2026-09-10 20:54:00,4317.028,4317.769,4316.817,4317.14,101
2026-09-10 20:55:00,4317.187,4318.899,4317.008,4318.388,124
2026-09-10 20:56:00,4318.376,4318.985,4316.731,4317.358,124
2026-09-10 20:57:00,4317.381,4317.596,4316.279,4316.716,134
2026-09-10 22:00:00,4319.261,4323.327,4319.134,4322.565,80
2026-09-10 22:01:00,4322.493,4324.37,4321.149,4321.827,140
2026-09-10 22:02:00,4321.832,4322.226,4320.545,4321.897,85
2026-09-10 22:03:00,4321.87,4324.937,4321.418,4322.684,158
2026-09-10 22:04:00,4322.817,4323.488,4321.188,4322.291,135
2026-09-10 22:05:00,4322.144,4322.355,4321.025,4321.755,90
2026-09-10 22:06:00,4321.405,4323.655,4321.204,4323.009,104
2026-09-10 22:07:00,4323.009,4323.009,4321.009,4321.554,109
2026-09-10 22:08:00,4321.554,4321.948,4320.909,4321.816,76
2026-09-10 22:09:00,4321.92,4322.926,4321.834,4322.806,61
2026-09-10 22:10:00,4322.806,4322.849,4321.959,4322.247,78
2026-09-10 22:11:00,4322.402,4322.671,4321.518,4321.858,63
2026-09-10 22:12:00,4322.131,4323.094,4321.911,4322.314,63
2026-09-10 22:13:00,4322.273,4322.683,4321.024,4321.529,100
2026-09-10 22:14:00,4321.476,4321.787,4321.004,4321.326,59
2026-09-10 22:15:00,4321.241,4321.579,4321.066,4321.157,38
2026-09-10 22:16:00,4321.188,4322.071,4319.573,4319.867,85
2026-09-10 22:17:00,4319.908,4320.875,4319.788,4320.875,68
2026-09-10 22:18:00,4320.602,4320.913,4320.134,4320.443,51
2026-09-10 22:19:00,4320.168,4320.536,4319.795,4319.804,50
2026-09-10 22:20:00,4319.821,4320.8,4319.275,4320.661,75
2026-09-10 22:21:00,4320.651,4321.524,4320.411,4321.25,65
2026-09-10 22:22:00,4321.31,4321.632,4320.318,4320.318,83
2026-09-10 22:23:00,4320.584,4320.636,4318.981,4319.573,80
2026-09-10 22:24:00,4319.545,4320.248,4318.962,4319.613,81
2026-09-10 22:25:00,4319.563,4320.054,4318.917,4319.792,72
2026-09-10 22:26:00,4319.734,4320.413,4318.9,4319.155,89
2026-09-10 22:27:00,4319.151,4320.267,4318.787,4319.353,92
2026-09-10 22:28:00,4319.573,4320.053,4319.112,4319.491,84
2026-09-10 22:29:00,4319.457,4319.831,4319.092,4319.585,73
2026-09-10 22:30:00,4319.581,4320.449,4318.321,4319.079,111
2026-09-10 22:31:00,4319.115,4319.115,4315.881,4316.433,125
2026-09-10 22:32:00,4316.456,4317.49,4315.595,4316.888,141
2026-09-10 22:33:00,4317.171,4318.461,4316.608,4318.448,114
2026-09-10 22:34:00,4318.472,4318.997,4317.803,4318.523,104
2026-09-10 22:35:00,4318.302,4318.628,4317.82,4318.14,66
2026-09-10 22:36:00,4318.063,4318.168,4317.56,4317.929,61
2026-09-10 22:37:00,4317.689,4317.707,4316.529,4317.509,111
2026-09-10 22:38:00,4317.519,4317.808,4316.994,4317.248,66
2026-09-10 22:39:00,4317.256,4317.463,4315.98,4316.194,70
2026-09-10 22:40:00,4316.132,4316.23,4315.474,4315.882,65
2026-09-10 22:41:00,4315.882,4316.149,4313.633,4315.371,138
2026-09-10 22:42:00,4315.507,4317.917,4315.507,4317.744,146
2026-09-10 22:43:00,4317.624,4317.624,4315.707,4316.106,98
2026-09-10 22:44:00,4316.16,4316.548,4314.976,4316.204,94
2026-09-10 22:45:00,4316.207,4316.46,4315.714,4315.94,75
2026-09-10 22:46:00,4315.97,4316.413,4315.328,4315.328,84
2026-09-10 22:47:00,4315.374,4317.533,4315.297,4316.869,123
2026-09-10 22:48:00,4316.857,4317.688,4315.975,4317.394,96
2026-09-10 22:49:00,4317.384,4318.516,4316.705,4318.409,90
2026-09-10 22:50:00,4318.438,4318.663,4317.685,4318.206,76
2026-09-10 22:51:00,4318.425,4319.305,4318.187,4318.187,78
2026-09-10 22:52:00,4318.405,4318.405,4317.573,4317.73,70
2026-09-10 22:53:00,4317.834,4318.393,4317.396,4317.611,81
2026-09-10 22:54:00,4317.57,4318.296,4317.088,4317.975,82
2026-09-10 22:55:00,4317.975,4318.974,4317.474,4318.435,86
2026-09-10 22:56:00,4318.408,4318.747,4317.852,4318.468,86
2026-09-10 22:57:00,4318.616,4318.616,4317.971,4318.246,52
2026-09-10 22:58:00,4318.249,4318.884,4317.416,4318.623,82
2026-09-10 22:59:00,4318.339,4318.616,4317.408,4318.386,80
2026-09-10 23:00:00,4318.397,4318.592,4317.407,4317.956,179
2026-09-10 23:01:00,4318.062,4320.041,4317.583,4319.844,139
2026-09-10 23:02:00,4319.769,4320.045,4318.002,4318.721,87
2026-09-10 23:03:00,4318.448,4318.867,4318.258,4318.562,63
2026-09-10 23:04:00,4318.599,4319.565,4318.496,4318.496,84
2026-09-10 23:05:00,4318.439,4319.537,4318.439,4319.166,80
2026-09-10 23:06:00,4318.887,4319.353,4318.486,4318.791,80
2026-09-10 23:07:00,4318.694,4319.557,4318.689,4319.319,66
2026-09-10 23:08:00,4319.339,4319.544,4317.978,4318.308,95
2026-09-10 23:09:00,4318.318,4318.974,4318.063,4318.676,73
2026-09-10 23:10:00,4318.691,4319.006,4318.188,4318.393,63
2026-09-10 23:11:00,4318.393,4318.74,4317.997,4318.555,61
2026-09-10 23:12:00,4318.492,4318.797,4317.811,4317.816,60
2026-09-10 23:13:00,4317.801,4319.526,4316.667,4319.517,121
2026-09-10 23:14:00,4319.568,4320.001,4318.905,4319.814,78
2026-09-10 23:15:00,4319.579,4319.876,4319.092,4319.876,74
2026-09-10 23:16:00,4319.588,4319.809,4319.164,4319.558,52
2026-09-10 23:17:00,4319.558,4319.761,4319.248,4319.66,46
2026-09-10 23:18:00,4319.586,4319.899,4319.297,4319.481,51
2026-09-10 23:19:00,4319.496,4319.964,4319.355,4319.61,60
2026-09-10 23:20:00,4319.514,4320.682,4319.514,4320.475,68
2026-09-10 23:21:00,4320.415,4320.657,4320.092,4320.241,60
2026-09-10 23:22:00,4320.028,4320.256,4318.539,4319.555,87
2026-09-10 23:23:00,4319.501,4319.501,4318.167,4318.44,74
2026-09-10 23:24:00,4318.505,4318.505,4317.606,4318.492,68
2026-09-10 23:25:00,4318.24,4319.056,4318.24,4318.578,57
2026-09-10 23:26:00,4318.582,4319.187,4318.28,4319.058,73
2026-09-10 23:27:00,4318.927,4319.142,4318.35,4318.628,63
2026-09-10 23:28:00,4318.654,4318.913,4318.196,4318.411,54
2026-09-10 23:29:00,4318.446,4318.677,4317.674,4318.331,75
2026-09-10 23:30:00,4318.319,4318.473,4317.45,4317.702,90
2026-09-10 23:31:00,4317.704,4318.208,4317.114,4317.142,70
2026-09-10 23:32:00,4317.372,4318.553,4317.12,4318.46,62
2026-09-10 23:33:00,4318.473,4320.593,4318.337,4319.929,96
2026-09-10 23:34:00,4319.9,4320.105,4318.506,4318.91,82
2026-09-10 23:35:00,4318.9,4318.9,4316.867,4316.984,108
2026-09-10 23:36:00,4317.14,4318.011,4316.989,4317.931,86
2026-09-10 23:37:00,4317.955,4317.955,4314.481,4315.016,112
2026-09-10 23:38:00,4314.825,4316.466,4314.825,4315.771,115
2026-09-10 23:39:00,4315.791,4316.281,4315.411,4316.156,117
2026-09-10 23:40:00,4315.869,4318.038,4314.992,4317.923,137
2026-09-10 23:41:00,4317.913,4317.913,4315.205,4315.621,128
2026-09-10 23:42:00,4315.654,4316.235,4315.395,4315.65,70
2026-09-10 23:43:00,4315.585,4316.451,4315.116,4316.25,115
2026-09-10 23:44:00,4316.135,4316.396,4315.539,4316.333,87
2026-09-10 23:45:00,4316.281,4318.02,4316.063,4316.705,156
2026-09-10 23:46:00,4316.651,4316.984,4314.04,4314.321,187
2026-09-10 23:47:00,4314.23,4316.685,4313.934,4315.351,165
2026-09-10 23:48:00,4315.206,4315.8,4314.633,4314.875,130
2026-09-10 23:49:00,4314.953,4315.556,4313.979,4315.268,135
2026-09-10 23:50:00,4315.381,4316.43,4314.509,4315.075,135
2026-09-10 23:51:00,4315.011,4315.668,4314.589,4314.785,117
2026-09-10 23:52:00,4314.517,4314.91,4312.994,4313.964,137
2026-09-10 23:53:00,4313.772,4314.592,4313.602,4313.848,100
2026-09-10 23:54:00,4313.91,4314.236,4311.857,4312.896,205
2026-09-10 23:55:00,4312.845,4312.845,4311.082,4312.187,142
2026-09-10 23:56:00,4312.299,4315.261,4312.134,4315.261,133
2026-09-10 23:57:00,4315.315,4316.467,4313.706,4314.338,175
2026-09-10 23:58:00,4314.166,4314.788,4313.812,4314.43,105
2026-09-10 23:59:00,4314.376,4315.408,4313.669,4315.373,112
2026-09-11 00:00:00,4315.164,4319.031,4312.632,4318.615,744
2026-09-11 00:01:00,4318.555,4320.382,4317.433,4319.557,446
2026-09-11 00:02:00,4319.618,4321.44,4319.012,4320.673,369
2026-09-11 00:03:00,4320.711,4321.229,4319.12,4319.231,352
2026-09-11 00:04:00,4319.175,4320.264,4318.593,4319.586,311
2026-09-11 00:05:00,4319.895,4320.959,4318.827,4320.115,423
2026-09-11 00:06:00,4319.989,4322.99,4319.313,4322.242,329
2026-09-11 00:07:00,4321.971,4323.848,4320.72,4322.654,309
2026-09-11 00:08:00,4322.533,4322.954,4319.259,4319.427,238
2026-09-11 00:09:00,4319.671,4321.075,4317.401,4318.734,254
2026-09-11 00:10:00,4318.676,4318.752,4316.373,4317.3,256
2026-09-11 00:11:00,4317.244,4317.524,4314.851,4315.302,264
2026-09-11 00:12:00,4315.518,4319.623,4315.252,4318.867,253
2026-09-11 00:13:00,4318.873,4319.179,4317.708,4318.342,195
2026-09-11 00:14:00,4318.607,4319.301,4317.775,4319.008,205
2026-09-11 00:15:00,4319.269,4321.529,4319.155,4319.434,274
2026-09-11 00:16:00,4319.361,4319.601,4316.789,4318.512,263
2026-09-11 00:17:00,4318.567,4320.595,4318.034,4319.742,227
2026-09-11 00:18:00,4319.662,4320.62,4318.779,4320.471,286
2026-09-11 00:19:00,4320.414,4320.543,4319.398,4320.05,198
2026-09-11 00:20:00,4320.058,4320.657,4318.616,4318.619,216
2026-09-11 00:21:00,4318.834,4320.817,4318.116,4320.625,247
2026-09-11 00:22:00,4320.272,4321.962,4320.136,4320.589,206
2026-09-11 00:23:00,4320.586,4321.885,4319.95,4321.327,211
2026-09-11 00:24:00,4321.143,4321.328,4318.425,4318.956,212
2026-09-11 00:25:00,4318.959,4319.096,4317.19,4318.238,270
2026-09-11 00:26:00,4317.984,4321.882,4317.635,4321.645,287
2026-09-11 00:27:00,4321.605,4323.459,4320.949,4322.966,211
2026-09-11 00:28:00,4323.083,4323.875,4322.529,4323.404,205
2026-09-11 00:29:00,4323.529,4324.017,4322.999,4323.75,182
2026-09-11 00:30:00,4323.698,4325.096,4323.248,4324.255,213
2026-09-11 00:31:00,4324.249,4324.77,4321.16,4321.772,215
2026-09-11 00:32:00,4321.826,4322.19,4319.682,4320.775,235
2026-09-11 00:33:00,4320.723,4323.217,4320.668,4320.943,230
2026-09-11 00:34:00,4321.028,4322.045,4320.097,4321.725,181
2026-09-11 00:35:00,4321.408,4321.682,4320.699,4321.325,199
2026-09-11 00:36:00,4321.612,4322.682,4321.202,4322.445,200
2026-09-11 00:37:00,4322.315,4323.437,4320.638,4321.666,223
2026-09-11 00:38:00,4321.381,4324.404,4321.381,4324.401,217
2026-09-11 00:39:00,4324.613,4325.865,4323.668,4325.179,264
2026-09-11 00:40:00,4325.292,4325.4,4321.898,4321.898,252
2026-09-11 00:41:00,4321.96,4323.149,4320.927,4321.817,263
2026-09-11 00:42:00,4321.801,4324.251,4321.222,4322.722,213
2026-09-11 00:43:00,4322.634,4325.448,4322.545,4324.992,226
2026-09-11 00:44:00,4324.94,4327.845,4324.94,4327.467,243
2026-09-11 00:45:00,4327.397,4329.697,4326.623,4329.582,244
2026-09-11 00:46:00,4329.598,4331.612,4329.308,4331.409,223
2026-09-11 00:47:00,4331.462,4332.263,4330.535,4331.784,296
2026-09-11 00:48:00,4331.838,4333.028,4331.687,4332.738,170
2026-09-11 00:49:00,4332.618,4333.848,4332.584,4332.59,267
2026-09-11 00:50:00,4332.533,4333.475,4332.27,4332.997,239
2026-09-11 00:51:00,4333.082,4333.221,4331.008,4332.015,216
2026-09-11 00:52:00,4331.962,4333.409,4331.631,4332.592,224
2026-09-11 00:53:00,4332.53,4333.735,4332.337,4333.36,144
2026-09-11 00:54:00,4333.308,4333.375,4331.413,4332.013,200
2026-09-11 00:55:00,4332.066,4333.489,4331.867,4333.322,184
2026-09-11 00:56:00,4333.353,4333.466,4332.138,4332.455,156
2026-09-11 00:57:00,4332.526,4332.526,4329.892,4330.37,285
2026-09-11 00:58:00,4330.429,4331.12,4329.825,4330.599,273
2026-09-11 00:59:00,4330.547,4333.188,4330.547,4331.941,249
2026-09-11 01:00:00,4331.888,4332.44,4329.536,4330.411,1134
2026-09-11 01:01:00,4330.467,4333.212,4327.959,4332.854,788
2026-09-11 01:02:00,4332.773,4338.005,4332.399,4336.147,703
2026-09-11 01:03:00,4336.127,4339.585,4335.535,4339.356,468
2026-09-11 01:04:00,4339.239,4340.559,4336.83,4340.245,488
2026-09-11 01:05:00,4340.181,4340.431,4337.692,4337.857,450
2026-09-11 01:06:00,4337.793,4338.793,4336.375,4337.367,380
2026-09-11 01:07:00,4337.313,4338.428,4334.898,4335.145,371
2026-09-11 01:08:00,4335.373,4336.264,4333.613,4333.71,475
2026-09-11 01:09:00,4333.63,4338.167,4333.339,4337.984,484
2026-09-11 01:10:00,4337.676,4338.739,4336.394,4338.541,424
2026-09-11 01:11:00,4338.6,4338.776,4336.434,4338.168,353
2026-09-11 01:12:00,4338.203,4339.049,4336.134,4337.322,373
2026-09-11 01:13:00,4337.016,4337.783,4335.12,4335.159,362
2026-09-11 01:14:00,4335.32,4335.499,4332.782,4333.32,472
2026-09-11 01:15:00,4333.185,4334.981,4330.998,4334.649,388
2026-09-11 01:16:00,4334.703,4335.935,4334.092,4335.294,390
2026-09-11 01:17:00,4335.175,4337.432,4334.75,4335.8,418
2026-09-11 01:18:00,4335.855,4336.447,4332.763,4332.763,408
2026-09-11 01:19:00,4332.654,4333.102,4331.072,4332.483,351
2026-09-11 01:20:00,4332.399,4332.53,4330.121,4330.45,425
2026-09-11 01:21:00,4330.725,4330.882,4326.43,4327.179,418
2026-09-11 01:22:00,4327.233,4327.353,4325.103,4326.971,390
2026-09-11 01:23:00,4327.059,4327.059,4323.896,4324.725,314
2026-09-11 01:24:00,4324.778,4325.133,4320.669,4321.482,397
2026-09-11 01:25:00,4321.602,4324.039,4321.49,4323.653,439
2026-09-11 01:26:00,4323.707,4329.161,4322.9,4328.721,386
2026-09-11 01:27:00,4328.719,4330.655,4328.173,4329.816,396
2026-09-11 01:28:00,4329.877,4330.449,4327.615,4328.403,322
2026-09-11 01:29:00,4328.575,4329.186,4326.564,4327.913,265
2026-09-11 01:30:00,4327.966,4331.356,4327.95,4331.103,358
2026-09-11 01:31:00,4331.051,4332.048,4330.392,4331.477,252
2026-09-11 01:32:00,4331.467,4331.515,4329.356,4331.244,315
2026-09-11 01:33:00,4331.152,4333.279,4330.066,4330.433,270
2026-09-11 01:34:00,4330.491,4332.68,4330.101,4332.47,348
2026-09-11 01:35:00,4332.523,4334.776,4332.387,4333.561,252
2026-09-11 01:36:00,4333.618,4334.37,4331.574,4332.06,219
2026-09-11 01:37:00,4331.991,4334.735,4331.73,4332.838,289
2026-09-11 01:38:00,4333.055,4334.728,4331.39,4331.446,295
2026-09-11 01:39:00,4331.696,4331.952,4329.329,4329.617,444
2026-09-11 01:40:00,4329.594,4329.647,4324.888,4325.193,386
2026-09-11 01:41:00,4325.041,4325.794,4322.513,4324.017,401
2026-09-11 01:42:00,4324.282,4325.207,4323.328,4323.672,480
2026-09-11 01:43:00,4323.728,4326.573,4323.488,4325.675,375
2026-09-11 01:44:00,4325.781,4326.746,4324.141,4326.69,383
2026-09-11 01:45:00,4326.744,4326.815,4324.196,4325.407,362
2026-09-11 01:46:00,4325.35,4326.816,4324.44,4325.136,377
2026-09-11 01:47:00,4325.178,4326.267,4324.72,4325.496,308
2026-09-11 01:48:00,4325.441,4328.226,4324.734,4326.732,339
2026-09-11 01:49:00,4326.782,4329.443,4326.408,4328.917,237
2026-09-11 01:50:00,4328.97,4329.061,4326.977,4328.369,353
2026-09-11 01:51:00,4328.423,4329.148,4326.805,4328.76,265
2026-09-11 01:52:00,4328.812,4330.306,4327.846,4328.623,319
2026-09-11 01:53:00,4328.68,4328.969,4324.391,4324.954,326
2026-09-11 01:54:00,4325.042,4326.4,4324.338,4325.297,303
2026-09-11 01:55:00,4324.967,4326.263,4324.526,4325.093,268
2026-09-11 01:56:00,4325.146,4327.669,4324.869,4327.395,279
2026-09-11 01:57:00,4327.448,4327.581,4324.162,4326.198,241
2026-09-11 01:58:00,4326.186,4327.006,4324.613,4326.945,260
2026-09-11 01:59:00,4326.867,4329.705,4326.697,4329.122,209
2026-09-11 02:00:00,4329.067,4330.884,4329.067,4330.087,296
2026-09-11 02:01:00,4330.152,4331.632,4329.577,4331.287,226
2026-09-11 02:02:00,4331.337,4331.773,4329.716,4330.479,294
2026-09-11 02:03:00,4330.534,4331.644,4329.741,4330.552,248
2026-09-11 02:04:00,4330.587,4333.027,4330.071,4332.557,205
2026-09-11 02:05:00,4332.557,4333.473,4332.012,4332.227,229
2026-09-11 02:06:00,4332.28,4332.974,4329.913,4330.237,255
2026-09-11 02:07:00,4330.29,4330.344,4327.833,4328.418,249
2026-09-11 02:08:00,4328.476,4331.231,4327.98,4330.651,248
2026-09-11 02:09:00,4330.589,4330.609,4328.926,4329.819,178
2026-09-11 02:10:00,4329.701,4331.635,4329.161,4330.764,185
2026-09-11 02:11:00,4330.892,4331.253,4329.287,4329.913,219
2026-09-11 02:12:00,4329.854,4330.383,4328.729,4329.027,207
2026-09-11 02:13:00,4328.838,4332.271,4328.701,4332.0,227
2026-09-11 02:14:00,4331.879,4332.006,4330.158,4330.875,176
2026-09-11 02:15:00,4330.796,4332.44,4329.724,4331.504,231
2026-09-11 02:16:00,4331.449,4332.936,4331.273,4331.792,164
2026-09-11 02:17:00,4331.769,4333.122,4331.274,4332.334,221
2026-09-11 02:18:00,4332.748,4333.73,4332.408,4333.239,166
2026-09-11 02:19:00,4333.312,4334.718,4333.027,4333.612,135
2026-09-11 02:20:00,4333.667,4333.759,4331.036,4332.166,220
2026-09-11 02:21:00,4331.84,4332.327,4330.369,4330.742,149
2026-09-11 02:22:00,4330.9,4331.502,4329.825,4330.074,181
2026-09-11 02:23:00,4329.84,4329.981,4328.264,4328.933,176
2026-09-11 02:24:00,4329.075,4329.355,4327.309,4328.079,171
2026-09-11 02:25:00,4327.94,4327.94,4325.205,4325.586,220
2026-09-11 02:26:00,4325.521,4326.624,4324.016,4324.439,243
2026-09-11 02:27:00,4324.493,4325.357,4323.592,4325.357,204
2026-09-11 02:28:00,4325.301,4327.485,4324.78,4326.538,166
2026-09-11 02:29:00,4326.55,4326.906,4324.937,4325.258,134
2026-09-11 02:30:00,4325.186,4326.571,4322.219,4322.748,463
2026-09-11 02:31:00,4322.849,4322.86,4318.384,4318.436,481
2026-09-11 02:32:00,4318.349,4319.627,4317.243,4318.524,492
2026-09-11 02:33:00,4318.471,4320.796,4317.784,4318.437,375
2026-09-11 02:34:00,4318.495,4319.724,4316.798,4318.965,371
2026-09-11 02:35:00,4319.241,4319.555,4316.811,4317.11,330
2026-09-11 02:36:00,4317.327,4318.276,4316.784,4317.54,295
2026-09-11 02:37:00,4317.623,4319.265,4317.435,4317.643,351
2026-09-11 02:38:00,4317.699,4322.184,4317.379,4321.399,317
2026-09-11 02:39:00,4321.452,4322.954,4320.392,4321.982,364
2026-09-11 02:40:00,4321.707,4323.659,4321.59,4323.559,326
2026-09-11 02:41:00,4323.612,4325.629,4322.226,4323.787,329
2026-09-11 02:42:00,4323.589,4324.099,4320.096,4320.857,330
2026-09-11 02:43:00,4320.896,4321.759,4319.863,4321.492,319
2026-09-11 02:44:00,4321.318,4321.941,4318.716,4318.716,341
2026-09-11 02:45:00,4319.026,4321.42,4317.308,4317.995,504
2026-09-11 02:46:00,4317.936,4318.964,4316.216,4317.09,331
2026-09-11 02:47:00,4317.146,4319.285,4315.814,4319.051,368
2026-09-11 02:48:00,4319.108,4323.65,4317.968,4323.465,343
2026-09-11 02:49:00,4323.506,4325.149,4323.318,4323.591,292
2026-09-11 02:50:00,4323.552,4326.904,4323.499,4325.696,287
2026-09-11 02:51:00,4325.749,4326.391,4323.966,4324.541,233
2026-09-11 02:52:00,4324.488,4325.254,4323.535,4324.023,288
2026-09-11 02:53:00,4324.175,4325.075,4323.649,4325.075,258
2026-09-11 02:54:00,4325.037,4325.304,4322.339,4322.37,249
2026-09-11 02:55:00,4322.348,4323.136,4320.988,4323.136,226
2026-09-11 02:56:00,4322.966,4323.632,4320.96,4321.722,248
2026-09-11 02:57:00,4321.82,4323.282,4321.577,4323.025,219
2026-09-11 02:58:00,4322.919,4323.928,4322.911,4323.543,182
2026-09-11 02:59:00,4323.522,4324.075,4322.358,4322.774,187
2026-09-11 03:00:00,4322.444,4324.29,4321.71,4323.592,249
2026-09-11 03:01:00,4323.447,4325.555,4323.114,4324.909,218
2026-09-11 03:02:00,4324.99,4326.476,4324.771,4325.029,204
2026-09-11 03:03:00,4324.908,4325.524,4323.707,4323.846,220
2026-09-11 03:04:00,4324.1,4324.763,4321.978,4322.409,277
2026-09-11 03:05:00,4322.05,4323.397,4320.87,4321.033,302
2026-09-11 03:06:00,4320.934,4321.554,4318.063,4319.242,282
2026-09-11 03:07:00,4319.181,4319.253,4314.777,4315.828,338
2026-09-11 03:08:00,4315.771,4318.381,4315.748,4317.653,324
2026-09-11 03:09:00,4317.943,4318.497,4316.987,4317.741,251
2026-09-11 03:10:00,4317.866,4319.555,4317.104,4317.781,279
2026-09-11 03:11:00,4318.001,4318.001,4314.318,4315.441,307
2026-09-11 03:12:00,4315.305,4317.265,4314.598,4317.265,284
2026-09-11 03:13:00,4317.211,4318.968,4317.184,4318.251,223
2026-09-11 03:14:00,4318.593,4320.041,4318.437,4319.477,232
2026-09-11 03:15:00,4319.435,4320.409,4318.309,4319.849,207
2026-09-11 03:16:00,4320.164,4321.603,4319.709,4320.014,185
2026-09-11 03:17:00,4319.879,4320.453,4317.968,4318.008,295
2026-09-11 03:18:00,4317.97,4318.312,4317.323,4317.963,187
2026-09-11 03:19:00,4317.931,4317.931,4314.355,4315.085,266
2026-09-11 03:20:00,4315.088,4316.361,4314.149,4315.856,273
2026-09-11 03:21:00,4316.115,4316.115,4309.08,4309.304,563
2026-09-11 03:22:00,4309.509,4310.377,4305.318,4305.595,502
2026-09-11 03:23:00,4305.534,4307.123,4303.981,4306.493,373
2026-09-11 03:24:00,4306.235,4309.386,4305.495,4307.044,378
2026-09-11 03:25:00,4307.207,4308.499,4304.737,4308.462,321
2026-09-11 03:26:00,4308.258,4308.94,4306.669,4308.328,297
2026-09-11 03:27:00,4308.644,4309.791,4308.173,4309.276,250
2026-09-11 03:28:00,4309.294,4310.685,4308.543,4308.543,259
2026-09-11 03:29:00,4308.803,4310.676,4308.543,4309.093,252
2026-09-11 03:30:00,4309.042,4311.563,4308.63,4309.725,307
2026-09-11 03:31:00,4309.799,4309.916,4306.296,4308.702,276
2026-09-11 03:32:00,4309.012,4309.595,4307.664,4308.385,262
2026-09-11 03:33:00,4308.666,4309.254,4306.741,4307.986,223
2026-09-11 03:34:00,4307.845,4309.3,4307.264,4308.786,223
2026-09-11 03:35:00,4308.809,4309.31,4307.433,4307.74,236
2026-09-11 03:36:00,4307.792,4308.97,4307.608,4308.16,236
2026-09-11 03:37:00,4308.227,4310.454,4306.617,4308.613,334
2026-09-11 03:38:00,4308.517,4310.891,4308.244,4309.498,188
2026-09-11 03:39:00,4309.577,4310.638,4308.611,4308.668,287
2026-09-11 03:40:00,4308.725,4309.564,4308.197,4309.128,284
2026-09-11 03:41:00,4309.146,4310.258,4308.593,4308.974,206
2026-09-11 03:42:00,4309.107,4312.19,4308.973,4311.987,237
2026-09-11 03:43:00,4311.9,4312.531,4310.599,4310.599,198
2026-09-11 03:44:00,4310.807,4310.96,4306.622,4308.274,230
2026-09-11 03:45:00,4308.14,4308.286,4304.323,4304.547,206
2026-09-11 03:46:00,4304.341,4305.529,4303.019,4303.624,245
2026-09-11 03:47:00,4303.695,4305.172,4302.66,4303.183,225
2026-09-11 03:48:00,4303.236,4304.422,4303.236,4303.796,170
2026-09-11 03:49:00,4303.738,4304.148,4302.213,4302.989,261
2026-09-11 03:50:00,4303.077,4303.62,4300.524,4303.497,271
2026-09-11 03:51:00,4303.445,4303.737,4301.649,4303.187,179
2026-09-11 03:52:00,4303.181,4303.441,4300.901,4302.306,167
2026-09-11 03:53:00,4302.327,4303.693,4301.812,4302.856,274
2026-09-11 03:54:00,4302.78,4304.244,4300.914,4304.033,331
2026-09-11 03:55:00,4304.031,4305.544,4303.234,4305.006,215
2026-09-11 03:56:00,4305.064,4306.857,4305.064,4306.192,258
2026-09-11 03:57:00,4306.257,4306.652,4305.207,4305.534,162
2026-09-11 03:58:00,4305.588,4306.071,4304.105,4304.206,212
2026-09-11 03:59:00,4304.152,4304.374,4302.412,4304.146,168
2026-09-11 04:00:00,4303.856,4304.544,4301.884,4303.666,333
2026-09-11 04:01:00,4303.539,4305.412,4302.362,4303.349,418
2026-09-11 04:02:00,4303.406,4304.108,4302.103,4302.583,300
2026-09-11 04:03:00,4302.912,4305.86,4302.74,4305.86,205
2026-09-11 04:04:00,4305.704,4309.243,4305.632,4308.681,261
2026-09-11 04:05:00,4308.738,4310.554,4308.436,4310.419,163
2026-09-11 04:06:00,4310.494,4311.29,4310.145,4311.29,164
2026-09-11 04:07:00,4311.344,4313.957,4311.344,4313.696,244
2026-09-11 04:08:00,4313.752,4317.874,4313.693,4317.657,229
2026-09-11 04:09:00,4317.709,4318.599,4316.365,4318.043,279
2026-09-11 04:10:00,4318.176,4323.914,4317.991,4322.193,359
2026-09-11 04:11:00,4322.191,4322.191,4318.848,4319.63,375
2026-09-11 04:12:00,4319.727,4322.875,4319.201,4321.614,340
2026-09-11 04:13:00,4321.944,4325.048,4321.716,4324.156,317
2026-09-11 04:14:00,4324.097,4324.943,4320.501,4321.445,427
2026-09-11 04:15:00,4321.674,4322.195,4320.266,4320.731,321
2026-09-11 04:16:00,4320.851,4321.711,4319.687,4319.964,228
2026-09-11 04:17:00,4319.696,4320.662,4319.437,4319.726,240
2026-09-11 04:18:00,4319.962,4322.056,4319.324,4320.072,245
2026-09-11 04:19:00,4320.134,4321.261,4319.942,4320.551,233
2026-09-11 04:20:00,4320.594,4323.844,4320.287,4323.52,234
2026-09-11 04:21:00,4323.579,4325.833,4323.264,4325.074,240
2026-09-11 04:22:00,4325.021,4325.557,4324.011,4324.365,207
2026-09-11 04:23:00,4324.507,4326.175,4324.507,4326.129,183
2026-09-11 04:24:00,4326.068,4327.061,4325.934,4326.913,157
2026-09-11 04:25:00,4327.242,4327.779,4326.658,4326.92,200
2026-09-11 04:26:00,4326.949,4328.346,4325.666,4328.346,207
2026-09-11 04:27:00,4328.073,4328.772,4326.714,4327.621,189
2026-09-11 04:28:00,4327.674,4328.426,4327.3,4328.387,154
2026-09-11 04:29:00,4328.317,4329.244,4328.034,4328.489,160
2026-09-11 04:30:00,4328.544,4330.081,4327.952,4329.518,212
2026-09-11 04:31:00,4329.465,4329.684,4327.84,4329.042,163
2026-09-11 04:32:00,4329.262,4330.527,4328.16,4329.945,199
2026-09-11 04:33:00,4329.892,4330.081,4327.698,4327.826,180
2026-09-11 04:34:00,4327.927,4328.44,4326.559,4326.922,233
2026-09-11 04:35:00,4326.975,4326.975,4325.363,4326.131,162
2026-09-11 04:36:00,4326.253,4327.278,4325.634,4326.814,167
2026-09-11 04:37:00,4326.449,4327.961,4325.959,4327.164,193
2026-09-11 04:38:00,4327.424,4328.643,4326.536,4327.299,210
2026-09-11 04:39:00,4327.246,4328.445,4326.835,4328.077,288
2026-09-11 04:40:00,4328.113,4329.435,4327.425,4327.639,334
2026-09-11 04:41:00,4327.694,4330.433,4327.694,4329.396,262
2026-09-11 04:42:00,4329.102,4332.556,4329.093,4331.889,220
2026-09-11 04:43:00,4331.818,4331.962,4329.636,4331.511,332
2026-09-11 04:44:00,4331.659,4333.053,4329.801,4330.243,283
2026-09-11 04:45:00,4330.308,4331.63,4329.631,4329.671,199
2026-09-11 04:46:00,4329.727,4332.811,4329.727,4332.187,233
2026-09-11 04:47:00,4332.219,4332.704,4329.924,4329.924,184
2026-09-11 04:48:00,4330.158,4330.913,4328.827,4329.709,135
2026-09-11 04:49:00,4329.404,4331.251,4328.835,4330.566,174
2026-09-11 04:50:00,4330.538,4333.151,4330.38,4332.842,240
2026-09-11 04:51:00,4332.904,4335.078,4332.483,4333.952,206
2026-09-11 04:52:00,4333.684,4333.712,4331.992,4332.392,169
2026-09-11 04:53:00,4332.333,4333.986,4330.933,4333.311,251
2026-09-11 04:54:00,4333.158,4335.042,4331.932,4334.851,239
2026-09-11 04:55:00,4334.799,4335.46,4334.172,4334.6,134
2026-09-11 04:56:00,4334.708,4334.919,4333.542,4333.601,142
2026-09-11 04:57:00,4333.654,4335.061,4333.48,4333.793,145
2026-09-11 04:58:00,4333.59,4334.424,4332.514,4333.235,201
2026-09-11 04:59:00,4333.288,4333.569,4331.236,4331.904,182
2026-09-11 05:00:00,4331.818,4332.147,4328.703,4329.006,296
2026-09-11 05:01:00,4328.942,4330.477,4328.122,4329.017,194
2026-09-11 05:02:00,4329.071,4329.699,4328.221,4329.472,162
2026-09-11 05:03:00,4329.525,4330.883,4329.087,4329.643,184
2026-09-11 05:04:00,4329.644,4330.646,4328.953,4329.144,176
2026-09-11 05:05:00,4329.091,4332.489,4328.712,4331.074,247
2026-09-11 05:06:00,4331.039,4332.493,4330.391,4332.005,192
2026-09-11 05:07:00,4331.998,4334.508,4331.521,4331.839,273
2026-09-11 05:08:00,4332.056,4332.152,4329.455,4330.017,222
2026-09-11 05:09:00,4330.266,4335.234,4329.942,4334.656,255
2026-09-11 05:10:00,4334.844,4335.102,4333.073,4333.653,201
2026-09-11 05:11:00,4333.708,4335.287,4332.165,4335.141,212
2026-09-11 05:12:00,4334.92,4336.422,4333.948,4335.692,225
2026-09-11 05:13:00,4335.614,4335.721,4333.922,4335.371,177
2026-09-11 05:14:00,4335.355,4338.318,4334.693,4338.031,254
2026-09-11 05:15:00,4337.972,4338.522,4337.113,4337.72,239
2026-09-11 05:16:00,4337.62,4338.475,4336.226,4336.426,201
2026-09-11 05:17:00,4336.095,4336.373,4334.843,4335.496,181
2026-09-11 05:18:00,4335.528,4338.802,4334.857,4338.435,260
2026-09-11 05:19:00,4338.489,4339.569,4338.158,4338.158,182
2026-09-11 05:20:00,4338.173,4339.417,4336.528,4336.729,160
2026-09-11 05:21:00,4336.605,4336.992,4335.479,4336.674,163
2026-09-11 05:22:00,4336.655,4336.993,4335.877,4336.921,155
2026-09-11 05:23:00,4337.007,4337.669,4336.751,4337.394,158
2026-09-11 05:24:00,4337.406,4337.588,4336.122,4336.667,180
2026-09-11 05:25:00,4336.357,4336.818,4334.351,4334.664,167
2026-09-11 05:26:00,4334.716,4335.239,4333.403,4334.458,171
2026-09-11 05:27:00,4334.787,4335.148,4334.142,4334.968,134
2026-09-11 05:28:00,4334.916,4334.955,4333.537,4333.747,156
2026-09-11 05:29:00,4333.981,4334.821,4333.67,4334.479,147
2026-09-11 05:30:00,4334.605,4338.647,4333.55,4336.823,998
2026-09-11 05:31:00,4336.881,4340.065,4336.51,4338.582,478
2026-09-11 05:32:00,4338.504,4340.177,4336.496,4337.112,573
2026-09-11 05:33:00,4337.048,4338.339,4335.112,4337.666,586
2026-09-11 05:34:00,4337.609,4341.198,4337.399,4338.398,457
2026-09-11 05:35:00,4338.345,4339.572,4337.939,4338.74,415
2026-09-11 05:36:00,4338.475,4339.261,4336.145,4338.721,416
2026-09-11 05:37:00,4338.501,4340.204,4337.813,4338.109,426
2026-09-11 05:38:00,4338.179,4339.582,4336.711,4336.982,312
2026-09-11 05:39:00,4336.766,4339.339,4336.559,4338.318,369
2026-09-11 05:40:00,4338.509,4338.534,4335.044,4335.656,338
2026-09-11 05:41:00,4335.709,4335.919,4333.988,4335.846,354
2026-09-11 05:42:00,4335.76,4339.663,4335.28,4339.663,365
2026-09-11 05:43:00,4339.336,4341.434,4338.024,4340.797,418
2026-09-11 05:44:00,4340.741,4342.993,4340.37,4342.717,376
2026-09-11 05:45:00,4342.579,4343.636,4339.437,4341.733,397
2026-09-11 05:46:00,4341.89,4345.634,4341.548,4345.341,302
2026-09-11 05:47:00,4345.219,4347.098,4343.6,4345.974,346
2026-09-11 05:48:00,4346.248,4346.836,4343.772,4344.054,252
2026-09-11 05:49:00,4344.002,4345.768,4343.945,4344.799,259
2026-09-11 05:50:00,4344.734,4345.213,4343.125,4344.364,275
2026-09-11 05:51:00,4344.42,4345.962,4344.001,4345.928,304
2026-09-11 05:52:00,4345.874,4346.772,4344.384,4345.484,287
2026-09-11 05:53:00,4345.544,4347.885,4343.955,4344.411,335
2026-09-11 05:54:00,4344.739,4348.004,4344.249,4347.977,294
2026-09-11 05:55:00,4347.797,4350.877,4347.22,4350.649,268
2026-09-11 05:56:00,4350.846,4352.068,4348.947,4349.096,301
2026-09-11 05:57:00,4349.151,4349.598,4347.379,4349.598,303
2026-09-11 05:58:00,4349.266,4349.351,4345.988,4345.988,243
2026-09-11 05:59:00,4346.045,4346.982,4345.514,4346.138,196
2026-09-11 06:00:00,4346.177,4349.369,4345.698,4349.324,241
2026-09-11 06:01:00,4349.267,4350.663,4348.661,4349.742,178
2026-09-11 06:02:00,4349.491,4355.961,4349.491,4353.692,197
2026-09-11 06:03:00,4353.621,4354.519,4352.818,4353.268,315
2026-09-11 06:04:00,4353.119,4353.971,4351.762,4353.765,344
2026-09-11 06:05:00,4353.711,4355.571,4351.716,4351.997,305
2026-09-11 06:06:00,4352.331,4355.237,4351.495,4354.464,294
2026-09-11 06:07:00,4354.724,4357.842,4354.705,4357.493,248
2026-09-11 06:08:00,4357.709,4359.134,4357.383,4357.493,316
2026-09-11 06:09:00,4357.439,4357.71,4355.366,4355.563,224
2026-09-11 06:10:00,4355.88,4356.416,4354.182,4354.968,238
2026-09-11 06:11:00,4355.004,4356.919,4354.482,4355.567,323
2026-09-11 06:12:00,4355.638,4357.746,4354.254,4354.902,301
2026-09-11 06:13:00,4354.904,4359.78,4354.904,4358.367,343
2026-09-11 06:14:00,4358.433,4361.13,4357.446,4358.795,548
2026-09-11 06:15:00,4358.74,4360.613,4358.721,4359.473,300
2026-09-11 06:16:00,4359.418,4360.297,4357.821,4358.317,338
2026-09-11 06:17:00,4357.926,4358.809,4356.601,4357.415,272
2026-09-11 06:18:00,4357.436,4358.318,4356.556,4356.952,256
2026-09-11 06:19:00,4356.803,4358.782,4356.523,4358.7,227
2026-09-11 06:20:00,4358.982,4358.987,4357.172,4357.281,221
2026-09-11 06:21:00,4357.214,4357.425,4354.357,4355.101,318
2026-09-11 06:22:00,4354.886,4355.783,4353.275,4353.653,271
2026-09-11 06:23:00,4353.71,4355.105,4352.837,4353.433,233
2026-09-11 06:24:00,4353.303,4354.285,4352.458,4352.551,232
2026-09-11 06:25:00,4352.608,4353.305,4352.075,4352.595,233
2026-09-11 06:26:00,4352.444,4352.676,4351.22,4352.533,217
2026-09-11 06:27:00,4352.315,4353.806,4351.771,4351.934,183
2026-09-11 06:28:00,4351.911,4352.806,4351.014,4352.117,223
2026-09-11 06:29:00,4352.056,4353.113,4351.62,4351.636,175
2026-09-11 06:30:00,4351.583,4352.651,4349.682,4351.114,276
2026-09-11 06:31:00,4351.18,4352.513,4350.806,4351.318,209
2026-09-11 06:32:00,4351.558,4352.292,4350.29,4350.656,242
2026-09-11 06:33:00,4350.774,4350.883,4347.729,4347.983,246
2026-09-11 06:34:00,4347.96,4348.083,4346.946,4347.179,235
2026-09-11 06:35:00,4347.236,4349.261,4347.236,4349.241,192
2026-09-11 06:36:00,4348.89,4350.875,4348.89,4350.685,244
2026-09-11 06:37:00,4350.763,4351.931,4349.143,4349.979,317
2026-09-11 06:38:00,4349.948,4352.053,4349.67,4351.378,212
2026-09-11 06:39:00,4351.06,4352.885,4351.06,4352.049,210
2026-09-11 06:40:00,4352.107,4353.458,4351.615,4352.494,188
2026-09-11 06:41:00,4352.553,4354.034,4352.191,4353.823,222
2026-09-11 06:42:00,4353.898,4354.052,4350.309,4350.818,257
2026-09-11 06:43:00,4350.872,4351.3,4349.144,4349.92,213
2026-09-11 06:44:00,4349.866,4351.084,4349.332,4350.463,229
2026-09-11 06:45:00,4350.592,4352.121,4349.337,4350.193,313
2026-09-11 06:46:00,4350.208,4351.721,4349.877,4351.502,199
2026-09-11 06:47:00,4351.796,4353.244,4350.724,4352.918,280
2026-09-11 06:48:00,4352.97,4355.446,4352.862,4353.672,242
2026-09-11 06:49:00,4353.619,4354.574,4351.908,4351.911,244
2026-09-11 06:50:00,4351.964,4352.163,4350.687,4351.051,262
2026-09-11 06:51:00,4351.07,4351.351,4350.019,4350.696,234
2026-09-11 06:52:00,4350.564,4351.46,4349.394,4351.259,252
2026-09-11 06:53:00,4351.479,4352.381,4350.193,4351.819,201
2026-09-11 06:54:00,4351.878,4353.184,4351.367,4353.06,279
2026-09-11 06:55:00,4353.112,4353.567,4351.104,4351.724,271
2026-09-11 06:56:00,4351.47,4352.144,4350.689,4350.892,198
2026-09-11 06:57:00,4350.916,4353.043,4350.916,4352.453,186
2026-09-11 06:58:00,4352.509,4352.755,4351.74,4352.274,184
2026-09-11 06:59:00,4352.221,4354.104,4351.999,4353.328,207
2026-09-11 07:00:00,4353.0,4356.387,4351.988,4355.646,349
2026-09-11 07:01:00,4355.705,4356.03,4354.015,4354.13,337
2026-09-11 07:02:00,4354.077,4354.149,4352.665,4352.992,280
2026-09-11 07:03:00,4353.157,4354.212,4352.803,4352.811,225
2026-09-11 07:04:00,4353.136,4354.682,4352.3,4354.682,243
2026-09-11 07:05:00,4354.784,4356.107,4353.459,4355.142,225
2026-09-11 07:06:00,4355.204,4355.709,4353.11,4353.319,220
2026-09-11 07:07:00,4353.481,4353.704,4352.323,4353.311,185
2026-09-11 07:08:00,4353.249,4353.249,4350.338,4350.66,173
2026-09-11 07:09:00,4350.725,4351.267,4349.823,4350.801,161
2026-09-11 07:10:00,4350.951,4353.977,4350.345,4353.543,180
2026-09-11 07:11:00,4353.546,4354.147,4352.807,4353.966,157
2026-09-11 07:12:00,4353.912,4354.142,4352.589,4354.046,186
2026-09-11 07:13:00,4354.054,4355.449,4352.201,4352.606,183
2026-09-11 07:14:00,4352.606,4353.096,4351.222,4351.508,163
2026-09-11 07:15:00,4351.618,4352.386,4350.762,4350.914,231
2026-09-11 07:16:00,4351.006,4351.952,4350.011,4351.175,184
2026-09-11 07:17:00,4351.055,4352.233,4350.303,4351.775,159
2026-09-11 07:18:00,4351.608,4352.264,4350.315,4350.957,188
2026-09-11 07:19:00,4351.012,4352.0,4350.244,4350.495,204
2026-09-11 07:20:00,4350.824,4351.099,4349.473,4350.566,188
2026-09-11 07:21:00,4350.63,4351.843,4350.448,4350.577,142
2026-09-11 07:22:00,4350.578,4350.799,4348.147,4348.512,167
2026-09-11 07:23:00,4348.51,4350.788,4347.595,4350.606,154
2026-09-11 07:24:00,4350.914,4352.45,4349.439,4349.656,178
2026-09-11 07:25:00,4349.626,4349.713,4348.281,4348.871,195
2026-09-11 07:26:00,4348.992,4348.992,4347.106,4347.714,229
2026-09-11 07:27:00,4347.776,4348.909,4347.64,4348.103,154
2026-09-11 07:28:00,4348.221,4348.68,4346.273,4347.592,232
2026-09-11 07:29:00,4347.933,4347.956,4346.047,4346.27,182
2026-09-11 07:30:00,4346.248,4346.707,4345.518,4346.466,196
2026-09-11 07:31:00,4346.544,4347.09,4345.757,4346.965,200
2026-09-11 07:32:00,4346.957,4347.781,4345.653,4346.777,164
2026-09-11 07:33:00,4346.779,4347.001,4345.566,4345.822,158
2026-09-11 07:34:00,4345.491,4345.911,4344.118,4345.196,167
2026-09-11 07:35:00,4345.249,4346.184,4344.569,4344.992,185
2026-09-11 07:36:00,4345.134,4345.212,4343.999,4344.68,117
2026-09-11 07:37:00,4344.69,4345.102,4344.06,4344.113,128
2026-09-11 07:38:00,4344.151,4344.84,4343.078,4343.635,141
2026-09-11 07:39:00,4343.517,4344.475,4343.34,4343.801,132
2026-09-11 07:40:00,4343.854,4344.33,4343.265,4343.654,135
2026-09-11 07:41:00,4343.598,4345.607,4343.399,4344.58,243
2026-09-11 07:42:00,4344.281,4345.101,4343.718,4344.337,161
2026-09-11 07:43:00,4344.355,4346.41,4343.85,4345.853,169
2026-09-11 07:44:00,4345.822,4346.593,4344.311,4344.982,185
2026-09-11 07:45:00,4345.197,4345.264,4343.966,4344.467,220
2026-09-11 07:46:00,4344.526,4345.1,4343.324,4343.381,200
2026-09-11 07:47:00,4343.644,4343.644,4342.447,4343.29,163
2026-09-11 07:48:00,4343.072,4343.522,4342.815,4343.231,122
2026-09-11 07:49:00,4343.231,4343.53,4342.0,4342.447,127
2026-09-11 07:50:00,4342.535,4343.033,4341.764,4342.362,175
2026-09-11 07:51:00,4342.59,4342.648,4340.666,4340.787,137
2026-09-11 07:52:00,4340.841,4343.248,4340.377,4342.963,170
2026-09-11 07:53:00,4342.907,4343.07,4341.4,4342.217,164
2026-09-11 07:54:00,4342.225,4342.918,4341.95,4342.644,147
2026-09-11 07:55:00,4342.784,4344.646,4342.641,4343.445,176
2026-09-11 07:56:00,4343.304,4344.988,4342.956,4344.092,184
2026-09-11 07:57:00,4344.09,4344.912,4343.614,4344.111,168
2026-09-11 07:58:00,4344.056,4345.13,4343.112,4344.914,137
2026-09-11 07:59:00,4344.848,4345.002,4343.603,4344.669,177
2026-09-11 08:00:00,4345.06,4347.124,4344.674,4346.527,365
2026-09-11 08:01:00,4346.265,4346.968,4344.32,4345.504,267
2026-09-11 08:02:00,4345.804,4347.368,4344.007,4344.007,255
2026-09-11 08:03:00,4343.955,4345.061,4342.458,4343.26,274
2026-09-11 08:04:00,4343.119,4344.732,4342.509,4344.483,217
2026-09-11 08:05:00,4344.308,4345.164,4343.46,4344.295,215
2026-09-11 08:06:00,4344.23,4346.914,4344.23,4346.772,189
2026-09-11 08:07:00,4346.491,4348.879,4346.328,4347.015,189
2026-09-11 08:08:00,4347.048,4347.262,4345.221,4346.832,245
2026-09-11 08:09:00,4347.051,4347.69,4344.367,4345.094,251
2026-09-11 08:10:00,4345.383,4347.406,4345.358,4347.041,187
2026-09-11 08:11:00,4347.239,4348.094,4342.093,4344.156,782
2026-09-11 08:12:00,4344.107,4346.262,4343.606,4345.523,230
2026-09-11 08:13:00,4345.604,4349.037,4345.563,4348.567,226
2026-09-11 08:14:00,4348.636,4349.447,4346.694,4347.551,200
2026-09-11 08:15:00,4347.283,4348.112,4346.536,4347.082,244
2026-09-11 08:16:00,4346.687,4348.648,4345.912,4348.184,304
2026-09-11 08:17:00,4348.238,4350.323,4347.992,4349.026,263
2026-09-11 08:18:00,4349.029,4350.271,4348.749,4349.871,191
2026-09-11 08:19:00,4349.803,4349.867,4346.761,4347.021,283
2026-09-11 08:20:00,4346.693,4347.197,4344.545,4344.889,240
2026-09-11 08:21:00,4344.551,4345.582,4343.496,4345.582,210
2026-09-11 08:22:00,4345.597,4346.106,4344.973,4346.106,200
2026-09-11 08:23:00,4345.907,4348.171,4345.776,4348.046,270
2026-09-11 08:24:00,4347.762,4357.539,4347.618,4352.352,1836
2026-09-11 08:25:00,4352.297,4354.584,4350.339,4353.292,548
2026-09-11 08:26:00,4353.092,4354.949,4351.274,4351.927,330
2026-09-11 08:27:00,4351.806,4351.942,4349.033,4349.193,211
2026-09-11 08:28:00,4349.328,4351.43,4349.251,4350.708,254
2026-09-11 08:29:00,4350.795,4352.709,4350.205,4351.754,260
2026-09-11 08:30:00,4351.691,4355.249,4351.035,4354.592,319
2026-09-11 08:31:00,4354.523,4355.175,4353.825,4354.616,224
2026-09-11 08:32:00,4354.4,4356.101,4353.688,4354.474,272
2026-09-11 08:33:00,4354.633,4354.849,4353.783,4353.988,221
2026-09-11 08:34:00,4354.199,4354.251,4352.313,4352.547,149
2026-09-11 08:35:00,4352.549,4353.343,4351.196,4352.065,211
2026-09-11 08:36:00,4351.999,4353.599,4351.962,4353.135,223
2026-09-11 08:37:00,4353.073,4353.822,4352.435,4353.232,168
2026-09-11 08:38:00,4353.139,4355.44,4353.115,4355.199,198
2026-09-11 08:39:00,4355.178,4356.039,4353.776,4354.275,194
2026-09-11 08:40:00,4354.127,4355.936,4353.606,4355.806,196
2026-09-11 08:41:00,4355.696,4356.71,4354.882,4356.296,163
2026-09-11 08:42:00,4356.185,4356.397,4354.833,4355.511,215
2026-09-11 08:43:00,4355.663,4355.782,4352.078,4352.557,210
2026-09-11 08:44:00,4352.736,4353.29,4352.487,4352.685,105
2026-09-11 08:45:00,4352.575,4353.485,4351.953,4353.009,156
2026-09-11 08:46:00,4353.066,4355.624,4352.408,4353.352,220
2026-09-11 08:47:00,4353.337,4353.488,4351.911,4352.199,151
2026-09-11 08:48:00,4352.19,4353.861,4351.773,4352.797,211
2026-09-11 08:49:00,4352.803,4353.876,4352.04,4352.65,162
2026-09-11 08:50:00,4352.655,4353.105,4349.257,4350.821,256
2026-09-11 08:51:00,4350.731,4351.679,4350.098,4351.136,169
2026-09-11 08:52:00,4351.05,4351.971,4350.603,4351.566,139
2026-09-11 08:53:00,4351.455,4352.556,4350.702,4352.556,177
2026-09-11 08:54:00,4352.423,4352.89,4350.773,4350.981,178
2026-09-11 08:55:00,4350.935,4350.935,4347.84,4348.204,176
2026-09-11 08:56:00,4348.276,4349.691,4348.071,4348.984,141
2026-09-11 08:57:00,4348.755,4349.236,4345.63,4346.053,228
2026-09-11 08:58:00,4346.073,4346.853,4346.073,4346.852,152
2026-09-11 08:59:00,4346.788,4347.287,4345.392,4347.105,165
2026-09-11 09:00:00,4347.167,4351.038,4347.167,4350.729,281
2026-09-11 09:01:00,4350.786,4354.012,4350.599,4353.012,238
2026-09-11 09:02:00,4352.855,4352.855,4350.485,4350.578,178
2026-09-11 09:03:00,4350.643,4350.824,4349.019,4349.211,179
2026-09-11 09:04:00,4349.391,4350.426,4348.217,4348.544,174
2026-09-11 09:05:00,4348.512,4348.898,4347.89,4348.547,151
2026-09-11 09:06:00,4348.59,4348.656,4347.792,4348.573,156
2026-09-11 09:07:00,4348.559,4348.559,4347.589,4347.898,118
2026-09-11 09:08:00,4347.741,4348.208,4346.288,4346.927,156
2026-09-11 09:09:00,4346.718,4346.999,4344.303,4344.94,177
2026-09-11 09:10:00,4344.611,4345.111,4343.446,4344.687,187
2026-09-11 09:11:00,4344.739,4345.029,4343.301,4344.146,194
2026-09-11 09:12:00,4344.199,4344.872,4344.048,4344.759,122
2026-09-11 09:13:00,4344.813,4345.853,4344.032,4344.985,183
2026-09-11 09:14:00,4344.714,4345.093,4342.38,4342.38,159
2026-09-11 09:15:00,4342.327,4343.288,4341.437,4342.773,226
2026-09-11 09:16:00,4342.807,4343.864,4342.589,4343.506,152
2026-09-11 09:17:00,4343.363,4343.599,4342.638,4343.538,108
2026-09-11 09:18:00,4343.595,4343.945,4342.624,4343.772,127
2026-09-11 09:19:00,4343.511,4345.324,4343.346,4345.09,149
2026-09-11 09:20:00,4345.174,4346.313,4344.245,4345.636,164
2026-09-11 09:21:00,4345.497,4345.853,4344.42,4345.853,185
2026-09-11 09:22:00,4345.793,4346.07,4344.824,4345.554,175
2026-09-11 09:23:00,4345.607,4346.024,4344.962,4345.507,160
2026-09-11 09:24:00,4345.723,4345.76,4343.611,4344.657,178
2026-09-11 09:25:00,4344.46,4345.417,4343.648,4344.914,136
2026-09-11 09:26:00,4344.939,4345.732,4344.867,4345.228,144
2026-09-11 09:27:00,4345.504,4345.504,4343.817,4343.817,118
2026-09-11 09:28:00,4344.038,4345.844,4343.468,4344.992,187
2026-09-11 09:29:00,4345.01,4345.265,4343.442,4343.646,224
2026-09-11 09:30:00,4343.843,4344.843,4342.21,4343.066,208
2026-09-11 09:31:00,4343.138,4343.138,4341.399,4341.648,173
2026-09-11 09:32:00,4341.765,4343.653,4341.449,4342.991,314
2026-09-11 09:33:00,4343.253,4345.155,4342.6,4342.702,188
2026-09-11 09:34:00,4342.759,4343.773,4341.387,4342.221,179
2026-09-11 09:35:00,4342.163,4343.179,4341.895,4343.179,179
2026-09-11 09:36:00,4343.095,4344.441,4342.482,4343.946,206
2026-09-11 09:37:00,4343.886,4344.511,4343.655,4343.952,198
2026-09-11 09:38:00,4344.006,4344.136,4342.413,4342.808,175
2026-09-11 09:39:00,4342.862,4343.221,4342.081,4342.468,151
2026-09-11 09:40:00,4342.415,4343.058,4340.602,4342.918,200
2026-09-11 09:41:00,4343.116,4343.532,4341.849,4341.971,122
2026-09-11 09:42:00,4342.024,4342.786,4341.647,4341.882,143
2026-09-11 09:43:00,4342.101,4343.227,4341.833,4343.224,99
2026-09-11 09:44:00,4342.978,4343.663,4342.81,4343.357,137
2026-09-11 09:45:00,4343.456,4344.032,4342.79,4343.1,121
2026-09-11 09:46:00,4343.099,4343.492,4342.786,4343.38,132
2026-09-11 09:47:00,4343.186,4343.948,4342.635,4343.313,124
2026-09-11 09:48:00,4343.064,4343.935,4342.375,4343.877,113
2026-09-11 09:49:00,4343.606,4343.963,4343.152,4343.544,112
2026-09-11 09:50:00,4343.447,4344.46,4342.658,4343.343,177
2026-09-11 09:51:00,4343.405,4344.39,4343.058,4343.431,170
2026-09-11 09:52:00,4343.378,4344.544,4343.151,4344.314,174
2026-09-11 09:53:00,4343.971,4344.4,4343.176,4343.651,151
2026-09-11 09:54:00,4343.717,4344.347,4343.567,4343.611,120
2026-09-11 09:55:00,4343.914,4344.956,4343.828,4344.102,180
2026-09-11 09:56:00,4344.22,4344.401,4343.248,4343.726,203
2026-09-11 09:57:00,4343.511,4343.867,4343.001,4343.67,131
2026-09-11 09:58:00,4343.744,4347.265,4343.631,4346.734,204
2026-09-11 09:59:00,4346.779,4347.843,4346.063,4346.358,151
2026-09-11 10:00:00,4346.418,4348.209,4346.112,4347.206,222
2026-09-11 10:01:00,4347.269,4348.722,4347.269,4348.722,164
2026-09-11 10:02:00,4348.373,4348.459,4341.33,4348.128,1025
2026-09-11 10:03:00,4348.071,4348.156,4346.07,4347.223,250
2026-09-11 10:04:00,4347.165,4349.313,4346.825,4349.236,224
2026-09-11 10:05:00,4349.07,4349.944,4348.375,4348.954,197
2026-09-11 10:06:00,4348.966,4348.981,4347.034,4347.138,136
2026-09-11 10:07:00,4347.079,4348.048,4346.825,4347.649,140
2026-09-11 10:08:00,4347.93,4348.029,4345.928,4346.952,151
2026-09-11 10:09:00,4346.682,4346.822,4344.811,4345.826,123
2026-09-11 10:10:00,4345.568,4347.122,4343.378,4347.115,188
2026-09-11 10:11:00,4346.78,4347.758,4345.672,4346.058,178
2026-09-11 10:12:00,4346.03,4346.596,4345.69,4345.854,108
2026-09-11 10:13:00,4346.234,4346.59,4344.652,4345.738,153
2026-09-11 10:14:00,4345.683,4346.581,4345.322,4345.911,134
2026-09-11 10:15:00,4346.238,4347.667,4345.696,4346.487,154
2026-09-11 10:16:00,4346.197,4347.591,4346.039,4346.601,186
2026-09-11 10:17:00,4346.664,4347.247,4345.961,4346.346,129
2026-09-11 10:18:00,4346.366,4347.747,4346.092,4347.747,145
2026-09-11 10:19:00,4347.959,4349.964,4347.43,4348.95,188
2026-09-11 10:20:00,4348.943,4349.946,4347.897,4348.012,161
2026-09-11 10:21:00,4348.087,4348.686,4346.092,4346.715,154
2026-09-11 10:22:00,4346.658,4347.569,4346.02,4347.074,277
2026-09-11 10:23:00,4347.127,4348.67,4345.495,4346.255,202
2026-09-11 10:24:00,4346.311,4348.333,4346.311,4348.333,179
2026-09-11 10:25:00,4348.601,4350.04,4347.871,4349.744,164
2026-09-11 10:26:00,4349.423,4349.69,4347.909,4347.926,168
2026-09-11 10:27:00,4347.994,4348.855,4347.387,4348.011,179
2026-09-11 10:28:00,4347.888,4348.783,4346.839,4347.546,150
2026-09-11 10:29:00,4347.324,4349.543,4347.247,4349.191,142
2026-09-11 10:30:00,4349.259,4349.829,4347.506,4347.667,209
2026-09-11 10:31:00,4347.585,4348.746,4347.19,4347.455,160
2026-09-11 10:32:00,4347.338,4349.365,4347.3,4348.899,183
2026-09-11 10:33:00,4348.954,4349.157,4347.329,4347.385,187
2026-09-11 10:34:00,4347.456,4349.092,4347.456,4348.895,141
2026-09-11 10:35:00,4348.831,4349.288,4348.129,4348.522,224
2026-09-11 10:36:00,4348.232,4348.771,4346.539,4347.141,173
2026-09-11 10:37:00,4347.144,4347.302,4344.278,4344.451,194
2026-09-11 10:38:00,4344.505,4345.722,4344.008,4345.653,171
2026-09-11 10:39:00,4345.847,4347.003,4345.291,4346.563,139
2026-09-11 10:40:00,4346.554,4346.836,4344.198,4344.704,165
2026-09-11 10:41:00,4344.571,4345.368,4343.703,4344.622,171
2026-09-11 10:42:00,4344.585,4345.586,4344.585,4345.586,138
2026-09-11 10:43:00,4345.529,4346.389,4344.853,4346.389,160
2026-09-11 10:44:00,4346.062,4346.655,4344.724,4345.133,220
2026-09-11 10:45:00,4345.173,4345.474,4343.032,4343.62,186
2026-09-11 10:46:00,4343.549,4343.748,4342.379,4342.884,138
2026-09-11 10:47:00,4342.824,4343.624,4342.528,4342.928,134
2026-09-11 10:48:00,4342.928,4343.31,4342.458,4342.712,132
2026-09-11 10:49:00,4342.704,4343.557,4341.485,4341.777,144
2026-09-11 10:50:00,4341.831,4342.636,4340.404,4342.131,169
2026-09-11 10:51:00,4342.131,4342.656,4341.294,4342.419,168
2026-09-11 10:52:00,4342.36,4342.691,4341.342,4341.81,115
2026-09-11 10:53:00,4341.871,4342.117,4340.483,4340.684,131
2026-09-11 10:54:00,4340.959,4341.406,4339.723,4340.728,152
2026-09-11 10:55:00,4340.805,4341.023,4339.456,4340.275,121
2026-09-11 10:56:00,4340.332,4340.385,4338.176,4338.176,139
2026-09-11 10:57:00,4338.492,4338.859,4337.427,4337.761,157
2026-09-11 10:58:00,4337.814,4338.608,4337.122,4337.324,123
2026-09-11 10:59:00,4337.582,4338.569,4336.502,4337.708,157
2026-09-11 11:00:00,4337.653,4340.599,4337.406,4340.1,249
2026-09-11 11:01:00,4340.154,4340.545,4339.198,4339.617,228
2026-09-11 11:02:00,4339.69,4340.089,4338.551,4339.54,219
2026-09-11 11:03:00,4339.606,4342.497,4339.349,4342.025,207
2026-09-11 11:04:00,4341.968,4341.968,4339.296,4339.516,169
2026-09-11 11:05:00,4339.503,4340.377,4339.201,4339.522,147
2026-09-11 11:06:00,4339.502,4339.675,4337.179,4337.913,157
2026-09-11 11:07:00,4337.967,4338.955,4337.225,4337.831,190
2026-09-11 11:08:00,4338.159,4338.849,4337.565,4338.33,146
2026-09-11 11:09:00,4338.386,4338.774,4336.72,4337.6,147
2026-09-11 11:10:00,4337.524,4337.524,4335.711,4335.855,219
2026-09-11 11:11:00,4335.88,4336.329,4334.576,4335.966,217
2026-09-11 11:12:00,4336.211,4337.411,4335.82,4336.475,158
2026-09-11 11:13:00,4336.19,4337.321,4336.19,4337.119,103
2026-09-11 11:14:00,4336.864,4338.593,4336.663,4337.956,162
2026-09-11 11:15:00,4337.9,4338.325,4336.261,4336.749,187
2026-09-11 11:16:00,4337.074,4337.899,4335.895,4336.521,203
2026-09-11 11:17:00,4336.74,4337.433,4336.112,4337.102,159
2026-09-11 11:18:00,4337.126,4338.859,4336.845,4338.344,174
2026-09-11 11:19:00,4338.312,4339.119,4337.809,4338.713,185
2026-09-11 11:20:00,4338.651,4338.864,4337.478,4337.728,133
2026-09-11 11:21:00,4337.747,4339.336,4337.168,4339.151,183
2026-09-11 11:22:00,4339.477,4339.696,4337.028,4337.399,213
2026-09-11 11:23:00,4337.409,4339.552,4336.813,4339.174,187
2026-09-11 11:24:00,4339.152,4339.56,4338.09,4338.805,165
2026-09-11 11:25:00,4338.489,4341.819,4338.457,4340.119,392
2026-09-11 11:26:00,4340.066,4340.253,4337.903,4338.01,161
2026-09-11 11:27:00,4337.682,4339.207,4337.472,4338.345,180
2026-09-11 11:28:00,4338.406,4338.746,4336.209,4336.686,168
2026-09-11 11:29:00,4336.702,4337.138,4336.186,4336.607,144
2026-09-11 11:30:00,4336.487,4337.325,4335.419,4336.583,175
2026-09-11 11:31:00,4336.637,4337.322,4333.865,4334.571,221
2026-09-11 11:32:00,4334.627,4335.436,4334.051,4334.314,173
2026-09-11 11:33:00,4334.295,4335.556,4333.029,4333.18,171
2026-09-11 11:34:00,4333.126,4333.508,4331.61,4331.773,173
2026-09-11 11:35:00,4331.828,4332.042,4330.276,4330.968,173
2026-09-11 11:36:00,4330.981,4333.128,4330.084,4332.438,236
2026-09-11 11:37:00,4332.67,4334.062,4332.28,4333.491,149
2026-09-11 11:38:00,4333.548,4334.121,4332.984,4333.958,187
2026-09-11 11:39:00,4333.877,4333.967,4332.144,4332.429,158
2026-09-11 11:40:00,4332.509,4333.958,4332.114,4332.395,194
2026-09-11 11:41:00,4332.495,4333.665,4332.356,4333.031,166
2026-09-11 11:42:00,4333.358,4333.676,4330.769,4331.635,188
2026-09-11 11:43:00,4331.566,4331.707,4329.955,4331.365,171
2026-09-11 11:44:00,4331.488,4334.768,4331.324,4334.768,285
2026-09-11 11:45:00,4334.588,4335.801,4333.741,4335.44,214
2026-09-11 11:46:00,4335.735,4335.792,4332.879,4333.865,234
2026-09-11 11:47:00,4333.938,4334.321,4332.886,4333.14,162
2026-09-11 11:48:00,4332.831,4335.096,4332.831,4333.756,231
2026-09-11 11:49:00,4333.93,4336.238,4333.913,4335.014,190
2026-09-11 11:50:00,4334.957,4335.376,4334.474,4334.707,197
2026-09-11 11:51:00,4334.654,4334.985,4333.383,4333.801,221
2026-09-11 11:52:00,4333.855,4334.582,4333.563,4334.349,213
2026-09-11 11:53:00,4334.231,4334.797,4332.961,4334.405,186
2026-09-11 11:54:00,4334.419,4334.506,4331.172,4331.172,243
2026-09-11 11:55:00,4331.117,4332.671,4330.874,4332.146,208
2026-09-11 11:56:00,4332.065,4332.257,4330.791,4331.535,202
2026-09-11 11:57:00,4331.597,4332.499,4331.515,4332.007,181
2026-09-11 11:58:00,4332.06,4333.196,4331.56,4333.192,179
2026-09-11 11:59:00,4333.135,4333.986,4331.925,4333.255,161
2026-09-11 12:00:00,4333.198,4334.86,4332.524,4333.748,324
2026-09-11 12:01:00,4333.664,4333.946,4332.344,4333.392,284
2026-09-11 12:02:00,4333.288,4333.532,4331.291,4331.781,220
2026-09-11 12:03:00,4331.712,4332.292,4330.388,4330.656,252
2026-09-11 12:04:00,4330.518,4331.029,4328.592,4329.589,249
2026-09-11 12:05:00,4329.624,4330.261,4328.613,4330.024,267
2026-09-11 12:06:00,4329.932,4330.15,4326.922,4328.538,274
2026-09-11 12:07:00,4328.672,4329.255,4326.298,4327.83,245
2026-09-11 12:08:00,4327.837,4327.937,4326.745,4327.277,162
2026-09-11 12:09:00,4327.292,4327.901,4326.102,4327.329,215
2026-09-11 12:10:00,4327.381,4329.434,4327.065,4329.098,292
2026-09-11 12:11:00,4329.149,4330.934,4328.59,4330.582,251
2026-09-11 12:12:00,4330.639,4332.409,4328.055,4328.688,385
2026-09-11 12:13:00,4328.616,4328.937,4325.305,4325.689,380
2026-09-11 12:14:00,4325.523,4328.07,4324.589,4327.977,320
2026-09-11 12:15:00,4327.833,4330.469,4327.222,4329.703,251
2026-09-11 12:16:00,4329.736,4330.938,4329.017,4329.152,282
2026-09-11 12:17:00,4329.038,4332.924,4328.967,4332.924,312
2026-09-11 12:18:00,4332.773,4334.143,4331.2,4333.26,318
2026-09-11 12:19:00,4333.315,4333.496,4330.93,4331.08,261
2026-09-11 12:20:00,4331.284,4333.358,4329.187,4331.877,488
2026-09-11 12:21:00,4331.998,4332.638,4330.614,4331.698,318
2026-09-11 12:22:00,4331.803,4333.817,4330.731,4331.315,457
2026-09-11 12:23:00,4331.491,4332.545,4329.651,4331.431,401
2026-09-11 12:24:00,4331.258,4332.782,4329.221,4329.745,442
2026-09-11 12:25:00,4329.689,4330.215,4328.264,4329.153,299
2026-09-11 12:26:00,4329.093,4333.773,4328.239,4333.032,380
2026-09-11 12:27:00,4333.11,4338.71,4332.434,4337.463,674
2026-09-11 12:28:00,4337.402,4339.463,4335.12,4338.628,778
2026-09-11 12:29:00,4338.684,4343.581,4337.106,4341.338,809
2026-09-11 12:30:00,4340.988,4351.318,4291.694,4296.678,748
2026-09-11 12:31:00,4296.827,4314.846,4295.042,4311.893,656
2026-09-11 12:32:00,4311.894,4325.804,4308.862,4321.72,622
2026-09-11 12:33:00,4321.793,4331.847,4317.79,4331.503,2012
2026-09-11 12:34:00,4331.383,4339.836,4329.08,4329.515,1931
2026-09-11 12:35:00,4329.453,4335.456,4326.145,4335.194,1867
2026-09-11 12:36:00,4334.88,4340.82,4334.88,4338.07,1708
2026-09-11 12:37:00,4338.172,4343.31,4337.29,4337.828,1723
2026-09-11 12:38:00,4337.683,4343.543,4333.026,4342.607,1497
2026-09-11 12:39:00,4342.569,4351.745,4342.569,4349.999,1461
2026-09-11 12:40:00,4350.069,4362.069,4348.995,4361.03,1708
2026-09-11 12:41:00,4360.974,4362.772,4354.319,4358.56,1911
2026-09-11 12:42:00,4358.619,4362.587,4354.702,4355.821,1576
2026-09-11 12:43:00,4355.762,4361.765,4355.245,4359.912,1603
2026-09-11 12:44:00,4359.857,4362.068,4351.718,4353.715,1244
2026-09-11 12:45:00,4354.054,4359.978,4352.397,4359.978,1275
2026-09-11 12:46:00,4360.032,4367.01,4359.661,4364.082,1472
2026-09-11 12:47:00,4364.029,4365.075,4357.68,4360.326,1003
2026-09-11 12:48:00,4360.271,4365.026,4357.038,4363.491,1014
2026-09-11 12:49:00,4363.613,4367.743,4361.446,4361.573,918
2026-09-11 12:50:00,4361.672,4370.936,4359.992,4369.834,1003
2026-09-11 12:51:00,4369.755,4376.795,4369.755,4375.355,1088
2026-09-11 12:52:00,4375.293,4377.642,4372.923,4376.965,1089
2026-09-11 12:53:00,4377.053,4379.517,4376.657,4377.572,784
2026-09-11 12:54:00,4377.643,4382.591,4376.6,4377.519,867
2026-09-11 12:55:00,4377.572,4380.194,4377.022,4378.019,876
2026-09-11 12:56:00,4377.959,4380.117,4376.441,4378.88,773
2026-09-11 12:57:00,4378.761,4382.841,4377.438,4381.634,876
2026-09-11 12:58:00,4381.571,4387.165,4377.179,4386.694,757
2026-09-11 12:59:00,4386.637,4390.301,4385.795,4388.425,802
2026-09-11 13:00:00,4388.371,4393.471,4387.018,4387.362,1598
2026-09-11 13:01:00,4387.305,4390.247,4384.656,4390.109,1302
2026-09-11 13:02:00,4390.053,4390.736,4385.563,4389.608,992
2026-09-11 13:03:00,4389.663,4393.506,4387.658,4388.134,1053
2026-09-11 13:04:00,4388.188,4392.424,4386.117,4390.179,934
2026-09-11 13:05:00,4390.054,4394.483,4389.282,4392.962,898
2026-09-11 13:06:00,4393.029,4393.165,4386.366,4386.366,779
2026-09-11 13:07:00,4386.585,4387.094,4382.376,4382.481,1032
2026-09-11 13:08:00,4382.568,4384.866,4381.641,4384.716,653
2026-09-11 13:09:00,4384.769,4385.836,4381.931,4382.741,815
2026-09-11 13:10:00,4382.676,4383.84,4380.505,4381.326,633
2026-09-11 13:11:00,4381.383,4386.382,4380.861,4382.491,848
2026-09-11 13:12:00,4382.697,4386.383,4382.069,4383.014,789
2026-09-11 13:13:00,4382.958,4387.082,4380.796,4386.737,681
2026-09-11 13:14:00,4386.809,4391.573,4386.809,4389.149,715
2026-09-11 13:15:00,4389.206,4390.398,4385.947,4387.019,803
2026-09-11 13:16:00,4386.915,4388.32,4383.425,4384.343,734
2026-09-11 13:17:00,4384.497,4384.841,4381.25,4382.294,646
2026-09-11 13:18:00,4382.348,4387.204,4381.402,4386.703,610
2026-09-11 13:19:00,4386.771,4389.286,4384.989,4386.398,633
2026-09-11 13:20:00,4386.455,4389.508,4384.733,4385.226,698
2026-09-11 13:21:00,4385.151,4385.151,4380.657,4383.438,549
2026-09-11 13:22:00,4383.302,4385.224,4380.363,4382.148,504
2026-09-11 13:23:00,4382.095,4386.019,4381.56,4383.694,506
2026-09-11 13:24:00,4383.763,4384.542,4382.386,4383.17,408
2026-09-11 13:25:00,4383.116,4387.236,4382.442,4386.265,547
2026-09-11 13:26:00,4385.937,4388.648,4384.692,4387.43,581
2026-09-11 13:27:00,4387.487,4389.241,4385.71,4386.048,565
2026-09-11 13:28:00,4386.382,4396.847,4384.037,4395.412,1698
2026-09-11 13:29:00,4395.347,4398.708,4389.714,4390.273,1085
2026-09-11 13:30:00,4390.214,4391.302,4386.213,4388.112,1016
2026-09-11 13:31:00,4388.231,4388.231,4382.092,4382.845,926
2026-09-11 13:32:00,4382.908,4388.339,4381.439,4384.836,933
2026-09-11 13:33:00,4384.892,4387.934,4383.543,4387.131,780
2026-09-11 13:34:00,4387.077,4395.672,4386.934,4395.325,767
2026-09-11 13:35:00,4395.274,4400.549,4394.709,4396.121,1038
2026-09-11 13:36:00,4396.479,4397.124,4391.852,4392.716,727
2026-09-11 13:37:00,4392.663,4395.74,4392.344,4394.115,745
2026-09-11 13:38:00,4394.173,4394.173,4383.498,4385.855,787
2026-09-11 13:39:00,4385.921,4390.387,4385.325,4390.387,620
2026-09-11 13:40:00,4390.319,4399.505,4386.935,4393.573,1457
2026-09-11 13:41:00,4393.519,4395.3,4391.749,4391.749,908
2026-09-11 13:42:00,4391.688,4394.378,4390.57,4392.672,592
2026-09-11 13:43:00,4392.794,4393.871,4390.774,4391.603,651
2026-09-11 13:44:00,4391.524,4394.766,4388.397,4394.731,606
2026-09-11 13:45:00,4395.053,4395.918,4392.4,4393.364,658
2026-09-11 13:46:00,4393.288,4400.106,4392.971,4397.568,724
2026-09-11 13:47:00,4397.631,4400.545,4397.02,4399.979,660
2026-09-11 13:48:00,4399.907,4400.65,4391.399,4392.084,652
2026-09-11 13:49:00,4392.18,4394.093,4389.876,4393.135,594
2026-09-11 13:50:00,4393.082,4394.008,4390.841,4392.376,652
2026-09-11 13:51:00,4392.322,4392.417,4389.04,4390.181,612
2026-09-11 13:52:00,4390.338,4391.005,4387.219,4388.225,458
2026-09-11 13:53:00,4388.175,4392.82,4388.081,4390.717,463
2026-09-11 13:54:00,4390.903,4391.731,4388.447,4389.237,466
2026-09-11 13:55:00,4389.534,4390.618,4388.472,4389.805,464
2026-09-11 13:56:00,4390.138,4391.1,4389.267,4390.163,370
2026-09-11 13:57:00,4390.105,4390.455,4387.064,4389.939,346
2026-09-11 13:58:00,4389.998,4396.481,4389.584,4395.836,405
2026-09-11 13:59:00,4395.782,4402.553,4395.782,4401.68,517
2026-09-11 14:00:00,4401.432,4402.681,4392.946,4392.946,453
2026-09-11 14:01:00,4393.03,4393.097,4383.828,4384.14,334
2026-09-11 14:02:00,4384.078,4385.478,4381.676,4384.197,304
2026-09-11 14:03:00,4384.31,4387.642,4384.31,4386.939,569
2026-09-11 14:04:00,4386.993,4390.87,4386.899,4390.189,604
2026-09-11 14:05:00,4390.135,4390.581,4386.897,4386.897,601
2026-09-11 14:06:00,4387.012,4389.143,4386.081,4387.768,739
2026-09-11 14:07:00,4387.71,4390.369,4385.97,4386.568,727
2026-09-11 14:08:00,4386.625,4392.265,4385.305,4389.225,689
2026-09-11 14:09:00,4389.16,4389.16,4386.248,4387.535,577
2026-09-11 14:10:00,4387.207,4388.37,4384.302,4386.374,526
2026-09-11 14:11:00,4386.159,4387.824,4385.304,4386.71,588
2026-09-11 14:12:00,4386.886,4387.118,4382.165,4382.858,549
2026-09-11 14:13:00,4382.79,4385.462,4382.472,4383.605,595
2026-09-11 14:14:00,4383.277,4385.838,4383.124,4383.14,498
2026-09-11 14:15:00,4383.048,4385.146,4381.278,4384.056,540
2026-09-11 14:16:00,4383.992,4383.992,4378.823,4378.89,430
2026-09-11 14:17:00,4378.824,4381.047,4377.925,4379.688,415
2026-09-11 14:18:00,4379.894,4379.894,4375.701,4379.312,539
2026-09-11 14:19:00,4379.461,4382.935,4378.815,4382.201,511
2026-09-11 14:20:00,4382.256,4384.406,4380.563,4382.732,516
2026-09-11 14:21:00,4382.858,4385.488,4381.681,4384.283,446
2026-09-11 14:22:00,4384.217,4384.776,4382.025,4384.307,361
2026-09-11 14:23:00,4384.21,4384.27,4380.652,4381.543,411
2026-09-11 14:24:00,4381.473,4382.357,4377.585,4379.179,452
2026-09-11 14:25:00,4379.371,4379.467,4374.696,4375.887,493
2026-09-11 14:26:00,4375.74,4376.888,4374.307,4375.702,423
2026-09-11 14:27:00,4375.76,4378.311,4375.324,4376.926,444
2026-09-11 14:28:00,4377.066,4377.957,4374.445,4375.508,474
2026-09-11 14:29:00,4375.568,4377.559,4375.002,4375.124,396
2026-09-11 14:30:00,4375.051,4375.621,4371.974,4372.899,427
2026-09-11 14:31:00,4372.952,4374.666,4371.244,4371.573,364
2026-09-11 14:32:00,4371.513,4374.17,4370.859,4373.485,397
2026-09-11 14:33:00,4373.432,4375.698,4371.891,4374.162,431
2026-09-11 14:34:00,4374.195,4374.309,4371.024,4371.68,419
2026-09-11 14:35:00,4371.744,4372.878,4370.236,4370.861,374
2026-09-11 14:36:00,4370.807,4370.892,4366.441,4367.774,435
2026-09-11 14:37:00,4367.763,4371.139,4367.564,4369.785,391
2026-09-11 14:38:00,4369.692,4369.999,4364.8,4366.017,409
2026-09-11 14:39:00,4365.964,4368.481,4365.527,4367.74,350
2026-09-11 14:40:00,4368.067,4371.764,4367.605,4369.25,632
2026-09-11 14:41:00,4369.195,4371.4,4368.387,4370.763,367
2026-09-11 14:42:00,4370.706,4371.008,4368.212,4369.274,411
2026-09-11 14:43:00,4369.1,4371.049,4368.981,4369.206,302
2026-09-11 14:44:00,4369.153,4372.266,4369.153,4371.337,397
2026-09-11 14:45:00,4371.415,4375.949,4371.082,4375.143,494
2026-09-11 14:46:00,4375.065,4377.061,4373.684,4376.62,426
2026-09-11 14:47:00,4376.507,4378.135,4373.693,4374.309,436
2026-09-11 14:48:00,4374.307,4384.368,4372.13,4379.691,1238
2026-09-11 14:49:00,4379.504,4380.632,4377.146,4379.668,793
2026-09-11 14:50:00,4379.846,4380.691,4377.304,4380.534,462
2026-09-11 14:51:00,4380.59,4383.637,4380.59,4381.84,458
2026-09-11 14:52:00,4382.069,4384.183,4379.775,4380.158,414
2026-09-11 14:53:00,4380.003,4380.368,4378.403,4379.248,494
2026-09-11 14:54:00,4379.109,4381.097,4377.515,4377.786,386
2026-09-11 14:55:00,4377.628,4378.53,4373.966,4374.041,515
2026-09-11 14:56:00,4374.231,4376.355,4374.085,4375.563,356
2026-09-11 14:57:00,4375.557,4375.557,4373.575,4373.838,460
2026-09-11 14:58:00,4373.784,4374.144,4371.218,4371.422,315
2026-09-11 14:59:00,4371.394,4371.48,4370.334,4370.878,235
2026-09-11 15:00:00,4370.807,4372.531,4368.263,4371.571,471
2026-09-11 15:01:00,4371.9,4372.911,4370.165,4371.599,443
2026-09-11 15:02:00,4371.518,4371.685,4367.712,4368.618,371
2026-09-11 15:03:00,4368.564,4368.768,4366.481,4368.62,349
2026-09-11 15:04:00,4368.837,4370.799,4368.107,4370.536,304
2026-09-11 15:05:00,4370.592,4370.84,4368.749,4369.347,378
2026-09-11 15:06:00,4369.283,4370.223,4368.392,4368.611,361
2026-09-11 15:07:00,4368.401,4369.131,4364.505,4366.076,396
2026-09-11 15:08:00,4366.013,4366.315,4362.34,4363.769,364
2026-09-11 15:09:00,4363.83,4364.153,4361.348,4363.355,401
2026-09-11 15:10:00,4363.235,4363.875,4361.85,4363.758,381
2026-09-11 15:11:00,4363.656,4363.975,4361.543,4362.905,384
2026-09-11 15:12:00,4363.231,4363.479,4360.296,4360.659,285
2026-09-11 15:13:00,4360.331,4361.398,4359.114,4361.02,382
2026-09-11 15:14:00,4361.062,4363.308,4360.025,4362.619,379
2026-09-11 15:15:00,4362.556,4364.523,4361.949,4364.339,487
2026-09-11 15:16:00,4364.037,4366.055,4362.826,4366.055,449
2026-09-11 15:17:00,4365.859,4366.173,4364.116,4364.815,372
2026-09-11 15:18:00,4365.141,4365.141,4361.268,4361.944,344
2026-09-11 15:19:00,4361.889,4362.867,4361.479,4362.473,358
2026-09-11 15:20:00,4362.531,4364.95,4361.982,4363.408,434
2026-09-11 15:21:00,4363.348,4368.039,4363.227,4366.873,373
2026-09-11 15:22:00,4366.82,4367.738,4364.64,4365.407,291
2026-09-11 15:23:00,4365.304,4366.381,4363.552,4366.271,270
2026-09-11 15:24:00,4366.019,4366.565,4363.58,4365.278,325
2026-09-11 15:25:00,4365.338,4367.193,4365.062,4365.665,265
2026-09-11 15:26:00,4365.719,4368.008,4365.719,4366.481,334
2026-09-11 15:27:00,4366.795,4371.215,4366.795,4370.251,332
2026-09-11 15:28:00,4370.181,4372.45,4369.663,4370.462,316
2026-09-11 15:29:00,4370.255,4371.246,4369.176,4370.472,381
2026-09-11 15:30:00,4370.372,4371.598,4368.851,4371.133,416
2026-09-11 15:31:00,4371.187,4371.56,4369.723,4370.871,320
2026-09-11 15:32:00,4370.657,4374.557,4370.474,4374.006,325
2026-09-11 15:33:00,4373.91,4375.486,4372.965,4374.697,288
2026-09-11 15:34:00,4374.756,4375.161,4372.929,4373.011,331
2026-09-11 15:35:00,4372.822,4374.142,4370.54,4372.756,320
2026-09-11 15:36:00,4372.695,4372.96,4371.104,4372.96,304
2026-09-11 15:37:00,4372.702,4377.26,4372.702,4375.163,421
2026-09-11 15:38:00,4375.082,4375.344,4373.551,4374.53,343
2026-09-11 15:39:00,4374.583,4375.166,4373.704,4373.849,294
2026-09-11 15:40:00,4374.061,4374.243,4370.828,4371.649,314
2026-09-11 15:41:00,4371.8,4372.561,4370.291,4371.27,253
2026-09-11 15:42:00,4371.12,4372.956,4371.001,4372.346,262
2026-09-11 15:43:00,4372.402,4375.141,4372.016,4373.883,279
2026-09-11 15:44:00,4373.986,4374.661,4372.193,4372.734,235
2026-09-11 15:45:00,4372.63,4373.026,4370.77,4371.44,323
2026-09-11 15:46:00,4371.387,4372.317,4370.931,4371.289,224
2026-09-11 15:47:00,4371.342,4371.547,4369.355,4369.857,270
2026-09-11 15:48:00,4370.013,4370.859,4368.392,4370.036,225
2026-09-11 15:49:00,4370.0,4373.505,4369.73,4372.944,282
2026-09-11 15:50:00,4373.014,4373.79,4371.571,4373.368,236
2026-09-11 15:51:00,4373.145,4373.856,4371.724,4372.658,226
2026-09-11 15:52:00,4372.606,4372.756,4371.457,4371.52,221
2026-09-11 15:53:00,4371.458,4371.458,4367.046,4367.385,306
2026-09-11 15:54:00,4367.294,4369.195,4366.424,4368.724,266
2026-09-11 15:55:00,4369.11,4369.447,4367.871,4368.191,288
2026-09-11 15:56:00,4368.245,4368.418,4365.504,4366.043,324
2026-09-11 15:57:00,4365.647,4367.337,4365.647,4366.153,246
2026-09-11 15:58:00,4366.212,4366.702,4365.035,4365.765,225
2026-09-11 15:59:00,4365.709,4367.473,4365.403,4366.912,225
2026-09-11 16:00:00,4366.86,4370.481,4366.681,4369.816,346
2026-09-11 16:01:00,4369.805,4370.754,4368.368,4368.368,257
2026-09-11 16:02:00,4368.592,4370.319,4368.045,4370.246,224
2026-09-11 16:03:00,4370.187,4371.044,4369.194,4370.496,246
2026-09-11 16:04:00,4370.504,4372.933,4370.462,4371.854,235
2026-09-11 16:05:00,4371.916,4372.699,4371.021,4371.111,251
2026-09-11 16:06:00,4370.893,4371.689,4369.926,4370.464,299
2026-09-11 16:07:00,4370.411,4370.81,4367.378,4367.657,327
2026-09-11 16:08:00,4367.605,4368.023,4366.314,4367.128,272
2026-09-11 16:09:00,4367.042,4367.904,4366.356,4367.296,244
2026-09-11 16:10:00,4367.242,4367.993,4366.531,4367.263,238
2026-09-11 16:11:00,4367.318,4369.216,4366.796,4368.519,301
2026-09-11 16:12:00,4368.301,4368.382,4367.104,4367.501,247
2026-09-11 16:13:00,4367.317,4367.45,4364.302,4364.839,255
2026-09-11 16:14:00,4364.791,4365.018,4360.996,4361.537,255
2026-09-11 16:15:00,4361.477,4362.454,4359.907,4361.986,303
2026-09-11 16:16:00,4362.045,4362.822,4361.163,4361.925,279
2026-09-11 16:17:00,4361.798,4363.415,4361.652,4362.505,243
2026-09-11 16:18:00,4362.499,4364.165,4361.447,4363.281,247
2026-09-11 16:19:00,4363.334,4363.334,4358.838,4358.966,323
2026-09-11 16:20:00,4359.178,4361.026,4358.557,4358.758,296
2026-09-11 16:21:00,4358.567,4360.631,4358.567,4358.858,217
2026-09-11 16:22:00,4358.911,4359.432,4357.021,4358.054,285
2026-09-11 16:23:00,4358.01,4360.217,4354.752,4355.096,318
2026-09-11 16:24:00,4355.149,4355.149,4351.959,4353.197,322
2026-09-11 16:25:00,4353.178,4354.379,4352.569,4354.258,253
2026-09-11 16:26:00,4353.862,4357.03,4353.443,4356.422,346
2026-09-11 16:27:00,4356.644,4360.763,4356.123,4358.885,421
2026-09-11 16:28:00,4358.943,4362.631,4358.82,4362.489,361
2026-09-11 16:29:00,4362.546,4362.602,4354.663,4354.956,1017
2026-09-11 16:30:00,4355.009,4357.413,4353.219,4356.26,651
2026-09-11 16:31:00,4356.335,4358.382,4355.454,4357.297,548
2026-09-11 16:32:00,4357.351,4361.357,4355.323,4360.754,654
2026-09-11 16:33:00,4360.689,4364.675,4360.629,4364.543,351
2026-09-11 16:34:00,4364.597,4366.02,4363.694,4364.056,364
2026-09-11 16:35:00,4364.001,4364.393,4362.113,4362.177,298
2026-09-11 16:36:00,4362.487,4362.848,4359.093,4360.227,321
2026-09-11 16:37:00,4360.182,4362.106,4359.202,4362.106,316
2026-09-11 16:38:00,4362.171,4363.398,4361.488,4361.906,274
2026-09-11 16:39:00,4361.951,4362.16,4359.598,4359.622,253
2026-09-11 16:40:00,4359.388,4364.328,4358.804,4364.328,328
2026-09-11 16:41:00,4364.27,4364.361,4362.895,4364.081,349
2026-09-11 16:42:00,4364.026,4364.251,4360.66,4362.045,284
2026-09-11 16:43:00,4362.059,4364.094,4361.61,4362.91,228
2026-09-11 16:44:00,4362.846,4363.756,4362.586,4363.586,186
2026-09-11 16:45:00,4363.642,4365.102,4363.213,4364.434,235
2026-09-11 16:46:00,4364.644,4365.094,4363.375,4363.477,266
2026-09-11 16:47:00,4363.541,4364.275,4362.401,4362.401,215
2026-09-11 16:48:00,4362.345,4363.579,4362.249,4362.509,275
2026-09-11 16:49:00,4362.562,4362.562,4360.279,4360.637,246
2026-09-11 16:50:00,4360.692,4361.688,4360.176,4360.77,259
2026-09-11 16:51:00,4360.702,4361.781,4360.306,4361.047,205
2026-09-11 16:52:00,4361.101,4361.768,4360.242,4361.279,183
2026-09-11 16:53:00,4361.461,4361.601,4360.592,4360.879,203
2026-09-11 16:54:00,4360.724,4361.759,4360.504,4361.14,153
2026-09-11 16:55:00,4361.07,4362.801,4360.914,4361.912,201
2026-09-11 16:56:00,4361.839,4362.465,4361.457,4361.901,189
2026-09-11 16:57:00,4361.841,4363.057,4360.988,4362.651,188
2026-09-11 16:58:00,4362.923,4363.552,4362.232,4362.563,170
2026-09-11 16:59:00,4362.507,4362.746,4361.421,4361.694,156
2026-09-11 17:00:00,4361.618,4363.485,4360.719,4362.212,274
2026-09-11 17:01:00,4362.045,4364.048,4362.045,4363.186,169
2026-09-11 17:02:00,4363.191,4363.429,4362.298,4363.103,117
2026-09-11 17:03:00,4362.908,4363.18,4361.818,4362.366,156
2026-09-11 17:04:00,4362.171,4363.765,4362.171,4363.413,130
2026-09-11 17:05:00,4363.174,4363.174,4361.058,4362.677,171
2026-09-11 17:06:00,4362.807,4364.059,4362.357,4363.94,153
2026-09-11 17:07:00,4363.904,4369.302,4363.376,4363.54,469
2026-09-11 17:08:00,4363.659,4364.628,4363.092,4363.486,177
2026-09-11 17:09:00,4363.255,4364.279,4362.883,4364.099,152
2026-09-11 17:10:00,4364.152,4365.859,4361.856,4364.092,310
2026-09-11 17:11:00,4363.973,4365.15,4362.876,4364.418,224
2026-09-11 17:12:00,4364.359,4366.866,4364.148,4365.821,248
2026-09-11 17:13:00,4365.767,4366.4,4364.795,4365.063,284
2026-09-11 17:14:00,4365.01,4365.89,4363.863,4365.324,197
2026-09-11 17:15:00,4365.374,4366.849,4364.417,4364.417,239
2026-09-11 17:16:00,4364.666,4365.921,4363.354,4365.48,244
2026-09-11 17:17:00,4365.433,4367.175,4365.433,4366.78,185
2026-09-11 17:18:00,4366.71,4366.847,4365.561,4366.024,189
2026-09-11 17:19:00,4366.427,4368.974,4366.139,4367.773,229
2026-09-11 17:20:00,4367.852,4369.504,4367.113,4367.113,250
2026-09-11 17:21:00,4367.504,4367.936,4365.89,4366.174,147
2026-09-11 17:22:00,4366.111,4368.672,4365.787,4366.573,226
2026-09-11 17:23:00,4366.313,4368.604,4365.636,4368.095,216
2026-09-11 17:24:00,4368.022,4369.146,4367.604,4368.828,236
2026-09-11 17:25:00,4368.884,4369.782,4367.55,4368.15,228
2026-09-11 17:26:00,4368.224,4368.224,4366.725,4366.94,153
2026-09-11 17:27:00,4366.993,4368.518,4366.977,4367.351,180
2026-09-11 17:28:00,4367.132,4368.039,4366.507,4366.612,228
2026-09-11 17:29:00,4366.671,4367.359,4365.919,4366.75,301
2026-09-11 17:30:00,4366.695,4367.818,4365.187,4367.571,261
2026-09-11 17:31:00,4367.497,4370.189,4367.277,4369.973,200
2026-09-11 17:32:00,4369.968,4370.462,4367.964,4368.749,164
2026-09-11 17:33:00,4368.737,4369.281,4368.121,4368.671,167
2026-09-11 17:34:00,4368.624,4369.46,4368.509,4369.245,130
2026-09-11 17:35:00,4369.024,4369.675,4368.32,4368.571,143
2026-09-11 17:36:00,4368.318,4369.523,4367.107,4367.977,178
2026-09-11 17:37:00,4367.854,4367.897,4365.616,4365.616,140
2026-09-11 17:38:00,4365.644,4365.867,4363.169,4363.58,153
2026-09-11 17:39:00,4363.526,4363.673,4362.117,4362.447,171
2026-09-11 17:40:00,4362.434,4363.673,4362.337,4362.748,166
2026-09-11 17:41:00,4362.783,4362.783,4360.764,4361.381,184
2026-09-11 17:42:00,4361.38,4361.674,4360.095,4361.59,191
2026-09-11 17:43:00,4361.537,4362.637,4361.062,4361.616,192
2026-09-11 17:44:00,4361.837,4363.634,4361.273,4362.184,189
2026-09-11 17:45:00,4362.127,4362.127,4360.312,4360.849,234
2026-09-11 17:46:00,4360.814,4361.234,4359.534,4359.911,194
2026-09-11 17:47:00,4359.929,4360.768,4359.195,4359.917,162
2026-09-11 17:48:00,4359.861,4360.891,4359.717,4360.25,183
2026-09-11 17:49:00,4360.101,4362.368,4360.023,4361.637,191
2026-09-11 17:50:00,4361.566,4361.837,4360.707,4361.406,167
2026-09-11 17:51:00,4361.441,4362.671,4360.952,4362.424,168
2026-09-11 17:52:00,4362.265,4363.373,4361.64,4363.176,163
2026-09-11 17:53:00,4363.418,4363.744,4362.42,4362.912,124
2026-09-11 17:54:00,4362.591,4363.029,4362.268,4362.593,98
2026-09-11 17:55:00,4362.693,4362.857,4360.641,4361.3,138
2026-09-11 17:56:00,4361.246,4361.246,4359.55,4359.652,185
2026-09-11 17:57:00,4359.532,4359.895,4358.537,4358.75,162
2026-09-11 17:58:00,4358.59,4359.141,4357.684,4358.011,121
2026-09-11 17:59:00,4357.872,4358.732,4357.872,4358.345,119
2026-09-11 18:00:00,4358.398,4359.555,4357.139,4357.713,181
2026-09-11 18:01:00,4357.66,4358.132,4356.93,4357.798,178
2026-09-11 18:02:00,4357.931,4359.723,4357.808,4359.441,224
2026-09-11 18:03:00,4359.432,4359.743,4358.703,4359.519,147
2026-09-11 18:04:00,4359.238,4359.622,4358.458,4359.61,153
2026-09-11 18:05:00,4359.666,4360.18,4357.431,4358.276,197
2026-09-11 18:06:00,4358.23,4358.837,4357.256,4357.874,141
2026-09-11 18:07:00,4357.804,4357.818,4356.034,4356.511,166
2026-09-11 18:08:00,4356.182,4356.525,4355.16,4355.479,150
2026-09-11 18:09:00,4355.534,4356.42,4353.765,4353.865,147
2026-09-11 18:10:00,4353.917,4356.028,4353.886,4355.783,151
2026-09-11 18:11:00,4355.877,4356.088,4354.154,4354.44,174
2026-09-11 18:12:00,4354.557,4354.802,4352.3,4353.094,197
2026-09-11 18:13:00,4353.041,4353.041,4350.003,4350.003,207
2026-09-11 18:14:00,4350.155,4350.183,4345.934,4346.93,374
2026-09-11 18:15:00,4346.87,4348.865,4344.846,4348.239,279
2026-09-11 18:16:00,4348.18,4349.732,4347.649,4349.133,258
2026-09-11 18:17:00,4349.036,4350.48,4348.918,4349.754,230
2026-09-11 18:18:00,4349.76,4351.173,4348.783,4351.036,218
2026-09-11 18:19:00,4350.709,4351.887,4349.516,4349.516,240
2026-09-11 18:20:00,4349.803,4350.15,4344.885,4346.757,797
2026-09-11 18:21:00,4346.824,4347.691,4344.089,4345.214,564
2026-09-11 18:22:00,4345.276,4349.247,4345.167,4348.275,315
2026-09-11 18:23:00,4348.22,4350.265,4347.174,4347.673,309
2026-09-11 18:24:00,4347.73,4349.655,4347.332,4348.925,241
2026-09-11 18:25:00,4348.888,4350.721,4348.824,4349.82,247
2026-09-11 18:26:00,4349.925,4350.836,4348.529,4348.601,234
2026-09-11 18:27:00,4348.674,4350.765,4348.674,4349.946,395
2026-09-11 18:28:00,4349.837,4352.371,4349.296,4351.851,343
2026-09-11 18:29:00,4352.025,4353.035,4349.975,4350.732,244
2026-09-11 18:30:00,4350.68,4351.687,4349.503,4349.506,238
2026-09-11 18:31:00,4349.634,4349.963,4346.23,4346.287,238
2026-09-11 18:32:00,4346.229,4347.154,4345.718,4347.077,209
2026-09-11 18:33:00,4347.024,4347.425,4346.073,4347.095,229
2026-09-11 18:34:00,4347.075,4348.396,4346.447,4348.02,203
2026-09-11 18:35:00,4348.079,4348.531,4347.149,4348.395,200
2026-09-11 18:36:00,4348.321,4350.295,4348.059,4350.295,208
2026-09-11 18:37:00,4350.122,4350.222,4348.119,4348.228,191
2026-09-11 18:38:00,4348.308,4348.619,4347.344,4347.872,197
2026-09-11 18:39:00,4347.815,4348.506,4346.725,4347.252,211
2026-09-11 18:40:00,4347.228,4347.857,4346.786,4347.438,157
2026-09-11 18:41:00,4347.741,4347.843,4347.006,4347.543,142
2026-09-11 18:42:00,4347.669,4349.003,4347.368,4348.297,209
2026-09-11 18:43:00,4348.052,4348.832,4347.748,4348.72,159
2026-09-11 18:44:00,4348.5,4348.92,4347.042,4347.183,149
2026-09-11 18:45:00,4346.966,4347.557,4344.943,4344.997,211
2026-09-11 18:46:00,4345.324,4346.396,4345.006,4345.801,158
2026-09-11 18:47:00,4345.734,4346.658,4345.708,4346.31,191
2026-09-11 18:48:00,4346.279,4346.358,4344.073,4344.882,178
2026-09-11 18:49:00,4344.852,4345.571,4344.665,4345.219,152
2026-09-11 18:50:00,4345.17,4346.499,4344.527,4345.915,145
2026-09-11 18:51:00,4345.806,4346.641,4345.401,4346.486,144
2026-09-11 18:52:00,4346.494,4346.977,4345.033,4345.963,141
2026-09-11 18:53:00,4345.958,4345.958,4344.619,4345.382,137
2026-09-11 18:54:00,4345.328,4345.518,4344.589,4345.398,142
2026-09-11 18:55:00,4345.273,4347.063,4344.859,4345.906,196
2026-09-11 18:56:00,4345.974,4346.979,4345.229,4346.45,149
2026-09-11 18:57:00,4346.503,4346.945,4345.951,4346.242,118
2026-09-11 18:58:00,4346.294,4346.932,4345.879,4346.786,107
2026-09-11 18:59:00,4346.84,4347.253,4346.032,4346.886,129
2026-09-11 19:00:00,4346.982,4347.953,4345.387,4347.953,232
2026-09-11 19:01:00,4347.627,4348.389,4347.189,4347.228,193
2026-09-11 19:02:00,4347.169,4347.354,4346.334,4346.903,173
2026-09-11 19:03:00,4346.803,4347.026,4345.252,4346.396,163
2026-09-11 19:04:00,4346.406,4348.227,4345.371,4347.821,174
2026-09-11 19:05:00,4347.493,4348.124,4346.458,4347.074,139
2026-09-11 19:06:00,4346.856,4347.029,4345.109,4345.43,158
2026-09-11 19:07:00,4345.398,4345.543,4344.222,4345.044,129
2026-09-11 19:08:00,4344.716,4348.778,4344.376,4348.272,201
2026-09-11 19:09:00,4348.454,4349.355,4347.34,4347.34,206
2026-09-11 19:10:00,4347.527,4349.439,4346.819,4347.867,251
2026-09-11 19:11:00,4347.691,4349.476,4347.221,4349.421,173
2026-09-11 19:12:00,4349.388,4350.576,4349.141,4349.71,165
2026-09-11 19:13:00,4349.655,4351.031,4349.247,4350.933,151
2026-09-11 19:14:00,4351.267,4351.963,4349.768,4351.963,159
2026-09-11 19:15:00,4351.927,4352.896,4351.55,4351.634,202
2026-09-11 19:16:00,4351.55,4353.707,4351.55,4352.785,174
2026-09-11 19:17:00,4352.52,4352.988,4350.48,4350.929,169
2026-09-11 19:18:00,4351.049,4352.129,4350.566,4350.869,151
2026-09-11 19:19:00,4350.595,4351.137,4349.113,4349.604,144
2026-09-11 19:20:00,4349.564,4350.949,4349.236,4350.393,161
2026-09-11 19:21:00,4350.243,4350.919,4350.013,4350.694,155
2026-09-11 19:22:00,4350.926,4351.275,4348.636,4349.873,245
2026-09-11 19:23:00,4349.876,4351.028,4349.607,4350.822,144
2026-09-11 19:24:00,4350.884,4351.737,4350.014,4351.447,161
2026-09-11 19:25:00,4351.52,4353.355,4351.334,4352.596,133
2026-09-11 19:26:00,4352.707,4353.12,4350.536,4351.275,215
2026-09-11 19:27:00,4351.339,4351.484,4349.384,4349.815,129
2026-09-11 19:28:00,4349.825,4351.403,4349.825,4350.468,142
2026-09-11 19:29:00,4350.424,4350.535,4347.169,4347.169,157
2026-09-11 19:30:00,4347.51,4348.335,4347.208,4347.208,201
2026-09-11 19:31:00,4347.02,4347.512,4346.474,4347.444,158
2026-09-11 19:32:00,4347.452,4347.452,4345.634,4346.104,125
2026-09-11 19:33:00,4346.181,4346.282,4345.437,4345.864,127
2026-09-11 19:34:00,4345.741,4347.551,4345.006,4347.067,122
2026-09-11 19:35:00,4347.383,4348.267,4346.332,4346.822,134
2026-09-11 19:36:00,4346.619,4347.123,4345.795,4346.811,130
2026-09-11 19:37:00,4346.877,4347.631,4346.454,4346.786,104
2026-09-11 19:38:00,4346.856,4347.069,4345.754,4346.263,118
2026-09-11 19:39:00,4346.193,4347.378,4345.715,4346.761,198
2026-09-11 19:40:00,4346.747,4347.892,4346.253,4347.817,155
2026-09-11 19:41:00,4347.691,4348.288,4346.894,4347.566,138
2026-09-11 19:42:00,4347.686,4347.952,4346.05,4346.451,134
2026-09-11 19:43:00,4346.543,4347.585,4345.464,4345.464,179
2026-09-11 19:44:00,4345.8,4346.813,4345.698,4346.283,148
2026-09-11 19:45:00,4346.228,4346.419,4344.949,4345.085,152
2026-09-11 19:46:00,4345.193,4345.388,4343.024,4344.333,178
2026-09-11 19:47:00,4344.406,4344.924,4343.326,4344.496,161
2026-09-11 19:48:00,4344.441,4344.683,4343.647,4343.777,139
2026-09-11 19:49:00,4343.764,4344.031,4342.85,4343.103,140
2026-09-11 19:50:00,4342.948,4344.832,4342.724,4344.23,190
2026-09-11 19:51:00,4344.583,4345.848,4344.023,4344.48,137
2026-09-11 19:52:00,4344.475,4344.475,4342.678,4343.373,131
2026-09-11 19:53:00,4343.355,4344.662,4343.049,4344.143,133
2026-09-11 19:54:00,4344.044,4345.302,4343.82,4345.181,144
2026-09-11 19:55:00,4345.126,4347.012,4344.813,4345.681,178
2026-09-11 19:56:00,4345.628,4345.951,4344.841,4345.94,111
2026-09-11 19:57:00,4345.899,4348.396,4345.882,4347.589,161
2026-09-11 19:58:00,4347.65,4348.535,4347.215,4347.98,179
2026-09-11 19:59:00,4348.183,4349.311,4347.719,4348.456,302
2026-09-11 20:00:00,4348.355,4351.313,4348.103,4350.945,215
2026-09-11 20:01:00,4350.936,4351.397,4348.867,4349.307,132
2026-09-11 20:02:00,4349.304,4349.711,4348.399,4348.46,95
2026-09-11 20:03:00,4348.631,4348.793,4348.057,4348.057,82
2026-09-11 20:04:00,4348.078,4349.393,4348.078,4348.596,100
2026-09-11 20:05:00,4348.888,4349.994,4348.399,4349.666,87
2026-09-11 20:06:00,4349.884,4350.645,4349.47,4350.146,91
2026-09-11 20:07:00,4350.313,4350.501,4349.633,4349.778,72
2026-09-11 20:08:00,4349.776,4350.208,4349.509,4349.907,64
2026-09-11 20:09:00,4349.914,4350.307,4349.706,4350.024,40
2026-09-11 20:10:00,4350.063,4350.503,4349.335,4349.335,61
2026-09-11 20:11:00,4349.308,4349.684,4348.37,4348.981,71
2026-09-11 20:12:00,4348.714,4349.21,4348.526,4348.913,55
2026-09-11 20:13:00,4348.965,4349.275,4348.381,4348.645,111
2026-09-11 20:14:00,4348.557,4348.941,4348.292,4348.438,68
2026-09-11 20:15:00,4348.379,4348.432,4347.232,4348.055,94
2026-09-11 20:16:00,4348.115,4348.315,4347.215,4347.215,68
2026-09-11 20:17:00,4347.2,4347.78,4346.951,4347.674,76
2026-09-11 20:18:00,4347.397,4347.684,4346.256,4346.294,45
2026-09-11 20:19:00,4346.224,4349.368,4346.125,4349.145,87
2026-09-11 20:20:00,4349.177,4349.938,4348.872,4349.938,76
2026-09-11 20:21:00,4349.663,4350.403,4349.485,4350.014,67
2026-09-11 20:22:00,4350.014,4350.181,4349.189,4350.167,68
2026-09-11 20:23:00,4350.302,4350.386,4349.561,4350.136,70
2026-09-11 20:24:00,4349.729,4349.904,4349.164,4349.325,67
2026-09-11 20:25:00,4349.256,4350.078,4349.127,4349.819,68
2026-09-11 20:26:00,4349.689,4350.004,4348.899,4348.902,64
2026-09-11 20:27:00,4348.902,4349.417,4348.267,4348.387,63
2026-09-11 20:28:00,4348.526,4349.635,4348.345,4349.073,68
2026-09-11 20:29:00,4349.341,4349.452,4348.582,4348.953,92
2026-09-11 20:30:00,4348.958,4348.958,4348.079,4348.327,132
2026-09-11 20:31:00,4348.224,4348.497,4347.483,4347.769,61
2026-09-11 20:32:00,4347.767,4348.013,4346.967,4347.637,83
2026-09-11 20:33:00,4347.574,4347.824,4346.952,4347.824,67
2026-09-11 20:34:00,4347.556,4347.97,4347.469,4347.875,59
2026-09-11 20:35:00,4347.753,4348.199,4347.419,4347.687,72
2026-09-11 20:36:00,4347.687,4347.989,4347.027,4347.505,62
2026-09-11 20:37:00,4347.395,4348.581,4347.395,4348.336,79
2026-09-11 20:38:00,4348.08,4349.214,4348.044,4349.124,61
2026-09-11 20:39:00,4348.993,4348.993,4348.261,4348.823,64
2026-09-11 20:40:00,4348.686,4348.69,4348.061,4348.237,62
2026-09-11 20:41:00,4348.192,4348.192,4347.653,4347.856,53
2026-09-11 20:42:00,4347.914,4347.914,4345.813,4346.401,90
2026-09-11 20:43:00,4346.399,4346.596,4345.808,4346.342,57
2026-09-11 20:44:00,4346.079,4346.712,4346.004,4346.653,69
2026-09-11 20:45:00,4346.67,4347.968,4346.228,4347.669,108
2026-09-11 20:46:00,4347.409,4348.196,4347.048,4347.879,59
2026-09-11 20:47:00,4348.152,4349.508,4347.784,4347.842,113
2026-09-11 20:48:00,4348.122,4348.122,4347.227,4347.689,77
2026-09-11 20:49:00,4347.744,4347.811,4347.252,4347.666,48
2026-09-11 20:50:00,4347.42,4347.876,4346.795,4347.027,82
2026-09-11 20:51:00,4347.218,4347.429,4346.811,4347.094,42
2026-09-11 20:52:00,4347.269,4348.125,4346.86,4347.853,83
2026-09-11 20:53:00,4347.799,4347.799,4345.378,4346.857,229
2026-09-11 20:54:00,4347.009,4348.669,4346.308,4348.669,124
2026-09-11 20:55:00,4348.433,4348.784,4347.522,4347.868,80
2026-09-11 20:56:00,4347.962,4348.86,4347.771,4348.153,112
2026-09-11 20:57:00,4348.18,4349.611,4348.033,4349.302,145
2026-09-13 22:05:00,4339.582,4340.924,4338.156,4339.531,90
2026-09-13 22:06:00,4339.643,4339.828,4337.155,4337.519,123
2026-09-13 22:07:00,4338.007,4339.641,4337.347,4337.811,129
2026-09-13 22:08:00,4337.812,4338.765,4333.741,4334.105,89
2026-09-13 22:09:00,4334.074,4334.586,4331.0,4331.298,141
2026-09-13 22:10:00,4331.655,4333.398,4330.179,4330.244,119
2026-09-13 22:11:00,4330.599,4332.283,4330.428,4331.112,146
2026-09-13 22:12:00,4331.256,4332.298,4330.365,4331.485,154
2026-09-13 22:13:00,4331.524,4334.031,4331.139,4333.009,103
2026-09-13 22:14:00,4332.997,4333.473,4331.034,4331.162,116
2026-09-13 22:15:00,4331.145,4333.051,4331.145,4331.918,140
2026-09-13 22:16:00,4332.029,4332.623,4331.562,4332.376,130
2026-09-13 22:17:00,4332.374,4332.374,4329.67,4330.321,141
2026-09-13 22:18:00,4330.343,4332.037,4330.134,4330.775,125
2026-09-13 22:19:00,4330.954,4333.179,4330.668,4333.179,86
2026-09-13 22:20:00,4333.008,4334.457,4332.646,4332.679,83
2026-09-13 22:21:00,4333.044,4333.799,4332.294,4333.525,119
2026-09-13 22:22:00,4333.529,4333.529,4331.159,4331.196,115
2026-09-13 22:23:00,4331.262,4331.358,4329.61,4329.716,84
2026-09-13 22:24:00,4329.677,4330.219,4328.277,4329.221,94
2026-09-13 22:25:00,4329.221,4330.747,4329.09,4330.682,70
2026-09-13 22:26:00,4330.782,4332.846,4330.782,4332.846,73
2026-09-13 22:27:00,4332.985,4335.945,4332.727,4335.515,113
2026-09-13 22:28:00,4335.455,4336.254,4334.979,4336.218,107
2026-09-13 22:29:00,4335.893,4336.531,4335.543,4336.05,74
2026-09-13 22:30:00,4335.988,4336.751,4334.684,4336.383,113
2026-09-13 22:31:00,4336.45,4337.034,4335.518,4335.891,80
2026-09-13 22:32:00,4335.957,4336.36,4335.514,4336.17,88
2026-09-13 22:33:00,4336.274,4337.963,4336.274,4337.809,102
2026-09-13 22:34:00,4337.782,4338.141,4336.545,4336.64,88
2026-09-13 22:35:00,4336.632,4336.7,4335.186,4335.209,65
2026-09-13 22:36:00,4335.073,4336.322,4335.073,4336.134,45
2026-09-13 22:37:00,4336.219,4337.108,4335.87,4336.296,104
2026-09-13 22:38:00,4336.136,4336.779,4335.995,4336.193,90
2026-09-13 22:39:00,4336.112,4336.512,4335.194,4336.102,90
2026-09-13 22:40:00,4336.026,4336.035,4334.883,4335.294,95
2026-09-13 22:41:00,4335.337,4336.609,4335.294,4336.303,74
2026-09-13 22:42:00,4336.203,4336.203,4335.269,4335.709,71
2026-09-13 22:43:00,4335.624,4336.157,4333.575,4335.962,106
2026-09-13 22:44:00,4335.903,4337.589,4335.335,4337.304,95
2026-09-13 22:45:00,4337.424,4337.978,4337.055,4337.431,62
2026-09-13 22:46:00,4337.421,4337.642,4336.789,4337.129,74
2026-09-13 22:47:00,4337.067,4337.067,4335.796,4336.371,64
2026-09-13 22:48:00,4336.375,4336.842,4336.162,4336.585,54
2026-09-13 22:49:00,4336.503,4336.741,4336.336,4336.532,54
2026-09-13 22:50:00,4336.412,4336.831,4335.693,4335.793,59
2026-09-13 22:51:00,4335.996,4337.198,4335.113,4336.633,79
2026-09-13 22:52:00,4336.633,4337.434,4336.035,4336.153,67
2026-09-13 22:53:00,4336.113,4337.868,4335.317,4337.787,101
2026-09-13 22:54:00,4337.631,4339.987,4337.631,4339.637,107
2026-09-13 22:55:00,4339.328,4339.513,4337.932,4339.095,85
2026-09-13 22:56:00,4339.036,4339.036,4338.12,4338.816,66
2026-09-13 22:57:00,4338.756,4339.199,4338.265,4338.527,68
2026-09-13 22:58:00,4338.409,4338.682,4338.043,4338.307,52
2026-09-13 22:59:00,4338.312,4338.533,4337.659,4337.663,75
2026-09-13 23:00:00,4337.94,4341.957,4337.837,4341.484,141
2026-09-13 23:01:00,4341.64,4342.431,4341.068,4341.807,95
2026-09-13 23:02:00,4341.843,4342.016,4340.847,4341.155,59
2026-09-13 23:03:00,4340.882,4342.107,4340.882,4341.816,59
2026-09-13 23:04:00,4342.092,4342.092,4341.045,4341.063,53
2026-09-13 23:05:00,4341.26,4341.303,4340.735,4341.036,56
2026-09-13 23:06:00,4341.138,4341.138,4340.718,4340.941,41
2026-09-13 23:07:00,4340.689,4341.537,4340.469,4341.489,52
2026-09-13 23:08:00,4341.499,4341.816,4341.234,4341.569,51
2026-09-13 23:09:00,4341.561,4341.778,4341.351,4341.351,46
2026-09-13 23:10:00,4341.608,4342.417,4340.918,4341.82,70
2026-09-13 23:11:00,4342.149,4342.489,4341.767,4342.028,50
2026-09-13 23:12:00,4342.018,4342.018,4341.058,4341.5,56
2026-09-13 23:13:00,4341.128,4341.361,4340.68,4340.896,46
2026-09-13 23:14:00,4340.897,4341.151,4339.346,4339.346,56
2026-09-13 23:15:00,4339.316,4340.63,4339.316,4340.103,75
2026-09-13 23:16:00,4340.227,4340.35,4339.39,4339.933,51
2026-09-13 23:17:00,4339.669,4340.046,4338.575,4338.773,67
2026-09-13 23:18:00,4338.726,4339.001,4337.537,4337.685,79
2026-09-13 23:19:00,4337.409,4338.197,4337.409,4337.723,58
2026-09-13 23:20:00,4337.723,4337.829,4336.477,4336.477,65
2026-09-13 23:21:00,4336.665,4337.091,4335.579,4335.923,68
2026-09-13 23:22:00,4335.932,4336.966,4335.802,4336.105,73
2026-09-13 23:23:00,4335.834,4337.097,4335.829,4337.074,71
2026-09-13 23:24:00,4337.088,4338.374,4337.003,4337.875,88
2026-09-13 23:25:00,4338.063,4338.257,4337.001,4337.65,91
2026-09-13 23:26:00,4337.713,4338.595,4337.622,4337.673,96
2026-09-13 23:27:00,4337.827,4338.265,4337.272,4337.727,62
2026-09-13 23:28:00,4337.786,4338.06,4336.835,4338.06,84
2026-09-13 23:29:00,4337.77,4340.336,4337.77,4339.38,111
2026-09-13 23:30:00,4339.327,4340.132,4338.975,4339.992,65
2026-09-13 23:31:00,4339.983,4340.421,4339.017,4339.425,78
2026-09-13 23:32:00,4339.272,4340.261,4339.239,4340.194,70
2026-09-13 23:33:00,4340.194,4341.522,4340.194,4341.371,79
2026-09-13 23:34:00,4341.347,4342.04,4340.882,4341.288,82
2026-09-13 23:35:00,4341.333,4341.405,4339.752,4339.947,91
2026-09-13 23:36:00,4339.942,4340.537,4338.494,4339.787,111
2026-09-13 23:37:00,4340.052,4341.569,4339.297,4341.076,133
2026-09-13 23:38:00,4341.029,4341.505,4340.745,4341.374,87
2026-09-13 23:39:00,4341.367,4342.05,4339.645,4340.583,159
2026-09-13 23:40:00,4340.783,4341.397,4339.643,4340.278,136
2026-09-13 23:41:00,4340.322,4340.749,4338.403,4338.403,99
2026-09-13 23:42:00,4338.629,4339.12,4338.095,4338.386,72
2026-09-13 23:43:00,4338.325,4338.561,4337.725,4338.25,88
2026-09-13 23:44:00,4338.304,4339.048,4337.916,4337.988,91
2026-09-13 23:45:00,4337.655,4338.42,4335.832,4337.13,298
2026-09-13 23:46:00,4337.077,4337.916,4336.426,4336.693,216
2026-09-13 23:47:00,4336.64,4337.907,4335.964,4337.674,197
2026-09-13 23:48:00,4337.662,4338.329,4335.014,4335.367,185
2026-09-13 23:49:00,4335.389,4335.393,4331.961,4332.144,200
2026-09-13 23:50:00,4332.198,4333.053,4331.715,4332.895,168
2026-09-13 23:51:00,4332.958,4333.444,4332.304,4332.573,140
2026-09-13 23:52:00,4332.468,4334.343,4332.288,4334.094,123
2026-09-13 23:53:00,4334.029,4335.117,4333.262,4335.047,161
2026-09-13 23:54:00,4334.986,4334.986,4333.574,4333.574,111
2026-09-13 23:55:00,4333.816,4335.319,4333.361,4334.201,184
2026-09-13 23:56:00,4334.208,4334.663,4331.845,4333.004,185
2026-09-13 23:57:00,4333.007,4334.426,4332.865,4334.089,156
2026-09-13 23:58:00,4334.151,4335.392,4333.463,4334.384,151
2026-09-13 23:59:00,4334.361,4334.485,4332.173,4332.941,159
2026-09-14 00:00:00,4332.802,4334.463,4329.7,4331.609,544
2026-09-14 00:01:00,4331.537,4333.116,4330.503,4331.744,584
2026-09-14 00:02:00,4331.693,4334.755,4331.242,4334.707,394
2026-09-14 00:03:00,4334.637,4335.954,4333.891,4335.047,281
2026-09-14 00:04:00,4334.995,4335.084,4332.923,4333.637,325
2026-09-14 00:05:00,4333.736,4338.245,4333.736,4337.449,420
2026-09-14 00:06:00,4337.322,4341.874,4337.117,4341.58,341
2026-09-14 00:07:00,4341.75,4344.538,4341.469,4344.14,341
2026-09-14 00:08:00,4344.053,4345.648,4343.178,4345.084,274
2026-09-14 00:09:00,4345.031,4346.483,4344.641,4345.516,240
2026-09-14 00:10:00,4345.462,4346.198,4344.482,4345.841,311
2026-09-14 00:11:00,4345.958,4346.663,4343.987,4344.825,371
2026-09-14 00:12:00,4344.605,4346.273,4343.027,4345.139,343
2026-09-14 00:13:00,4345.234,4347.652,4344.465,4344.474,284
2026-09-14 00:14:00,4344.69,4344.69,4341.348,4342.889,296
2026-09-14 00:15:00,4342.836,4345.109,4342.479,4342.896,363
2026-09-14 00:16:00,4342.868,4343.363,4340.019,4341.202,279
2026-09-14 00:17:00,4341.261,4343.381,4340.169,4343.352,220
2026-09-14 00:18:00,4343.022,4343.489,4341.625,4342.148,229
2026-09-14 00:19:00,4342.094,4342.946,4341.069,4341.377,219
2026-09-14 00:20:00,4341.301,4341.301,4338.186,4340.043,215
2026-09-14 00:21:00,4339.807,4340.037,4336.907,4338.232,268
2026-09-14 00:22:00,4338.298,4340.121,4336.836,4339.558,238
2026-09-14 00:23:00,4339.49,4339.845,4337.522,4338.352,240
2026-09-14 00:24:00,4338.346,4338.927,4337.479,4338.888,186
2026-09-14 00:25:00,4338.803,4340.215,4336.532,4336.714,255
2026-09-14 00:26:00,4336.771,4336.771,4333.21,4334.202,231
2026-09-14 00:27:00,4334.143,4335.401,4333.888,4334.89,235
2026-09-14 00:28:00,4334.871,4335.799,4334.491,4335.507,150
2026-09-14 00:29:00,4335.434,4338.251,4335.08,4337.909,163
2026-09-14 00:30:00,4337.787,4340.049,4337.032,4337.032,251
2026-09-14 00:31:00,4337.026,4339.696,4336.283,4339.385,296
2026-09-14 00:32:00,4339.651,4340.175,4338.423,4339.532,204
2026-09-14 00:33:00,4339.737,4339.852,4337.757,4338.922,224
2026-09-14 00:34:00,4338.593,4340.599,4338.482,4339.463,249
2026-09-14 00:35:00,4339.484,4340.834,4334.48,4336.228,343
2026-09-14 00:36:00,4336.381,4336.685,4333.667,4334.57,273
2026-09-14 00:37:00,4334.512,4334.714,4332.876,4334.079,265
2026-09-14 00:38:00,4333.887,4334.845,4333.129,4333.5,275
2026-09-14 00:39:00,4333.537,4333.917,4332.827,4332.963,145
2026-09-14 00:40:00,4333.022,4334.16,4331.993,4333.372,222
2026-09-14 00:41:00,4333.42,4334.794,4332.97,4333.822,271
2026-09-14 00:42:00,4334.164,4334.832,4333.262,4333.502,169
2026-09-14 00:43:00,4333.504,4337.875,4333.207,4337.792,259
2026-09-14 00:44:00,4337.401,4338.606,4336.589,4338.11,178
2026-09-14 00:45:00,4338.166,4339.174,4337.203,4337.371,263
2026-09-14 00:46:00,4337.152,4339.709,4337.017,4338.711,302
2026-09-14 00:47:00,4338.795,4342.66,4338.701,4340.278,355
2026-09-14 00:48:00,4340.338,4341.887,4338.396,4338.793,210
2026-09-14 00:49:00,4338.805,4340.17,4338.573,4339.824,207
2026-09-14 00:50:00,4339.494,4340.952,4339.44,4340.536,206
2026-09-14 00:51:00,4340.589,4341.092,4339.603,4340.701,187
2026-09-14 00:52:00,4340.943,4341.654,4340.179,4341.378,144
2026-09-14 00:53:00,4341.377,4342.703,4339.715,4340.304,244
2026-09-14 00:54:00,4340.362,4342.533,4340.165,4342.533,202
2026-09-14 00:55:00,4342.588,4343.429,4340.21,4341.031,218
2026-09-14 00:56:00,4340.935,4341.426,4340.411,4340.901,156
2026-09-14 00:57:00,4341.006,4341.635,4340.138,4340.138,166
2026-09-14 00:58:00,4340.253,4341.485,4338.084,4338.325,231
2026-09-14 00:59:00,4338.271,4340.135,4338.024,4338.432,430
2026-09-14 01:00:00,4338.31,4341.847,4333.569,4341.392,1451
2026-09-14 01:01:00,4341.578,4344.616,4338.933,4343.964,917
2026-09-14 01:02:00,4344.067,4344.8,4338.257,4342.286,947
2026-09-14 01:03:00,4342.34,4342.626,4332.47,4335.382,897
2026-09-14 01:04:00,4335.1,4335.7,4330.812,4331.091,950
2026-09-14 01:05:00,4331.157,4334.587,4330.644,4333.688,801
2026-09-14 01:06:00,4333.635,4334.676,4329.745,4330.13,734
2026-09-14 01:07:00,4329.952,4335.136,4329.749,4334.623,747
2026-09-14 01:08:00,4334.556,4335.912,4333.721,4335.239,545
2026-09-14 01:09:00,4335.253,4337.052,4333.019,4336.113,558
2026-09-14 01:10:00,4336.168,4336.726,4332.601,4332.601,612
2026-09-14 01:11:00,4332.544,4335.519,4331.146,4331.996,616
2026-09-14 01:12:00,4332.341,4332.838,4329.343,4331.511,689
2026-09-14 01:13:00,4331.471,4331.801,4330.145,4330.458,584
2026-09-14 01:14:00,4330.396,4332.284,4329.609,4331.656,510
2026-09-14 01:15:00,4331.595,4333.675,4330.539,4331.556,580
2026-09-14 01:16:00,4331.498,4332.214,4328.986,4329.84,674
2026-09-14 01:17:00,4329.74,4332.506,4328.494,4330.447,512
2026-09-14 01:18:00,4330.504,4332.963,4330.213,4331.884,409
2026-09-14 01:19:00,4331.836,4333.009,4326.485,4327.32,584
2026-09-14 01:20:00,4327.167,4329.519,4326.089,4329.265,448
2026-09-14 01:21:00,4329.145,4333.216,4328.832,4331.816,488
2026-09-14 01:22:00,4331.729,4334.274,4331.16,4333.934,353
2026-09-14 01:23:00,4334.242,4335.614,4331.91,4334.446,374
2026-09-14 01:24:00,4334.454,4337.666,4334.318,4334.948,443
2026-09-14 01:25:00,4335.274,4335.326,4332.321,4333.126,381
2026-09-14 01:26:00,4333.246,4335.279,4330.606,4335.279,420
2026-09-14 01:27:00,4334.952,4337.337,4333.323,4336.102,349
2026-09-14 01:28:00,4336.291,4338.117,4335.701,4336.971,373
2026-09-14 01:29:00,4337.113,4337.202,4334.096,4335.42,318
2026-09-14 01:30:00,4335.539,4336.13,4334.066,4334.786,355
2026-09-14 01:31:00,4334.699,4335.691,4332.181,4333.472,371
2026-09-14 01:32:00,4333.436,4334.135,4330.097,4331.029,405
2026-09-14 01:33:00,4330.962,4331.573,4328.376,4330.761,416
2026-09-14 01:34:00,4330.707,4332.618,4328.377,4331.717,437
2026-09-14 01:35:00,4331.647,4337.182,4331.345,4335.755,461
2026-09-14 01:36:00,4335.924,4339.737,4335.459,4338.3,388
2026-09-14 01:37:00,4338.087,4339.78,4338.087,4339.527,287
2026-09-14 01:38:00,4339.58,4341.642,4339.362,4341.642,337
2026-09-14 01:39:00,4341.715,4345.145,4341.715,4344.389,394
2026-09-14 01:40:00,4344.403,4346.597,4341.954,4343.201,508
2026-09-14 01:41:00,4343.261,4343.353,4341.332,4342.675,332
2026-09-14 01:42:00,4342.977,4342.977,4337.862,4338.529,429
2026-09-14 01:43:00,4338.586,4341.32,4337.066,4341.296,355
2026-09-14 01:44:00,4341.259,4342.959,4340.255,4342.305,300
2026-09-14 01:45:00,4342.351,4344.734,4342.351,4344.348,380
2026-09-14 01:46:00,4344.375,4344.935,4342.565,4344.64,271
2026-09-14 01:47:00,4344.722,4346.943,4343.624,4346.38,277
2026-09-14 01:48:00,4346.433,4349.093,4345.616,4347.576,381
2026-09-14 01:49:00,4347.559,4348.658,4345.718,4345.718,244
2026-09-14 01:50:00,4346.044,4346.462,4344.731,4344.983,336
2026-09-14 01:51:00,4344.93,4348.025,4342.454,4347.189,388
2026-09-14 01:52:00,4347.406,4349.032,4346.78,4348.887,212
2026-09-14 01:53:00,4348.795,4350.229,4347.387,4348.135,281
2026-09-14 01:54:00,4348.074,4349.113,4347.837,4347.902,192
2026-09-14 01:55:00,4348.118,4348.702,4346.588,4347.487,294
2026-09-14 01:56:00,4347.818,4350.481,4347.544,4350.167,269
2026-09-14 01:57:00,4350.114,4351.964,4349.674,4351.046,289
2026-09-14 01:58:00,4351.108,4355.203,4350.761,4353.31,284
2026-09-14 01:59:00,4353.25,4354.451,4352.614,4353.174,275
2026-09-14 02:00:00,4353.097,4353.578,4350.789,4352.127,302
2026-09-14 02:01:00,4352.07,4354.052,4351.032,4353.18,218
2026-09-14 02:02:00,4353.072,4354.151,4350.759,4351.375,242
2026-09-14 02:03:00,4351.549,4352.602,4349.413,4350.14,256
2026-09-14 02:04:00,4350.068,4350.365,4348.443,4349.23,277
2026-09-14 02:05:00,4349.23,4350.942,4349.157,4350.187,235
2026-09-14 02:06:00,4350.353,4352.296,4348.974,4351.962,244
2026-09-14 02:07:00,4351.864,4353.272,4350.748,4352.877,241
2026-09-14 02:08:00,4352.932,4355.091,4352.289,4354.247,225
2026-09-14 02:09:00,4354.596,4354.731,4352.125,4352.567,205
2026-09-14 02:10:00,4352.314,4354.104,4350.817,4350.817,203
2026-09-14 02:11:00,4350.763,4351.873,4350.322,4350.882,145
2026-09-14 02:12:00,4350.861,4350.969,4348.557,4348.814,186
2026-09-14 02:13:00,4348.614,4349.898,4348.614,4349.226,157
2026-09-14 02:14:00,4349.507,4349.591,4348.871,4349.473,167
2026-09-14 02:15:00,4349.372,4349.499,4348.528,4349.016,115
2026-09-14 02:16:00,4348.722,4349.178,4348.149,4348.751,115
2026-09-14 02:17:00,4348.905,4349.474,4348.623,4349.474,70
2026-09-14 02:18:00,4349.472,4350.15,4348.582,4349.485,157
2026-09-14 02:19:00,4349.51,4350.256,4348.984,4349.037,129
2026-09-14 02:20:00,4349.332,4350.961,4348.807,4350.6,127
2026-09-14 02:21:00,4350.197,4350.469,4349.484,4349.887,138
2026-09-14 02:22:00,4349.768,4350.624,4349.323,4350.221,97
2026-09-14 02:23:00,4350.275,4354.031,4350.275,4352.27,157
2026-09-14 02:24:00,4352.263,4353.285,4351.803,4353.086,121
2026-09-14 02:25:00,4353.15,4354.01,4352.455,4353.035,159
2026-09-14 02:26:00,4353.088,4354.06,4352.743,4353.605,134
2026-09-14 02:27:00,4353.551,4353.804,4352.809,4353.159,117
2026-09-14 02:28:00,4352.922,4353.441,4352.218,4352.342,129
2026-09-14 02:29:00,4352.343,4353.169,4351.765,4351.931,112
2026-09-14 02:30:00,4352.054,4354.518,4350.351,4353.34,517
2026-09-14 02:31:00,4353.668,4355.356,4353.168,4354.925,284
2026-09-14 02:32:00,4354.952,4355.31,4352.555,4353.457,253
2026-09-14 02:33:00,4353.215,4354.686,4352.528,4353.178,269
2026-09-14 02:34:00,4353.276,4355.169,4353.046,4354.158,290
2026-09-14 02:35:00,4354.367,4354.636,4351.467,4351.851,327
2026-09-14 02:36:00,4351.789,4351.859,4350.3,4351.229,235
2026-09-14 02:37:00,4351.314,4351.314,4349.569,4350.587,212
2026-09-14 02:38:00,4350.655,4350.707,4348.538,4350.098,195
2026-09-14 02:39:00,4349.977,4352.025,4347.544,4348.074,281
2026-09-14 02:40:00,4347.872,4348.182,4345.919,4346.067,216
2026-09-14 02:41:00,4346.006,4346.662,4344.805,4345.413,266
2026-09-14 02:42:00,4345.288,4345.497,4343.087,4345.037,291
2026-09-14 02:43:00,4345.145,4347.622,4344.006,4347.516,275
2026-09-14 02:44:00,4347.263,4347.548,4344.646,4345.789,238
2026-09-14 02:45:00,4345.734,4348.091,4344.927,4347.21,242
2026-09-14 02:46:00,4347.267,4348.123,4346.434,4346.618,218
2026-09-14 02:47:00,4346.552,4347.055,4345.204,4346.061,240
2026-09-14 02:48:00,4346.036,4347.378,4345.211,4345.444,209
2026-09-14 02:49:00,4345.5,4346.069,4344.626,4344.889,164
2026-09-14 02:50:00,4345.14,4345.265,4343.265,4344.136,221
2026-09-14 02:51:00,4344.134,4344.134,4341.141,4341.321,247
2026-09-14 02:52:00,4341.264,4341.264,4339.281,4340.56,234
2026-09-14 02:53:00,4340.441,4340.865,4339.382,4340.466,186
2026-09-14 02:54:00,4340.464,4340.708,4337.932,4338.427,203
2026-09-14 02:55:00,4338.368,4338.368,4335.366,4335.833,214
2026-09-14 02:56:00,4335.775,4337.289,4334.719,4335.357,320
2026-09-14 02:57:00,4335.226,4335.369,4332.42,4332.736,324
2026-09-14 02:58:00,4332.676,4333.43,4331.024,4331.09,285
2026-09-14 02:59:00,4331.035,4332.027,4330.06,4331.018,253
2026-09-14 03:00:00,4330.959,4332.35,4328.532,4330.579,501
2026-09-14 03:01:00,4330.386,4331.177,4327.244,4330.972,390
2026-09-14 03:02:00,4330.886,4331.971,4330.591,4330.602,281
2026-09-14 03:03:00,4330.661,4332.783,4330.439,4332.731,223
2026-09-14 03:04:00,4332.712,4332.839,4331.159,4332.273,204
2026-09-14 03:05:00,4332.364,4333.449,4331.837,4332.773,192
2026-09-14 03:06:00,4332.762,4334.264,4332.014,4333.214,233
2026-09-14 03:07:00,4333.2,4333.972,4331.961,4333.446,206
2026-09-14 03:08:00,4333.781,4334.383,4332.967,4334.379,181
2026-09-14 03:09:00,4334.446,4336.176,4333.964,4335.716,163
2026-09-14 03:10:00,4335.715,4335.865,4332.827,4333.606,227
2026-09-14 03:11:00,4333.543,4334.571,4333.123,4334.38,170
2026-09-14 03:12:00,4334.208,4336.104,4334.085,4334.437,192
2026-09-14 03:13:00,4334.327,4336.156,4333.853,4335.449,183
2026-09-14 03:14:00,4335.396,4335.693,4332.611,4333.316,177
2026-09-14 03:15:00,4333.587,4334.041,4332.567,4332.717,156
2026-09-14 03:16:00,4332.645,4333.501,4331.741,4333.187,168
2026-09-14 03:17:00,4333.183,4334.049,4332.054,4333.634,220
2026-09-14 03:18:00,4333.49,4334.627,4333.49,4334.477,111
2026-09-14 03:19:00,4334.482,4335.834,4333.772,4335.46,129
2026-09-14 03:20:00,4335.408,4336.313,4334.783,4335.225,163
2026-09-14 03:21:00,4335.241,4335.415,4333.893,4334.773,113
2026-09-14 03:22:00,4334.456,4336.55,4334.149,4335.481,133
2026-09-14 03:23:00,4335.782,4336.168,4335.299,4335.572,73
2026-09-14 03:24:00,4335.845,4335.953,4334.542,4334.595,99
2026-09-14 03:25:00,4334.923,4335.64,4333.82,4334.103,159
2026-09-14 03:26:00,4333.789,4334.528,4333.342,4333.843,199
2026-09-14 03:27:00,4333.907,4334.021,4332.956,4333.676,133
2026-09-14 03:28:00,4333.795,4334.94,4333.709,4334.391,123
2026-09-14 03:29:00,4334.545,4334.952,4334.112,4334.651,135
2026-09-14 03:30:00,4334.704,4335.333,4332.559,4332.752,174
2026-09-14 03:31:00,4332.421,4333.285,4331.809,4333.049,144
2026-09-14 03:32:00,4332.982,4333.571,4332.024,4332.431,124
2026-09-14 03:33:00,4332.3,4332.3,4330.488,4330.807,142
2026-09-14 03:34:00,4330.754,4331.311,4329.903,4330.468,136
2026-09-14 03:35:00,4330.348,4330.577,4328.994,4329.312,196
2026-09-14 03:36:00,4329.292,4329.702,4328.089,4329.145,149
2026-09-14 03:37:00,4329.117,4332.01,4328.938,4331.729,183
2026-09-14 03:38:00,4331.515,4332.061,4330.885,4331.661,158
2026-09-14 03:39:00,4331.937,4332.942,4331.1,4331.958,150
2026-09-14 03:40:00,4331.976,4331.976,4328.647,4329.063,167
2026-09-14 03:41:00,4329.006,4329.385,4327.092,4327.372,208
2026-09-14 03:42:00,4327.169,4328.851,4327.032,4328.792,128
2026-09-14 03:43:00,4328.512,4329.338,4327.992,4329.003,177
2026-09-14 03:44:00,4329.314,4329.368,4328.423,4329.355,110
2026-09-14 03:45:00,4329.081,4330.26,4328.765,4330.018,96
2026-09-14 03:46:00,4330.038,4331.195,4329.317,4329.839,128
2026-09-14 03:47:00,4330.009,4330.184,4328.448,4329.27,164
2026-09-14 03:48:00,4328.946,4331.236,4328.946,4330.901,129
2026-09-14 03:49:00,4331.018,4333.284,4330.807,4332.802,143
2026-09-14 03:50:00,4332.75,4333.412,4331.836,4333.002,112
2026-09-14 03:51:00,4333.154,4333.562,4330.368,4331.275,129
2026-09-14 03:52:00,4331.255,4331.939,4330.309,4331.859,137
2026-09-14 03:53:00,4331.823,4332.984,4331.467,4332.818,108
2026-09-14 03:54:00,4332.889,4333.471,4331.625,4331.861,149
2026-09-14 03:55:00,4332.079,4332.777,4331.042,4331.525,168
2026-09-14 03:56:00,4331.6,4332.056,4330.672,4331.33,184
2026-09-14 03:57:00,4331.44,4331.908,4330.803,4331.13,122
2026-09-14 03:58:00,4330.906,4331.149,4329.409,4330.511,170
2026-09-14 03:59:00,4330.568,4330.699,4330.178,4330.6,84
2026-09-14 04:00:00,4330.603,4331.879,4330.024,4331.094,140
2026-09-14 04:01:00,4330.963,4331.778,4330.13,4330.29,114
2026-09-14 04:02:00,4330.138,4330.62,4329.697,4330.057,113
2026-09-14 04:03:00,4330.382,4331.6,4329.836,4331.6,112
2026-09-14 04:04:00,4331.315,4331.554,4330.613,4331.278,94
2026-09-14 04:05:00,4330.96,4331.777,4329.79,4330.383,122
2026-09-14 04:06:00,4330.66,4331.168,4329.864,4330.296,139
2026-09-14 04:07:00,4330.399,4331.053,4329.905,4329.905,120
2026-09-14 04:08:00,4330.124,4330.319,4328.972,4329.287,101
2026-09-14 04:09:00,4329.334,4330.724,4329.2,4330.546,133
2026-09-14 04:10:00,4330.85,4331.214,4330.138,4330.423,127
2026-09-14 04:11:00,4330.371,4330.997,4329.679,4330.932,119
2026-09-14 04:12:00,4330.92,4330.974,4329.731,4330.001,113
2026-09-14 04:13:00,4329.957,4330.868,4329.567,4330.495,99
2026-09-14 04:14:00,4330.452,4330.608,4329.279,4329.279,83
2026-09-14 04:15:00,4329.351,4330.216,4329.144,4329.583,115
2026-09-14 04:16:00,4329.7,4330.2,4329.208,4329.946,117
2026-09-14 04:17:00,4329.954,4330.426,4329.494,4329.556,117
2026-09-14 04:18:00,4329.503,4329.871,4328.753,4329.342,123
2026-09-14 04:19:00,4329.512,4329.91,4329.205,4329.553,81
2026-09-14 04:20:00,4329.547,4329.762,4329.168,4329.461,73
2026-09-14 04:21:00,4329.44,4330.01,4329.351,4329.647,90
2026-09-14 04:22:00,4329.642,4330.636,4329.211,4330.636,110
2026-09-14 04:23:00,4330.361,4330.614,4329.457,4330.054,74
2026-09-14 04:24:00,4330.301,4330.374,4329.72,4330.008,79
2026-09-14 04:25:00,4330.263,4331.021,4329.941,4330.536,123
2026-09-14 04:26:00,4330.545,4331.019,4329.407,4330.61,121
2026-09-14 04:27:00,4330.67,4331.853,4330.67,4331.294,129
2026-09-14 04:28:00,4331.563,4331.662,4330.658,4331.063,93
2026-09-14 04:29:00,4330.997,4331.681,4330.575,4331.657,100
2026-09-14 04:30:00,4331.421,4331.807,4330.191,4331.048,124
2026-09-14 04:31:00,4330.992,4331.308,4330.322,4330.322,94
2026-09-14 04:32:00,4330.269,4330.813,4328.816,4329.463,105
2026-09-14 04:33:00,4329.506,4330.313,4328.078,4328.508,156
2026-09-14 04:34:00,4328.406,4329.014,4327.531,4327.79,114
2026-09-14 04:35:00,4327.59,4330.074,4327.59,4329.461,146
2026-09-14 04:36:00,4329.198,4329.944,4328.525,4328.773,126
2026-09-14 04:37:00,4328.604,4329.272,4327.21,4327.591,130
2026-09-14 04:38:00,4327.735,4328.048,4324.826,4325.178,281
2026-09-14 04:39:00,4325.506,4326.963,4324.963,4326.293,179
2026-09-14 04:40:00,4326.621,4326.667,4325.01,4325.506,160
2026-09-14 04:41:00,4325.718,4325.884,4324.144,4324.76,203
2026-09-14 04:42:00,4324.822,4325.313,4323.883,4325.126,178
2026-09-14 04:43:00,4325.155,4325.599,4324.001,4324.388,116
2026-09-14 04:44:00,4324.331,4324.686,4323.187,4323.456,141
2026-09-14 04:45:00,4323.512,4324.408,4322.876,4323.737,173
2026-09-14 04:46:00,4324.04,4324.135,4322.747,4323.207,129
2026-09-14 04:47:00,4322.94,4323.542,4321.897,4322.562,142
2026-09-14 04:48:00,4322.565,4324.742,4321.936,4324.612,174
2026-09-14 04:49:00,4324.493,4325.856,4323.87,4325.041,163
2026-09-14 04:50:00,4324.821,4325.557,4324.205,4325.016,135
2026-09-14 04:51:00,4325.003,4325.003,4322.815,4324.446,170
2026-09-14 04:52:00,4324.328,4325.976,4323.569,4324.572,198
2026-09-14 04:53:00,4324.864,4326.806,4324.269,4326.376,164
2026-09-14 04:54:00,4326.321,4328.387,4325.843,4328.219,145
2026-09-14 04:55:00,4328.218,4330.694,4328.009,4330.614,164
2026-09-14 04:56:00,4330.559,4331.664,4329.496,4329.704,134
2026-09-14 04:57:00,4329.501,4329.901,4328.745,4329.09,114
2026-09-14 04:58:00,4329.033,4329.811,4328.588,4329.811,104
2026-09-14 04:59:00,4329.816,4330.013,4329.243,4329.367,101
2026-09-14 05:00:00,4329.341,4330.058,4329.222,4329.666,110
2026-09-14 05:01:00,4329.79,4330.091,4328.622,4328.72,121
2026-09-14 05:02:00,4328.673,4328.946,4327.535,4327.929,137
2026-09-14 05:03:00,4327.875,4330.224,4326.964,4330.224,159
2026-09-14 05:04:00,4330.033,4332.672,4330.033,4332.138,147
2026-09-14 05:05:00,4331.874,4332.277,4330.552,4331.944,148
2026-09-14 05:06:00,4332.002,4332.294,4330.216,4330.788,150
2026-09-14 05:07:00,4330.734,4331.855,4329.785,4331.449,194
2026-09-14 05:08:00,4331.394,4332.497,4330.112,4330.448,155
2026-09-14 05:09:00,4330.629,4330.938,4328.662,4329.083,144
2026-09-14 05:10:00,4329.043,4329.043,4326.503,4326.653,147
2026-09-14 05:11:00,4326.696,4327.743,4326.559,4326.971,141
2026-09-14 05:12:00,4326.905,4328.598,4326.756,4328.075,131
2026-09-14 05:13:00,4327.799,4329.672,4327.536,4329.672,127
2026-09-14 05:14:00,4329.363,4330.88,4328.989,4330.88,98
2026-09-14 05:15:00,4330.944,4331.913,4330.425,4330.995,142
2026-09-14 05:16:00,4331.036,4332.272,4330.722,4330.967,139
2026-09-14 05:17:00,4330.898,4331.538,4330.529,4330.703,125
2026-09-14 05:18:00,4330.399,4331.035,4329.678,4330.028,137
2026-09-14 05:19:00,4329.976,4330.367,4329.51,4329.961,91
2026-09-14 05:20:00,4329.901,4330.422,4329.526,4329.526,102
2026-09-14 05:21:00,4329.819,4330.227,4329.29,4330.111,108
2026-09-14 05:22:00,4329.832,4330.441,4329.506,4329.648,88
2026-09-14 05:23:00,4329.7,4330.13,4328.084,4328.084,144
2026-09-14 05:24:00,4327.747,4327.969,4326.252,4327.471,122
2026-09-14 05:25:00,4327.495,4328.271,4326.951,4327.941,119
2026-09-14 05:26:00,4327.809,4328.853,4327.747,4328.62,106
2026-09-14 05:27:00,4328.682,4329.16,4327.469,4328.891,139
2026-09-14 05:28:00,4328.884,4328.884,4327.292,4327.756,110
2026-09-14 05:29:00,4327.479,4327.906,4326.332,4326.332,169
2026-09-14 05:30:00,4326.662,4333.749,4325.243,4332.262,759
2026-09-14 05:31:00,4332.523,4333.407,4331.724,4332.148,383
2026-09-14 05:32:00,4332.129,4334.997,4331.836,4334.648,303
2026-09-14 05:33:00,4334.703,4336.882,4334.46,4336.188,308
2026-09-14 05:34:00,4336.149,4336.149,4332.495,4332.495,279
2026-09-14 05:35:00,4332.554,4336.321,4331.986,4334.658,307
2026-09-14 05:36:00,4334.49,4334.993,4332.569,4334.194,288
2026-09-14 05:37:00,4333.867,4334.592,4333.484,4334.033,197
2026-09-14 05:38:00,4333.987,4336.452,4333.987,4335.343,253
2026-09-14 05:39:00,4335.44,4337.233,4335.056,4335.318,235
2026-09-14 05:40:00,4335.165,4335.375,4332.307,4333.405,257
2026-09-14 05:41:00,4333.342,4333.454,4330.144,4332.26,282
2026-09-14 05:42:00,4332.407,4332.629,4326.622,4327.207,434
2026-09-14 05:43:00,4327.331,4330.08,4326.324,4329.556,352
2026-09-14 05:44:00,4329.502,4331.772,4328.911,4330.895,310
2026-09-14 05:45:00,4331.07,4331.903,4329.393,4329.732,288
2026-09-14 05:46:00,4329.8,4334.241,4329.8,4330.464,335
2026-09-14 05:47:00,4330.681,4331.3,4328.998,4330.62,311
2026-09-14 05:48:00,4330.833,4331.581,4326.43,4327.463,296
2026-09-14 05:49:00,4327.397,4327.472,4325.041,4326.176,293
2026-09-14 05:50:00,4326.362,4327.31,4323.271,4327.25,349
2026-09-14 05:51:00,4327.196,4329.762,4326.861,4328.554,273
2026-09-14 05:52:00,4328.947,4329.603,4327.842,4329.012,281
2026-09-14 05:53:00,4328.964,4332.606,4328.735,4332.281,252
2026-09-14 05:54:00,4332.163,4334.869,4332.163,4334.495,247
2026-09-14 05:55:00,4334.463,4334.463,4332.7,4333.654,329
2026-09-14 05:56:00,4333.68,4336.376,4333.375,4335.031,255
2026-09-14 05:57:00,4335.089,4336.418,4334.444,4335.819,301
2026-09-14 05:58:00,4335.605,4336.836,4334.759,4336.094,219
2026-09-14 05:59:00,4336.248,4337.562,4335.701,4337.234,195
2026-09-14 06:00:00,4337.3,4338.518,4335.797,4336.406,389
2026-09-14 06:01:00,4336.104,4338.756,4335.248,4337.841,351
2026-09-14 06:02:00,4337.884,4338.634,4336.343,4336.562,283
2026-09-14 06:03:00,4336.806,4336.998,4335.709,4336.09,209
2026-09-14 06:04:00,4335.696,4336.546,4334.153,4334.536,260
2026-09-14 06:05:00,4334.655,4336.293,4333.084,4333.568,319
2026-09-14 06:06:00,4333.513,4334.489,4331.353,4331.841,296
2026-09-14 06:07:00,4331.787,4333.899,4330.918,4333.634,247
2026-09-14 06:08:00,4333.686,4334.418,4332.664,4332.769,252
2026-09-14 06:09:00,4332.537,4332.682,4330.983,4331.009,246
2026-09-14 06:10:00,4330.947,4331.829,4330.157,4331.601,231
2026-09-14 06:11:00,4331.61,4333.832,4331.052,4332.549,300
2026-09-14 06:12:00,4332.276,4332.779,4328.467,4328.921,218
2026-09-14 06:13:00,4329.137,4329.69,4326.823,4328.005,223
2026-09-14 06:14:00,4328.034,4330.145,4327.95,4329.758,208
2026-09-14 06:15:00,4329.817,4329.912,4328.272,4328.53,224
2026-09-14 06:16:00,4328.677,4330.046,4327.671,4329.128,295
2026-09-14 06:17:00,4329.327,4330.074,4328.6,4329.209,230
2026-09-14 06:18:00,4329.261,4329.421,4328.475,4329.04,189
2026-09-14 06:19:00,4329.117,4330.493,4328.142,4330.152,199
2026-09-14 06:20:00,4330.093,4331.511,4328.901,4329.127,237
2026-09-14 06:21:00,4328.949,4328.949,4327.546,4328.556,202
2026-09-14 06:22:00,4328.631,4329.227,4326.948,4327.798,211
2026-09-14 06:23:00,4327.853,4329.326,4327.35,4329.128,214
2026-09-14 06:24:00,4328.968,4329.891,4328.679,4329.491,152
2026-09-14 06:25:00,4329.465,4331.02,4328.843,4330.712,151
2026-09-14 06:26:00,4330.509,4331.799,4329.594,4331.681,197
2026-09-14 06:27:00,4331.433,4332.431,4330.773,4331.795,201
2026-09-14 06:28:00,4331.847,4332.014,4329.852,4330.382,204
2026-09-14 06:29:00,4330.287,4331.494,4329.84,4330.169,193
2026-09-14 06:30:00,4329.94,4331.034,4329.655,4331.004,184
2026-09-14 06:31:00,4330.729,4332.223,4330.632,4331.306,194
2026-09-14 06:32:00,4331.361,4331.832,4328.959,4330.066,196
2026-09-14 06:33:00,4330.115,4331.073,4329.7,4329.774,163
2026-09-14 06:34:00,4330.069,4330.169,4329.051,4330.092,151
2026-09-14 06:35:00,4330.043,4330.907,4328.891,4329.217,223
2026-09-14 06:36:00,4329.108,4331.444,4329.108,4331.224,180
2026-09-14 06:37:00,4331.205,4332.451,4330.512,4330.531,217
2026-09-14 06:38:00,4330.856,4331.713,4328.967,4328.967,210
2026-09-14 06:39:00,4328.997,4329.214,4327.471,4327.766,253
2026-09-14 06:40:00,4327.824,4328.251,4326.871,4327.359,141
2026-09-14 06:41:00,4327.417,4328.022,4326.601,4327.123,183
2026-09-14 06:42:00,4326.924,4327.215,4325.805,4326.486,185
2026-09-14 06:43:00,4326.432,4326.625,4325.034,4325.719,170
2026-09-14 06:44:00,4325.598,4327.694,4324.997,4327.129,256
2026-09-14 06:45:00,4327.309,4329.836,4327.101,4328.466,293
2026-09-14 06:46:00,4328.465,4329.196,4325.524,4328.273,335
2026-09-14 06:47:00,4328.265,4329.117,4327.178,4327.578,251
2026-09-14 06:48:00,4327.752,4328.732,4327.1,4327.761,217
2026-09-14 06:49:00,4327.81,4328.132,4323.804,4323.906,245
2026-09-14 06:50:00,4323.902,4325.252,4322.117,4322.718,272
2026-09-14 06:51:00,4322.736,4323.081,4322.187,4323.015,187
2026-09-14 06:52:00,4323.009,4324.928,4322.466,4323.886,210
2026-09-14 06:53:00,4324.102,4324.207,4322.351,4322.805,145
2026-09-14 06:54:00,4322.849,4323.599,4322.161,4323.299,147
2026-09-14 06:55:00,4323.244,4323.41,4322.079,4323.045,178
2026-09-14 06:56:00,4322.992,4323.336,4320.449,4321.363,222
2026-09-14 06:57:00,4321.415,4322.471,4320.944,4322.034,227
2026-09-14 06:58:00,4321.864,4322.456,4321.23,4321.56,237
2026-09-14 06:59:00,4321.564,4322.666,4321.516,4322.216,207
2026-09-14 07:00:00,4322.148,4322.422,4319.18,4320.72,436
2026-09-14 07:01:00,4320.754,4322.135,4319.594,4319.699,327
2026-09-14 07:02:00,4319.619,4321.369,4318.073,4318.555,372
2026-09-14 07:03:00,4318.497,4319.463,4317.553,4319.386,258
2026-09-14 07:04:00,4319.492,4321.634,4318.58,4321.364,310
2026-09-14 07:05:00,4321.305,4322.479,4319.576,4322.187,292
2026-09-14 07:06:00,4321.906,4323.322,4321.068,4321.142,249
2026-09-14 07:07:00,4321.373,4322.046,4319.731,4320.239,207
2026-09-14 07:08:00,4320.296,4321.068,4319.235,4320.735,228
2026-09-14 07:09:00,4320.803,4321.618,4318.787,4319.296,262
2026-09-14 07:10:00,4319.239,4321.814,4318.41,4320.795,264
2026-09-14 07:11:00,4320.74,4322.003,4319.928,4321.861,217
2026-09-14 07:12:00,4321.885,4323.212,4321.115,4322.148,204
2026-09-14 07:13:00,4322.088,4323.192,4320.97,4323.192,179
2026-09-14 07:14:00,4323.139,4324.164,4322.63,4323.741,160
2026-09-14 07:15:00,4323.859,4324.2,4321.414,4322.156,226
2026-09-14 07:16:00,4322.068,4323.962,4321.832,4322.674,179
2026-09-14 07:17:00,4322.885,4323.869,4321.687,4322.448,228
2026-09-14 07:18:00,4322.394,4323.166,4321.668,4323.166,161
2026-09-14 07:19:00,4322.9,4323.976,4322.252,4323.65,170
2026-09-14 07:20:00,4323.593,4323.593,4320.076,4320.607,217
2026-09-14 07:21:00,4320.555,4321.798,4319.675,4321.258,172
2026-09-14 07:22:00,4321.203,4322.001,4320.392,4321.576,220
2026-09-14 07:23:00,4321.253,4322.165,4320.948,4321.719,171
2026-09-14 07:24:00,4321.601,4321.844,4318.976,4319.963,182
2026-09-14 07:25:00,4319.907,4320.664,4318.532,4318.834,217
2026-09-14 07:26:00,4319.066,4321.307,4318.6,4320.906,191
2026-09-14 07:27:00,4321.025,4321.799,4318.75,4319.672,188
2026-09-14 07:28:00,4319.894,4319.932,4318.37,4318.421,215
2026-09-14 07:29:00,4318.389,4319.032,4316.101,4316.689,260
2026-09-14 07:30:00,4316.942,4318.329,4315.884,4318.329,240
2026-09-14 07:31:00,4318.045,4319.467,4317.54,4319.014,207
2026-09-14 07:32:00,4319.087,4319.35,4317.678,4317.966,276
2026-09-14 07:33:00,4318.235,4319.336,4316.667,4316.667,186
2026-09-14 07:34:00,4316.97,4317.528,4316.028,4317.239,200
2026-09-14 07:35:00,4317.5,4317.686,4316.16,4316.833,164
2026-09-14 07:36:00,4316.551,4317.953,4316.129,4316.562,234
2026-09-14 07:37:00,4316.833,4317.739,4316.335,4316.856,159
2026-09-14 07:38:00,4316.909,4317.925,4316.677,4317.467,160
2026-09-14 07:39:00,4317.476,4317.936,4315.399,4317.041,236
2026-09-14 07:40:00,4316.722,4318.742,4316.722,4317.738,203
2026-09-14 07:41:00,4317.999,4318.43,4316.699,4317.818,187
2026-09-14 07:42:00,4317.87,4319.246,4317.17,4319.246,152
2026-09-14 07:43:00,4318.92,4319.525,4318.157,4318.312,180
2026-09-14 07:44:00,4318.465,4319.249,4317.551,4319.07,166
2026-09-14 07:45:00,4319.036,4321.861,4318.576,4320.178,212
2026-09-14 07:46:00,4320.112,4321.116,4319.602,4320.138,206
2026-09-14 07:47:00,4319.854,4320.311,4318.066,4318.894,233
2026-09-14 07:48:00,4318.843,4320.897,4316.933,4317.034,259
2026-09-14 07:49:00,4316.977,4318.52,4315.794,4317.561,242
2026-09-14 07:50:00,4317.888,4319.673,4316.49,4316.694,268
2026-09-14 07:51:00,4316.66,4316.665,4311.428,4311.774,312
2026-09-14 07:52:00,4311.827,4312.512,4310.517,4311.683,338
2026-09-14 07:53:00,4311.746,4312.896,4310.782,4311.471,244
2026-09-14 07:54:00,4311.529,4312.528,4311.31,4311.31,161
2026-09-14 07:55:00,4311.346,4312.584,4309.742,4310.173,260
2026-09-14 07:56:00,4310.118,4310.937,4309.291,4309.707,242
2026-09-14 07:57:00,4309.771,4310.248,4308.571,4308.701,185
2026-09-14 07:58:00,4308.756,4311.084,4307.73,4310.637,262
2026-09-14 07:59:00,4310.858,4311.261,4309.895,4310.737,184
2026-09-14 08:00:00,4311.065,4312.347,4310.635,4311.272,367
2026-09-14 08:01:00,4311.211,4314.357,4311.027,4313.229,364
2026-09-14 08:02:00,4313.238,4314.361,4311.74,4313.338,313
2026-09-14 08:03:00,4313.393,4314.027,4311.428,4313.952,287
2026-09-14 08:04:00,4314.014,4316.741,4313.641,4314.677,374
2026-09-14 08:05:00,4314.749,4317.312,4313.33,4316.777,350
2026-09-14 08:06:00,4316.723,4318.079,4315.825,4317.565,215
2026-09-14 08:07:00,4317.511,4317.893,4314.405,4314.822,253
2026-09-14 08:08:00,4314.753,4315.797,4314.12,4314.723,200
2026-09-14 08:09:00,4314.476,4316.423,4314.476,4315.659,229
2026-09-14 08:10:00,4315.756,4316.42,4315.097,4315.786,242
2026-09-14 08:11:00,4315.581,4315.833,4314.534,4314.707,192
2026-09-14 08:12:00,4315.019,4315.089,4313.218,4313.767,206
2026-09-14 08:13:00,4313.825,4315.325,4313.203,4313.362,213
2026-09-14 08:14:00,4313.036,4313.973,4312.605,4313.171,200
2026-09-14 08:15:00,4313.107,4313.436,4310.888,4311.073,250
2026-09-14 08:16:00,4311.107,4312.14,4310.541,4311.697,259
2026-09-14 08:17:00,4311.645,4312.094,4311.069,4311.211,174
2026-09-14 08:18:00,4311.187,4311.76,4310.842,4310.987,140
2026-09-14 08:19:00,4310.657,4312.312,4310.087,4311.153,223
2026-09-14 08:20:00,4311.132,4313.11,4310.768,4312.428,178
2026-09-14 08:21:00,4312.129,4313.103,4311.848,4312.25,172
2026-09-14 08:22:00,4312.535,4313.369,4311.712,4312.375,182
2026-09-14 08:23:00,4312.376,4313.604,4311.371,4313.204,260
2026-09-14 08:24:00,4313.481,4314.187,4312.438,4313.108,180
2026-09-14 08:25:00,4313.047,4313.777,4312.122,4312.645,160
2026-09-14 08:26:00,4312.698,4313.317,4311.965,4313.234,170
2026-09-14 08:27:00,4313.108,4313.751,4312.272,4313.062,168
2026-09-14 08:28:00,4312.638,4313.5,4312.059,4312.571,206
2026-09-14 08:29:00,4312.513,4312.513,4310.117,4310.737,269
2026-09-14 08:30:00,4310.683,4310.683,4309.495,4310.386,215
2026-09-14 08:31:00,4310.418,4312.545,4309.925,4312.093,261
2026-09-14 08:32:00,4312.04,4314.083,4311.65,4313.714,198
2026-09-14 08:33:00,4313.58,4313.772,4310.847,4311.916,212
2026-09-14 08:34:00,4312.215,4312.764,4311.75,4312.341,163
2026-09-14 08:35:00,4312.394,4313.692,4312.351,4313.634,151
2026-09-14 08:36:00,4313.619,4314.022,4312.96,4313.785,126
2026-09-14 08:37:00,4313.844,4316.066,4313.301,4314.667,282
2026-09-14 08:38:00,4314.728,4314.728,4313.536,4313.917,166
2026-09-14 08:39:00,4314.108,4314.798,4311.664,4313.518,266
2026-09-14 08:40:00,4313.393,4314.077,4311.914,4312.824,203
2026-09-14 08:41:00,4312.877,4313.941,4312.61,4312.772,238
2026-09-14 08:42:00,4312.716,4313.307,4311.278,4312.18,231
2026-09-14 08:43:00,4312.233,4313.216,4309.61,4309.883,210
2026-09-14 08:44:00,4309.809,4311.984,4309.545,4311.961,174
2026-09-14 08:45:00,4311.962,4313.256,4311.237,4311.237,212
2026-09-14 08:46:00,4311.481,4311.74,4310.357,4310.591,152
2026-09-14 08:47:00,4310.591,4311.603,4309.931,4310.912,161
2026-09-14 08:48:00,4310.87,4310.877,4309.047,4309.061,175
2026-09-14 08:49:00,4309.27,4309.947,4306.983,4309.36,251
2026-09-14 08:50:00,4309.02,4309.109,4306.865,4308.047,170
2026-09-14 08:51:00,4308.221,4308.306,4306.934,4307.324,236
2026-09-14 08:52:00,4307.315,4307.771,4306.606,4307.429,187
2026-09-14 08:53:00,4307.398,4307.518,4305.768,4305.922,179
2026-09-14 08:54:00,4305.896,4306.695,4305.877,4306.436,121
2026-09-14 08:55:00,4306.426,4306.827,4305.581,4305.896,153
2026-09-14 08:56:00,4305.783,4305.986,4303.528,4304.095,190
2026-09-14 08:57:00,4303.978,4305.036,4303.178,4304.863,196
2026-09-14 08:58:00,4304.974,4306.381,4304.287,4305.997,242
2026-09-14 08:59:00,4305.668,4307.331,4305.612,4306.565,215
2026-09-14 09:00:00,4306.446,4309.48,4305.011,4309.459,377
2026-09-14 09:01:00,4309.405,4311.744,4308.965,4311.605,262
2026-09-14 09:02:00,4311.541,4311.57,4308.701,4308.887,263
2026-09-14 09:03:00,4308.831,4310.548,4307.456,4310.444,244
2026-09-14 09:04:00,4310.37,4311.067,4308.729,4309.242,171
2026-09-14 09:05:00,4309.248,4310.318,4308.843,4309.404,228
2026-09-14 09:06:00,4309.094,4309.611,4308.321,4308.388,180
2026-09-14 09:07:00,4308.546,4309.406,4308.215,4308.643,132
2026-09-14 09:08:00,4308.564,4309.513,4308.34,4309.437,150
2026-09-14 09:09:00,4309.376,4311.6,4308.255,4310.234,276
2026-09-14 09:10:00,4310.268,4310.462,4308.142,4309.223,288
2026-09-14 09:11:00,4309.283,4309.283,4306.133,4306.358,192
2026-09-14 09:12:00,4306.42,4306.915,4305.627,4306.605,195
2026-09-14 09:13:00,4306.66,4306.66,4305.32,4306.069,177
2026-09-14 09:14:00,4306.125,4306.467,4304.851,4305.938,166
2026-09-14 09:15:00,4305.887,4306.092,4302.761,4303.354,220
2026-09-14 09:16:00,4303.301,4304.058,4302.277,4302.37,258
2026-09-14 09:17:00,4302.424,4302.478,4299.292,4301.141,303
2026-09-14 09:18:00,4301.166,4301.333,4297.198,4297.377,311
2026-09-14 09:19:00,4297.432,4297.909,4286.526,4292.605,962
2026-09-14 09:20:00,4292.745,4293.39,4289.533,4292.709,536
2026-09-14 09:21:00,4292.498,4292.498,4289.208,4289.994,357
2026-09-14 09:22:00,4289.933,4290.919,4286.352,4287.402,425
2026-09-14 09:23:00,4287.342,4289.495,4287.053,4288.877,331
2026-09-14 09:24:00,4288.822,4288.944,4285.841,4287.78,355
2026-09-14 09:25:00,4287.841,4288.253,4284.75,4285.198,316
2026-09-14 09:26:00,4284.828,4285.221,4280.307,4282.945,670
2026-09-14 09:27:00,4283.164,4283.901,4282.163,4283.642,329
2026-09-14 09:28:00,4283.582,4285.036,4283.109,4284.699,290
2026-09-14 09:29:00,4284.645,4288.231,4283.857,4287.765,427
2026-09-14 09:30:00,4287.706,4288.499,4285.861,4288.499,505
2026-09-14 09:31:00,4288.377,4289.677,4284.256,4285.839,491
2026-09-14 09:32:00,4285.952,4286.963,4283.154,4283.656,406
2026-09-14 09:33:00,4283.602,4286.573,4283.398,4286.188,335
2026-09-14 09:34:00,4286.438,4288.255,4285.543,4287.61,267
2026-09-14 09:35:00,4287.524,4288.772,4285.824,4285.987,253
2026-09-14 09:36:00,4286.272,4287.663,4284.7,4287.159,332
2026-09-14 09:37:00,4287.039,4288.321,4285.084,4286.545,259
2026-09-14 09:38:00,4286.49,4287.596,4283.74,4284.353,313
2026-09-14 09:39:00,4284.495,4284.495,4279.173,4281.955,495
2026-09-14 09:40:00,4282.351,4287.84,4280.419,4280.866,883
2026-09-14 09:41:00,4280.514,4284.218,4280.32,4284.218,481
2026-09-14 09:42:00,4284.159,4286.51,4283.534,4285.729,321
2026-09-14 09:43:00,4285.664,4286.478,4283.993,4285.294,259
2026-09-14 09:44:00,4285.346,4285.612,4281.171,4281.51,281
2026-09-14 09:45:00,4281.452,4282.572,4279.072,4280.64,379
2026-09-14 09:46:00,4280.661,4282.259,4280.321,4281.656,332
2026-09-14 09:47:00,4281.691,4284.227,4280.663,4282.267,352
2026-09-14 09:48:00,4282.328,4282.328,4280.71,4280.962,310
2026-09-14 09:49:00,4281.016,4281.942,4279.469,4281.942,222
2026-09-14 09:50:00,4281.878,4283.69,4280.466,4280.979,315
2026-09-14 09:51:00,4281.099,4282.0,4277.899,4281.318,384
2026-09-14 09:52:00,4281.378,4283.575,4281.167,4283.064,243
2026-09-14 09:53:00,4283.117,4285.089,4282.877,4284.516,179
2026-09-14 09:54:00,4284.567,4287.725,4283.856,4287.688,277
2026-09-14 09:55:00,4287.473,4288.195,4286.523,4286.523,265
2026-09-14 09:56:00,4286.45,4287.428,4284.71,4287.147,266
2026-09-14 09:57:00,4286.869,4287.682,4285.936,4285.936,183
2026-09-14 09:58:00,4285.956,4287.491,4285.262,4285.476,221
2026-09-14 09:59:00,4285.197,4285.896,4284.452,4285.633,255
2026-09-14 10:00:00,4285.508,4286.086,4283.167,4283.522,415
2026-09-14 10:01:00,4283.574,4284.318,4281.019,4281.515,339
2026-09-14 10:02:00,4281.448,4282.625,4280.279,4281.206,333
2026-09-14 10:03:00,4281.174,4281.577,4278.044,4279.633,317
2026-09-14 10:04:00,4279.733,4282.465,4278.761,4281.75,401
2026-09-14 10:05:00,4281.814,4284.639,4281.601,4283.418,325
2026-09-14 10:06:00,4283.475,4284.099,4282.081,4282.546,235
2026-09-14 10:07:00,4282.611,4285.58,4282.611,4284.575,271
2026-09-14 10:08:00,4284.461,4284.989,4283.795,4284.785,176
2026-09-14 10:09:00,4284.788,4286.188,4283.934,4285.922,218
2026-09-14 10:10:00,4285.986,4286.563,4285.336,4286.235,169
2026-09-14 10:11:00,4286.25,4287.919,4285.737,4287.742,175
2026-09-14 10:12:00,4287.547,4288.465,4286.903,4287.337,166
2026-09-14 10:13:00,4287.61,4288.424,4287.258,4288.31,137
2026-09-14 10:14:00,4288.362,4289.383,4287.305,4288.207,219
2026-09-14 10:15:00,4288.15,4289.11,4287.346,4287.57,212
2026-09-14 10:16:00,4287.295,4287.621,4285.854,4287.25,192
2026-09-14 10:17:00,4287.211,4288.177,4286.436,4287.744,214
2026-09-14 10:18:00,4287.798,4290.329,4287.787,4289.81,221
2026-09-14 10:19:00,4289.756,4291.055,4287.831,4289.939,298
2026-09-14 10:20:00,4290.051,4290.051,4286.67,4287.055,192
2026-09-14 10:21:00,4287.03,4287.482,4285.705,4286.916,261
2026-09-14 10:22:00,4286.797,4288.358,4286.024,4287.244,219
2026-09-14 10:23:00,4287.266,4288.922,4286.274,4288.69,162
2026-09-14 10:24:00,4288.363,4289.417,4287.62,4288.982,171
2026-09-14 10:25:00,4289.09,4291.786,4288.857,4291.136,154
2026-09-14 10:26:00,4291.075,4292.435,4290.659,4292.134,158
2026-09-14 10:27:00,4292.175,4292.272,4290.201,4290.747,124
2026-09-14 10:28:00,4290.602,4291.85,4290.547,4291.118,173
2026-09-14 10:29:00,4291.065,4291.542,4290.207,4291.002,128
2026-09-14 10:30:00,4291.055,4291.535,4290.285,4290.798,152
2026-09-14 10:31:00,4291.071,4291.646,4289.14,4290.44,161
2026-09-14 10:32:00,4290.391,4291.993,4290.328,4291.275,155
2026-09-14 10:33:00,4291.277,4292.741,4291.132,4291.803,173
2026-09-14 10:34:00,4291.923,4292.758,4290.797,4291.223,151
2026-09-14 10:35:00,4291.093,4292.204,4290.795,4292.081,143
2026-09-14 10:36:00,4292.019,4292.673,4291.824,4292.633,91
2026-09-14 10:37:00,4292.424,4293.08,4291.039,4291.552,165
2026-09-14 10:38:00,4291.531,4293.257,4291.445,4293.068,109
2026-09-14 10:39:00,4293.033,4293.962,4292.909,4293.206,104
2026-09-14 10:40:00,4293.213,4293.678,4292.822,4292.87,142
2026-09-14 10:41:00,4292.938,4294.357,4292.938,4294.093,141
2026-09-14 10:42:00,4294.415,4294.983,4293.957,4294.07,111
2026-09-14 10:43:00,4294.123,4294.239,4293.285,4293.425,97
2026-09-14 10:44:00,4293.405,4294.447,4293.185,4293.946,146
2026-09-14 10:45:00,4293.966,4294.715,4293.347,4294.342,162
2026-09-14 10:46:00,4294.396,4294.624,4292.727,4293.283,147
2026-09-14 10:47:00,4293.289,4293.985,4292.09,4292.09,163
2026-09-14 10:48:00,4292.417,4293.021,4291.807,4292.604,127
2026-09-14 10:49:00,4292.591,4293.14,4291.821,4292.627,108
2026-09-14 10:50:00,4292.65,4292.932,4291.126,4291.723,149
2026-09-14 10:51:00,4291.707,4293.129,4291.707,4292.151,161
2026-09-14 10:52:00,4292.427,4292.427,4291.277,4291.805,146
2026-09-14 10:53:00,4291.772,4293.12,4291.759,4292.511,136
2026-09-14 10:54:00,4292.181,4292.845,4291.4,4291.445,109
2026-09-14 10:55:00,4291.68,4292.004,4289.916,4291.914,203
2026-09-14 10:56:00,4291.861,4294.061,4291.683,4293.964,165
2026-09-14 10:57:00,4293.89,4295.141,4293.77,4294.264,166
2026-09-14 10:58:00,4294.331,4296.384,4293.697,4295.871,174
2026-09-14 10:59:00,4295.816,4296.575,4294.432,4294.774,146
2026-09-14 11:00:00,4294.722,4295.183,4293.305,4294.313,339
2026-09-14 11:01:00,4294.602,4295.91,4294.181,4294.961,224
2026-09-14 11:02:00,4294.871,4296.35,4294.777,4295.717,212
2026-09-14 11:03:00,4295.445,4296.718,4293.925,4296.249,230
2026-09-14 11:04:00,4296.23,4296.918,4295.298,4296.791,157
2026-09-14 11:05:00,4296.63,4296.904,4295.13,4295.145,162
2026-09-14 11:06:00,4295.48,4296.704,4294.923,4295.405,180
2026-09-14 11:07:00,4295.495,4295.626,4293.061,4294.525,169
2026-09-14 11:08:00,4294.486,4295.697,4293.633,4294.947,221
2026-09-14 11:09:00,4295.167,4295.529,4294.282,4294.757,207
2026-09-14 11:10:00,4294.699,4294.911,4292.196,4292.39,213
2026-09-14 11:11:00,4292.444,4294.114,4291.744,4292.828,263
2026-09-14 11:12:00,4292.833,4293.638,4292.007,4292.315,172
2026-09-14 11:13:00,4292.351,4292.704,4291.289,4292.018,155
2026-09-14 11:14:00,4291.888,4292.528,4290.965,4292.122,166
2026-09-14 11:15:00,4292.328,4293.454,4291.018,4293.282,208
2026-09-14 11:16:00,4293.559,4294.209,4292.048,4292.595,191
2026-09-14 11:17:00,4292.642,4295.666,4292.553,4294.632,205
2026-09-14 11:18:00,4294.574,4295.255,4293.966,4294.644,144
2026-09-14 11:19:00,4294.922,4295.563,4294.46,4295.395,130
2026-09-14 11:20:00,4295.628,4296.496,4295.427,4296.147,146
2026-09-14 11:21:00,4295.995,4296.173,4293.927,4294.787,151
2026-09-14 11:22:00,4295.083,4296.503,4294.703,4296.373,156
2026-09-14 11:23:00,4295.979,4296.704,4295.827,4296.303,125
2026-09-14 11:24:00,4296.181,4296.851,4296.118,4296.742,77
2026-09-14 11:25:00,4296.681,4296.681,4295.741,4296.355,131
2026-09-14 11:26:00,4296.312,4296.585,4295.891,4295.979,83
2026-09-14 11:27:00,4296.293,4296.64,4295.833,4296.245,114
2026-09-14 11:28:00,4296.2,4296.477,4295.598,4296.181,100
2026-09-14 11:29:00,4296.181,4296.272,4295.608,4295.979,97
2026-09-14 11:30:00,4296.117,4296.478,4295.497,4295.989,128
2026-09-14 11:31:00,4296.052,4296.842,4295.765,4296.272,130
2026-09-14 11:32:00,4296.559,4296.643,4295.069,4295.758,152
2026-09-14 11:33:00,4295.432,4295.83,4293.75,4294.733,183
2026-09-14 11:34:00,4294.74,4295.677,4293.964,4294.891,211
2026-09-14 11:35:00,4294.937,4295.148,4293.68,4293.861,154
2026-09-14 11:36:00,4293.921,4294.309,4293.085,4293.555,159
2026-09-14 11:37:00,4293.556,4293.862,4292.0,4292.859,198
2026-09-14 11:38:00,4292.921,4293.817,4292.49,4293.143,134
2026-09-14 11:39:00,4293.426,4293.661,4292.894,4293.239,117
2026-09-14 11:40:00,4292.991,4293.942,4292.94,4293.522,131
2026-09-14 11:41:00,4293.499,4294.906,4292.013,4292.461,215
2026-09-14 11:42:00,4292.468,4293.965,4292.468,4293.405,138
2026-09-14 11:43:00,4293.676,4294.432,4293.192,4294.013,159
2026-09-14 11:44:00,4294.105,4294.343,4292.246,4292.405,151
2026-09-14 11:45:00,4292.406,4293.135,4292.306,4292.925,143
2026-09-14 11:46:00,4292.978,4293.291,4291.596,4291.932,131
2026-09-14 11:47:00,4292.008,4292.83,4291.637,4292.734,116
2026-09-14 11:48:00,4292.785,4293.264,4291.658,4292.452,152
2026-09-14 11:49:00,4292.399,4293.841,4292.217,4293.455,131
2026-09-14 11:50:00,4293.448,4293.448,4290.829,4291.475,191
2026-09-14 11:51:00,4291.509,4291.75,4289.086,4290.035,210
2026-09-14 11:52:00,4290.109,4290.237,4288.003,4288.382,188
2026-09-14 11:53:00,4288.378,4288.378,4286.605,4287.242,181
2026-09-14 11:54:00,4287.568,4288.448,4287.295,4287.605,196
2026-09-14 11:55:00,4287.721,4288.393,4286.193,4286.411,233
2026-09-14 11:56:00,4286.465,4286.77,4283.995,4284.839,218
2026-09-14 11:57:00,4284.828,4286.039,4284.603,4284.96,150
2026-09-14 11:58:00,4285.105,4285.629,4284.631,4284.991,135
2026-09-14 11:59:00,4284.945,4287.551,4284.945,4287.12,165
2026-09-14 12:00:00,4287.174,4289.555,4286.332,4289.555,284
2026-09-14 12:01:00,4289.613,4290.052,4288.878,4289.652,238
2026-09-14 12:02:00,4289.766,4289.766,4287.778,4287.993,190
2026-09-14 12:03:00,4287.941,4288.162,4285.163,4285.285,193
2026-09-14 12:04:00,4285.296,4287.226,4284.807,4286.934,208
2026-09-14 12:05:00,4286.881,4287.385,4285.973,4287.037,218
2026-09-14 12:06:00,4286.985,4287.946,4285.887,4287.532,274
2026-09-14 12:07:00,4287.528,4290.899,4287.323,4290.224,243
2026-09-14 12:08:00,4290.166,4292.997,4290.166,4291.713,230
2026-09-14 12:09:00,4291.869,4294.402,4291.809,4293.472,228
2026-09-14 12:10:00,4293.409,4295.98,4291.95,4295.741,217
2026-09-14 12:11:00,4295.837,4296.648,4295.626,4295.954,163
2026-09-14 12:12:00,4296.072,4296.766,4295.302,4295.623,169
2026-09-14 12:13:00,4295.807,4296.136,4293.28,4293.403,235
2026-09-14 12:14:00,4293.729,4294.749,4292.639,4294.478,274
2026-09-14 12:15:00,4294.545,4296.362,4294.336,4295.611,226
2026-09-14 12:16:00,4295.642,4297.975,4291.126,4293.762,659
2026-09-14 12:17:00,4293.703,4296.224,4293.158,4295.285,727
2026-09-14 12:18:00,4295.232,4295.762,4291.583,4291.592,370
2026-09-14 12:19:00,4291.647,4294.676,4289.694,4290.423,561
2026-09-14 12:20:00,4290.476,4290.777,4286.906,4287.926,564
2026-09-14 12:21:00,4287.984,4288.548,4286.191,4286.198,328
2026-09-14 12:22:00,4286.144,4287.97,4285.794,4286.762,408
2026-09-14 12:23:00,4287.114,4289.21,4285.775,4286.683,457
2026-09-14 12:24:00,4286.739,4287.204,4284.374,4286.015,312
2026-09-14 12:25:00,4285.958,4286.614,4283.309,4284.305,415
2026-09-14 12:26:00,4284.253,4286.539,4283.971,4285.62,373
2026-09-14 12:27:00,4285.946,4286.647,4285.259,4285.562,267
2026-09-14 12:28:00,4285.656,4287.314,4285.116,4286.3,315
2026-09-14 12:29:00,4286.241,4288.056,4285.479,4285.949,298
2026-09-14 12:30:00,4285.759,4287.656,4283.252,4285.209,250
2026-09-14 12:31:00,4285.155,4289.353,4283.978,4288.825,231
2026-09-14 12:32:00,4288.837,4288.849,4284.572,4285.938,179
2026-09-14 12:33:00,4286.001,4286.832,4285.21,4285.69,334
2026-09-14 12:34:00,4285.741,4288.503,4284.98,4287.856,400
2026-09-14 12:35:00,4287.805,4289.72,4280.525,4280.808,1232
2026-09-14 12:36:00,4280.703,4280.965,4273.616,4278.645,1085
2026-09-14 12:37:00,4278.366,4279.403,4273.504,4276.338,742
2026-09-14 12:38:00,4276.402,4277.303,4273.323,4276.671,661
2026-09-14 12:39:00,4276.997,4281.764,4276.792,4278.184,588
2026-09-14 12:40:00,4278.102,4282.888,4276.886,4282.297,555
2026-09-14 12:41:00,4282.234,4283.633,4276.018,4281.009,909
2026-09-14 12:42:00,4280.945,4284.07,4279.68,4282.315,411
2026-09-14 12:43:00,4282.495,4286.835,4282.276,4285.603,473
2026-09-14 12:44:00,4285.548,4286.386,4283.271,4283.783,386
2026-09-14 12:45:00,4283.728,4283.728,4281.103,4281.336,487
2026-09-14 12:46:00,4281.145,4281.817,4278.584,4279.869,389
2026-09-14 12:47:00,4279.752,4282.133,4279.237,4281.135,280
2026-09-14 12:48:00,4281.33,4281.33,4277.16,4277.525,280
2026-09-14 12:49:00,4277.467,4279.286,4276.142,4278.504,426
2026-09-14 12:50:00,4278.56,4279.34,4276.007,4277.536,385
2026-09-14 12:51:00,4277.482,4277.672,4273.677,4274.025,352
2026-09-14 12:52:00,4274.046,4275.48,4273.763,4274.467,293
2026-09-14 12:53:00,4274.343,4274.767,4269.034,4269.034,431
2026-09-14 12:54:00,4269.366,4270.123,4267.669,4270.016,435
2026-09-14 12:55:00,4270.07,4270.959,4266.244,4266.429,466
2026-09-14 12:56:00,4266.516,4268.29,4265.638,4266.382,340
2026-09-14 12:57:00,4266.5,4270.348,4266.227,4269.628,310
2026-09-14 12:58:00,4269.681,4271.843,4268.777,4270.63,266
2026-09-14 12:59:00,4270.685,4271.788,4268.191,4270.751,376
2026-09-14 13:00:00,4270.837,4272.892,4266.696,4270.463,1152
2026-09-14 13:01:00,4270.135,4271.178,4266.608,4269.578,786
2026-09-14 13:02:00,4269.634,4272.249,4269.211,4269.941,631
2026-09-14 13:03:00,4269.885,4272.319,4266.7,4267.146,691
2026-09-14 13:04:00,4267.093,4269.047,4265.508,4267.543,631
2026-09-14 13:05:00,4267.259,4270.193,4266.834,4268.517,584
2026-09-14 13:06:00,4268.574,4270.492,4266.226,4266.482,546
2026-09-14 13:07:00,4266.413,4267.336,4262.497,4262.546,623
2026-09-14 13:08:00,4262.597,4263.185,4254.43,4254.751,788
2026-09-14 13:09:00,4254.862,4261.485,4253.469,4260.298,695
2026-09-14 13:10:00,4260.198,4262.243,4259.427,4261.831,520
2026-09-14 13:11:00,4262.105,4265.702,4261.792,4264.995,554
2026-09-14 13:12:00,4264.942,4265.344,4261.706,4263.788,513
2026-09-14 13:13:00,4263.846,4267.22,4263.438,4266.509,421
2026-09-14 13:14:00,4266.561,4268.489,4266.178,4266.234,380
2026-09-14 13:15:00,4266.176,4266.34,4263.733,4265.815,380
2026-09-14 13:16:00,4265.87,4268.136,4265.473,4267.58,426
2026-09-14 13:17:00,4267.691,4269.449,4267.576,4269.375,354
2026-09-14 13:18:00,4269.321,4271.97,4268.737,4271.427,328
2026-09-14 13:19:00,4271.361,4273.162,4269.34,4272.826,324
2026-09-14 13:20:00,4272.895,4274.923,4272.488,4273.509,337
2026-09-14 13:21:00,4273.587,4274.214,4271.937,4273.426,353
2026-09-14 13:22:00,4273.363,4276.099,4272.875,4275.18,287
2026-09-14 13:23:00,4275.422,4275.675,4274.406,4274.911,247
2026-09-14 13:24:00,4274.86,4277.255,4274.727,4275.921,299
2026-09-14 13:25:00,4275.999,4276.771,4275.529,4276.303,285
2026-09-14 13:26:00,4276.047,4277.622,4274.057,4275.417,322
2026-09-14 13:27:00,4275.246,4275.934,4271.567,4271.777,297
2026-09-14 13:28:00,4271.858,4273.239,4271.2,4273.15,308
2026-09-14 13:29:00,4273.203,4274.242,4271.752,4273.276,291
2026-09-14 13:30:00,4273.348,4276.429,4271.905,4275.851,995
2026-09-14 13:31:00,4275.798,4278.482,4274.971,4275.197,709
2026-09-14 13:32:00,4274.916,4277.652,4273.238,4277.505,688
2026-09-14 13:33:00,4277.558,4277.986,4274.146,4274.613,621
2026-09-14 13:34:00,4274.818,4275.094,4272.131,4272.253,570
2026-09-14 13:35:00,4272.306,4274.35,4270.995,4273.039,682
2026-09-14 13:36:00,4272.82,4273.023,4270.035,4271.654,666
2026-09-14 13:37:00,4271.707,4275.006,4271.504,4273.453,617
2026-09-14 13:38:00,4273.512,4273.909,4269.219,4271.068,593
2026-09-14 13:39:00,4271.15,4272.355,4268.358,4268.712,416
2026-09-14 13:40:00,4268.648,4270.407,4268.3,4269.673,510
2026-09-14 13:41:00,4269.618,4270.127,4266.683,4269.693,520
2026-09-14 13:42:00,4270.018,4270.306,4267.721,4269.431,496
2026-09-14 13:43:00,4269.262,4272.595,4268.528,4272.258,521
2026-09-14 13:44:00,4272.205,4275.023,4271.732,4274.721,432
2026-09-14 13:45:00,4274.697,4277.462,4274.297,4274.933,594
2026-09-14 13:46:00,4274.879,4276.104,4271.646,4275.699,512
2026-09-14 13:47:00,4275.768,4281.224,4275.223,4280.802,603
2026-09-14 13:48:00,4280.498,4281.011,4277.852,4278.078,578
2026-09-14 13:49:00,4278.133,4280.11,4276.024,4276.698,552
2026-09-14 13:50:00,4276.628,4279.407,4276.053,4277.209,499
2026-09-14 13:51:00,4277.12,4278.462,4274.624,4275.352,509
2026-09-14 13:52:00,4275.56,4281.218,4274.965,4278.365,948
2026-09-14 13:53:00,4278.302,4279.41,4275.924,4276.527,543
2026-09-14 13:54:00,4276.475,4276.589,4270.502,4273.245,584
2026-09-14 13:55:00,4273.186,4274.869,4271.939,4273.976,462
2026-09-14 13:56:00,4274.041,4275.596,4270.573,4271.481,407
2026-09-14 13:57:00,4271.425,4272.338,4270.33,4271.92,467
2026-09-14 13:58:00,4271.842,4274.351,4269.625,4271.483,618
2026-09-14 13:59:00,4271.397,4273.237,4271.197,4272.327,367
2026-09-14 14:00:00,4272.436,4275.83,4270.708,4271.451,648
2026-09-14 14:01:00,4271.404,4273.684,4269.67,4272.043,687
2026-09-14 14:02:00,4271.98,4272.685,4269.231,4269.436,431
2026-09-14 14:03:00,4269.49,4270.772,4265.966,4266.225,430
2026-09-14 14:04:00,4266.172,4267.942,4265.908,4267.381,392
2026-09-14 14:05:00,4267.322,4267.846,4264.972,4265.506,422
2026-09-14 14:06:00,4265.613,4269.953,4264.979,4268.546,479
2026-09-14 14:07:00,4268.598,4270.559,4267.29,4268.784,446
2026-09-14 14:08:00,4268.673,4271.576,4268.354,4269.461,494
2026-09-14 14:09:00,4269.58,4271.364,4268.602,4271.08,463
2026-09-14 14:10:00,4271.012,4275.42,4271.008,4274.099,507
2026-09-14 14:11:00,4274.198,4276.532,4273.191,4273.726,454
2026-09-14 14:12:00,4274.016,4274.082,4271.526,4273.369,482
2026-09-14 14:13:00,4273.308,4279.16,4272.665,4278.382,550
2026-09-14 14:14:00,4278.33,4282.037,4277.476,4281.321,515
2026-09-14 14:15:00,4281.384,4282.946,4280.072,4280.163,467
2026-09-14 14:16:00,4280.406,4280.55,4276.562,4277.565,367
2026-09-14 14:17:00,4277.512,4278.649,4274.934,4275.156,333
2026-09-14 14:18:00,4275.097,4275.097,4273.217,4273.265,329
2026-09-14 14:19:00,4273.355,4276.267,4273.008,4276.082,298
2026-09-14 14:20:00,4276.028,4276.231,4272.256,4272.538,379
2026-09-14 14:21:00,4272.473,4273.003,4268.513,4269.505,375
2026-09-14 14:22:00,4269.56,4270.622,4268.142,4268.627,302
2026-09-14 14:23:00,4268.683,4269.053,4265.444,4267.841,409
2026-09-14 14:24:00,4267.786,4268.376,4263.774,4264.796,547
2026-09-14 14:25:00,4264.744,4267.437,4264.527,4265.52,457
2026-09-14 14:26:00,4265.53,4265.894,4264.16,4264.722,380
2026-09-14 14:27:00,4264.666,4266.612,4263.94,4265.984,387
2026-09-14 14:28:00,4265.914,4269.327,4265.516,4268.311,394
2026-09-14 14:29:00,4268.171,4270.034,4267.522,4269.944,324
2026-09-14 14:30:00,4270.014,4271.322,4267.737,4267.74,474
2026-09-14 14:31:00,4267.794,4270.526,4267.794,4268.574,370
2026-09-14 14:32:00,4268.509,4269.607,4266.573,4269.607,468
2026-09-14 14:33:00,4269.307,4270.47,4269.128,4269.735,301
2026-09-14 14:34:00,4269.949,4271.663,4269.505,4271.224,341
2026-09-14 14:35:00,4271.159,4271.897,4269.666,4270.151,306
2026-09-14 14:36:00,4270.351,4270.736,4267.952,4268.886,402
2026-09-14 14:37:00,4269.179,4270.023,4267.829,4269.169,319
2026-09-14 14:38:00,4268.98,4272.476,4268.879,4271.974,306
2026-09-14 14:39:00,4271.76,4272.301,4269.847,4271.383,306
2026-09-14 14:40:00,4271.199,4271.244,4269.473,4270.669,316
2026-09-14 14:41:00,4270.724,4272.539,4268.978,4270.463,403
2026-09-14 14:42:00,4270.446,4271.838,4270.258,4271.044,310
2026-09-14 14:43:00,4271.106,4273.09,4270.959,4272.482,332
2026-09-14 14:44:00,4272.42,4277.02,4272.411,4276.639,297
2026-09-14 14:45:00,4276.758,4279.024,4276.609,4278.478,316
2026-09-14 14:46:00,4278.426,4278.907,4276.216,4277.133,361
2026-09-14 14:47:00,4277.194,4277.646,4276.241,4276.555,320
2026-09-14 14:48:00,4276.607,4279.569,4276.607,4278.009,360
2026-09-14 14:49:00,4278.073,4278.698,4277.137,4278.303,242
2026-09-14 14:50:00,4278.317,4279.102,4276.662,4277.711,308
2026-09-14 14:51:00,4277.638,4278.995,4275.725,4278.912,290
2026-09-14 14:52:00,4278.711,4279.166,4275.66,4275.805,281
2026-09-14 14:53:00,4275.859,4276.666,4273.879,4274.658,230
2026-09-14 14:54:00,4274.58,4277.012,4274.027,4276.202,337
2026-09-14 14:55:00,4276.351,4277.928,4274.677,4277.928,293
2026-09-14 14:56:00,4277.882,4278.146,4276.256,4276.84,275
2026-09-14 14:57:00,4276.902,4277.958,4274.927,4275.362,273
2026-09-14 14:58:00,4275.436,4277.227,4274.714,4276.608,245
2026-09-14 14:59:00,4276.63,4279.594,4275.857,4279.353,239
2026-09-14 15:00:00,4279.407,4279.978,4277.77,4278.628,385
2026-09-14 15:01:00,4278.687,4279.111,4276.682,4278.238,274
2026-09-14 15:02:00,4278.183,4280.083,4277.016,4277.743,319
2026-09-14 15:03:00,4277.536,4278.06,4276.083,4277.12,386
2026-09-14 15:04:00,4277.215,4277.215,4272.423,4273.121,266
2026-09-14 15:05:00,4273.069,4284.523,4272.527,4280.474,1322
2026-09-14 15:06:00,4280.69,4286.895,4280.293,4284.996,1854
2026-09-14 15:07:00,4284.934,4286.314,4282.793,4283.67,789
2026-09-14 15:08:00,4283.402,4284.014,4280.567,4282.098,419
2026-09-14 15:09:00,4282.038,4283.1,4279.785,4280.303,451
2026-09-14 15:10:00,4280.2,4283.076,4280.2,4282.144,417
2026-09-14 15:11:00,4282.203,4282.846,4279.893,4280.749,377
2026-09-14 15:12:00,4280.801,4281.092,4278.868,4279.458,321
2026-09-14 15:13:00,4279.51,4279.989,4278.532,4278.959,241
2026-09-14 15:14:00,4279.075,4280.859,4276.866,4276.866,335
2026-09-14 15:15:00,4277.087,4278.975,4274.685,4278.558,341
2026-09-14 15:16:00,4278.506,4278.604,4275.099,4276.937,329
2026-09-14 15:17:00,4277.075,4277.698,4274.804,4275.261,263
2026-09-14 15:18:00,4275.457,4276.173,4272.519,4273.711,342
2026-09-14 15:19:00,4273.775,4276.533,4273.654,4276.127,271
2026-09-14 15:20:00,4276.032,4276.396,4274.107,4275.615,266
2026-09-14 15:21:00,4275.563,4276.36,4274.66,4275.71,246
2026-09-14 15:22:00,4275.471,4276.375,4274.965,4275.613,271
2026-09-14 15:23:00,4275.666,4276.422,4274.138,4275.899,268
2026-09-14 15:24:00,4276.036,4279.594,4275.298,4279.382,272
2026-09-14 15:25:00,4279.327,4280.535,4278.22,4278.565,355
2026-09-14 15:26:00,4278.682,4280.133,4278.021,4279.761,201
2026-09-14 15:27:00,4279.817,4281.554,4279.361,4280.606,271
2026-09-14 15:28:00,4280.689,4284.561,4280.626,4283.983,229
2026-09-14 15:29:00,4284.037,4284.635,4283.094,4283.47,318
2026-09-14 15:30:00,4283.543,4286.512,4282.913,4286.255,438
2026-09-14 15:31:00,4286.201,4286.201,4283.81,4284.594,335
2026-09-14 15:32:00,4284.655,4289.915,4282.625,4287.802,1305
2026-09-14 15:33:00,4287.749,4292.209,4286.796,4291.671,964
2026-09-14 15:34:00,4291.724,4294.248,4290.055,4293.795,718
2026-09-14 15:35:00,4293.741,4295.913,4293.133,4293.133,666
2026-09-14 15:36:00,4293.19,4294.019,4289.634,4289.925,481
2026-09-14 15:37:00,4290.045,4296.472,4289.971,4296.194,509
2026-09-14 15:38:00,4296.128,4297.42,4293.604,4296.494,504
2026-09-14 15:39:00,4296.552,4297.5,4296.175,4297.265,371
2026-09-14 15:40:00,4297.324,4297.601,4292.535,4295.073,688
2026-09-14 15:41:00,4295.006,4297.746,4293.912,4297.555,487
2026-09-14 15:42:00,4297.667,4297.825,4294.725,4295.019,360
2026-09-14 15:43:00,4295.157,4297.175,4293.317,4296.754,394
2026-09-14 15:44:00,4296.968,4298.315,4293.999,4294.059,498
2026-09-14 15:45:00,4294.181,4294.783,4291.471,4293.875,412
2026-09-14 15:46:00,4293.818,4295.133,4293.005,4293.671,321
2026-09-14 15:47:00,4293.53,4293.971,4290.75,4291.261,285
2026-09-14 15:48:00,4291.338,4293.041,4289.996,4290.132,294
2026-09-14 15:49:00,4289.867,4290.401,4287.721,4288.465,265
2026-09-14 15:50:00,4288.408,4288.705,4286.229,4287.595,260
2026-09-14 15:51:00,4287.538,4288.407,4286.872,4287.939,251
2026-09-14 15:52:00,4287.857,4289.619,4287.415,4288.92,256
2026-09-14 15:53:00,4288.803,4290.109,4288.119,4289.786,259
2026-09-14 15:54:00,4289.57,4290.689,4287.848,4289.546,289
2026-09-14 15:55:00,4289.333,4290.675,4287.899,4290.193,252
2026-09-14 15:56:00,4290.181,4290.904,4289.14,4290.6,211
2026-09-14 15:57:00,4290.657,4291.372,4289.831,4290.581,204
2026-09-14 15:58:00,4290.71,4291.167,4287.958,4288.784,229
2026-09-14 15:59:00,4288.668,4289.21,4287.953,4288.273,164
2026-09-14 16:00:00,4288.391,4290.397,4287.954,4288.658,224
2026-09-14 16:01:00,4288.437,4289.09,4286.674,4287.098,245
2026-09-14 16:02:00,4287.216,4288.525,4287.041,4288.142,151
2026-09-14 16:03:00,4288.074,4288.96,4287.513,4287.852,207
2026-09-14 16:04:00,4287.797,4287.947,4286.31,4286.605,192
2026-09-14 16:05:00,4286.483,4289.322,4286.318,4288.572,267
2026-09-14 16:06:00,4288.893,4290.302,4288.406,4289.714,224
2026-09-14 16:07:00,4289.722,4293.171,4289.01,4291.402,325
2026-09-14 16:08:00,4291.455,4292.407,4290.245,4291.871,331
2026-09-14 16:09:00,4292.141,4295.107,4291.304,4295.107,213
2026-09-14 16:10:00,4295.012,4297.546,4294.484,4295.858,256
2026-09-14 16:11:00,4295.747,4297.6,4295.682,4296.826,272
2026-09-14 16:12:00,4296.493,4297.573,4295.435,4296.129,236
2026-09-14 16:13:00,4296.253,4296.94,4295.103,4295.649,208
2026-09-14 16:14:00,4295.569,4296.302,4294.41,4294.419,200
2026-09-14 16:15:00,4294.479,4297.92,4294.351,4297.094,238
2026-09-14 16:16:00,4297.089,4298.003,4296.273,4296.353,261
2026-09-14 16:17:00,4296.028,4297.221,4295.237,4297.0,221
2026-09-14 16:18:00,4297.214,4298.7,4296.838,4298.424,247
2026-09-14 16:19:00,4298.477,4299.368,4297.701,4298.954,214
2026-09-14 16:20:00,4298.639,4299.234,4297.841,4298.377,204
2026-09-14 16:21:00,4298.421,4298.764,4297.278,4298.674,254
2026-09-14 16:22:00,4298.622,4301.785,4298.607,4300.782,245
2026-09-14 16:23:00,4300.726,4304.478,4300.684,4304.114,241
2026-09-14 16:24:00,4304.062,4305.133,4303.836,4304.334,194
2026-09-14 16:25:00,4304.527,4305.418,4303.301,4303.35,327
2026-09-14 16:26:00,4303.131,4303.53,4301.423,4302.488,257
2026-09-14 16:27:00,4302.407,4303.7,4301.354,4303.7,203
2026-09-14 16:28:00,4304.026,4304.319,4300.091,4300.381,237
2026-09-14 16:29:00,4300.442,4301.131,4299.888,4300.117,193
2026-09-14 16:30:00,4300.192,4301.693,4299.304,4299.915,253
2026-09-14 16:31:00,4299.695,4305.195,4299.695,4302.241,435
2026-09-14 16:32:00,4302.297,4303.878,4301.049,4301.485,337
2026-09-14 16:33:00,4301.787,4303.08,4301.216,4302.44,193
2026-09-14 16:34:00,4302.5,4303.184,4300.835,4301.113,172
2026-09-14 16:35:00,4300.933,4301.697,4299.796,4301.418,212
2026-09-14 16:36:00,4301.387,4302.581,4300.559,4300.685,225
2026-09-14 16:37:00,4300.808,4302.941,4300.607,4302.062,201
2026-09-14 16:38:00,4302.057,4303.175,4301.435,4302.554,186
2026-09-14 16:39:00,4302.355,4303.049,4300.993,4302.913,191
2026-09-14 16:40:00,4302.918,4304.822,4302.465,4304.822,174
2026-09-14 16:41:00,4304.826,4305.568,4304.049,4305.245,220
2026-09-14 16:42:00,4305.165,4305.165,4303.782,4304.681,166
2026-09-14 16:43:00,4304.744,4308.112,4304.474,4307.158,241
2026-09-14 16:44:00,4307.039,4307.472,4305.714,4306.166,221
2026-09-14 16:45:00,4305.834,4306.372,4304.625,4305.989,179
2026-09-14 16:46:00,4306.055,4308.157,4305.253,4305.742,196
2026-09-14 16:47:00,4306.017,4313.023,4305.489,4311.272,1104
2026-09-14 16:48:00,4311.216,4315.61,4309.6,4313.287,878
2026-09-14 16:49:00,4313.25,4315.092,4311.292,4313.704,626
2026-09-14 16:50:00,4313.756,4314.89,4312.177,4313.488,493
2026-09-14 16:51:00,4313.415,4316.733,4312.684,4316.258,494
2026-09-14 16:52:00,4315.918,4317.948,4315.675,4316.061,540
2026-09-14 16:53:00,4316.131,4317.818,4315.643,4315.995,450
2026-09-14 16:54:00,4315.709,4317.022,4314.721,4316.556,377
2026-09-14 16:55:00,4316.61,4317.736,4315.669,4316.875,362
2026-09-14 16:56:00,4316.822,4317.628,4315.974,4316.383,276
2026-09-14 16:57:00,4316.229,4317.535,4314.873,4315.084,291
2026-09-14 16:58:00,4314.93,4315.968,4314.552,4314.796,247
2026-09-14 16:59:00,4314.861,4316.01,4314.801,4315.57,150
2026-09-14 17:00:00,4315.623,4316.575,4314.069,4316.301,288
2026-09-14 17:01:00,4316.111,4316.328,4312.672,4313.504,269
2026-09-14 17:02:00,4313.643,4315.099,4313.218,4313.429,187
2026-09-14 17:03:00,4313.756,4314.122,4312.234,4313.414,222
2026-09-14 17:04:00,4313.421,4314.726,4313.208,4314.388,171
2026-09-14 17:05:00,4314.629,4314.833,4312.428,4312.508,179
2026-09-14 17:06:00,4312.834,4313.927,4312.77,4312.946,151
2026-09-14 17:07:00,4313.002,4313.605,4311.953,4312.586,188
2026-09-14 17:08:00,4312.641,4313.475,4312.172,4313.475,163
2026-09-14 17:09:00,4313.412,4314.281,4312.301,4313.61,169
2026-09-14 17:10:00,4313.672,4314.955,4313.176,4313.987,211
2026-09-14 17:11:00,4314.107,4315.032,4312.503,4313.322,270
2026-09-14 17:12:00,4313.388,4316.006,4313.022,4315.415,214
2026-09-14 17:13:00,4315.451,4315.743,4313.009,4313.276,188
2026-09-14 17:14:00,4313.393,4313.742,4311.163,4311.4,235
2026-09-14 17:15:00,4311.242,4311.62,4310.083,4310.993,173
2026-09-14 17:16:00,4310.89,4311.595,4310.273,4310.822,165
2026-09-14 17:17:00,4310.874,4313.0,4310.616,4311.627,193
2026-09-14 17:18:00,4311.41,4311.639,4309.266,4310.169,193
2026-09-14 17:19:00,4310.232,4310.401,4309.743,4309.891,124
2026-09-14 17:20:00,4309.943,4310.877,4309.747,4309.946,178
2026-09-14 17:21:00,4309.914,4310.876,4309.914,4310.326,185
2026-09-14 17:22:00,4310.457,4311.231,4310.005,4311.11,150
2026-09-14 17:23:00,4311.183,4312.124,4310.866,4311.779,162
2026-09-14 17:24:00,4311.742,4312.048,4310.525,4311.25,243
2026-09-14 17:25:00,4311.193,4312.076,4310.786,4311.287,204
2026-09-14 17:26:00,4311.355,4313.227,4310.859,4312.992,182
2026-09-14 17:27:00,4312.915,4313.518,4312.437,4312.918,144
2026-09-14 17:28:00,4312.878,4314.149,4311.328,4312.179,253
2026-09-14 17:29:00,4312.048,4312.189,4309.771,4311.602,314
2026-09-14 17:30:00,4311.653,4313.371,4311.117,4313.157,259
2026-09-14 17:31:00,4313.104,4313.535,4310.283,4311.064,208
2026-09-14 17:32:00,4311.012,4311.734,4310.322,4311.248,174
2026-09-14 17:33:00,4311.19,4311.616,4309.296,4310.202,239
2026-09-14 17:34:00,4310.256,4310.498,4308.844,4308.844,163
2026-09-14 17:35:00,4308.926,4309.284,4307.758,4307.888,151
2026-09-14 17:36:00,4308.015,4310.278,4308.015,4309.569,174
2026-09-14 17:37:00,4309.689,4310.311,4309.081,4309.686,165
2026-09-14 17:38:00,4309.738,4311.364,4309.738,4310.903,164
2026-09-14 17:39:00,4311.3,4311.817,4310.893,4311.13,110
2026-09-14 17:40:00,4311.121,4312.085,4309.832,4310.395,190
2026-09-14 17:41:00,4310.448,4310.485,4309.33,4309.755,137
2026-09-14 17:42:00,4309.785,4310.9,4309.624,4309.882,165
2026-09-14 17:43:00,4310.286,4311.303,4309.988,4310.76,161
2026-09-14 17:44:00,4310.791,4311.258,4309.622,4309.963,140
2026-09-14 17:45:00,4310.018,4310.332,4309.487,4309.881,130
2026-09-14 17:46:00,4309.957,4311.414,4309.889,4310.276,163
2026-09-14 17:47:00,4310.216,4310.447,4308.666,4309.285,146
2026-09-14 17:48:00,4309.284,4310.493,4309.021,4310.186,138
2026-09-14 17:49:00,4310.481,4310.997,4308.993,4309.185,156
2026-09-14 17:50:00,4309.302,4309.569,4308.459,4308.773,128
2026-09-14 17:51:00,4308.715,4309.891,4308.504,4309.601,155
2026-09-14 17:52:00,4309.548,4311.678,4309.043,4311.149,171
2026-09-14 17:53:00,4311.269,4312.198,4310.411,4312.101,168
2026-09-14 17:54:00,4312.019,4313.681,4311.473,4311.93,185
2026-09-14 17:55:00,4311.853,4312.477,4311.402,4311.936,152
2026-09-14 17:56:00,4312.078,4313.743,4311.702,4313.223,139
2026-09-14 17:57:00,4313.275,4313.539,4311.83,4311.894,154
2026-09-14 17:58:00,4312.141,4312.812,4311.201,4311.774,127
2026-09-14 17:59:00,4311.51,4311.934,4310.284,4310.93,160
2026-09-14 18:00:00,4311.26,4316.056,4311.26,4312.96,501
2026-09-14 18:01:00,4313.029,4314.951,4312.789,4314.278,226
2026-09-14 18:02:00,4314.63,4314.709,4313.282,4313.606,159
2026-09-14 18:03:00,4313.689,4313.689,4311.284,4312.096,175
2026-09-14 18:04:00,4311.939,4312.4,4309.597,4309.912,188
2026-09-14 18:05:00,4310.325,4310.533,4308.184,4308.557,210
2026-09-14 18:06:00,4308.609,4310.505,4308.322,4309.383,155
2026-09-14 18:07:00,4309.572,4310.942,4309.1,4310.174,163
2026-09-14 18:08:00,4310.226,4311.375,4309.986,4311.189,136
2026-09-14 18:09:00,4311.497,4311.497,4309.921,4310.24,133
2026-09-14 18:10:00,4310.074,4312.168,4310.035,4311.987,136
2026-09-14 18:11:00,4311.971,4312.749,4311.008,4311.094,128
2026-09-14 18:12:00,4311.094,4311.477,4310.344,4311.317,135
2026-09-14 18:13:00,4311.401,4311.609,4310.623,4311.488,131
2026-09-14 18:14:00,4311.533,4312.582,4311.227,4312.334,138
2026-09-14 18:15:00,4312.454,4312.785,4311.285,4312.294,141
2026-09-14 18:16:00,4312.349,4312.494,4311.679,4312.139,123
2026-09-14 18:17:00,4312.087,4312.213,4311.193,4311.621,112
2026-09-14 18:18:00,4311.63,4312.366,4311.409,4311.409,118
2026-09-14 18:19:00,4311.46,4311.944,4311.167,4311.384,113
2026-09-14 18:20:00,4311.605,4312.049,4311.282,4311.482,136
2026-09-14 18:21:00,4311.546,4312.163,4310.381,4310.964,164
2026-09-14 18:22:00,4310.755,4310.949,4309.193,4309.501,134
2026-09-14 18:23:00,4309.449,4309.53,4307.873,4308.307,117
2026-09-14 18:24:00,4308.386,4308.919,4308.077,4308.108,125
2026-09-14 18:25:00,4308.168,4308.77,4307.817,4308.108,135
2026-09-14 18:26:00,4308.122,4308.357,4306.847,4307.358,158
2026-09-14 18:27:00,4307.305,4307.792,4306.472,4307.017,144
2026-09-14 18:28:00,4306.644,4307.899,4306.158,4307.899,175
2026-09-14 18:29:00,4307.637,4309.524,4307.368,4309.524,133
2026-09-14 18:30:00,4309.717,4309.969,4308.48,4309.24,160
2026-09-14 18:31:00,4309.126,4309.555,4308.534,4308.809,145
2026-09-14 18:32:00,4308.865,4310.265,4308.73,4309.97,128
2026-09-14 18:33:00,4310.021,4312.658,4309.748,4312.24,176
2026-09-14 18:34:00,4312.229,4313.272,4311.554,4311.585,187
2026-09-14 18:35:00,4311.37,4312.176,4311.099,4312.025,121
2026-09-14 18:36:00,4312.062,4313.036,4311.284,4312.072,173
2026-09-14 18:37:00,4312.042,4312.289,4311.498,4311.934,123
2026-09-14 18:38:00,4311.997,4312.832,4311.619,4312.776,116
2026-09-14 18:39:00,4312.657,4312.888,4310.696,4310.696,126
2026-09-14 18:40:00,4310.772,4311.155,4309.855,4310.218,139
2026-09-14 18:41:00,4310.276,4311.014,4309.489,4309.968,124
2026-09-14 18:42:00,4310.049,4310.264,4309.186,4309.849,117
2026-09-14 18:43:00,4309.752,4310.054,4309.25,4309.38,101
2026-09-14 18:44:00,4309.493,4309.693,4309.098,4309.129,91
2026-09-14 18:45:00,4309.337,4309.616,4308.817,4309.051,103
2026-09-14 18:46:00,4309.121,4309.843,4307.525,4307.606,198
2026-09-14 18:47:00,4307.401,4308.122,4307.158,4307.656,134
2026-09-14 18:48:00,4307.695,4308.245,4307.249,4307.534,112
2026-09-14 18:49:00,4307.586,4308.715,4307.354,4307.641,123
2026-09-14 18:50:00,4307.577,4307.577,4304.588,4305.517,180
2026-09-14 18:51:00,4305.57,4305.891,4304.76,4305.1,105
2026-09-14 18:52:00,4304.823,4305.892,4304.803,4305.692,104
2026-09-14 18:53:00,4305.695,4306.154,4305.224,4305.486,92
2026-09-14 18:54:00,4305.396,4307.214,4305.396,4306.571,118
2026-09-14 18:55:00,4306.245,4306.734,4305.175,4306.5,150
2026-09-14 18:56:00,4306.563,4307.58,4305.755,4305.968,131
2026-09-14 18:57:00,4306.024,4306.689,4305.752,4306.208,111
2026-09-14 18:58:00,4306.261,4307.143,4305.768,4306.839,110
2026-09-14 18:59:00,4307.032,4307.888,4306.488,4307.154,150
2026-09-14 19:00:00,4307.225,4307.954,4306.467,4307.487,174
2026-09-14 19:01:00,4307.145,4307.427,4305.55,4306.02,120
2026-09-14 19:02:00,4306.051,4306.173,4305.055,4305.847,109
2026-09-14 19:03:00,4306.101,4306.111,4305.296,4305.671,131
2026-09-14 19:04:00,4305.649,4306.613,4304.046,4306.571,249
2026-09-14 19:05:00,4306.498,4306.636,4305.739,4306.306,134
2026-09-14 19:06:00,4306.32,4306.354,4304.537,4304.895,149
2026-09-14 19:07:00,4304.586,4305.314,4303.627,4303.884,137
2026-09-14 19:08:00,4303.79,4304.575,4302.643,4304.575,133
2026-09-14 19:09:00,4304.341,4304.869,4303.764,4303.822,92
2026-09-14 19:10:00,4303.879,4304.467,4303.43,4303.901,123
2026-09-14 19:11:00,4304.164,4305.399,4304.036,4305.335,121
2026-09-14 19:12:00,4305.399,4305.753,4304.659,4305.312,89
2026-09-14 19:13:00,4305.314,4306.763,4305.314,4305.793,93
2026-09-14 19:14:00,4306.063,4306.455,4305.656,4305.772,95
2026-09-14 19:15:00,4306.012,4306.012,4303.658,4303.992,131
2026-09-14 19:16:00,4304.147,4304.405,4302.878,4303.225,116
2026-09-14 19:17:00,4303.172,4303.549,4302.136,4302.821,163
2026-09-14 19:18:00,4302.89,4303.458,4302.301,4302.686,88
2026-09-14 19:19:00,4302.648,4302.889,4300.221,4301.907,166
2026-09-14 19:20:00,4301.631,4302.403,4301.037,4301.598,124
2026-09-14 19:21:00,4301.613,4302.419,4300.569,4300.586,127
2026-09-14 19:22:00,4300.822,4300.954,4297.202,4297.414,156
2026-09-14 19:23:00,4297.494,4298.222,4297.095,4297.573,141
2026-09-14 19:24:00,4297.349,4297.761,4295.796,4297.416,145
2026-09-14 19:25:00,4297.146,4298.025,4296.708,4297.255,156
2026-09-14 19:26:00,4297.229,4298.123,4297.123,4297.272,136
2026-09-14 19:27:00,4297.211,4298.544,4296.657,4297.283,134
2026-09-14 19:28:00,4297.345,4297.83,4296.771,4297.108,97
2026-09-14 19:29:00,4297.055,4297.523,4296.18,4296.35,116
2026-09-14 19:30:00,4296.357,4297.028,4295.766,4296.254,188
2026-09-14 19:31:00,4296.198,4297.445,4295.801,4296.54,158
2026-09-14 19:32:00,4296.479,4296.948,4295.411,4295.411,127
2026-09-14 19:33:00,4295.762,4296.052,4294.615,4294.853,128
2026-09-14 19:34:00,4294.846,4295.184,4292.794,4293.158,120
2026-09-14 19:35:00,4293.157,4293.873,4291.953,4293.256,177
2026-09-14 19:36:00,4293.312,4294.766,4293.1,4293.86,161
2026-09-14 19:37:00,4293.886,4294.386,4293.188,4293.559,160
2026-09-14 19:38:00,4293.507,4294.434,4292.798,4293.189,166
2026-09-14 19:39:00,4293.193,4293.193,4291.871,4292.082,132
2026-09-14 19:40:00,4292.207,4292.381,4290.704,4291.291,133
2026-09-14 19:41:00,4291.252,4291.638,4290.344,4291.259,126
2026-09-14 19:42:00,4291.261,4292.403,4290.969,4291.486,149
2026-09-14 19:43:00,4291.539,4291.961,4290.896,4291.09,136
2026-09-14 19:44:00,4291.32,4292.004,4290.599,4291.834,151
2026-09-14 19:45:00,4291.796,4291.796,4290.719,4291.49,112
2026-09-14 19:46:00,4291.268,4291.561,4289.972,4290.125,126
2026-09-14 19:47:00,4290.383,4290.672,4289.689,4289.824,122
2026-09-14 19:48:00,4289.768,4289.768,4287.634,4288.933,151
2026-09-14 19:49:00,4288.96,4289.061,4287.897,4287.936,143
2026-09-14 19:50:00,4287.882,4288.106,4285.517,4286.846,234
2026-09-14 19:51:00,4286.832,4287.354,4285.637,4287.354,168
2026-09-14 19:52:00,4287.162,4287.971,4286.123,4286.572,192
2026-09-14 19:53:00,4286.507,4286.803,4285.223,4286.673,138
2026-09-14 19:54:00,4286.507,4287.355,4284.727,4286.486,214
2026-09-14 19:55:00,4286.425,4286.75,4284.65,4285.581,293
2026-09-14 19:56:00,4285.528,4285.664,4282.912,4283.601,205
2026-09-14 19:57:00,4283.48,4285.515,4283.419,4285.157,164
2026-09-14 19:58:00,4285.099,4285.954,4283.522,4284.058,169
2026-09-14 19:59:00,4284.112,4284.372,4282.815,4283.289,246
2026-09-14 20:00:00,4283.344,4285.218,4283.181,4283.756,244
2026-09-14 20:01:00,4283.64,4284.289,4282.167,4282.575,147
2026-09-14 20:02:00,4282.51,4283.322,4282.231,4283.087,99
2026-09-14 20:03:00,4283.03,4283.896,4282.516,4283.841,124
2026-09-14 20:04:00,4284.114,4284.723,4283.787,4284.538,91
2026-09-14 20:05:00,4284.756,4286.418,4284.756,4285.874,131
2026-09-14 20:06:00,4285.929,4286.298,4285.231,4285.567,111
2026-09-14 20:07:00,4285.503,4286.735,4285.335,4285.717,149
2026-09-14 20:08:00,4285.724,4285.949,4284.826,4285.802,107
2026-09-14 20:09:00,4285.748,4286.332,4285.26,4285.758,72
2026-09-14 20:10:00,4285.705,4286.678,4285.377,4286.648,79
2026-09-14 20:11:00,4286.635,4288.36,4286.325,4287.736,155
2026-09-14 20:12:00,4287.846,4288.554,4287.228,4288.276,78
2026-09-14 20:13:00,4288.274,4288.373,4287.496,4288.105,69
2026-09-14 20:14:00,4288.023,4288.486,4287.403,4287.585,92
2026-09-14 20:15:00,4287.965,4290.092,4287.922,4289.985,127
2026-09-14 20:16:00,4289.719,4290.345,4289.225,4290.208,94
2026-09-14 20:17:00,4289.949,4290.642,4289.675,4290.433,87
2026-09-14 20:18:00,4290.34,4291.219,4290.056,4291.048,127
2026-09-14 20:19:00,4291.101,4293.234,4290.59,4293.147,119
2026-09-14 20:20:00,4293.2,4295.413,4293.2,4294.44,189
2026-09-14 20:21:00,4294.721,4296.094,4293.678,4294.172,146
2026-09-14 20:22:00,4294.342,4295.638,4294.209,4294.734,114
2026-09-14 20:23:00,4294.815,4295.599,4293.826,4295.336,87
2026-09-14 20:24:00,4295.336,4295.915,4294.999,4295.655,103
2026-09-14 20:25:00,4295.632,4297.126,4295.595,4296.818,114
2026-09-14 20:26:00,4296.848,4297.603,4296.062,4297.387,143
2026-09-14 20:27:00,4297.384,4297.732,4296.588,4297.358,94
2026-09-14 20:28:00,4297.357,4298.495,4297.271,4297.821,134
2026-09-14 20:29:00,4297.56,4297.798,4296.436,4296.436,128
2026-09-14 20:30:00,4296.765,4298.071,4296.648,4298.012,107
2026-09-14 20:31:00,4297.936,4298.673,4297.402,4297.402,81
2026-09-14 20:32:00,4297.751,4299.514,4297.71,4299.168,100
2026-09-14 20:33:00,4299.222,4299.714,4299.115,4299.173,65
2026-09-14 20:34:00,4299.278,4299.496,4298.92,4299.27,55
2026-09-14 20:35:00,4299.135,4299.214,4297.202,4297.393,83
2026-09-14 20:36:00,4297.114,4297.47,4295.979,4296.436,112
2026-09-14 20:37:00,4296.433,4296.929,4295.539,4295.989,91
2026-09-14 20:38:00,4296.034,4296.229,4294.723,4295.43,117
2026-09-14 20:39:00,4295.489,4296.46,4295.263,4296.154,96
2026-09-14 20:40:00,4296.154,4296.868,4295.484,4296.11,118
2026-09-14 20:41:00,4296.065,4296.144,4294.709,4295.421,113
2026-09-14 20:42:00,4295.51,4296.304,4295.51,4295.585,59
2026-09-14 20:43:00,4295.629,4295.886,4295.051,4295.368,95
2026-09-14 20:44:00,4295.658,4295.658,4294.512,4295.029,96
2026-09-14 20:45:00,4295.1,4296.036,4294.819,4295.771,115
2026-09-14 20:46:00,4295.71,4295.963,4294.902,4295.504,103
2026-09-14 20:47:00,4295.206,4296.22,4295.067,4295.967,126
2026-09-14 20:48:00,4296.22,4297.211,4295.51,4296.444,99
2026-09-14 20:49:00,4296.617,4296.952,4296.039,4296.864,75
2026-09-14 20:50:00,4296.917,4297.454,4296.535,4297.454,96
2026-09-14 20:51:00,4297.17,4297.454,4296.467,4296.818,66
2026-09-14 20:52:00,4296.63,4297.471,4296.63,4297.184,70
2026-09-14 20:53:00,4297.184,4297.828,4297.12,4297.642,82
2026-09-14 20:54:00,4297.591,4297.892,4297.06,4297.567,75
2026-09-14 20:55:00,4297.506,4299.569,4297.317,4298.641,100
2026-09-14 20:56:00,4298.913,4299.084,4297.736,4298.141,90
2026-09-14 20:57:00,4298.143,4299.015,4298.032,4298.672,82
2026-09-14 22:00:00,4300.726,4300.831,4299.603,4299.819,50
2026-09-14 22:01:00,4299.925,4300.467,4299.557,4300.333,54
2026-09-14 22:02:00,4300.212,4300.45,4299.244,4299.468,81
2026-09-14 22:03:00,4299.489,4299.942,4298.641,4299.774,106
2026-09-14 22:04:00,4299.77,4299.983,4299.057,4299.509,67
2026-09-14 22:05:00,4299.58,4299.931,4298.792,4299.188,81
2026-09-14 22:06:00,4299.051,4299.194,4297.639,4298.071,60
2026-09-14 22:07:00,4298.345,4298.466,4297.676,4297.718,85
2026-09-14 22:08:00,4297.99,4298.077,4297.127,4297.483,89
2026-09-14 22:09:00,4297.145,4298.069,4296.966,4297.96,72
2026-09-14 22:10:00,4297.81,4297.81,4296.613,4297.3,100
2026-09-14 22:11:00,4297.024,4297.608,4297.007,4297.336,73
2026-09-14 22:12:00,4297.344,4297.816,4297.214,4297.699,61
2026-09-14 22:13:00,4297.695,4297.973,4296.788,4297.084,73
2026-09-14 22:14:00,4297.312,4297.338,4296.784,4297.277,54
2026-09-14 22:15:00,4296.992,4297.903,4296.612,4296.612,57
2026-09-14 22:16:00,4296.779,4297.642,4296.49,4297.229,56
2026-09-14 22:17:00,4297.29,4297.669,4296.779,4297.573,50
2026-09-14 22:18:00,4297.488,4297.81,4296.817,4297.099,83
2026-09-14 22:19:00,4297.24,4297.287,4296.089,4296.592,83
2026-09-14 22:20:00,4296.365,4297.05,4295.692,4295.785,64
2026-09-14 22:21:00,4296.058,4297.079,4295.754,4296.569,92
2026-09-14 22:22:00,4296.573,4298.112,4296.573,4297.413,88
2026-09-14 22:23:00,4297.805,4298.026,4297.196,4297.217,91
2026-09-14 22:24:00,4296.951,4297.301,4295.829,4295.908,84
2026-09-14 22:25:00,4296.016,4296.359,4292.666,4294.062,148
2026-09-14 22:26:00,4294.06,4294.874,4293.667,4294.461,81
2026-09-14 22:27:00,4294.36,4294.974,4294.239,4294.687,63
2026-09-14 22:28:00,4294.971,4295.934,4294.82,4295.642,56
2026-09-14 22:29:00,4295.872,4295.892,4295.091,4295.689,66
2026-09-14 22:30:00,4295.553,4295.887,4295.269,4295.504,51
2026-09-14 22:31:00,4295.385,4296.267,4295.302,4296.267,77
2026-09-14 22:32:00,4296.337,4297.745,4296.043,4297.455,90
2026-09-14 22:33:00,4297.463,4297.463,4296.678,4296.965,52
2026-09-14 22:34:00,4296.731,4297.044,4296.439,4296.771,53
2026-09-14 22:35:00,4296.771,4297.278,4296.516,4296.841,59
2026-09-14 22:36:00,4296.841,4298.145,4296.833,4297.802,65
2026-09-14 22:37:00,4297.942,4298.419,4295.71,4296.015,102
2026-09-14 22:38:00,4295.962,4296.006,4293.615,4295.747,140
2026-09-14 22:39:00,4296.02,4296.636,4295.479,4295.479,75
2026-09-14 22:40:00,4295.545,4297.032,4294.529,4295.934,146
2026-09-14 22:41:00,4295.918,4296.819,4295.773,4296.142,96
2026-09-14 22:42:00,4296.152,4297.749,4295.765,4295.946,144
2026-09-14 22:43:00,4295.754,4296.935,4294.95,4294.977,139
2026-09-14 22:44:00,4295.079,4295.732,4293.638,4295.515,171
2026-09-14 22:45:00,4295.504,4296.043,4295.301,4296.042,64
2026-09-14 22:46:00,4295.813,4296.035,4295.181,4295.55,53
2026-09-14 22:47:00,4295.824,4295.93,4294.981,4295.184,58
2026-09-14 22:48:00,4295.194,4295.194,4294.526,4294.564,44
2026-09-14 22:49:00,4294.863,4295.158,4294.4,4295.144,55
2026-09-14 22:50:00,4295.205,4296.437,4295.205,4296.116,77
2026-09-14 22:51:00,4296.283,4298.123,4295.951,4296.447,129
2026-09-14 22:52:00,4296.447,4296.759,4295.69,4295.956,63
2026-09-14 22:53:00,4295.934,4295.934,4294.059,4295.722,123
2026-09-14 22:54:00,4295.659,4296.488,4295.219,4296.006,87
2026-09-14 22:55:00,4296.214,4296.913,4296.094,4296.642,63
2026-09-14 22:56:00,4296.662,4297.109,4295.733,4296.095,149
2026-09-14 22:57:00,4296.197,4296.517,4295.175,4295.836,112
2026-09-14 22:58:00,4295.853,4296.213,4293.31,4295.206,158
2026-09-14 22:59:00,4295.301,4296.502,4295.203,4295.452,83
2026-09-14 23:00:00,4295.156,4296.388,4294.861,4296.388,75
2026-09-14 23:01:00,4296.714,4297.345,4294.966,4295.338,153
2026-09-14 23:02:00,4295.338,4295.991,4294.548,4295.322,147
2026-09-14 23:03:00,4294.978,4295.428,4294.798,4294.84,51
2026-09-14 23:04:00,4294.962,4295.081,4293.211,4293.899,113
2026-09-14 23:05:00,4294.176,4294.968,4293.648,4294.593,79
2026-09-14 23:06:00,4294.543,4294.879,4292.596,4293.088,103
2026-09-14 23:07:00,4293.02,4294.268,4292.179,4293.787,108
2026-09-14 23:08:00,4293.645,4294.954,4292.946,4293.395,157
2026-09-14 23:09:00,4293.514,4293.815,4292.824,4293.299,87
2026-09-14 23:10:00,4293.296,4293.46,4291.258,4292.209,175
2026-09-14 23:11:00,4292.26,4292.841,4292.003,4292.138,80
2026-09-14 23:12:00,4292.131,4293.397,4291.784,4292.889,90
2026-09-14 23:13:00,4292.991,4294.218,4291.962,4292.376,128
2026-09-14 23:14:00,4292.311,4292.719,4291.913,4292.295,72
2026-09-14 23:15:00,4292.277,4292.534,4291.258,4291.542,68
2026-09-14 23:16:00,4291.526,4291.911,4290.219,4290.918,120
2026-09-14 23:17:00,4290.831,4291.497,4290.716,4290.894,72
2026-09-14 23:18:00,4290.776,4291.515,4290.598,4290.666,83
2026-09-14 23:19:00,4290.943,4290.943,4289.208,4289.603,88
2026-09-14 23:20:00,4289.36,4289.832,4288.081,4288.436,95
2026-09-14 23:21:00,4288.505,4288.729,4287.127,4287.47,70
2026-09-14 23:22:00,4287.469,4289.745,4287.469,4289.357,120
2026-09-14 23:23:00,4289.63,4290.585,4288.862,4290.233,123
2026-09-14 23:24:00,4290.284,4290.848,4289.192,4290.014,106
2026-09-14 23:25:00,4290.287,4290.843,4289.766,4290.337,73
2026-09-14 23:26:00,4290.333,4290.782,4289.084,4289.635,120
2026-09-14 23:27:00,4289.902,4289.902,4287.121,4288.56,137
2026-09-14 23:28:00,4288.562,4289.987,4288.562,4289.813,84
2026-09-14 23:29:00,4289.789,4290.265,4289.248,4289.882,66
2026-09-14 23:30:00,4289.933,4290.839,4289.097,4290.839,94
2026-09-14 23:31:00,4290.629,4291.796,4290.629,4291.585,77
2026-09-14 23:32:00,4291.577,4291.577,4288.479,4288.556,125
2026-09-14 23:33:00,4288.789,4289.693,4287.894,4289.633,101
2026-09-14 23:34:00,4289.559,4290.975,4288.814,4290.839,85
2026-09-14 23:35:00,4290.68,4291.443,4290.099,4290.397,80
2026-09-14 23:36:00,4290.381,4290.807,4290.029,4290.039,53
2026-09-14 23:37:00,4290.137,4290.227,4288.243,4289.11,133
2026-09-14 23:38:00,4289.164,4290.207,4288.676,4290.207,77
2026-09-14 23:39:00,4289.965,4289.965,4289.068,4289.163,60
2026-09-14 23:40:00,4289.071,4291.865,4289.071,4290.436,100
2026-09-14 23:41:00,4290.19,4290.611,4288.726,4289.278,93
2026-09-14 23:42:00,4288.97,4289.433,4288.813,4289.12,57
2026-09-14 23:43:00,4289.115,4289.561,4288.694,4289.304,73
2026-09-14 23:44:00,4289.583,4289.876,4289.342,4289.605,54
2026-09-14 23:45:00,4289.515,4289.714,4288.106,4288.237,118
2026-09-14 23:46:00,4288.235,4288.581,4287.826,4288.398,101
2026-09-14 23:47:00,4288.342,4288.544,4287.348,4288.475,98
2026-09-14 23:48:00,4288.386,4288.387,4287.78,4288.094,79
2026-09-14 23:49:00,4288.114,4288.985,4288.114,4288.979,65
2026-09-14 23:50:00,4288.745,4289.396,4288.526,4288.761,76
2026-09-14 23:51:00,4288.756,4288.786,4288.301,4288.601,61
2026-09-14 23:52:00,4288.527,4288.801,4287.966,4288.128,79
2026-09-14 23:53:00,4288.213,4288.264,4287.189,4287.835,69
2026-09-14 23:54:00,4287.813,4288.24,4287.365,4287.906,95
2026-09-14 23:55:00,4287.644,4288.322,4287.589,4288.072,78
2026-09-14 23:56:00,4288.066,4288.745,4287.737,4287.833,83
2026-09-14 23:57:00,4287.821,4288.882,4287.473,4288.267,88
2026-09-14 23:58:00,4288.244,4288.974,4288.141,4288.5,77
2026-09-14 23:59:00,4288.519,4288.758,4288.216,4288.286,70
2026-09-15 00:00:00,4288.232,4288.962,4287.328,4288.609,216
2026-09-15 00:01:00,4288.761,4289.209,4287.335,4287.669,185
2026-09-15 00:02:00,4287.662,4289.038,4287.03,4287.199,203
2026-09-15 00:03:00,4287.252,4287.714,4286.575,4286.932,145
2026-09-15 00:04:00,4287.205,4287.368,4286.204,4286.297,158
2026-09-15 00:05:00,4286.251,4286.357,4283.636,4285.357,211
2026-09-15 00:06:00,4285.236,4286.426,4284.958,4285.802,178
2026-09-15 00:07:00,4285.765,4287.393,4285.463,4286.815,134
2026-09-15 00:08:00,4286.873,4288.45,4286.13,4286.243,172
2026-09-15 00:09:00,4286.437,4287.401,4285.95,4286.485,155
2026-09-15 00:10:00,4286.496,4286.924,4285.342,4285.734,154
2026-09-15 00:11:00,4285.676,4285.676,4284.028,4284.483,161
2026-09-15 00:12:00,4284.498,4284.795,4283.878,4284.525,122
2026-09-15 00:13:00,4284.519,4286.04,4284.519,4286.04,146
2026-09-15 00:14:00,4285.776,4287.367,4285.52,4286.724,173
2026-09-15 00:15:00,4286.779,4287.407,4285.995,4287.022,176
2026-09-15 00:16:00,4287.037,4287.754,4286.477,4287.429,133
2026-09-15 00:17:00,4287.466,4289.426,4287.235,4288.102,160
2026-09-15 00:18:00,4287.984,4288.471,4286.547,4286.897,115
2026-09-15 00:19:00,4287.097,4287.296,4284.52,4285.225,192
2026-09-15 00:20:00,4285.343,4285.723,4283.566,4285.233,203
2026-09-15 00:21:00,4285.248,4286.121,4284.698,4285.597,135
2026-09-15 00:22:00,4285.622,4285.622,4284.118,4284.694,111
2026-09-15 00:23:00,4284.699,4285.771,4284.486,4285.052,101
2026-09-15 00:24:00,4285.365,4287.411,4285.274,4287.411,152
2026-09-15 00:25:00,4287.383,4287.971,4285.555,4287.726,180
2026-09-15 00:26:00,4287.783,4289.74,4287.702,4288.041,216
2026-09-15 00:27:00,4288.26,4289.471,4286.225,4286.844,205
2026-09-15 00:28:00,4286.725,4288.746,4286.483,4288.212,157
2026-09-15 00:29:00,4288.147,4288.575,4287.452,4288.302,179
2026-09-15 00:30:00,4288.293,4289.214,4286.261,4286.589,214
2026-09-15 00:31:00,4286.722,4287.871,4286.264,4286.683,164
2026-09-15 00:32:00,4286.713,4286.713,4285.626,4285.89,101
2026-09-15 00:33:00,4285.866,4285.97,4284.372,4284.482,108
2026-09-15 00:34:00,4284.538,4285.163,4283.042,4284.529,201
2026-09-15 00:35:00,4284.25,4285.037,4283.948,4284.656,135
2026-09-15 00:36:00,4284.723,4287.873,4284.723,4287.653,179
2026-09-15 00:37:00,4287.708,4288.153,4286.93,4287.357,132
2026-09-15 00:38:00,4287.168,4287.842,4286.605,4287.326,122
2026-09-15 00:39:00,4287.255,4290.656,4287.009,4289.988,231
2026-09-15 00:40:00,4290.314,4290.442,4289.43,4290.146,130
2026-09-15 00:41:00,4290.344,4292.97,4289.93,4291.516,213
2026-09-15 00:42:00,4291.461,4292.525,4290.948,4292.343,141
2026-09-15 00:43:00,4292.336,4293.25,4292.108,4292.909,105
2026-09-15 00:44:00,4292.906,4292.933,4291.77,4292.465,100
2026-09-15 00:45:00,4292.709,4294.177,4292.542,4292.67,148
2026-09-15 00:46:00,4292.842,4293.012,4291.669,4292.21,124
2026-09-15 00:47:00,4292.204,4292.679,4291.748,4292.517,108
2026-09-15 00:48:00,4292.521,4293.258,4292.115,4293.024,99
2026-09-15 00:49:00,4292.749,4294.536,4292.665,4294.416,125
2026-09-15 00:50:00,4294.055,4295.033,4293.881,4294.866,127
2026-09-15 00:51:00,4294.84,4294.84,4293.48,4293.614,124
2026-09-15 00:52:00,4293.671,4296.734,4293.671,4296.734,122
2026-09-15 00:53:00,4296.463,4296.579,4295.339,4295.724,104
2026-09-15 00:54:00,4295.94,4295.94,4294.133,4294.184,133
2026-09-15 00:55:00,4294.106,4294.691,4293.279,4293.927,135
2026-09-15 00:56:00,4293.899,4294.274,4293.565,4294.241,118
2026-09-15 00:57:00,4293.914,4294.382,4293.535,4293.833,110
2026-09-15 00:58:00,4293.786,4294.193,4292.47,4292.802,116
2026-09-15 00:59:00,4292.791,4294.255,4292.791,4293.162,200
2026-09-15 01:00:00,4293.107,4295.154,4290.614,4291.947,764
2026-09-15 01:01:00,4291.889,4292.711,4290.16,4290.896,527
2026-09-15 01:02:00,4290.949,4291.502,4287.815,4290.502,511
2026-09-15 01:03:00,4290.445,4293.932,4289.217,4293.196,519
2026-09-15 01:04:00,4293.144,4298.37,4292.464,4295.848,538
2026-09-15 01:05:00,4295.781,4297.531,4295.339,4296.828,323
2026-09-15 01:06:00,4296.501,4296.687,4293.088,4295.446,335
2026-09-15 01:07:00,4295.517,4297.663,4295.517,4297.278,405
2026-09-15 01:08:00,4297.218,4298.597,4296.793,4297.444,259
2026-09-15 01:09:00,4297.364,4297.934,4293.596,4293.903,283
2026-09-15 01:10:00,4293.578,4296.536,4293.578,4296.425,280
2026-09-15 01:11:00,4296.416,4297.983,4296.154,4297.429,233
2026-09-15 01:12:00,4297.442,4298.692,4296.095,4296.366,211
2026-09-15 01:13:00,4296.178,4298.495,4296.152,4298.475,190
2026-09-15 01:14:00,4298.456,4300.001,4297.95,4299.747,207
2026-09-15 01:15:00,4299.441,4300.39,4298.869,4300.371,220
2026-09-15 01:16:00,4300.103,4302.639,4299.795,4301.795,202
2026-09-15 01:17:00,4301.606,4302.07,4300.113,4301.409,179
2026-09-15 01:18:00,4301.372,4302.633,4301.012,4301.986,233
2026-09-15 01:19:00,4302.011,4305.913,4302.011,4304.275,296
2026-09-15 01:20:00,4304.298,4304.298,4302.602,4302.871,207
2026-09-15 01:21:00,4302.923,4304.536,4302.581,4304.067,171
2026-09-15 01:22:00,4304.082,4304.551,4302.804,4303.471,248
2026-09-15 01:23:00,4303.609,4303.609,4301.908,4302.165,179
2026-09-15 01:24:00,4302.46,4303.498,4301.962,4302.323,216
2026-09-15 01:25:00,4302.452,4303.077,4301.133,4301.725,262
2026-09-15 01:26:00,4301.775,4302.461,4301.173,4301.396,135
2026-09-15 01:27:00,4301.396,4301.938,4300.453,4300.914,207
2026-09-15 01:28:00,4301.174,4301.581,4300.172,4301.083,212
2026-09-15 01:29:00,4300.878,4302.473,4300.878,4301.884,173
2026-09-15 01:30:00,4301.942,4303.717,4301.506,4302.812,311
2026-09-15 01:31:00,4302.749,4304.528,4301.842,4304.029,290
2026-09-15 01:32:00,4304.241,4304.84,4303.139,4304.641,189
2026-09-15 01:33:00,4304.588,4306.638,4304.307,4305.112,250
2026-09-15 01:34:00,4304.781,4305.465,4302.3,4302.382,199
2026-09-15 01:35:00,4302.325,4302.753,4300.421,4300.681,240
2026-09-15 01:36:00,4300.645,4301.867,4299.385,4299.569,269
2026-09-15 01:37:00,4299.515,4299.694,4297.701,4297.752,269
2026-09-15 01:38:00,4297.686,4298.197,4295.959,4297.051,234
2026-09-15 01:39:00,4297.106,4298.377,4296.514,4297.449,274
2026-09-15 01:40:00,4297.566,4298.709,4295.584,4296.975,340
2026-09-15 01:41:00,4296.733,4297.603,4296.263,4296.59,220
2026-09-15 01:42:00,4296.586,4296.747,4295.005,4295.976,208
2026-09-15 01:43:00,4295.906,4299.321,4295.643,4298.467,313
2026-09-15 01:44:00,4298.413,4299.614,4297.937,4298.489,178
2026-09-15 01:45:00,4298.802,4298.905,4296.504,4298.279,233
2026-09-15 01:46:00,4298.307,4300.857,4298.307,4299.536,202
2026-09-15 01:47:00,4299.588,4301.087,4299.406,4299.976,153
2026-09-15 01:48:00,4300.034,4300.87,4299.608,4300.139,182
2026-09-15 01:49:00,4300.193,4301.723,4299.204,4300.099,252
2026-09-15 01:50:00,4300.0,4300.426,4297.639,4297.737,250
2026-09-15 01:51:00,4297.825,4297.928,4295.373,4295.905,250
2026-09-15 01:52:00,4295.853,4296.757,4294.055,4296.386,254
2026-09-15 01:53:00,4296.313,4298.802,4296.144,4298.416,207
2026-09-15 01:54:00,4298.541,4299.789,4298.015,4299.271,177
2026-09-15 01:55:00,4299.275,4302.553,4299.247,4302.255,204
2026-09-15 01:56:00,4302.172,4303.433,4301.869,4302.62,239
2026-09-15 01:57:00,4302.404,4302.547,4300.847,4301.112,140
2026-09-15 01:58:00,4301.381,4303.76,4301.223,4303.514,171
2026-09-15 01:59:00,4303.47,4304.878,4303.077,4304.358,162
2026-09-15 02:00:00,4304.447,4306.731,4304.447,4305.427,254
2026-09-15 02:01:00,4305.483,4310.951,4305.391,4310.604,318
2026-09-15 02:02:00,4310.543,4311.712,4308.381,4308.546,323
2026-09-15 02:03:00,4308.494,4308.84,4306.834,4307.229,218
2026-09-15 02:04:00,4307.176,4307.426,4305.701,4306.95,205
2026-09-15 02:05:00,4306.994,4308.544,4305.981,4306.054,190
2026-09-15 02:06:00,4306.388,4307.499,4306.063,4306.682,192
2026-09-15 02:07:00,4306.411,4308.995,4306.245,4308.679,210
2026-09-15 02:08:00,4308.674,4309.019,4306.736,4308.014,242
2026-09-15 02:09:00,4307.848,4308.641,4306.697,4307.866,182
2026-09-15 02:10:00,4307.54,4308.214,4306.403,4306.871,157
2026-09-15 02:11:00,4306.88,4307.305,4305.08,4305.115,125
2026-09-15 02:12:00,4305.383,4307.066,4305.09,4306.408,166
2026-09-15 02:13:00,4306.281,4307.062,4306.071,4306.73,129
2026-09-15 02:14:00,4306.7,4307.505,4306.655,4307.221,118
2026-09-15 02:15:00,4307.206,4307.967,4305.726,4306.908,147
2026-09-15 02:16:00,4306.971,4307.765,4306.584,4307.113,137
2026-09-15 02:17:00,4307.354,4307.388,4305.77,4306.149,133
2026-09-15 02:18:00,4306.154,4306.91,4305.508,4306.903,112
2026-09-15 02:19:00,4306.929,4306.929,4305.42,4306.599,205
2026-09-15 02:20:00,4306.69,4307.535,4306.281,4307.037,147
2026-09-15 02:21:00,4307.256,4307.353,4306.062,4306.159,123
2026-09-15 02:22:00,4306.318,4307.733,4306.134,4307.419,127
2026-09-15 02:23:00,4307.482,4308.823,4307.482,4307.929,129
2026-09-15 02:24:00,4308.2,4308.998,4307.812,4308.135,140
2026-09-15 02:25:00,4308.291,4309.174,4307.791,4308.893,145
2026-09-15 02:26:00,4308.924,4309.287,4308.531,4308.863,135
2026-09-15 02:27:00,4308.805,4309.865,4308.492,4309.218,114
2026-09-15 02:28:00,4309.157,4309.554,4308.057,4308.813,150
2026-09-15 02:29:00,4308.764,4310.228,4308.764,4309.973,120
2026-09-15 02:30:00,4310.055,4310.533,4307.196,4308.25,363
2026-09-15 02:31:00,4308.032,4310.663,4307.74,4310.507,256
2026-09-15 02:32:00,4310.491,4310.973,4309.051,4309.713,237
2026-09-15 02:33:00,4309.728,4310.96,4309.728,4310.782,164
2026-09-15 02:34:00,4310.728,4312.305,4309.994,4311.916,202
2026-09-15 02:35:00,4311.581,4312.112,4310.804,4311.333,184
2026-09-15 02:36:00,4311.373,4311.57,4309.101,4310.706,253
2026-09-15 02:37:00,4310.749,4312.73,4310.749,4312.435,218
2026-09-15 02:38:00,4312.492,4314.355,4312.318,4314.179,175
2026-09-15 02:39:00,4314.128,4315.185,4313.55,4314.876,157
2026-09-15 02:40:00,4314.911,4317.392,4314.522,4316.589,183
2026-09-15 02:41:00,4316.613,4316.639,4313.937,4314.384,208
2026-09-15 02:42:00,4314.378,4315.513,4312.903,4313.733,214
2026-09-15 02:43:00,4313.368,4313.944,4312.276,4312.81,233
2026-09-15 02:44:00,4313.026,4313.494,4311.441,4311.522,150
2026-09-15 02:45:00,4311.459,4312.531,4311.233,4312.139,146
2026-09-15 02:46:00,4312.142,4315.091,4312.114,4314.057,190
2026-09-15 02:47:00,4314.102,4314.102,4312.345,4313.255,141
2026-09-15 02:48:00,4313.239,4315.71,4312.42,4315.012,223
2026-09-15 02:49:00,4315.261,4317.388,4314.994,4316.608,195
2026-09-15 02:50:00,4316.543,4317.35,4315.113,4315.123,178
2026-09-15 02:51:00,4315.305,4315.852,4313.646,4313.853,237
2026-09-15 02:52:00,4313.909,4315.946,4313.836,4314.747,196
2026-09-15 02:53:00,4314.734,4315.206,4313.072,4313.381,159
2026-09-15 02:54:00,4313.396,4313.521,4311.564,4312.393,175
2026-09-15 02:55:00,4312.392,4312.963,4311.902,4312.645,123
2026-09-15 02:56:00,4312.766,4313.56,4312.103,4313.125,135
2026-09-15 02:57:00,4313.071,4313.588,4311.986,4313.276,137
2026-09-15 02:58:00,4313.331,4313.621,4312.392,4312.943,172
2026-09-15 02:59:00,4312.999,4314.581,4312.622,4313.974,148
2026-09-15 03:00:00,4314.039,4314.573,4311.823,4312.415,182
2026-09-15 03:01:00,4312.356,4312.356,4309.953,4310.729,207
2026-09-15 03:02:00,4310.808,4311.753,4310.262,4311.753,117
2026-09-15 03:03:00,4311.431,4312.153,4310.881,4311.778,120
2026-09-15 03:04:00,4311.906,4313.298,4311.701,4312.262,149
2026-09-15 03:05:00,4312.566,4313.066,4311.657,4312.337,179
2026-09-15 03:06:00,4312.391,4312.803,4311.105,4312.495,181
2026-09-15 03:07:00,4312.459,4314.052,4312.459,4312.954,167
2026-09-15 03:08:00,4312.777,4313.497,4312.176,4313.497,133
2026-09-15 03:09:00,4313.502,4314.152,4312.941,4313.956,113
2026-09-15 03:10:00,4313.797,4313.927,4312.099,4312.485,157
2026-09-15 03:11:00,4312.508,4312.587,4311.203,4311.512,133
2026-09-15 03:12:00,4311.732,4312.202,4311.103,4311.638,115
2026-09-15 03:13:00,4311.697,4311.868,4310.867,4311.248,142
2026-09-15 03:14:00,4311.306,4311.775,4310.634,4310.928,122
2026-09-15 03:15:00,4310.69,4312.398,4310.303,4312.02,142
2026-09-15 03:16:00,4312.02,4312.105,4311.048,4311.048,152
2026-09-15 03:17:00,4310.99,4312.061,4309.615,4310.901,177
2026-09-15 03:18:00,4310.966,4312.384,4310.92,4311.501,122
2026-09-15 03:19:00,4311.608,4313.151,4311.608,4311.85,138
2026-09-15 03:20:00,4311.858,4312.735,4311.453,4311.453,137
2026-09-15 03:21:00,4311.778,4313.26,4311.778,4312.437,200
2026-09-15 03:22:00,4312.2,4313.788,4311.722,4313.788,126
2026-09-15 03:23:00,4313.576,4314.322,4312.293,4312.956,170
2026-09-15 03:24:00,4312.928,4313.609,4310.356,4310.921,151
2026-09-15 03:25:00,4310.91,4311.453,4310.074,4310.453,105
2026-09-15 03:26:00,4310.398,4310.633,4309.691,4310.54,88
2026-09-15 03:27:00,4310.317,4311.602,4310.317,4311.331,121
2026-09-15 03:28:00,4311.331,4311.685,4310.751,4311.162,90
2026-09-15 03:29:00,4311.198,4312.083,4310.407,4310.649,119
2026-09-15 03:30:00,4310.799,4312.598,4310.511,4312.487,129
2026-09-15 03:31:00,4312.492,4312.836,4311.306,4311.336,127
2026-09-15 03:32:00,4311.33,4311.777,4310.833,4311.265,113
2026-09-15 03:33:00,4311.262,4312.517,4311.262,4311.651,116
2026-09-15 03:34:00,4311.592,4312.963,4311.305,4312.963,122
2026-09-15 03:35:00,4312.778,4313.621,4312.491,4312.623,124
2026-09-15 03:36:00,4312.703,4313.285,4311.37,4312.123,117
2026-09-15 03:37:00,4312.004,4312.004,4310.812,4310.828,86
2026-09-15 03:38:00,4310.88,4311.422,4309.837,4309.837,154
2026-09-15 03:39:00,4310.004,4310.032,4309.113,4309.181,123
2026-09-15 03:40:00,4309.129,4310.215,4308.729,4309.98,180
2026-09-15 03:41:00,4309.699,4310.03,4308.741,4309.219,92
2026-09-15 03:42:00,4309.273,4309.485,4308.051,4308.783,118
2026-09-15 03:43:00,4308.932,4309.145,4307.952,4308.356,106
2026-09-15 03:44:00,4308.409,4309.341,4308.125,4308.72,116
2026-09-15 03:45:00,4308.673,4308.996,4308.058,4308.929,129
2026-09-15 03:46:00,4308.875,4309.752,4307.946,4309.547,118
2026-09-15 03:47:00,4309.44,4310.241,4308.537,4308.537,99
2026-09-15 03:48:00,4308.797,4308.806,4306.169,4306.454,158
2026-09-15 03:49:00,4306.477,4306.61,4305.532,4305.703,101
2026-09-15 03:50:00,4305.687,4306.188,4304.942,4305.293,107
2026-09-15 03:51:00,4305.303,4305.303,4304.395,4304.827,78
2026-09-15 03:52:00,4304.827,4304.827,4303.964,4304.08,95
2026-09-15 03:53:00,4304.143,4304.756,4303.921,4304.264,116
2026-09-15 03:54:00,4304.248,4304.905,4303.86,4304.384,112
2026-09-15 03:55:00,4304.441,4305.179,4303.642,4303.92,125
2026-09-15 03:56:00,4304.135,4304.686,4303.123,4304.045,148
2026-09-15 03:57:00,4304.101,4304.101,4303.379,4304.015,74
2026-09-15 03:58:00,4304.009,4304.71,4304.009,4304.402,71
2026-09-15 03:59:00,4304.703,4304.703,4303.369,4303.647,75
2026-09-15 04:00:00,4303.593,4304.421,4302.827,4303.148,95
2026-09-15 04:01:00,4302.927,4303.284,4302.464,4303.02,89
2026-09-15 04:02:00,4303.003,4303.391,4302.591,4302.679,100
2026-09-15 04:03:00,4302.671,4302.953,4302.416,4302.669,64
2026-09-15 04:04:00,4302.774,4303.395,4302.505,4303.186,96
2026-09-15 04:05:00,4303.193,4304.46,4303.142,4304.169,108
2026-09-15 04:06:00,4303.895,4304.193,4303.266,4303.416,80
2026-09-15 04:07:00,4303.407,4303.884,4302.545,4303.674,113
2026-09-15 04:08:00,4303.621,4305.548,4303.312,4305.39,141
2026-09-15 04:09:00,4305.396,4306.069,4304.923,4305.821,182
2026-09-15 04:10:00,4305.768,4306.824,4305.353,4306.501,125
2026-09-15 04:11:00,4306.262,4306.262,4304.328,4304.575,188
2026-09-15 04:12:00,4304.85,4306.941,4304.377,4306.918,127
2026-09-15 04:13:00,4306.903,4308.925,4306.618,4308.86,141
2026-09-15 04:14:00,4308.803,4309.773,4307.289,4307.402,164
2026-09-15 04:15:00,4307.438,4308.561,4306.827,4308.056,125
2026-09-15 04:16:00,4307.786,4308.075,4306.055,4306.449,123
2026-09-15 04:17:00,4306.389,4306.491,4305.185,4306.016,130
2026-09-15 04:18:00,4306.018,4306.018,4304.302,4304.593,107
2026-09-15 04:19:00,4304.54,4304.839,4303.479,4304.169,124
2026-09-15 04:20:00,4304.156,4304.836,4303.734,4304.565,89
2026-09-15 04:21:00,4304.843,4305.044,4303.555,4304.011,118
2026-09-15 04:22:00,4303.732,4304.008,4302.609,4303.452,134
2026-09-15 04:23:00,4303.438,4304.217,4302.848,4303.237,114
2026-09-15 04:24:00,4303.228,4303.7,4302.761,4303.156,116
2026-09-15 04:25:00,4303.155,4303.765,4302.788,4303.219,102
2026-09-15 04:26:00,4302.946,4303.383,4302.54,4303.249,96
2026-09-15 04:27:00,4303.249,4303.946,4302.888,4303.48,81
2026-09-15 04:28:00,4303.49,4304.26,4303.343,4303.599,80
2026-09-15 04:29:00,4303.581,4303.614,4302.573,4303.466,103
2026-09-15 04:30:00,4303.518,4303.774,4303.285,4303.615,69
2026-09-15 04:31:00,4303.711,4303.903,4302.835,4303.04,68
2026-09-15 04:32:00,4303.04,4304.071,4302.968,4303.419,81
2026-09-15 04:33:00,4303.392,4303.692,4302.51,4302.962,83
2026-09-15 04:34:00,4303.239,4304.32,4302.472,4302.685,112
2026-09-15 04:35:00,4302.63,4303.175,4302.088,4302.647,110
2026-09-15 04:36:00,4302.906,4303.164,4300.985,4301.721,109
2026-09-15 04:37:00,4301.391,4302.335,4300.605,4300.973,119
2026-09-15 04:38:00,4300.974,4302.547,4300.911,4302.264,108
2026-09-15 04:39:00,4302.293,4305.135,4302.293,4304.533,207
2026-09-15 04:40:00,4304.533,4305.027,4303.527,4304.595,122
2026-09-15 04:41:00,4304.868,4306.099,4304.613,4305.716,123
2026-09-15 04:42:00,4305.731,4306.26,4305.385,4305.474,117
2026-09-15 04:43:00,4305.749,4305.912,4304.945,4304.948,113
2026-09-15 04:44:00,4304.895,4305.732,4304.466,4305.14,127
2026-09-15 04:45:00,4304.751,4305.126,4304.004,4304.608,142
2026-09-15 04:46:00,4304.646,4305.572,4304.423,4305.049,112
2026-09-15 04:47:00,4305.028,4306.292,4304.514,4305.859,126
2026-09-15 04:48:00,4305.859,4307.226,4305.447,4306.143,140
2026-09-15 04:49:00,4306.174,4307.073,4305.365,4305.603,135
2026-09-15 04:50:00,4305.548,4306.075,4304.849,4305.753,152
2026-09-15 04:51:00,4305.75,4306.272,4304.515,4304.973,145
2026-09-15 04:52:00,4305.051,4305.833,4304.611,4305.051,147
2026-09-15 04:53:00,4305.033,4305.95,4304.425,4304.787,162
2026-09-15 04:54:00,4304.658,4305.986,4304.173,4305.433,130
2026-09-15 04:55:00,4305.492,4307.496,4305.015,4306.482,156
2026-09-15 04:56:00,4306.546,4306.931,4305.556,4306.405,127
2026-09-15 04:57:00,4306.457,4308.059,4306.319,4306.77,157
2026-09-15 04:58:00,4306.971,4307.066,4305.75,4306.023,80
2026-09-15 04:59:00,4306.085,4306.417,4304.592,4304.993,122
2026-09-15 05:00:00,4304.926,4306.465,4304.232,4306.014,149
2026-09-15 05:01:00,4306.256,4306.85,4305.503,4306.405,103
2026-09-15 05:02:00,4306.347,4307.739,4306.216,4307.079,117
2026-09-15 05:03:00,4307.027,4307.028,4304.175,4304.289,143
2026-09-15 05:04:00,4304.235,4304.29,4302.708,4302.864,121
2026-09-15 05:05:00,4302.807,4303.732,4302.749,4302.771,109
2026-09-15 05:06:00,4302.93,4303.113,4301.951,4302.641,112
2026-09-15 05:07:00,4302.398,4302.727,4301.196,4301.791,90
2026-09-15 05:08:00,4301.871,4302.374,4301.529,4301.924,103
2026-09-15 05:09:00,4302.187,4302.991,4301.673,4302.173,111
2026-09-15 05:10:00,4302.224,4302.719,4301.667,4302.027,115
2026-09-15 05:11:00,4302.3,4302.447,4300.859,4301.08,86
2026-09-15 05:12:00,4301.211,4301.38,4300.363,4300.812,112
2026-09-15 05:13:00,4300.937,4301.067,4300.443,4300.91,80
2026-09-15 05:14:00,4300.922,4302.223,4300.537,4301.411,129
2026-09-15 05:15:00,4301.814,4302.038,4299.187,4299.76,212
2026-09-15 05:16:00,4299.558,4300.06,4298.94,4298.94,119
2026-09-15 05:17:00,4299.249,4299.885,4298.717,4298.975,121
2026-09-15 05:18:00,4299.026,4299.869,4298.561,4299.755,122
2026-09-15 05:19:00,4299.811,4300.871,4299.568,4300.217,134
2026-09-15 05:20:00,4300.366,4301.334,4299.489,4299.775,160
2026-09-15 05:21:00,4299.886,4300.421,4297.91,4297.927,137
2026-09-15 05:22:00,4297.926,4298.626,4297.246,4298.151,156
2026-09-15 05:23:00,4297.881,4298.128,4297.257,4298.108,109
2026-09-15 05:24:00,4298.055,4298.078,4297.112,4297.627,86
2026-09-15 05:25:00,4297.758,4298.353,4296.361,4296.953,130
2026-09-15 05:26:00,4297.012,4297.411,4296.583,4297.107,93
2026-09-15 05:27:00,4297.107,4297.604,4296.414,4297.247,117
2026-09-15 05:28:00,4297.235,4298.539,4297.209,4298.284,125
2026-09-15 05:29:00,4298.069,4298.467,4297.178,4297.178,109
2026-09-15 05:30:00,4297.123,4300.195,4295.811,4296.338,537
2026-09-15 05:31:00,4296.163,4296.712,4294.702,4296.276,305
2026-09-15 05:32:00,4296.355,4296.355,4293.867,4294.71,258
2026-09-15 05:33:00,4294.646,4295.143,4293.252,4294.544,290
2026-09-15 05:34:00,4294.607,4294.731,4288.945,4292.68,388
2026-09-15 05:35:00,4292.739,4294.135,4291.691,4293.555,340
2026-09-15 05:36:00,4293.608,4294.783,4293.283,4294.164,235
2026-09-15 05:37:00,4294.222,4294.291,4291.743,4292.379,243
2026-09-15 05:38:00,4292.36,4293.474,4291.951,4292.807,181
2026-09-15 05:39:00,4292.774,4294.662,4292.365,4293.976,274
2026-09-15 05:40:00,4294.029,4295.936,4293.512,4295.833,249
2026-09-15 05:41:00,4295.888,4296.727,4295.467,4295.564,234
2026-09-15 05:42:00,4295.645,4296.011,4294.975,4295.823,191
2026-09-15 05:43:00,4295.803,4296.526,4294.17,4294.867,248
2026-09-15 05:44:00,4294.931,4296.961,4294.741,4296.21,219
2026-09-15 05:45:00,4296.07,4299.914,4295.857,4298.713,250
2026-09-15 05:46:00,4298.686,4299.33,4297.296,4297.648,213
2026-09-15 05:47:00,4297.594,4297.88,4296.459,4296.982,134
2026-09-15 05:48:00,4296.764,4297.863,4296.502,4297.323,146
2026-09-15 05:49:00,4297.168,4298.348,4294.486,4294.947,215
2026-09-15 05:50:00,4294.895,4296.235,4294.065,4295.885,171
2026-09-15 05:51:00,4296.103,4298.033,4295.585,4296.744,176
2026-09-15 05:52:00,4296.624,4298.847,4296.448,4298.026,191
2026-09-15 05:53:00,4298.054,4298.141,4295.506,4295.621,206
2026-09-15 05:54:00,4295.95,4296.417,4294.846,4294.846,159
2026-09-15 05:55:00,4294.901,4295.019,4293.406,4293.634,156
2026-09-15 05:56:00,4293.343,4293.706,4291.923,4292.381,197
2026-09-15 05:57:00,4292.393,4293.319,4291.778,4292.382,167
2026-09-15 05:58:00,4292.266,4292.266,4291.267,4291.346,114
2026-09-15 05:59:00,4291.35,4291.759,4290.686,4291.05,169
2026-09-15 06:00:00,4291.045,4294.111,4290.706,4292.237,195
2026-09-15 06:01:00,4292.29,4293.745,4291.841,4292.987,125
2026-09-15 06:02:00,4292.741,4293.069,4291.97,4292.295,121
2026-09-15 06:03:00,4292.432,4293.555,4290.445,4292.041,276
2026-09-15 06:04:00,4291.806,4292.214,4290.978,4291.813,207
2026-09-15 06:05:00,4291.689,4291.689,4288.265,4288.462,207
2026-09-15 06:06:00,4288.411,4288.807,4286.865,4287.774,266
2026-09-15 06:07:00,4287.709,4287.92,4286.046,4287.45,226
2026-09-15 06:08:00,4287.521,4289.57,4287.424,4288.92,291
2026-09-15 06:09:00,4288.771,4291.298,4288.657,4288.814,319
2026-09-15 06:10:00,4288.633,4289.527,4287.778,4287.852,161
2026-09-15 06:11:00,4288.025,4288.604,4285.875,4286.397,245
2026-09-15 06:12:00,4286.392,4287.843,4286.225,4287.268,226
2026-09-15 06:13:00,4287.21,4290.409,4287.084,4289.829,221
2026-09-15 06:14:00,4289.772,4290.366,4289.24,4289.916,166
2026-09-15 06:15:00,4289.831,4290.156,4288.865,4289.98,193
2026-09-15 06:16:00,4289.725,4291.166,4289.336,4290.325,239
2026-09-15 06:17:00,4290.327,4292.328,4290.106,4291.646,256
2026-09-15 06:18:00,4291.59,4292.203,4289.831,4290.691,208
2026-09-15 06:19:00,4290.539,4290.681,4289.22,4290.139,168
2026-09-15 06:20:00,4289.809,4289.935,4288.381,4289.029,195
2026-09-15 06:21:00,4288.894,4290.243,4288.246,4289.609,210
2026-09-15 06:22:00,4289.664,4291.787,4289.368,4290.226,192
2026-09-15 06:23:00,4290.326,4291.576,4289.729,4289.729,148
2026-09-15 06:24:00,4290.002,4290.798,4289.404,4289.763,139
2026-09-15 06:25:00,4290.088,4290.299,4287.659,4287.982,253
2026-09-15 06:26:00,4288.069,4289.22,4287.431,4288.248,201
2026-09-15 06:27:00,4288.496,4288.502,4287.232,4287.871,162
2026-09-15 06:28:00,4287.923,4289.439,4287.789,4289.185,141
2026-09-15 06:29:00,4289.166,4290.408,4288.954,4289.525,144
2026-09-15 06:30:00,4289.579,4289.793,4287.96,4288.074,190
2026-09-15 06:31:00,4288.129,4288.223,4286.631,4287.682,164
2026-09-15 06:32:00,4287.628,4288.179,4286.277,4287.044,198
2026-09-15 06:33:00,4286.988,4287.258,4285.99,4287.104,175
2026-09-15 06:34:00,4287.017,4287.981,4286.789,4287.184,135
2026-09-15 06:35:00,4287.254,4288.955,4287.203,4288.091,187
2026-09-15 06:36:00,4288.033,4288.363,4287.535,4287.908,106
2026-09-15 06:37:00,4288.187,4288.47,4287.514,4288.47,76
2026-09-15 06:38:00,4288.475,4289.813,4287.928,4289.59,154
2026-09-15 06:39:00,4289.561,4291.3,4289.064,4290.977,186
2026-09-15 06:40:00,4290.924,4291.075,4289.845,4290.077,174
2026-09-15 06:41:00,4289.816,4291.008,4289.502,4289.902,191
2026-09-15 06:42:00,4289.998,4290.794,4288.373,4289.103,161
2026-09-15 06:43:00,4289.056,4290.276,4288.62,4290.168,213
2026-09-15 06:44:00,4290.111,4290.974,4289.851,4290.948,160
2026-09-15 06:45:00,4290.799,4294.616,4290.399,4292.005,186
2026-09-15 06:46:00,4292.025,4292.185,4290.851,4291.384,96
2026-09-15 06:47:00,4291.28,4292.433,4290.716,4291.485,102
2026-09-15 06:48:00,4291.432,4292.48,4291.209,4292.48,160
2026-09-15 06:49:00,4292.085,4293.135,4291.74,4292.246,163
2026-09-15 06:50:00,4292.452,4293.494,4291.836,4292.722,160
2026-09-15 06:51:00,4292.669,4293.741,4292.4,4293.397,136
2026-09-15 06:52:00,4293.133,4293.817,4292.1,4292.835,164
2026-09-15 06:53:00,4292.568,4293.267,4292.154,4292.93,166
2026-09-15 06:54:00,4292.702,4293.518,4292.652,4292.705,128
2026-09-15 06:55:00,4292.917,4293.047,4292.246,4292.879,128
2026-09-15 06:56:00,4292.891,4294.411,4292.627,4294.115,146
2026-09-15 06:57:00,4294.079,4295.538,4293.821,4295.054,138
2026-09-15 06:58:00,4294.993,4295.177,4293.279,4293.606,132
2026-09-15 06:59:00,4293.488,4294.185,4293.319,4293.492,149
2026-09-15 07:00:00,4293.549,4295.531,4291.932,4294.451,325
2026-09-15 07:01:00,4294.474,4294.734,4291.898,4292.246,188
2026-09-15 07:02:00,4292.258,4292.31,4289.841,4290.971,259
2026-09-15 07:03:00,4290.749,4292.429,4289.23,4291.708,268
2026-09-15 07:04:00,4291.762,4292.725,4291.091,4291.342,144
2026-09-15 07:05:00,4291.296,4292.311,4289.479,4289.479,175
2026-09-15 07:06:00,4289.455,4290.858,4288.607,4290.532,176
2026-09-15 07:07:00,4290.6,4290.907,4289.772,4290.112,150
2026-09-15 07:08:00,4290.164,4291.25,4290.164,4290.476,170
2026-09-15 07:09:00,4290.483,4291.168,4289.642,4290.674,171
2026-09-15 07:10:00,4290.934,4291.885,4289.588,4289.588,197
2026-09-15 07:11:00,4289.532,4289.701,4287.434,4287.96,193
2026-09-15 07:12:00,4288.084,4288.342,4286.982,4286.982,168
2026-09-15 07:13:00,4287.307,4288.824,4287.307,4287.433,202
2026-09-15 07:14:00,4287.507,4288.452,4286.693,4288.022,174
2026-09-15 07:15:00,4288.169,4288.923,4287.886,4288.602,144
2026-09-15 07:16:00,4288.637,4291.528,4288.625,4291.266,175
2026-09-15 07:17:00,4291.214,4291.214,4289.606,4290.774,180
2026-09-15 07:18:00,4290.494,4291.339,4289.436,4290.245,162
2026-09-15 07:19:00,4290.274,4292.026,4289.48,4291.505,155
2026-09-15 07:20:00,4291.549,4291.965,4289.175,4289.892,208
2026-09-15 07:21:00,4289.601,4290.432,4289.347,4289.464,194
2026-09-15 07:22:00,4289.516,4289.764,4288.307,4288.742,144
2026-09-15 07:23:00,4288.525,4289.14,4287.68,4288.607,170
2026-09-15 07:24:00,4288.615,4289.271,4287.646,4288.778,197
2026-09-15 07:25:00,4288.748,4289.229,4287.802,4287.989,213
2026-09-15 07:26:00,4288.069,4288.907,4287.78,4288.172,188
2026-09-15 07:27:00,4288.022,4290.171,4287.783,4289.976,208
2026-09-15 07:28:00,4289.868,4290.75,4289.648,4290.564,147
2026-09-15 07:29:00,4290.338,4292.412,4289.882,4291.934,167
2026-09-15 07:30:00,4291.99,4292.359,4290.904,4291.035,148
2026-09-15 07:31:00,4291.299,4293.049,4289.981,4292.163,214
2026-09-15 07:32:00,4292.237,4292.536,4290.414,4290.857,187
2026-09-15 07:33:00,4290.923,4291.769,4290.414,4290.986,133
2026-09-15 07:34:00,4291.158,4291.493,4289.985,4290.218,152
2026-09-15 07:35:00,4290.438,4290.45,4287.109,4288.996,238
2026-09-15 07:36:00,4288.938,4289.178,4286.511,4287.231,210
2026-09-15 07:37:00,4287.231,4287.306,4285.192,4285.767,183
2026-09-15 07:38:00,4285.669,4286.13,4284.879,4285.759,148
2026-09-15 07:39:00,4285.702,4286.367,4285.655,4285.766,106
2026-09-15 07:40:00,4285.752,4286.778,4284.203,4284.267,140
2026-09-15 07:41:00,4284.66,4284.903,4282.455,4282.518,225
2026-09-15 07:42:00,4282.708,4283.219,4280.537,4281.834,291
2026-09-15 07:43:00,4281.701,4284.338,4280.772,4282.741,267
2026-09-15 07:44:00,4282.836,4284.88,4282.14,4283.732,208
2026-09-15 07:45:00,4283.974,4287.728,4283.407,4286.745,407
2026-09-15 07:46:00,4286.797,4287.656,4285.639,4286.953,226
2026-09-15 07:47:00,4286.908,4290.185,4285.988,4286.34,554
2026-09-15 07:48:00,4286.398,4286.519,4284.643,4285.785,215
2026-09-15 07:49:00,4286.001,4286.28,4284.561,4284.847,198
2026-09-15 07:50:00,4284.78,4285.074,4281.94,4282.408,206
2026-09-15 07:51:00,4282.443,4282.525,4279.697,4279.977,286
2026-09-15 07:52:00,4279.924,4280.455,4277.391,4277.718,283
2026-09-15 07:53:00,4277.78,4278.697,4276.312,4277.338,199
2026-09-15 07:54:00,4277.381,4277.916,4276.101,4277.555,264
2026-09-15 07:55:00,4277.679,4278.955,4276.124,4277.961,356
2026-09-15 07:56:00,4278.19,4278.72,4276.775,4278.488,246
2026-09-15 07:57:00,4278.537,4278.768,4277.714,4278.463,191
2026-09-15 07:58:00,4278.566,4279.917,4277.95,4279.848,209
2026-09-15 07:59:00,4279.793,4280.788,4279.25,4280.361,223
2026-09-15 08:00:00,4280.385,4280.614,4274.606,4275.09,532
2026-09-15 08:01:00,4275.025,4275.817,4272.454,4273.566,371
2026-09-15 08:02:00,4273.625,4274.128,4270.794,4271.209,338
2026-09-15 08:03:00,4271.136,4271.136,4268.853,4269.522,338
2026-09-15 08:04:00,4269.467,4270.057,4266.507,4266.569,328
2026-09-15 08:05:00,4266.986,4268.816,4266.057,4268.435,395
2026-09-15 08:06:00,4268.313,4268.513,4265.976,4267.447,309
2026-09-15 08:07:00,4267.776,4268.226,4266.541,4267.387,285
2026-09-15 08:08:00,4267.328,4267.328,4264.106,4264.316,311
2026-09-15 08:09:00,4264.491,4265.512,4264.237,4265.208,235
2026-09-15 08:10:00,4265.156,4265.471,4263.707,4263.885,252
2026-09-15 08:11:00,4264.189,4266.216,4263.399,4264.535,380
2026-09-15 08:12:00,4264.482,4266.477,4264.165,4265.446,279
2026-09-15 08:13:00,4265.392,4267.824,4263.773,4267.026,289
2026-09-15 08:14:00,4267.176,4267.999,4265.332,4267.778,409
2026-09-15 08:15:00,4267.723,4269.742,4266.603,4269.673,340
2026-09-15 08:16:00,4269.61,4271.254,4268.244,4270.9,287
2026-09-15 08:17:00,4270.961,4272.774,4270.333,4270.677,260
2026-09-15 08:18:00,4270.729,4273.26,4270.719,4273.11,188
2026-09-15 08:19:00,4273.318,4273.889,4271.613,4273.535,266
2026-09-15 08:20:00,4273.593,4274.077,4272.172,4273.14,187
2026-09-15 08:21:00,4272.944,4273.604,4271.651,4272.997,257
2026-09-15 08:22:00,4273.05,4274.8,4272.696,4274.081,202
2026-09-15 08:23:00,4274.224,4274.59,4272.654,4272.688,190
2026-09-15 08:24:00,4272.641,4272.641,4271.292,4271.579,214
2026-09-15 08:25:00,4271.44,4272.12,4271.181,4271.429,191
2026-09-15 08:27:00,4271.858,4273.529,4271.655,4272.006,225
2026-09-15 08:28:00,4272.156,4275.173,4271.279,4273.258,301
2026-09-15 08:29:00,4273.198,4273.764,4270.928,4273.045,314
2026-09-15 08:30:00,4273.098,4274.177,4271.518,4274.176,301
2026-09-15 08:31:00,4273.975,4274.618,4272.794,4273.523,213
2026-09-15 08:32:00,4273.581,4274.391,4272.863,4273.651,185
2026-09-15 08:33:00,4273.521,4274.535,4272.922,4274.275,198
2026-09-15 08:34:00,4274.042,4274.212,4272.927,4273.123,197
2026-09-15 08:35:00,4273.044,4274.68,4272.618,4274.02,177
2026-09-15 08:36:00,4274.243,4274.603,4272.312,4272.587,241
2026-09-15 08:37:00,4272.62,4273.098,4271.33,4271.728,181
2026-09-15 08:38:00,4271.803,4274.095,4270.532,4270.831,348
2026-09-15 08:39:00,4270.847,4271.178,4269.795,4270.965,174
2026-09-15 08:40:00,4271.004,4271.004,4269.021,4270.076,209
2026-09-15 08:41:00,4270.368,4270.767,4269.246,4269.537,228
2026-09-15 08:42:00,4269.656,4270.044,4268.693,4269.786,213
2026-09-15 08:43:00,4270.066,4270.066,4268.064,4268.787,227
2026-09-15 08:44:00,4268.775,4268.775,4266.974,4267.69,182
2026-09-15 08:45:00,4267.647,4268.725,4267.316,4268.372,173
2026-09-15 08:46:00,4268.698,4269.758,4268.235,4268.645,165
2026-09-15 08:47:00,4268.576,4269.254,4268.034,4268.626,131
2026-09-15 08:48:00,4268.494,4268.534,4266.257,4266.768,160
2026-09-15 08:49:00,4266.732,4267.05,4265.774,4266.438,165
2026-09-15 08:50:00,4266.428,4268.131,4266.297,4266.856,170
2026-09-15 08:51:00,4266.862,4267.032,4265.993,4266.554,174
2026-09-15 08:52:00,4266.614,4267.95,4266.589,4266.789,174
2026-09-15 08:53:00,4266.737,4267.232,4266.336,4266.671,161
2026-09-15 08:54:00,4266.617,4267.557,4266.596,4267.204,126
2026-09-15 08:55:00,4267.32,4268.485,4265.468,4266.6,251
2026-09-15 08:56:00,4266.533,4267.642,4266.313,4267.308,142
2026-09-15 08:57:00,4266.978,4268.472,4266.809,4267.147,201
2026-09-15 08:58:00,4267.089,4267.374,4261.76,4261.933,207
2026-09-15 08:59:00,4262.347,4262.922,4261.183,4262.579,185
2026-09-15 09:00:00,4262.549,4263.27,4262.146,4262.352,128
2026-09-15 09:01:00,4262.132,4263.931,4262.1,4262.997,96
2026-09-15 09:02:00,4263.065,4263.389,4261.358,4262.368,156
2026-09-15 09:03:00,4262.35,4265.204,4262.111,4263.594,235
2026-09-15 09:04:00,4263.655,4266.208,4262.738,4265.866,233
2026-09-15 09:05:00,4265.749,4267.087,4264.965,4266.531,199
2026-09-15 09:06:00,4266.584,4266.791,4264.954,4265.87,198
2026-09-15 09:07:00,4266.028,4266.461,4264.139,4265.005,228
2026-09-15 09:08:00,4264.952,4266.136,4264.808,4265.452,219
2026-09-15 09:09:00,4265.393,4266.305,4264.661,4265.699,193
2026-09-15 09:10:00,4265.643,4266.254,4263.353,4263.353,206
2026-09-15 09:11:00,4263.569,4266.047,4263.569,4265.735,191
2026-09-15 09:12:00,4265.536,4266.477,4264.976,4265.264,218
2026-09-15 09:13:00,4265.173,4265.564,4263.883,4264.267,171
2026-09-15 09:14:00,4264.26,4266.885,4264.025,4265.725,260
2026-09-15 09:15:00,4265.555,4267.259,4263.769,4266.283,288
2026-09-15 09:16:00,4266.487,4268.145,4265.189,4266.474,266
2026-09-15 09:17:00,4266.35,4266.58,4263.515,4263.823,241
2026-09-15 09:18:00,4263.971,4264.062,4261.544,4262.152,249
2026-09-15 09:19:00,4262.486,4263.687,4262.158,4262.714,206
2026-09-15 09:20:00,4262.382,4263.681,4262.373,4263.064,240
2026-09-15 09:21:00,4263.034,4264.121,4262.229,4262.984,180
2026-09-15 09:22:00,4262.93,4264.59,4262.166,4264.025,211
2026-09-15 09:23:00,4263.971,4266.93,4262.999,4264.769,439
2026-09-15 09:24:00,4264.699,4265.113,4263.437,4264.852,279
2026-09-15 09:25:00,4264.882,4266.009,4263.62,4264.33,276
2026-09-15 09:26:00,4264.277,4264.692,4262.697,4263.662,257
2026-09-15 09:27:00,4263.607,4267.757,4262.838,4267.653,285
2026-09-15 09:28:00,4267.598,4269.63,4266.093,4266.848,294
2026-09-15 09:29:00,4267.044,4268.048,4266.226,4266.824,186
2026-09-15 09:30:00,4267.045,4267.947,4265.369,4266.628,353
2026-09-15 09:31:00,4266.667,4267.539,4266.039,4266.98,246
2026-09-15 09:32:00,4267.035,4267.19,4264.776,4266.16,245
2026-09-15 09:33:00,4265.972,4266.319,4264.884,4265.276,160
2026-09-15 09:34:00,4265.273,4267.75,4264.886,4266.525,164
2026-09-15 09:35:00,4266.743,4267.438,4266.092,4267.209,155
2026-09-15 09:36:00,4267.183,4267.183,4265.055,4266.025,151
2026-09-15 09:37:00,4266.077,4268.927,4266.077,4268.927,195
2026-09-15 09:38:00,4268.979,4269.216,4267.674,4268.686,185
2026-09-15 09:39:00,4268.436,4269.244,4267.8,4268.685,134
2026-09-15 09:40:00,4268.631,4269.222,4267.848,4268.318,175
2026-09-15 09:41:00,4268.384,4271.007,4268.091,4270.464,211
2026-09-15 09:42:00,4270.465,4271.881,4269.574,4271.881,183
2026-09-15 09:43:00,4271.966,4272.217,4270.635,4270.64,117
2026-09-15 09:44:00,4270.589,4270.65,4269.222,4269.638,142
2026-09-15 09:45:00,4269.638,4269.815,4268.274,4269.388,169
2026-09-15 09:46:00,4269.332,4270.065,4268.847,4269.405,157
2026-09-15 09:47:00,4269.077,4271.275,4269.077,4270.23,155
2026-09-15 09:48:00,4270.099,4271.91,4269.984,4271.631,134
2026-09-15 09:49:00,4271.685,4271.952,4270.173,4270.684,160
2026-09-15 09:50:00,4270.435,4271.404,4269.559,4270.419,187
2026-09-15 09:51:00,4270.371,4270.957,4269.139,4269.861,175
2026-09-15 09:52:00,4269.899,4270.87,4269.338,4270.483,164
2026-09-15 09:53:00,4270.54,4271.021,4268.709,4268.903,159
2026-09-15 09:54:00,4268.871,4270.794,4268.492,4270.496,145
2026-09-15 09:55:00,4270.493,4270.869,4269.67,4270.148,160
2026-09-15 09:56:00,4269.951,4270.069,4268.846,4269.487,159
2026-09-15 09:57:00,4269.539,4269.833,4268.162,4268.573,153
2026-09-15 09:58:00,4268.36,4269.078,4267.83,4268.297,143
2026-09-15 09:59:00,4268.292,4269.278,4267.977,4268.407,196
2026-09-15 10:00:00,4268.525,4270.863,4268.108,4269.756,375
2026-09-15 10:01:00,4269.491,4271.402,4269.395,4270.127,260
2026-09-15 10:02:00,4270.121,4271.803,4270.063,4271.079,216
2026-09-15 10:03:00,4271.154,4273.453,4271.014,4273.085,174
2026-09-15 10:04:00,4272.977,4273.214,4271.267,4271.267,199
2026-09-15 10:05:00,4271.319,4273.248,4271.319,4272.62,157
2026-09-15 10:06:00,4272.953,4274.77,4272.555,4274.221,162
2026-09-15 10:07:00,4274.16,4274.372,4273.354,4273.73,160
2026-09-15 10:08:00,4273.739,4274.467,4273.694,4274.014,148
2026-09-15 10:09:00,4274.076,4275.896,4273.373,4273.786,218
2026-09-15 10:10:00,4274.115,4275.241,4273.652,4274.47,158
2026-09-15 10:11:00,4274.212,4277.863,4273.729,4273.866,316
2026-09-15 10:12:00,4273.918,4273.983,4272.797,4273.451,153
2026-09-15 10:13:00,4273.503,4274.098,4271.92,4272.791,142
2026-09-15 10:14:00,4272.556,4273.967,4272.556,4273.192,152
2026-09-15 10:15:00,4272.982,4273.198,4271.665,4272.628,145
2026-09-15 10:16:00,4272.713,4272.832,4270.503,4271.318,139
2026-09-15 10:17:00,4271.32,4271.374,4269.906,4270.455,156
2026-09-15 10:18:00,4270.334,4271.545,4270.252,4271.227,144
2026-09-15 10:19:00,4271.26,4272.333,4271.235,4271.302,145
2026-09-15 10:20:00,4271.615,4272.561,4270.967,4272.358,168
2026-09-15 10:21:00,4272.38,4272.614,4271.393,4271.495,162
2026-09-15 10:22:00,4271.688,4272.365,4270.257,4272.199,146
2026-09-15 10:23:00,4272.171,4274.528,4272.171,4274.415,119
2026-09-15 10:24:00,4274.156,4274.797,4273.937,4274.433,89
2026-09-15 10:25:00,4274.492,4274.683,4273.65,4273.988,90
2026-09-15 10:26:00,4274.258,4274.428,4273.351,4273.49,100
2026-09-15 10:27:00,4273.624,4273.971,4273.025,4273.068,121
2026-09-15 10:28:00,4273.184,4273.999,4273.002,4273.559,143
2026-09-15 10:29:00,4273.461,4274.716,4273.199,4274.629,151
2026-09-15 10:30:00,4274.445,4274.647,4273.491,4274.207,135
2026-09-15 10:31:00,4274.259,4274.807,4273.949,4274.044,96
2026-09-15 10:32:00,4274.406,4274.945,4273.727,4274.775,132
2026-09-15 10:33:00,4274.77,4275.664,4274.535,4275.274,103
2026-09-15 10:34:00,4275.149,4275.369,4274.321,4275.129,110
2026-09-15 10:35:00,4274.98,4275.634,4274.275,4274.664,106
2026-09-15 10:36:00,4274.656,4276.548,4274.467,4275.379,128
2026-09-15 10:37:00,4275.662,4275.662,4274.096,4274.258,101
2026-09-15 10:38:00,4274.363,4275.434,4274.029,4274.216,128
2026-09-15 10:39:00,4274.284,4274.745,4273.593,4274.149,115
2026-09-15 10:40:00,4274.092,4274.795,4273.572,4273.594,128
2026-09-15 10:41:00,4273.814,4275.154,4273.711,4274.861,149
2026-09-15 10:42:00,4274.917,4277.478,4274.917,4277.116,185
2026-09-15 10:43:00,4276.987,4277.275,4274.747,4275.174,142
2026-09-15 10:44:00,4275.236,4275.751,4274.763,4275.049,95
2026-09-15 10:45:00,4274.736,4276.968,4274.736,4276.512,178
2026-09-15 10:46:00,4276.436,4276.931,4276.101,4276.203,166
2026-09-15 10:47:00,4276.149,4276.596,4275.172,4275.37,156
2026-09-15 10:48:00,4275.316,4275.969,4274.893,4275.387,120
2026-09-15 10:49:00,4275.667,4277.698,4274.738,4276.951,151
2026-09-15 10:50:00,4277.006,4278.691,4277.006,4278.628,116
2026-09-15 10:51:00,4278.574,4280.134,4278.423,4279.646,161
2026-09-15 10:52:00,4279.646,4281.853,4279.646,4281.535,145
2026-09-15 10:53:00,4281.554,4281.969,4280.999,4281.757,123
2026-09-15 10:54:00,4281.641,4282.798,4281.16,4281.933,143
2026-09-15 10:55:00,4281.949,4283.456,4281.536,4283.289,124
2026-09-15 10:56:00,4283.625,4283.729,4282.273,4282.426,151
2026-09-15 10:57:00,4282.493,4282.84,4281.247,4282.373,151
2026-09-15 10:58:00,4282.409,4283.41,4281.806,4281.943,138
2026-09-15 10:59:00,4281.749,4282.288,4280.89,4281.679,138
2026-09-15 11:00:00,4281.288,4282.079,4280.675,4281.151,190
2026-09-15 11:01:00,4281.352,4282.208,4281.04,4281.145,157
2026-09-15 11:02:00,4281.418,4281.503,4280.625,4281.049,167
2026-09-15 11:03:00,4281.168,4281.728,4280.281,4280.635,124
2026-09-15 11:04:00,4280.64,4280.878,4279.695,4280.401,152
2026-09-15 11:06:00,4279.684,4280.652,4278.625,4278.869,131
2026-09-15 11:07:00,4278.879,4280.258,4278.615,4279.8,131
2026-09-15 11:08:00,4280.011,4280.643,4279.106,4280.423,156
2026-09-15 11:09:00,4280.016,4282.783,4279.929,4282.345,151
2026-09-15 11:10:00,4282.516,4283.406,4281.755,4282.788,234
2026-09-15 11:11:00,4282.802,4282.859,4281.98,4282.031,137
2026-09-15 11:12:00,4282.039,4283.552,4281.423,4282.62,173
2026-09-15 11:13:00,4282.699,4283.38,4282.394,4283.265,115
2026-09-15 11:14:00,4283.212,4283.892,4283.023,4283.795,119
2026-09-15 11:15:00,4283.531,4284.068,4282.825,4283.725,141
2026-09-15 11:16:00,4283.713,4285.31,4283.713,4284.554,100
2026-09-15 11:17:00,4284.302,4285.734,4284.078,4285.734,136
2026-09-15 11:18:00,4285.411,4285.593,4283.926,4285.011,174
2026-09-15 11:19:00,4285.003,4285.129,4283.32,4283.32,135
2026-09-15 11:20:00,4283.503,4284.087,4282.645,4283.787,225
2026-09-15 11:21:00,4283.84,4284.57,4283.462,4283.911,134
2026-09-15 11:22:00,4283.963,4285.454,4283.11,4284.585,149
2026-09-15 11:23:00,4284.902,4285.043,4283.633,4283.963,121
2026-09-15 11:24:00,4284.05,4284.223,4282.728,4283.637,153
2026-09-15 11:25:00,4283.585,4284.403,4283.291,4283.952,135
2026-09-15 11:26:00,4283.713,4284.268,4283.429,4283.786,112
2026-09-15 11:27:00,4284.0,4284.0,4282.844,4283.595,115
2026-09-15 11:28:00,4283.439,4284.192,4283.412,4283.807,135
2026-09-15 11:29:00,4283.86,4283.935,4282.428,4283.287,129
2026-09-15 11:30:00,4283.232,4283.232,4282.232,4282.262,114
2026-09-15 11:31:00,4282.204,4282.99,4282.032,4282.456,120
2026-09-15 11:32:00,4282.494,4282.494,4281.34,4281.797,131
2026-09-15 11:33:00,4281.85,4283.533,4281.591,4283.457,142
2026-09-15 11:34:00,4283.314,4284.153,4282.17,4284.153,150
2026-09-15 11:35:00,4284.449,4285.031,4283.97,4284.426,156
2026-09-15 11:36:00,4284.477,4284.618,4282.462,4283.252,125
2026-09-15 11:37:00,4283.301,4283.418,4282.323,4282.397,121
2026-09-15 11:38:00,4282.451,4282.574,4280.963,4280.963,140
2026-09-15 11:39:00,4281.074,4281.838,4280.51,4281.27,178
2026-09-15 11:40:00,4281.177,4281.732,4280.356,4281.155,176
2026-09-15 11:41:00,4280.965,4281.819,4280.654,4281.129,164
2026-09-15 11:42:00,4281.011,4282.497,4281.011,4282.345,101
2026-09-15 11:43:00,4282.324,4283.125,4282.27,4283.119,139
2026-09-15 11:44:00,4283.126,4284.152,4282.173,4282.999,157
2026-09-15 11:45:00,4282.659,4285.159,4282.465,4284.791,177
2026-09-15 11:46:00,4284.81,4284.965,4283.863,4284.018,127
2026-09-15 11:47:00,4284.052,4285.498,4283.746,4284.255,135
2026-09-15 11:48:00,4284.215,4285.053,4283.942,4284.505,117
2026-09-15 11:49:00,4284.446,4284.722,4283.378,4283.624,133
2026-09-15 11:50:00,4283.841,4284.611,4283.277,4283.895,160
2026-09-15 11:51:00,4283.919,4285.183,4283.919,4284.811,126
2026-09-15 11:52:00,4284.904,4284.904,4283.207,4283.288,140
2026-09-15 11:53:00,4283.476,4283.881,4282.79,4283.135,115
2026-09-15 11:54:00,4282.9,4283.466,4282.482,4283.068,124
2026-09-15 11:55:00,4283.015,4283.726,4282.235,4283.56,124
2026-09-15 11:56:00,4283.32,4286.025,4283.32,4284.508,191
2026-09-15 11:57:00,4284.429,4285.186,4283.836,4285.183,109
2026-09-15 11:58:00,4285.306,4286.821,4284.6,4284.621,144
2026-09-15 11:59:00,4284.784,4284.987,4284.196,4284.448,80
2026-09-15 12:00:00,4284.392,4285.021,4283.801,4284.619,185
2026-09-15 12:01:00,4284.639,4284.85,4282.0,4282.708,185
2026-09-15 12:02:00,4282.651,4282.651,4281.18,4281.984,179
2026-09-15 12:03:00,4281.901,4282.299,4281.44,4282.197,149
2026-09-15 12:04:00,4281.827,4284.554,4281.713,4284.492,194
2026-09-15 12:05:00,4284.44,4284.786,4283.04,4283.166,156
2026-09-15 12:06:00,4282.981,4283.573,4281.532,4281.647,199
2026-09-15 12:07:00,4281.707,4281.81,4280.102,4280.112,132
2026-09-15 12:08:00,4280.056,4281.35,4278.899,4279.104,182
2026-09-15 12:09:00,4279.048,4279.103,4277.338,4278.009,189
2026-09-15 12:10:00,4277.635,4278.07,4275.985,4277.856,209
2026-09-15 12:11:00,4277.908,4277.946,4275.836,4277.753,189
2026-09-15 12:12:00,4277.752,4278.431,4277.038,4277.56,158
2026-09-15 12:13:00,4277.627,4278.487,4276.953,4278.229,168
2026-09-15 12:14:00,4278.284,4279.285,4277.634,4278.329,172
2026-09-15 12:15:00,4278.299,4279.142,4277.225,4277.519,166
2026-09-15 12:16:00,4277.723,4277.891,4276.094,4276.817,159
2026-09-15 12:17:00,4276.942,4277.4,4273.821,4274.251,227
2026-09-15 12:18:00,4274.242,4275.374,4274.242,4274.469,192
2026-09-15 12:19:00,4274.522,4274.85,4273.562,4274.589,183
2026-09-15 12:20:00,4274.534,4274.534,4271.344,4272.223,402
2026-09-15 12:21:00,4272.275,4274.765,4272.12,4272.795,287
2026-09-15 12:22:00,4272.738,4273.352,4271.706,4273.335,243
2026-09-15 12:23:00,4273.388,4273.505,4271.46,4272.203,228
2026-09-15 12:24:00,4272.146,4273.711,4272.06,4273.398,208
2026-09-15 12:25:00,4273.451,4274.881,4272.747,4274.621,258
2026-09-15 12:26:00,4274.566,4276.031,4273.548,4274.635,211
2026-09-15 12:27:00,4274.517,4276.743,4274.464,4275.544,184
2026-09-15 12:28:00,4275.65,4276.261,4275.238,4275.901,150
2026-09-15 12:29:00,4275.933,4278.012,4275.865,4277.556,172
2026-09-15 12:30:00,4277.698,4278.129,4275.899,4276.73,132
2026-09-15 12:31:00,4276.785,4278.553,4276.464,4278.215,147
2026-09-15 12:32:00,4278.04,4278.46,4275.351,4276.219,137
2026-09-15 12:33:00,4276.108,4277.871,4274.663,4277.553,237
2026-09-15 12:34:00,4277.61,4283.006,4277.599,4282.706,300
2026-09-15 12:35:00,4282.77,4286.203,4282.77,4284.4,440
2026-09-15 12:36:00,4284.46,4285.057,4280.677,4281.443,315
2026-09-15 12:37:00,4281.384,4282.72,4280.05,4280.303,294
2026-09-15 12:38:00,4280.634,4282.157,4279.255,4280.562,259
2026-09-15 12:39:00,4280.648,4281.751,4278.978,4279.468,248
2026-09-15 12:40:00,4279.391,4279.787,4277.672,4279.031,269
2026-09-15 12:41:00,4279.252,4280.448,4278.461,4279.821,207
2026-09-15 12:42:00,4279.771,4280.48,4278.99,4279.478,250
2026-09-15 12:43:00,4279.427,4281.154,4279.264,4280.3,223
2026-09-15 12:44:00,4280.293,4281.473,4279.448,4280.967,213
2026-09-15 12:45:00,4281.091,4284.491,4280.836,4282.531,532
2026-09-15 12:46:00,4282.57,4283.895,4281.251,4282.914,386
2026-09-15 12:47:00,4282.972,4284.095,4281.045,4283.155,532
2026-09-15 12:48:00,4283.207,4288.687,4282.244,4288.444,740
2026-09-15 12:49:00,4288.17,4291.058,4286.46,4290.333,772
2026-09-15 12:50:00,4290.276,4291.608,4289.433,4289.854,523
2026-09-15 12:51:00,4289.786,4290.118,4287.308,4289.967,416
2026-09-15 12:52:00,4289.916,4291.329,4288.8,4289.334,393
2026-09-15 12:53:00,4289.276,4291.668,4289.106,4291.415,350
2026-09-15 12:54:00,4291.47,4294.259,4291.253,4293.453,336
2026-09-15 12:55:00,4293.393,4295.924,4288.71,4292.189,551
2026-09-15 12:56:00,4292.252,4292.508,4287.631,4287.796,433
2026-09-15 12:57:00,4287.849,4287.849,4285.352,4287.325,373
2026-09-15 12:58:00,4287.271,4290.064,4286.927,4287.863,378
2026-09-15 12:59:00,4287.8,4291.685,4287.646,4290.298,413
2026-09-15 13:00:00,4290.23,4293.759,4289.211,4292.207,810
2026-09-15 13:01:00,4291.993,4294.517,4291.993,4292.515,440
2026-09-15 13:02:00,4292.841,4293.223,4290.59,4290.923,377
2026-09-15 13:03:00,4291.124,4292.316,4289.173,4290.228,428
2026-09-15 13:04:00,4290.279,4293.731,4290.279,4292.755,392
2026-09-15 13:05:00,4292.911,4293.131,4288.353,4288.726,375
2026-09-15 13:06:00,4288.821,4288.912,4285.451,4286.535,388
2026-09-15 13:07:00,4286.478,4286.71,4283.713,4284.24,377
2026-09-15 13:08:00,4284.31,4285.416,4283.975,4284.844,247
2026-09-15 13:09:00,4284.785,4285.747,4284.079,4285.465,298
2026-09-15 13:10:00,4285.413,4287.417,4284.908,4287.341,242
2026-09-15 13:11:00,4287.397,4289.521,4286.911,4287.121,285
2026-09-15 13:12:00,4287.239,4288.274,4286.198,4287.908,239
2026-09-15 13:13:00,4287.951,4288.667,4286.649,4287.316,201
2026-09-15 13:14:00,4287.341,4287.688,4286.281,4286.897,203
2026-09-15 13:15:00,4286.556,4288.727,4285.45,4285.988,299
2026-09-15 13:16:00,4286.196,4289.577,4285.977,4288.229,274
2026-09-15 13:17:00,4288.314,4289.602,4287.608,4289.602,207
2026-09-15 13:18:00,4289.276,4289.992,4286.181,4286.395,234
2026-09-15 13:19:00,4286.25,4287.845,4285.442,4287.338,214
2026-09-15 13:20:00,4287.641,4288.504,4286.974,4288.239,200
2026-09-15 13:21:00,4288.26,4288.955,4284.734,4288.031,369
2026-09-15 13:22:00,4288.105,4288.178,4283.348,4285.351,684
2026-09-15 13:23:00,4285.454,4289.255,4285.454,4288.881,356
2026-09-15 13:24:00,4288.779,4292.235,4287.625,4292.054,311
2026-09-15 13:25:00,4292.109,4292.578,4291.025,4292.081,292
2026-09-15 13:26:00,4291.86,4293.032,4291.165,4291.508,333
2026-09-15 13:27:00,4291.565,4291.855,4288.453,4289.741,348
2026-09-15 13:28:00,4289.807,4289.807,4286.476,4287.89,325
2026-09-15 13:29:00,4287.837,4288.332,4287.118,4287.382,254
2026-09-15 13:30:00,4287.46,4291.573,4286.666,4287.808,976
2026-09-15 13:31:00,4287.902,4291.571,4287.728,4289.351,692
2026-09-15 13:32:00,4289.405,4289.594,4284.557,4285.163,584
2026-09-15 13:33:00,4285.099,4288.187,4283.996,4284.137,514
2026-09-15 13:34:00,4284.201,4286.771,4284.104,4286.526,418
2026-09-15 13:35:00,4286.579,4290.55,4286.034,4289.764,520
2026-09-15 13:36:00,4289.841,4293.407,4288.682,4293.407,499
2026-09-15 13:37:00,4293.467,4294.095,4290.974,4292.184,392
2026-09-15 13:38:00,4292.128,4292.182,4289.794,4290.264,307
2026-09-15 13:39:00,4290.294,4291.311,4286.152,4286.553,320
2026-09-15 13:40:00,4286.433,4289.177,4285.681,4289.107,351
2026-09-15 13:41:00,4289.158,4289.938,4287.024,4288.683,309
2026-09-15 13:42:00,4288.624,4290.594,4287.897,4288.114,307
2026-09-15 13:43:00,4287.787,4288.077,4285.021,4287.86,344
2026-09-15 13:44:00,4288.012,4290.038,4287.454,4289.437,282
2026-09-15 13:45:00,4289.38,4291.924,4288.061,4291.041,350
2026-09-15 13:46:00,4291.045,4294.27,4290.901,4293.942,273
2026-09-15 13:47:00,4294.267,4295.041,4291.766,4292.312,288
2026-09-15 13:48:00,4292.477,4294.163,4291.725,4291.736,272
2026-09-15 13:49:00,4291.79,4295.743,4291.131,4294.787,371
2026-09-15 13:50:00,4294.733,4295.211,4291.927,4293.466,355
2026-09-15 13:51:00,4293.532,4295.507,4292.8,4294.552,354
2026-09-15 13:52:00,4294.845,4297.648,4293.033,4294.656,448
2026-09-15 13:53:00,4294.604,4296.064,4292.847,4295.792,286
2026-09-15 13:54:00,4295.845,4297.054,4294.198,4295.701,321
2026-09-15 13:55:00,4295.373,4296.338,4294.653,4294.719,267
2026-09-15 13:56:00,4294.656,4296.074,4294.436,4295.004,327
2026-09-15 13:57:00,4294.934,4296.141,4294.616,4295.113,279
2026-09-15 13:58:00,4294.826,4297.861,4294.826,4297.529,259
2026-09-15 13:59:00,4297.591,4298.487,4294.462,4294.818,277
2026-09-15 14:00:00,4294.662,4298.88,4294.033,4298.551,433
2026-09-15 14:01:00,4298.519,4298.84,4295.73,4297.169,419
2026-09-15 14:02:00,4297.111,4298.656,4295.862,4297.56,378
2026-09-15 14:03:00,4297.519,4298.809,4296.465,4296.529,315
2026-09-15 14:04:00,4296.453,4297.556,4294.124,4294.878,333
2026-09-15 14:05:00,4294.698,4296.065,4293.85,4295.932,317
2026-09-15 14:06:00,4295.716,4298.096,4295.306,4296.915,342
2026-09-15 14:07:00,4296.843,4300.556,4295.499,4298.335,402
2026-09-15 14:08:00,4298.276,4299.854,4297.305,4299.854,243
2026-09-15 14:09:00,4299.574,4300.291,4297.842,4297.9,330
2026-09-15 14:10:00,4297.845,4298.349,4296.056,4297.954,265
2026-09-15 14:11:00,4297.9,4298.076,4295.258,4296.0,257
2026-09-15 14:12:00,4296.054,4296.054,4294.07,4294.835,206
2026-09-15 14:13:00,4294.768,4296.279,4294.57,4295.189,238
2026-09-15 14:14:00,4295.111,4295.126,4293.358,4294.688,202
2026-09-15 14:15:00,4294.636,4295.744,4293.76,4295.445,275
2026-09-15 14:16:00,4295.379,4295.379,4290.607,4291.351,285
2026-09-15 14:17:00,4291.234,4292.645,4290.789,4291.588,263
2026-09-15 14:18:00,4291.477,4292.446,4289.619,4290.166,333
2026-09-15 14:19:00,4290.05,4294.014,4289.934,4293.801,246
2026-09-15 14:20:00,4293.868,4295.0,4290.985,4291.58,292
2026-09-15 14:21:00,4291.566,4292.114,4287.488,4287.723,273
2026-09-15 14:22:00,4287.775,4288.428,4286.148,4287.674,296
2026-09-15 14:23:00,4287.622,4287.622,4285.962,4286.891,259
2026-09-15 14:24:00,4286.811,4289.491,4285.996,4288.484,291
2026-09-15 14:25:00,4288.419,4289.402,4287.977,4288.776,295
2026-09-15 14:26:00,4288.588,4289.592,4286.76,4287.346,284
2026-09-15 14:27:00,4287.229,4287.229,4283.932,4284.306,295
2026-09-15 14:28:00,4284.185,4284.617,4282.97,4284.143,264
2026-09-15 14:29:00,4284.277,4285.236,4282.513,4284.125,460
2026-09-15 14:30:00,4284.177,4284.985,4282.348,4282.685,420
2026-09-15 14:31:00,4282.357,4283.608,4281.027,4283.184,411
2026-09-15 14:32:00,4282.853,4283.002,4279.413,4280.197,352
2026-09-15 14:33:00,4280.324,4284.74,4280.187,4283.906,578
2026-09-15 14:34:00,4283.964,4284.992,4281.758,4283.637,482
2026-09-15 14:35:00,4283.698,4286.021,4282.94,4283.745,496
2026-09-15 14:36:00,4283.694,4283.852,4281.692,4283.525,354
2026-09-15 14:37:00,4283.624,4283.624,4279.465,4280.459,402
2026-09-15 14:38:00,4280.394,4280.394,4276.498,4277.099,441
2026-09-15 14:39:00,4277.028,4278.892,4275.594,4278.138,410
2026-09-15 14:40:00,4278.08,4278.179,4276.229,4277.103,350
2026-09-15 14:41:00,4276.749,4278.243,4276.749,4277.008,306
2026-09-15 14:42:00,4277.157,4278.971,4276.77,4278.417,365
2026-09-15 14:43:00,4278.378,4278.977,4277.365,4278.508,303
2026-09-15 14:44:00,4278.583,4279.314,4277.135,4278.342,274
2026-09-15 14:45:00,4278.281,4282.209,4278.06,4281.551,329
2026-09-15 14:46:00,4281.616,4282.477,4281.068,4282.414,261
2026-09-15 14:47:00,4282.467,4283.038,4280.174,4281.228,259
2026-09-15 14:48:00,4281.17,4281.389,4278.903,4279.072,233
2026-09-15 14:49:00,4279.104,4279.235,4276.795,4278.451,254
2026-09-15 14:50:00,4278.145,4279.297,4277.05,4278.655,303
2026-09-15 14:51:00,4278.835,4279.434,4273.618,4275.257,1287
2026-09-15 14:52:00,4275.585,4279.478,4275.204,4279.104,397
2026-09-15 14:53:00,4279.442,4279.442,4276.123,4277.654,343
2026-09-15 14:54:00,4277.579,4280.464,4277.524,4279.841,287
2026-09-15 14:55:00,4279.817,4280.142,4277.698,4279.151,309
2026-09-15 14:56:00,4279.107,4279.535,4277.154,4278.27,286
2026-09-15 14:57:00,4278.217,4279.809,4277.945,4279.237,303
2026-09-15 14:58:00,4278.933,4279.453,4274.685,4276.917,577
2026-09-15 14:59:00,4276.874,4278.006,4276.403,4276.917,292
2026-09-15 15:00:00,4276.86,4279.967,4276.735,4278.798,410
2026-09-15 15:01:00,4278.604,4281.298,4276.577,4279.368,462
2026-09-15 15:02:00,4279.505,4279.587,4277.118,4278.339,395
2026-09-15 15:03:00,4278.571,4282.297,4278.014,4282.062,292
2026-09-15 15:04:00,4282.008,4283.015,4281.069,4282.786,261
2026-09-15 15:05:00,4282.734,4283.852,4281.14,4281.96,254
2026-09-15 15:06:00,4282.015,4284.279,4281.677,4283.53,258
2026-09-15 15:07:00,4283.721,4283.907,4280.719,4282.376,282
2026-09-15 15:08:00,4282.47,4282.929,4280.958,4281.289,203
2026-09-15 15:09:00,4281.387,4282.778,4281.05,4282.437,233
2026-09-15 15:10:00,4282.42,4283.764,4281.434,4282.698,246
2026-09-15 15:11:00,4282.75,4286.125,4282.122,4285.476,248
2026-09-15 15:12:00,4285.39,4285.828,4282.518,4282.876,238
2026-09-15 15:13:00,4282.929,4283.696,4282.09,4283.17,209
2026-09-15 15:14:00,4283.054,4285.28,4282.11,4285.28,209
2026-09-15 15:15:00,4285.229,4286.273,4284.582,4284.585,251
2026-09-15 15:16:00,4284.656,4286.929,4283.285,4286.402,249
2026-09-15 15:17:00,4286.64,4287.479,4285.484,4286.237,207
2026-09-15 15:18:00,4286.383,4286.856,4285.393,4286.608,191
2026-09-15 15:19:00,4286.561,4287.078,4285.599,4286.282,205
2026-09-15 15:20:00,4286.369,4287.258,4285.695,4286.267,227
2026-09-15 15:21:00,4286.161,4286.616,4284.864,4285.572,273
2026-09-15 15:22:00,4285.343,4285.857,4282.728,4283.192,209
2026-09-15 15:23:00,4283.246,4283.504,4282.22,4282.695,202
2026-09-15 15:24:00,4283.052,4286.009,4282.858,4285.244,219
2026-09-15 15:25:00,4285.321,4286.261,4284.877,4285.254,220
2026-09-15 15:26:00,4285.583,4285.843,4283.203,4285.363,192
2026-09-15 15:27:00,4285.146,4285.765,4284.577,4285.667,192
2026-09-15 15:28:00,4285.597,4285.943,4284.792,4285.563,173
2026-09-15 15:29:00,4285.615,4286.029,4283.131,4283.875,278
2026-09-15 15:30:00,4283.969,4285.112,4283.258,4284.393,294
2026-09-15 15:31:00,4284.34,4285.555,4283.912,4284.602,298
2026-09-15 15:32:00,4284.233,4285.662,4284.214,4285.07,278
2026-09-15 15:33:00,4284.988,4285.073,4282.934,4283.139,286
2026-09-15 15:34:00,4283.534,4285.056,4281.442,4284.937,385
2026-09-15 15:35:00,4284.989,4285.953,4283.933,4284.794,317
2026-09-15 15:36:00,4284.675,4288.149,4284.602,4286.595,277
2026-09-15 15:37:00,4286.654,4287.051,4285.509,4285.925,199
2026-09-15 15:38:00,4286.256,4287.664,4285.735,4286.296,251
2026-09-15 15:39:00,4286.35,4288.055,4285.921,4287.639,221
2026-09-15 15:40:00,4287.757,4290.337,4287.399,4290.012,234
2026-09-15 15:41:00,4290.123,4290.383,4288.732,4288.761,277
2026-09-15 15:42:00,4288.738,4289.142,4288.165,4288.165,173
2026-09-15 15:43:00,4288.491,4288.574,4287.046,4287.696,168
2026-09-15 15:44:00,4287.675,4288.211,4287.417,4287.788,163
2026-09-15 15:45:00,4287.845,4288.693,4285.808,4285.911,233
2026-09-15 15:46:00,4285.855,4287.504,4285.319,4287.063,214
2026-09-15 15:47:00,4287.061,4287.521,4285.245,4285.681,156
2026-09-15 15:48:00,4285.62,4288.498,4285.419,4287.664,280
2026-09-15 15:49:00,4287.569,4287.787,4284.833,4286.81,210
2026-09-15 15:50:00,4286.504,4291.72,4286.427,4291.103,881
2026-09-15 15:51:00,4291.233,4291.233,4289.481,4290.77,274
2026-09-15 15:52:00,4290.701,4291.133,4289.599,4290.153,227
2026-09-15 15:53:00,4290.089,4291.46,4289.412,4291.367,218
2026-09-15 15:54:00,4291.46,4292.071,4289.767,4289.767,178
2026-09-15 15:55:00,4290.124,4294.847,4287.892,4293.976,406
2026-09-15 15:56:00,4294.105,4294.507,4291.0,4291.335,416
2026-09-15 15:57:00,4291.371,4291.949,4289.792,4289.792,179
2026-09-15 15:58:00,4289.731,4291.085,4289.731,4290.354,207
2026-09-15 15:59:00,4290.218,4290.852,4289.043,4289.416,150
2026-09-15 16:00:00,4289.475,4290.365,4288.25,4290.365,240
2026-09-15 16:01:00,4290.228,4291.143,4288.954,4290.749,220
2026-09-15 16:02:00,4290.867,4290.945,4289.743,4290.309,257
2026-09-15 16:03:00,4290.293,4290.83,4289.457,4289.772,189
2026-09-15 16:04:00,4289.863,4291.429,4289.365,4291.173,169
2026-09-15 16:05:00,4291.238,4291.623,4289.293,4289.872,193
2026-09-15 16:06:00,4289.936,4290.599,4289.407,4289.791,201
2026-09-15 16:07:00,4289.843,4290.44,4289.046,4290.277,192
2026-09-15 16:08:00,4290.161,4290.972,4289.788,4290.154,164
2026-09-15 16:09:00,4290.138,4290.959,4289.177,4290.493,207
2026-09-15 16:10:00,4290.519,4291.087,4289.638,4290.134,161
2026-09-15 16:11:00,4290.188,4290.802,4289.048,4289.349,178
2026-09-15 16:12:00,4289.283,4289.611,4287.466,4287.766,189
2026-09-15 16:13:00,4288.051,4288.215,4286.489,4287.238,175
2026-09-15 16:14:00,4287.036,4287.649,4286.015,4286.338,197
2026-09-15 16:15:00,4286.116,4287.278,4285.435,4286.666,240
2026-09-15 16:16:00,4286.609,4287.96,4286.568,4287.463,193
2026-09-15 16:17:00,4287.415,4288.653,4286.855,4287.714,153
2026-09-15 16:18:00,4287.709,4288.106,4287.003,4287.806,122
2026-09-15 16:19:00,4287.804,4288.735,4287.516,4288.673,146
2026-09-15 16:20:00,4288.855,4290.363,4287.803,4290.065,173
2026-09-15 16:21:00,4290.011,4293.831,4290.011,4293.745,226
2026-09-15 16:22:00,4293.689,4294.935,4293.428,4293.754,234
2026-09-15 16:23:00,4293.697,4296.004,4293.187,4294.646,376
2026-09-15 16:24:00,4294.939,4296.851,4294.556,4296.525,275
2026-09-15 16:25:00,4296.314,4297.086,4295.858,4296.421,179
2026-09-15 16:26:00,4296.486,4297.073,4295.813,4296.552,186
2026-09-15 16:27:00,4296.558,4297.161,4294.265,4295.061,202
2026-09-15 16:28:00,4294.783,4295.966,4294.51,4295.558,196
2026-09-15 16:29:00,4295.61,4295.864,4294.91,4295.338,151
2026-09-15 16:30:00,4295.424,4296.382,4295.085,4295.566,174
2026-09-15 16:31:00,4295.631,4295.892,4294.597,4295.201,193
2026-09-15 16:32:00,4295.083,4297.292,4294.866,4297.228,239
2026-09-15 16:33:00,4297.008,4297.871,4294.831,4294.831,156
2026-09-15 16:34:00,4294.882,4295.396,4292.721,4292.721,157
2026-09-15 16:35:00,4292.991,4293.174,4291.294,4291.884,188
2026-09-15 16:36:00,4291.951,4295.443,4291.943,4294.896,206
2026-09-15 16:37:00,4294.903,4295.739,4294.452,4295.517,128
2026-09-15 16:38:00,4295.536,4295.846,4293.939,4294.116,164
2026-09-15 16:39:00,4294.164,4295.327,4292.585,4294.855,195
2026-09-15 16:40:00,4294.834,4295.148,4293.655,4293.711,148
2026-09-15 16:41:00,4293.771,4294.569,4292.876,4293.979,157
2026-09-15 16:42:00,4293.927,4294.382,4293.514,4293.592,122
2026-09-15 16:43:00,4293.528,4296.242,4293.477,4296.159,146
2026-09-15 16:44:00,4296.163,4296.961,4295.659,4296.44,147
2026-09-15 16:45:00,4296.497,4297.667,4295.789,4295.993,185
2026-09-15 16:46:00,4295.965,4297.064,4295.48,4296.019,139
2026-09-15 16:47:00,4296.143,4296.486,4295.667,4295.667,110
2026-09-15 16:48:00,4295.707,4296.153,4295.457,4295.601,136
2026-09-15 16:49:00,4295.832,4295.865,4294.918,4295.221,120
2026-09-15 16:50:00,4295.383,4297.368,4294.885,4296.642,130
2026-09-15 16:51:00,4297.03,4297.892,4296.683,4296.863,114
2026-09-15 16:52:00,4296.979,4297.813,4296.756,4297.073,130
2026-09-15 16:53:00,4297.084,4297.899,4296.25,4297.573,130
2026-09-15 16:54:00,4297.594,4298.248,4297.35,4297.748,145
2026-09-15 16:55:00,4297.527,4297.863,4296.303,4296.678,116
2026-09-15 16:56:00,4296.611,4296.611,4295.26,4295.44,125
2026-09-15 16:57:00,4295.568,4296.507,4295.567,4296.098,102
2026-09-15 16:58:00,4296.157,4297.017,4296.061,4296.904,103
2026-09-15 16:59:00,4296.902,4296.902,4295.039,4295.632,133
2026-09-15 17:00:00,4295.685,4296.68,4295.35,4295.928,166
2026-09-15 17:01:00,4296.23,4296.35,4295.13,4296.178,136
2026-09-15 17:02:00,4296.169,4296.44,4292.646,4293.508,276
2026-09-15 17:03:00,4293.519,4293.956,4291.743,4291.897,184
2026-09-15 17:04:00,4291.838,4292.512,4290.85,4291.399,204
2026-09-15 17:05:00,4291.491,4291.741,4290.339,4291.175,185
2026-09-15 17:06:00,4291.123,4292.374,4290.685,4291.686,206
2026-09-15 17:07:00,4291.411,4293.414,4291.411,4292.506,173
2026-09-15 17:08:00,4292.592,4293.531,4292.243,4292.964,148
2026-09-15 17:09:00,4293.152,4293.713,4292.381,4292.694,144
2026-09-15 17:10:00,4292.748,4295.896,4292.748,4294.757,154
2026-09-15 17:11:00,4294.415,4294.68,4293.749,4294.291,120
2026-09-15 17:12:00,4294.216,4295.767,4293.856,4295.355,151
2026-09-15 17:13:00,4295.335,4297.731,4295.222,4297.378,133
2026-09-15 17:14:00,4297.642,4299.212,4295.172,4295.172,231
2026-09-15 17:15:00,4294.847,4296.048,4293.763,4293.869,189
2026-09-15 17:16:00,4293.681,4295.729,4293.681,4295.729,142
2026-09-15 17:17:00,4295.883,4296.576,4295.383,4295.481,130
2026-09-15 17:18:00,4295.485,4295.738,4293.758,4294.139,170
2026-09-15 17:19:00,4294.086,4295.976,4293.804,4295.764,156
2026-09-15 17:20:00,4295.824,4296.464,4294.822,4295.614,195
2026-09-15 17:21:00,4295.492,4295.717,4294.327,4294.504,178
2026-09-15 17:22:00,4294.582,4294.707,4291.839,4293.203,183
2026-09-15 17:23:00,4293.337,4293.891,4292.606,4293.855,133
2026-09-15 17:24:00,4293.942,4294.16,4292.27,4293.096,178
2026-09-15 17:25:00,4293.104,4293.731,4292.226,4293.16,199
2026-09-15 17:26:00,4293.164,4294.614,4293.037,4293.487,154
2026-09-15 17:27:00,4293.83,4294.828,4293.503,4294.714,152
2026-09-15 17:28:00,4294.447,4295.144,4292.948,4292.948,183
2026-09-15 17:29:00,4293.006,4293.347,4291.376,4293.274,257
2026-09-15 17:30:00,4293.312,4294.337,4293.051,4294.01,166
2026-09-15 17:31:00,4293.953,4297.803,4293.891,4297.031,240
2026-09-15 17:32:00,4297.084,4297.957,4296.812,4297.28,153
2026-09-15 17:33:00,4297.219,4297.276,4295.974,4296.796,182
2026-09-15 17:34:00,4297.043,4297.926,4296.792,4297.029,127
2026-09-15 17:35:00,4297.081,4298.683,4296.54,4297.9,184
2026-09-15 17:36:00,4297.615,4298.177,4296.863,4297.575,211
2026-09-15 17:37:00,4297.521,4299.159,4297.21,4297.847,181
2026-09-15 17:38:00,4298.048,4298.283,4296.982,4297.208,112
2026-09-15 17:39:00,4297.149,4297.149,4295.312,4295.688,116
2026-09-15 17:40:00,4295.706,4296.063,4294.522,4294.942,133
2026-09-15 17:41:00,4295.11,4295.168,4292.423,4293.063,130
2026-09-15 17:42:00,4293.002,4293.145,4292.277,4292.454,103
2026-09-15 17:43:00,4292.518,4293.43,4292.319,4292.974,119
2026-09-15 17:44:00,4293.341,4293.919,4293.226,4293.292,89
2026-09-15 17:45:00,4293.098,4294.292,4293.098,4293.918,113
2026-09-15 17:46:00,4294.174,4294.929,4293.868,4294.456,129
2026-09-15 17:47:00,4294.401,4295.541,4294.037,4295.194,136
2026-09-15 17:48:00,4295.137,4295.956,4294.46,4295.351,124
2026-09-15 17:49:00,4295.139,4295.484,4294.284,4295.185,105
2026-09-15 17:50:00,4294.855,4295.374,4294.562,4295.291,133
2026-09-15 17:51:00,4295.263,4295.898,4295.102,4295.775,103
2026-09-15 17:52:00,4295.722,4296.212,4294.856,4295.286,128
2026-09-15 17:53:00,4294.977,4295.194,4294.4,4295.065,105
2026-09-15 17:54:00,4295.012,4295.325,4293.838,4295.325,118
2026-09-15 17:55:00,4295.432,4295.652,4294.666,4295.3,141
2026-09-15 17:56:00,4295.352,4295.705,4294.904,4295.516,127
2026-09-15 17:57:00,4295.489,4295.92,4294.966,4295.151,95
2026-09-15 17:58:00,4295.177,4295.508,4294.499,4295.376,101
2026-09-15 17:59:00,4295.326,4295.456,4294.21,4294.783,112
2026-09-15 18:00:00,4294.837,4296.061,4294.453,4294.579,149
2026-09-15 18:01:00,4294.762,4295.21,4293.201,4293.305,199
2026-09-15 18:02:00,4293.363,4294.773,4292.892,4293.8,169
2026-09-15 18:03:00,4294.013,4294.013,4292.8,4293.205,107
2026-09-15 18:04:00,4292.968,4295.239,4292.924,4295.111,144
2026-09-15 18:05:00,4295.075,4296.467,4294.554,4296.046,115
2026-09-15 18:06:00,4296.301,4298.36,4296.102,4298.236,150
2026-09-15 18:07:00,4298.256,4298.792,4297.343,4298.454,136
2026-09-15 18:08:00,4298.2,4298.2,4296.706,4297.157,139
2026-09-15 18:09:00,4297.292,4298.208,4296.476,4296.776,148
2026-09-15 18:10:00,4296.785,4297.882,4296.008,4297.763,132
2026-09-15 18:11:00,4297.804,4299.651,4297.656,4299.005,144
2026-09-15 18:12:00,4299.009,4302.745,4299.009,4302.333,178
2026-09-15 18:13:00,4302.393,4304.307,4302.28,4303.207,222
2026-09-15 18:14:00,4303.143,4303.557,4301.671,4302.461,200
2026-09-15 18:15:00,4302.527,4304.931,4301.866,4304.577,205
2026-09-15 18:16:00,4304.58,4305.69,4303.275,4304.471,217
2026-09-15 18:17:00,4304.586,4306.716,4304.347,4305.867,168
2026-09-15 18:18:00,4305.921,4306.27,4303.301,4303.481,210
2026-09-15 18:19:00,4303.578,4305.324,4303.057,4305.19,199
2026-09-15 18:20:00,4305.196,4305.55,4304.157,4305.249,219
2026-09-15 18:21:00,4305.101,4305.467,4303.428,4304.284,194
2026-09-15 18:22:00,4304.307,4305.269,4303.577,4304.683,198
2026-09-15 18:23:00,4304.632,4305.254,4303.881,4305.093,150
2026-09-15 18:24:00,4305.033,4305.304,4304.031,4304.725,162
2026-09-15 18:25:00,4304.672,4305.961,4304.31,4305.872,173
2026-09-15 18:26:00,4305.94,4306.57,4304.398,4305.05,173
2026-09-15 18:27:00,4304.808,4305.449,4303.251,4303.303,181
2026-09-15 18:28:00,4303.642,4305.113,4303.518,4304.632,229
2026-09-15 18:29:00,4304.692,4305.238,4303.839,4304.782,161
2026-09-15 18:30:00,4304.73,4304.932,4302.288,4302.808,221
2026-09-15 18:31:00,4302.885,4303.442,4301.902,4303.196,150
2026-09-15 18:32:00,4302.864,4303.657,4301.949,4302.145,116
2026-09-15 18:33:00,4301.985,4303.101,4301.69,4302.888,160
2026-09-15 18:34:00,4302.664,4303.642,4302.482,4303.02,154
2026-09-15 18:35:00,4303.073,4303.52,4302.161,4303.213,149
2026-09-15 18:36:00,4303.269,4303.602,4302.486,4302.993,139
2026-09-15 18:37:00,4303.071,4303.228,4301.895,4302.088,158
2026-09-15 18:38:00,4302.145,4302.843,4301.504,4302.812,116
2026-09-15 18:39:00,4302.508,4303.739,4302.391,4303.456,134
2026-09-15 18:40:00,4303.448,4303.903,4303.061,4303.629,98
2026-09-15 18:41:00,4303.723,4308.29,4303.582,4308.29,457
2026-09-15 18:42:00,4308.137,4308.464,4304.719,4305.864,278
2026-09-15 18:43:00,4305.598,4306.41,4305.004,4305.004,136
2026-09-15 18:44:00,4305.166,4305.669,4304.18,4304.572,152
2026-09-15 18:45:00,4304.866,4305.465,4304.1,4305.109,142
2026-09-15 18:46:00,4305.194,4306.682,4304.88,4305.742,161
2026-09-15 18:47:00,4305.541,4307.972,4305.217,4307.726,197
2026-09-15 18:48:00,4307.781,4308.06,4306.091,4306.459,164
2026-09-15 18:49:00,4306.403,4307.155,4305.61,4306.754,162
2026-09-15 18:50:00,4306.899,4309.753,4306.769,4309.329,185
2026-09-15 18:51:00,4309.025,4310.462,4308.831,4309.42,151
2026-09-15 18:52:00,4309.367,4309.963,4308.906,4308.992,118
2026-09-15 18:53:00,4309.009,4309.4,4308.222,4308.543,115
2026-09-15 18:54:00,4308.311,4308.934,4307.722,4308.798,113
2026-09-15 18:55:00,4308.905,4308.905,4307.391,4307.611,116
2026-09-15 18:56:00,4307.691,4308.723,4307.684,4308.185,125
2026-09-15 18:57:00,4308.19,4308.575,4307.47,4307.626,120
2026-09-15 18:58:00,4307.575,4308.174,4306.602,4307.027,131
2026-09-15 18:59:00,4307.086,4308.636,4307.041,4308.477,140
2026-09-15 19:00:00,4308.521,4310.281,4307.952,4309.918,166
2026-09-15 19:01:00,4309.792,4310.726,4308.842,4308.939,142
2026-09-15 19:02:00,4308.941,4309.316,4305.85,4306.181,203
2026-09-15 19:03:00,4306.231,4306.838,4305.431,4305.75,133
2026-09-15 19:04:00,4305.812,4306.735,4304.824,4305.005,137
2026-09-15 19:05:00,4305.064,4305.587,4303.355,4303.402,164
2026-09-15 19:06:00,4303.46,4303.668,4302.614,4303.668,143
2026-09-15 19:07:00,4303.617,4305.035,4302.818,4304.883,151
2026-09-15 19:08:00,4305.042,4305.575,4304.263,4305.116,111
2026-09-15 19:09:00,4305.113,4305.42,4303.865,4304.268,125
2026-09-15 19:10:00,4304.261,4304.596,4303.357,4303.596,102
2026-09-15 19:11:00,4303.503,4304.336,4302.481,4303.809,139
2026-09-15 19:12:00,4303.757,4304.006,4302.533,4303.504,130
2026-09-15 19:13:00,4303.585,4303.585,4301.62,4301.708,129
2026-09-15 19:14:00,4301.764,4301.979,4300.312,4300.322,155
2026-09-15 19:15:00,4300.274,4301.024,4299.296,4301.005,148
2026-09-15 19:16:00,4300.949,4302.313,4300.46,4301.864,155
2026-09-15 19:17:00,4301.537,4302.112,4300.997,4301.654,120
2026-09-15 19:18:00,4301.329,4302.227,4301.098,4301.513,119
2026-09-15 19:19:00,4301.456,4301.716,4300.185,4300.235,114
2026-09-15 19:20:00,4300.228,4300.23,4298.019,4298.509,112
2026-09-15 19:21:00,4298.705,4299.955,4298.705,4299.33,127
2026-09-15 19:22:00,4299.291,4300.522,4298.932,4300.121,121
2026-09-15 19:23:00,4300.065,4301.309,4299.652,4300.842,139
2026-09-15 19:24:00,4300.954,4301.695,4300.079,4301.368,145
2026-09-15 19:25:00,4301.14,4301.348,4300.11,4300.492,119
2026-09-15 19:26:00,4300.546,4301.782,4300.272,4301.25,116
2026-09-15 19:27:00,4301.523,4301.745,4300.924,4301.358,86
2026-09-15 19:28:00,4301.366,4301.73,4300.742,4301.212,85
2026-09-15 19:29:00,4301.402,4301.454,4300.889,4300.93,91
2026-09-15 19:30:00,4300.898,4301.029,4298.76,4299.201,150
2026-09-15 19:31:00,4299.1,4300.482,4299.046,4300.305,118
2026-09-15 19:32:00,4300.58,4302.431,4300.205,4302.053,134
2026-09-15 19:33:00,4302.435,4302.488,4300.544,4300.737,123
2026-09-15 19:34:00,4300.683,4300.698,4299.434,4299.563,110
2026-09-15 19:35:00,4299.512,4300.038,4298.976,4299.494,123
2026-09-15 19:36:00,4299.457,4299.973,4298.987,4299.085,96
2026-09-15 19:37:00,4299.137,4299.559,4298.619,4299.127,72
2026-09-15 19:38:00,4299.295,4299.439,4298.701,4299.182,108
2026-09-15 19:39:00,4299.085,4299.492,4298.236,4299.106,98
2026-09-15 19:40:00,4298.973,4299.009,4297.782,4298.717,111
2026-09-15 19:41:00,4298.711,4298.884,4297.524,4298.271,115
2026-09-15 19:42:00,4297.991,4298.592,4297.303,4297.303,109
2026-09-15 19:43:00,4297.563,4298.1,4296.963,4297.372,95
2026-09-15 19:44:00,4297.652,4297.823,4296.606,4296.606,89
2026-09-15 19:45:00,4296.803,4297.184,4296.001,4296.702,108
2026-09-15 19:46:00,4296.691,4297.98,4296.492,4297.565,111
2026-09-15 19:47:00,4297.507,4298.836,4297.455,4297.965,133
2026-09-15 19:48:00,4298.219,4299.77,4297.898,4299.06,146
2026-09-15 19:49:00,4299.174,4299.419,4298.655,4298.777,95
2026-09-15 19:50:00,4298.724,4299.65,4298.352,4298.463,141
2026-09-15 19:51:00,4298.508,4298.956,4297.39,4297.66,101
2026-09-15 19:52:00,4297.713,4297.713,4296.506,4296.555,121
2026-09-15 19:53:00,4296.542,4296.746,4295.566,4296.343,99
2026-09-15 19:54:00,4296.073,4296.982,4296.047,4296.741,90
2026-09-15 19:55:00,4296.687,4296.687,4295.04,4295.4,154
2026-09-15 19:56:00,4295.326,4296.128,4294.95,4295.303,126
2026-09-15 19:57:00,4295.359,4295.477,4294.568,4294.827,106
2026-09-15 19:58:00,4294.825,4297.223,4294.108,4296.61,157
2026-09-15 19:59:00,4296.644,4298.055,4296.644,4297.507,126
2026-09-15 20:00:00,4297.707,4299.11,4297.192,4298.868,184
2026-09-15 20:01:00,4298.905,4299.027,4298.013,4298.825,88
2026-09-15 20:02:00,4298.8,4298.805,4296.602,4296.663,98
2026-09-15 20:03:00,4296.922,4297.799,4296.746,4297.669,87
2026-09-15 20:04:00,4297.399,4297.754,4296.088,4296.337,86
2026-09-15 20:05:00,4296.505,4297.466,4295.632,4297.045,111
2026-09-15 20:06:00,4297.065,4297.903,4296.515,4297.516,112
2026-09-15 20:07:00,4297.753,4298.38,4297.098,4297.446,109
2026-09-15 20:08:00,4297.214,4297.733,4296.563,4297.399,93
2026-09-15 20:09:00,4297.399,4297.933,4297.34,4297.71,62
2026-09-15 20:10:00,4297.823,4298.718,4297.179,4297.298,99
2026-09-15 20:11:00,4297.301,4297.592,4296.973,4297.336,61
2026-09-15 20:12:00,4297.345,4297.345,4295.497,4295.899,94
2026-09-15 20:13:00,4296.168,4296.454,4295.792,4296.454,66
2026-09-15 20:14:00,4296.477,4296.522,4295.837,4296.478,66
2026-09-15 20:15:00,4296.401,4296.422,4295.765,4296.219,79
2026-09-15 20:16:00,4296.166,4296.166,4295.226,4295.879,61
2026-09-15 20:17:00,4295.569,4295.983,4295.354,4295.983,47
2026-09-15 20:18:00,4295.97,4296.794,4295.596,4296.356,81
2026-09-15 20:19:00,4296.111,4296.438,4295.825,4296.254,57
2026-09-15 20:20:00,4296.254,4296.857,4295.453,4296.222,88
2026-09-15 20:21:00,4296.238,4297.012,4296.238,4296.449,60
2026-09-15 20:22:00,4296.484,4296.484,4295.415,4295.813,62
2026-09-15 20:23:00,4295.835,4295.86,4294.51,4295.284,66
2026-09-15 20:24:00,4295.48,4295.657,4294.532,4295.063,118
2026-09-15 20:25:00,4295.139,4295.179,4294.414,4294.892,90
2026-09-15 20:26:00,4294.881,4295.311,4294.616,4294.9,69
2026-09-15 20:27:00,4294.835,4295.208,4293.995,4294.497,87
2026-09-15 20:28:00,4294.551,4294.832,4294.209,4294.673,75
2026-09-15 20:29:00,4294.616,4294.697,4294.027,4294.23,77
2026-09-15 20:30:00,4294.511,4295.281,4294.401,4294.999,51
2026-09-15 20:31:00,4295.119,4296.22,4294.854,4295.744,59
2026-09-15 20:32:00,4295.751,4296.219,4294.81,4295.067,53
2026-09-15 20:33:00,4295.148,4295.151,4292.898,4293.163,114
2026-09-15 20:34:00,4292.925,4293.343,4292.39,4292.669,111
2026-09-15 20:35:00,4292.727,4293.308,4292.009,4292.333,82
2026-09-15 20:36:00,4292.361,4292.732,4291.983,4292.718,53
2026-09-15 20:37:00,4292.782,4293.032,4292.581,4292.854,62
2026-09-15 20:38:00,4292.845,4293.242,4292.507,4292.873,55
2026-09-15 20:39:00,4292.859,4293.046,4292.392,4292.945,60
2026-09-15 20:40:00,4292.94,4292.976,4292.306,4292.84,66
2026-09-15 20:41:00,4292.831,4293.226,4292.569,4292.705,54
2026-09-15 20:42:00,4292.957,4293.119,4292.581,4292.939,58
2026-09-15 20:43:00,4292.83,4293.127,4292.656,4293.107,51
2026-09-15 20:44:00,4292.957,4293.436,4292.89,4293.163,65
2026-09-15 20:45:00,4293.142,4293.335,4292.486,4292.782,69
2026-09-15 20:46:00,4292.774,4293.015,4292.503,4292.914,69
2026-09-15 20:47:00,4292.91,4293.174,4292.493,4292.865,56
2026-09-15 20:48:00,4293.101,4293.379,4292.604,4292.641,47
2026-09-15 20:49:00,4292.695,4293.095,4292.529,4292.796,57
2026-09-15 20:50:00,4292.711,4293.429,4292.065,4293.339,137
2026-09-15 20:51:00,4293.403,4294.324,4293.057,4293.591,111
2026-09-15 20:52:00,4293.297,4294.037,4293.297,4293.668,61
2026-09-15 20:53:00,4293.657,4293.728,4292.868,4293.153,49
2026-09-15 20:54:00,4293.143,4293.143,4292.367,4292.676,61
2026-09-15 20:55:00,4292.858,4293.539,4292.632,4293.33,69
2026-09-15 20:56:00,4293.328,4293.502,4292.981,4293.223,52
2026-09-15 20:57:00,4293.222,4293.911,4293.222,4293.524,92
2026-09-15 22:00:00,4296.061,4296.195,4295.477,4295.572,46
2026-09-15 22:01:00,4295.616,4295.938,4294.077,4294.293,92
2026-09-15 22:02:00,4294.256,4294.865,4294.148,4294.76,53
2026-09-15 22:03:00,4294.767,4295.519,4294.244,4294.898,83
2026-09-15 22:04:00,4294.63,4295.506,4294.427,4295.169,50
2026-09-15 22:05:00,4295.246,4295.777,4294.652,4295.573,61
2026-09-15 22:06:00,4295.258,4295.715,4294.965,4295.505,46
2026-09-15 22:07:00,4295.525,4295.715,4294.937,4295.274,47
2026-09-15 22:08:00,4295.143,4295.252,4294.815,4295.171,29
2026-09-15 22:09:00,4294.898,4295.551,4294.821,4295.488,38
2026-09-15 22:10:00,4295.487,4295.771,4294.737,4295.586,70
2026-09-15 22:11:00,4295.56,4295.76,4295.038,4295.333,43
2026-09-15 22:12:00,4295.324,4295.516,4294.822,4294.88,52
2026-09-15 22:13:00,4294.817,4294.83,4293.765,4293.8,59
2026-09-15 22:14:00,4293.793,4294.099,4292.92,4293.082,69
2026-09-15 22:15:00,4293.141,4293.805,4292.866,4293.318,97
2026-09-15 22:16:00,4293.318,4293.733,4292.861,4293.501,73
2026-09-15 22:17:00,4293.504,4294.061,4292.501,4292.627,70
2026-09-15 22:18:00,4292.645,4293.171,4292.41,4292.724,57
2026-09-15 22:19:00,4292.839,4292.839,4292.008,4292.236,62
2026-09-15 22:20:00,4292.479,4293.043,4292.074,4292.686,52
2026-09-15 22:21:00,4292.714,4293.165,4292.332,4292.538,71
2026-09-15 22:22:00,4292.544,4292.617,4291.602,4292.599,95
2026-09-15 22:23:00,4292.882,4294.206,4292.528,4294.056,63
2026-09-15 22:24:00,4294.118,4294.833,4293.187,4294.481,158
2026-09-15 22:25:00,4294.391,4297.065,4294.037,4296.849,170
2026-09-15 22:26:00,4296.769,4298.133,4296.141,4298.007,139
2026-09-15 22:27:00,4298.035,4299.068,4297.454,4298.312,118
2026-09-15 22:28:00,4298.586,4298.586,4297.445,4297.973,107
2026-09-15 22:29:00,4297.98,4298.645,4297.379,4298.645,78
2026-09-15 22:30:00,4298.614,4298.962,4296.985,4297.682,125
2026-09-15 22:31:00,4297.692,4297.829,4295.781,4295.914,100
2026-09-15 22:32:00,4295.854,4297.705,4295.287,4297.089,105
2026-09-15 22:33:00,4297.143,4297.34,4296.147,4297.247,79
2026-09-15 22:34:00,4297.225,4297.76,4296.773,4297.28,86
2026-09-15 22:35:00,4297.28,4297.499,4296.916,4297.157,38
2026-09-15 22:36:00,4297.155,4297.864,4297.014,4297.68,61
2026-09-15 22:37:00,4297.562,4298.013,4297.316,4297.592,58
2026-09-15 22:38:00,4297.397,4298.294,4297.397,4298.294,72
2026-09-15 22:39:00,4298.053,4298.058,4297.085,4297.576,81
2026-09-15 22:40:00,4297.572,4297.817,4296.718,4296.765,47
2026-09-15 22:41:00,4296.544,4296.826,4295.53,4296.281,63
2026-09-15 22:42:00,4296.447,4296.447,4295.667,4296.045,52
2026-09-15 22:43:00,4295.793,4296.062,4294.94,4294.944,47
2026-09-15 22:44:00,4294.944,4295.241,4294.358,4294.753,55
2026-09-15 22:45:00,4294.664,4295.446,4294.309,4295.251,74
2026-09-15 22:46:00,4295.251,4295.251,4294.424,4295.025,54
2026-09-15 22:47:00,4295.037,4295.086,4294.336,4294.571,52
2026-09-15 22:48:00,4294.571,4294.903,4294.126,4294.225,58
2026-09-15 22:49:00,4294.576,4294.637,4293.826,4294.169,49
2026-09-15 22:50:00,4294.04,4294.294,4293.589,4293.793,45
2026-09-15 22:51:00,4293.546,4294.369,4292.961,4294.202,65
2026-09-15 22:52:00,4294.191,4294.509,4293.407,4293.713,56
2026-09-15 22:53:00,4293.718,4293.886,4293.267,4293.808,47
2026-09-15 22:54:00,4293.86,4294.148,4293.055,4293.055,55
2026-09-15 22:55:00,4293.055,4293.149,4292.33,4292.744,86
2026-09-15 22:56:00,4292.467,4292.817,4291.419,4292.132,123
2026-09-15 22:57:00,4291.918,4292.604,4291.015,4291.084,118
2026-09-15 22:58:00,4291.145,4291.385,4289.378,4290.338,116
2026-09-15 22:59:00,4290.25,4290.561,4288.781,4289.085,133
2026-09-15 23:00:00,4289.02,4289.632,4288.306,4288.768,129
2026-09-15 23:01:00,4288.72,4289.388,4287.405,4288.044,98
2026-09-15 23:02:00,4288.03,4288.231,4286.118,4286.465,94
2026-09-15 23:03:00,4286.389,4287.425,4286.031,4286.525,98
2026-09-15 23:04:00,4286.458,4286.872,4284.806,4285.195,134
2026-09-15 23:05:00,4285.318,4287.156,4285.318,4287.073,81
2026-09-15 23:06:00,4286.821,4287.077,4286.412,4287.014,60
2026-09-15 23:07:00,4286.74,4287.504,4286.74,4287.458,65
2026-09-15 23:08:00,4287.24,4287.405,4286.385,4286.636,76
2026-09-15 23:09:00,4286.732,4286.875,4285.713,4285.958,47
2026-09-15 23:10:00,4285.762,4286.496,4285.421,4286.453,72
2026-09-15 23:11:00,4286.476,4288.33,4285.7,4287.535,106
2026-09-15 23:12:00,4287.715,4288.55,4287.29,4287.965,128
2026-09-15 23:13:00,4287.977,4288.262,4286.212,4286.784,78
2026-09-15 23:14:00,4286.806,4286.838,4285.991,4286.204,49
2026-09-15 23:15:00,4286.255,4287.114,4285.691,4287.073,72
2026-09-15 23:16:00,4287.127,4287.204,4285.556,4286.176,96
2026-09-15 23:17:00,4286.228,4286.752,4285.719,4286.736,68
2026-09-15 23:18:00,4286.463,4286.964,4286.463,4286.703,41
2026-09-15 23:19:00,4286.955,4287.272,4286.636,4287.135,52
2026-09-15 23:20:00,4286.839,4287.403,4286.77,4287.268,50
2026-09-15 23:21:00,4287.263,4287.263,4286.376,4286.665,54
2026-09-15 23:22:00,4286.831,4286.92,4286.316,4286.581,35
2026-09-15 23:23:00,4286.567,4287.049,4286.386,4286.765,48
2026-09-15 23:24:00,4286.941,4287.185,4284.379,4284.866,102
2026-09-15 23:25:00,4285.113,4285.982,4284.23,4284.524,125
2026-09-15 23:26:00,4284.267,4285.386,4284.205,4284.523,121
2026-09-15 23:27:00,4284.472,4284.798,4282.993,4283.568,82
2026-09-15 23:28:00,4283.318,4283.863,4282.213,4283.863,91
2026-09-15 23:29:00,4283.868,4284.614,4282.456,4284.368,92
2026-09-15 23:30:00,4284.381,4284.525,4283.176,4283.987,92
2026-09-15 23:31:00,4283.991,4284.396,4283.11,4283.885,81
2026-09-15 23:32:00,4283.864,4286.084,4283.596,4285.913,111
2026-09-15 23:33:00,4285.903,4287.097,4285.903,4287.027,77
2026-09-15 23:34:00,4287.027,4287.593,4286.224,4286.739,151
2026-09-15 23:35:00,4287.033,4287.205,4285.498,4287.205,129
2026-09-15 23:36:00,4287.331,4287.433,4286.376,4286.906,123
2026-09-15 23:37:00,4286.901,4286.901,4285.73,4286.745,105
2026-09-15 23:38:00,4286.444,4286.558,4284.69,4284.837,85
2026-09-15 23:39:00,4284.825,4285.323,4282.437,4284.778,123
2026-09-15 23:40:00,4285.039,4285.594,4284.296,4284.677,123
2026-09-15 23:41:00,4284.624,4284.624,4283.645,4284.402,69
2026-09-15 23:42:00,4284.149,4284.463,4283.467,4283.947,55
2026-09-15 23:43:00,4284.187,4285.781,4284.019,4284.64,87
2026-09-15 23:44:00,4284.628,4285.049,4284.408,4284.742,49
2026-09-15 23:45:00,4284.699,4285.976,4284.003,4284.996,102
2026-09-15 23:46:00,4284.954,4286.172,4284.954,4285.748,85
2026-09-15 23:47:00,4285.731,4286.219,4285.631,4285.932,48
2026-09-15 23:48:00,4285.985,4286.141,4285.39,4285.622,54
2026-09-15 23:49:00,4285.354,4285.606,4283.184,4283.184,58
2026-09-15 23:50:00,4283.358,4284.77,4283.212,4284.588,88
2026-09-15 23:51:00,4284.721,4284.772,4283.168,4284.079,87
2026-09-15 23:52:00,4283.989,4284.049,4283.215,4283.644,97
2026-09-15 23:53:00,4283.394,4284.086,4283.175,4283.534,98
2026-09-15 23:54:00,4283.527,4284.109,4283.217,4283.828,71
2026-09-15 23:55:00,4283.819,4283.819,4281.334,4282.044,104
2026-09-15 23:56:00,4282.243,4282.243,4281.022,4281.587,123
2026-09-15 23:57:00,4281.517,4282.092,4281.098,4281.895,154
2026-09-15 23:58:00,4281.952,4282.226,4281.391,4281.874,128
2026-09-15 23:59:00,4281.752,4283.306,4281.501,4283.306,118
2026-09-16 00:00:00,4283.373,4283.877,4281.581,4281.992,241
2026-09-16 00:01:00,4282.111,4282.583,4281.327,4281.672,154
2026-09-16 00:02:00,4281.59,4281.773,4280.954,4281.706,102
2026-09-16 00:03:00,4281.729,4282.144,4280.718,4281.121,115
2026-09-16 00:04:00,4281.133,4281.816,4280.512,4280.565,108
2026-09-16 00:05:00,4280.89,4282.35,4280.56,4282.07,150
2026-09-16 00:06:00,4281.841,4282.829,4281.84,4282.065,106
2026-09-16 00:07:00,4282.41,4284.834,4281.951,4283.661,198
2026-09-16 00:08:00,4283.728,4284.388,4282.061,4282.252,126
2026-09-16 00:09:00,4282.224,4282.436,4281.266,4281.526,81
2026-09-16 00:10:00,4281.591,4281.863,4280.342,4281.383,125
2026-09-16 00:11:00,4281.331,4282.457,4280.969,4281.567,103
2026-09-16 00:12:00,4281.511,4282.893,4281.511,4282.471,100
2026-09-16 00:13:00,4282.722,4282.864,4282.103,4282.387,73
2026-09-16 00:14:00,4282.403,4282.959,4282.2,4282.491,88
2026-09-16 00:15:00,4282.474,4282.869,4281.651,4282.461,138
2026-09-16 00:16:00,4282.367,4284.2,4282.094,4283.183,124
2026-09-16 00:17:00,4283.545,4284.012,4282.96,4283.644,119
2026-09-16 00:18:00,4283.527,4285.462,4282.658,4285.462,109
2026-09-16 00:19:00,4285.166,4285.722,4284.946,4285.488,102
2026-09-16 00:20:00,4285.447,4285.672,4284.089,4285.005,108
2026-09-16 00:21:00,4284.949,4286.059,4284.258,4284.825,152
2026-09-16 00:22:00,4284.765,4284.85,4283.453,4284.513,118
2026-09-16 00:23:00,4284.512,4285.421,4284.14,4285.07,84
2026-09-16 00:24:00,4284.987,4285.335,4284.605,4285.076,56
2026-09-16 00:25:00,4285.013,4285.239,4284.032,4284.246,66
2026-09-16 00:26:00,4284.242,4285.062,4283.48,4284.899,94
2026-09-16 00:27:00,4284.908,4285.092,4283.168,4283.927,76
2026-09-16 00:28:00,4283.65,4284.212,4283.036,4283.615,97
2026-09-16 00:29:00,4283.898,4284.206,4283.425,4283.954,82
2026-09-16 00:30:00,4284.215,4284.884,4283.945,4284.604,91
2026-09-16 00:31:00,4284.664,4284.842,4283.008,4283.445,145
2026-09-16 00:32:00,4283.518,4283.518,4281.795,4281.902,135
2026-09-16 00:33:00,4281.848,4282.292,4280.011,4280.834,159
2026-09-16 00:34:00,4280.837,4281.46,4279.84,4281.378,134
2026-09-16 00:35:00,4281.372,4281.737,4279.577,4280.228,106
2026-09-16 00:36:00,4280.241,4281.003,4280.069,4280.473,90
2026-09-16 00:37:00,4280.589,4280.747,4279.844,4280.747,80
2026-09-16 00:38:00,4280.798,4281.418,4280.339,4280.953,99
2026-09-16 00:39:00,4281.007,4281.635,4280.756,4281.101,80
2026-09-16 00:40:00,4281.328,4284.193,4280.739,4283.751,139
2026-09-16 00:41:00,4283.816,4285.261,4283.441,4284.981,106
2026-09-16 00:42:00,4284.99,4285.583,4284.032,4284.214,135
2026-09-16 00:43:00,4284.111,4285.084,4283.709,4284.769,106
2026-09-16 00:44:00,4284.482,4284.847,4283.145,4283.651,109
2026-09-16 00:45:00,4283.731,4285.034,4283.079,4283.737,152
2026-09-16 00:46:00,4283.966,4284.387,4282.964,4284.387,90
2026-09-16 00:47:00,4284.119,4284.497,4282.289,4282.801,123
2026-09-16 00:48:00,4282.784,4284.707,4282.437,4283.378,137
2026-09-16 00:49:00,4283.676,4284.161,4282.713,4282.769,122
2026-09-16 00:50:00,4283.066,4283.066,4280.952,4281.257,109
2026-09-16 00:51:00,4280.95,4282.549,4280.682,4280.724,158
2026-09-16 00:52:00,4280.811,4281.527,4280.233,4280.906,141
2026-09-16 00:53:00,4280.878,4281.275,4279.575,4279.616,146
2026-09-16 00:54:00,4279.608,4279.769,4278.142,4278.142,198
2026-09-16 00:55:00,4277.923,4278.654,4275.573,4276.002,192
2026-09-16 00:56:00,4276.02,4277.857,4275.523,4277.423,203
2026-09-16 00:57:00,4277.489,4278.419,4276.443,4277.83,194
2026-09-16 00:58:00,4277.976,4278.093,4276.485,4276.527,138
2026-09-16 00:59:00,4276.584,4277.795,4275.388,4277.362,268
2026-09-16 01:00:00,4277.204,4284.08,4276.508,4283.092,839
2026-09-16 01:01:00,4283.145,4284.424,4281.865,4283.111,456
2026-09-16 01:02:00,4283.172,4284.164,4281.459,4282.902,326
2026-09-16 01:03:00,4282.848,4284.996,4281.089,4281.53,340
2026-09-16 01:04:00,4281.472,4282.046,4279.759,4279.981,293
2026-09-16 01:05:00,4279.795,4280.473,4278.705,4279.998,288
2026-09-16 01:06:00,4279.89,4282.499,4279.664,4281.246,274
2026-09-16 01:07:00,4281.163,4281.454,4279.015,4279.127,203
2026-09-16 01:08:00,4279.335,4280.852,4278.368,4280.699,178
2026-09-16 01:09:00,4280.694,4282.497,4280.387,4281.257,191
2026-09-16 01:10:00,4281.203,4281.698,4279.288,4281.34,222
2026-09-16 01:11:00,4281.393,4283.078,4281.238,4282.891,218
2026-09-16 01:12:00,4282.672,4284.617,4282.101,4284.61,239
2026-09-16 01:13:00,4284.609,4286.54,4284.233,4285.638,212
2026-09-16 01:14:00,4285.611,4287.688,4285.445,4287.143,188
2026-09-16 01:15:00,4287.09,4290.053,4286.914,4288.022,248
2026-09-16 01:16:00,4287.969,4289.969,4287.757,4288.383,184
2026-09-16 01:17:00,4288.34,4288.34,4285.402,4286.152,160
2026-09-16 01:18:00,4286.1,4286.883,4284.706,4286.121,149
2026-09-16 01:19:00,4286.067,4287.625,4285.729,4287.265,217
2026-09-16 01:20:00,4287.595,4290.598,4287.326,4289.787,198
2026-09-16 01:21:00,4289.843,4290.435,4288.085,4288.887,209
2026-09-16 01:22:00,4288.707,4289.673,4288.228,4288.671,178
2026-09-16 01:23:00,4288.901,4290.244,4288.72,4289.784,171
2026-09-16 01:24:00,4289.839,4290.875,4289.27,4290.308,187
2026-09-16 01:25:00,4290.586,4292.049,4288.889,4291.845,180
2026-09-16 01:26:00,4291.904,4292.772,4290.538,4291.911,201
2026-09-16 01:27:00,4291.915,4293.677,4291.689,4292.267,204
2026-09-16 01:28:00,4292.317,4292.722,4291.433,4292.321,137
2026-09-16 01:29:00,4292.287,4292.343,4290.35,4290.481,167
2026-09-16 01:30:00,4290.59,4291.554,4289.842,4289.877,156
2026-09-16 01:31:00,4289.999,4290.886,4287.73,4288.724,199
2026-09-16 01:32:00,4288.628,4289.484,4288.504,4288.909,133
2026-09-16 01:33:00,4288.826,4289.136,4288.167,4288.737,137
2026-09-16 01:34:00,4288.666,4289.564,4288.235,4289.366,162
2026-09-16 01:35:00,4289.465,4290.091,4287.514,4287.579,203
2026-09-16 01:36:00,4287.645,4288.856,4287.539,4288.856,132
2026-09-16 01:37:00,4288.945,4289.51,4288.145,4289.261,130
2026-09-16 01:38:00,4289.011,4289.166,4287.775,4288.352,140
2026-09-16 01:39:00,4288.082,4288.561,4286.206,4286.206,155
2026-09-16 01:40:00,4285.926,4288.352,4285.712,4288.351,164
2026-09-16 01:41:00,4288.285,4290.75,4287.966,4290.273,186
2026-09-16 01:42:00,4290.504,4290.504,4288.785,4289.659,153
2026-09-16 01:43:00,4289.742,4290.174,4288.354,4288.405,160
2026-09-16 01:44:00,4288.496,4289.04,4288.107,4288.363,133
2026-09-16 01:45:00,4288.583,4289.147,4287.714,4288.253,172
2026-09-16 01:46:00,4288.291,4288.391,4285.947,4286.197,143
2026-09-16 01:47:00,4286.127,4288.107,4285.969,4287.159,157
2026-09-16 01:48:00,4287.455,4287.455,4285.116,4285.736,150
2026-09-16 01:49:00,4285.618,4288.001,4285.336,4287.801,181
2026-09-16 01:50:00,4287.666,4289.058,4285.531,4285.531,189
2026-09-16 01:51:00,4285.548,4286.518,4283.978,4286.518,215
2026-09-16 01:52:00,4286.268,4286.83,4285.817,4286.727,104
2026-09-16 01:53:00,4286.907,4288.32,4286.666,4287.303,142
2026-09-16 01:54:00,4287.394,4287.394,4285.188,4285.443,124
2026-09-16 01:55:00,4285.384,4286.933,4285.072,4285.602,153
2026-09-16 01:56:00,4285.594,4286.237,4283.285,4283.449,159
2026-09-16 01:57:00,4283.509,4283.9,4280.0,4280.307,205
2026-09-16 01:58:00,4280.251,4282.789,4280.119,4282.158,214
2026-09-16 01:59:00,4282.217,4282.627,4281.801,4282.627,98
2026-09-16 02:00:00,4282.296,4284.195,4281.685,4283.491,175
2026-09-16 02:01:00,4283.457,4285.3,4283.078,4285.161,159
2026-09-16 02:02:00,4285.144,4286.896,4284.114,4286.459,175
2026-09-16 02:03:00,4286.403,4287.18,4286.281,4286.827,138
2026-09-16 02:04:00,4286.88,4287.78,4286.186,4287.454,165
2026-09-16 02:05:00,4287.507,4288.137,4285.151,4286.09,215
2026-09-16 02:06:00,4285.897,4286.569,4284.866,4285.366,139
2026-09-16 02:07:00,4285.341,4287.525,4284.518,4286.824,194
2026-09-16 02:08:00,4286.765,4287.905,4286.138,4287.747,143
2026-09-16 02:09:00,4287.407,4289.684,4286.477,4289.039,217
2026-09-16 02:10:00,4289.053,4292.088,4289.053,4290.528,241
2026-09-16 02:11:00,4290.588,4293.822,4290.588,4293.822,211
2026-09-16 02:12:00,4293.601,4295.097,4293.231,4293.927,288
2026-09-16 02:13:00,4293.981,4294.386,4292.421,4292.884,221
2026-09-16 02:14:00,4292.873,4293.591,4291.36,4292.056,208
2026-09-16 02:15:00,4292.273,4293.949,4290.911,4290.96,211
2026-09-16 02:16:00,4291.016,4291.725,4289.932,4291.215,241
2026-09-16 02:17:00,4291.272,4291.864,4290.822,4291.459,168
2026-09-16 02:18:00,4291.517,4292.467,4290.582,4292.261,167
2026-09-16 02:19:00,4292.315,4295.019,4291.412,4291.766,280
2026-09-16 02:20:00,4291.713,4292.379,4291.16,4291.41,146
2026-09-16 02:21:00,4291.465,4293.608,4290.793,4293.554,145
2026-09-16 02:22:00,4293.607,4294.845,4293.063,4293.864,166
2026-09-16 02:23:00,4293.826,4294.358,4293.424,4293.712,149
2026-09-16 02:24:00,4293.695,4295.894,4293.695,4295.607,129
2026-09-16 02:25:00,4295.636,4296.215,4295.117,4296.162,151
2026-09-16 02:26:00,4295.761,4297.804,4295.552,4297.804,253
2026-09-16 02:27:00,4297.764,4300.777,4297.764,4300.059,253
2026-09-16 02:28:00,4300.092,4300.277,4297.687,4298.018,219
2026-09-16 02:29:00,4298.124,4298.852,4297.814,4298.601,114
2026-09-16 02:30:00,4298.658,4304.744,4298.45,4303.958,713
2026-09-16 02:31:00,4304.011,4309.958,4303.08,4309.958,601
2026-09-16 02:32:00,4309.903,4311.476,4305.571,4305.735,592
2026-09-16 02:33:00,4305.798,4307.16,4304.893,4305.621,468
2026-09-16 02:34:00,4305.376,4310.789,4305.108,4309.93,527
2026-09-16 02:35:00,4309.985,4313.182,4309.024,4312.868,484
2026-09-16 02:36:00,4312.925,4315.986,4312.035,4312.833,465
2026-09-16 02:37:00,4312.765,4312.767,4309.466,4310.442,316
2026-09-16 02:38:00,4310.458,4311.663,4309.204,4309.519,297
2026-09-16 02:39:00,4309.782,4312.391,4309.604,4310.998,311
2026-09-16 02:40:00,4311.2,4313.632,4310.723,4310.92,389
2026-09-16 02:41:00,4310.983,4312.687,4310.783,4312.024,299
2026-09-16 02:42:00,4311.933,4313.262,4311.187,4311.612,289
2026-09-16 02:43:00,4311.509,4314.16,4311.232,4312.528,302
2026-09-16 02:44:00,4312.411,4312.746,4310.937,4311.118,255
2026-09-16 02:45:00,4311.064,4312.176,4310.668,4311.479,206
2026-09-16 02:46:00,4311.425,4314.681,4311.152,4313.755,301
2026-09-16 02:47:00,4313.81,4315.946,4313.191,4313.43,332
2026-09-16 02:48:00,4313.483,4315.927,4313.483,4314.362,257
2026-09-16 02:49:00,4314.391,4315.528,4313.593,4315.099,217
2026-09-16 02:50:00,4315.155,4316.378,4314.843,4315.636,283
2026-09-16 02:51:00,4315.624,4316.992,4314.354,4316.438,254
2026-09-16 02:52:00,4316.499,4316.901,4313.942,4314.405,230
2026-09-16 02:53:00,4314.349,4315.308,4313.558,4314.488,220
2026-09-16 02:54:00,4314.505,4316.778,4313.558,4316.529,235
2026-09-16 02:55:00,4316.662,4317.457,4315.637,4316.88,202
2026-09-16 02:56:00,4316.668,4322.677,4316.46,4321.123,505
2026-09-16 02:57:00,4320.985,4323.468,4320.28,4321.309,311
2026-09-16 02:58:00,4321.129,4321.553,4319.211,4319.938,211
2026-09-16 02:59:00,4320.166,4322.751,4319.387,4321.454,281
2026-09-16 03:00:00,4321.383,4324.443,4321.211,4323.884,429
2026-09-16 03:01:00,4323.823,4326.989,4322.783,4326.527,306
2026-09-16 03:02:00,4326.468,4328.116,4325.407,4327.454,312
2026-09-16 03:03:00,4327.45,4328.333,4325.697,4327.748,279
2026-09-16 03:04:00,4327.689,4328.778,4326.968,4328.071,192
2026-09-16 03:05:00,4328.05,4330.471,4327.463,4328.5,316
2026-09-16 03:06:00,4328.843,4330.775,4327.985,4328.751,308
2026-09-16 03:07:00,4328.503,4330.806,4327.794,4329.668,297
2026-09-16 03:08:00,4329.723,4329.946,4326.224,4326.831,288
2026-09-16 03:09:00,4326.648,4327.758,4325.697,4327.111,256
2026-09-16 03:10:00,4326.913,4330.447,4326.887,4327.181,370
2026-09-16 03:11:00,4327.21,4331.308,4326.237,4330.118,339
2026-09-16 03:12:00,4330.16,4336.213,4329.967,4333.438,534
2026-09-16 03:13:00,4333.316,4337.442,4333.195,4337.442,311
2026-09-16 03:14:00,4337.385,4338.734,4336.389,4336.982,361
2026-09-16 03:15:00,4337.048,4338.462,4336.164,4337.987,312
2026-09-16 03:16:00,4338.142,4339.787,4337.736,4338.04,311
2026-09-16 03:17:00,4338.366,4338.793,4337.375,4338.436,188
2026-09-16 03:18:00,4338.383,4338.54,4336.66,4337.338,228
2026-09-16 03:19:00,4337.124,4337.881,4335.479,4335.691,233
2026-09-16 03:20:00,4335.876,4338.299,4335.615,4338.16,270
2026-09-16 03:21:00,4338.102,4339.872,4337.016,4339.785,290
2026-09-16 03:22:00,4340.004,4341.24,4337.557,4337.573,362
2026-09-16 03:23:00,4337.899,4340.459,4337.793,4338.327,211
2026-09-16 03:24:00,4338.202,4338.638,4335.214,4336.506,270
2026-09-16 03:25:00,4336.574,4338.224,4334.935,4334.96,234
2026-09-16 03:26:00,4335.016,4335.994,4334.262,4335.664,169
2026-09-16 03:27:00,4335.49,4335.779,4333.9,4334.778,195
2026-09-16 03:28:00,4334.97,4335.58,4333.418,4333.502,204
2026-09-16 03:29:00,4333.564,4333.641,4331.742,4331.962,198
2026-09-16 03:30:00,4331.907,4332.468,4330.228,4330.71,232
2026-09-16 03:31:00,4330.642,4332.085,4329.612,4329.852,167
2026-09-16 03:32:00,4329.899,4330.563,4328.747,4329.551,196
2026-09-16 03:33:00,4329.495,4330.915,4329.221,4329.691,231
2026-09-16 03:34:00,4329.637,4330.384,4329.188,4329.687,144
2026-09-16 03:35:00,4329.476,4329.805,4328.381,4328.595,162
2026-09-16 03:36:00,4328.633,4328.739,4327.222,4327.54,142
2026-09-16 03:37:00,4327.625,4327.625,4326.503,4327.119,146
2026-09-16 03:38:00,4327.171,4327.553,4326.376,4327.553,165
2026-09-16 03:39:00,4327.34,4328.333,4327.036,4327.663,208
2026-09-16 03:40:00,4327.61,4329.425,4327.486,4328.594,134
2026-09-16 03:41:00,4328.65,4328.944,4326.947,4327.308,139
2026-09-16 03:42:00,4327.315,4327.902,4326.567,4327.311,115
2026-09-16 03:43:00,4327.365,4327.591,4325.935,4326.59,112
2026-09-16 03:44:00,4326.615,4327.61,4325.695,4327.098,155
2026-09-16 03:45:00,4327.151,4328.003,4326.101,4327.363,159
2026-09-16 03:46:00,4327.317,4327.552,4326.888,4327.49,86
2026-09-16 03:47:00,4327.249,4327.997,4325.758,4327.005,149
2026-09-16 03:48:00,4326.941,4327.278,4324.717,4325.194,150
2026-09-16 03:49:00,4325.048,4325.223,4323.351,4323.729,156
2026-09-16 03:50:00,4323.606,4324.346,4322.565,4323.517,188
2026-09-16 03:51:00,4323.288,4323.658,4322.95,4323.174,74
2026-09-16 03:52:00,4323.558,4326.524,4323.558,4326.291,143
2026-09-16 03:53:00,4326.136,4326.76,4325.534,4325.76,128
2026-09-16 03:54:00,4325.978,4326.908,4325.801,4326.888,115
2026-09-16 03:55:00,4326.562,4327.069,4325.287,4326.392,117
2026-09-16 03:56:00,4326.67,4327.333,4325.829,4326.746,112
2026-09-16 03:57:00,4326.74,4327.729,4326.025,4326.669,145
2026-09-16 03:58:00,4326.713,4327.159,4325.782,4326.193,103
2026-09-16 03:59:00,4326.193,4327.439,4326.0,4326.983,133
2026-09-16 04:00:00,4327.04,4327.958,4326.66,4327.477,122
2026-09-16 04:01:00,4327.274,4327.85,4326.734,4326.846,111
2026-09-16 04:02:00,4327.178,4328.384,4326.699,4326.819,131
2026-09-16 04:03:00,4326.765,4327.525,4326.349,4327.043,115
2026-09-16 04:04:00,4327.038,4328.45,4327.038,4327.553,136
2026-09-16 04:05:00,4327.878,4327.966,4325.598,4326.449,130
2026-09-16 04:06:00,4326.484,4327.076,4326.0,4327.04,84
2026-09-16 04:07:00,4326.751,4327.202,4325.834,4326.907,117
2026-09-16 04:08:00,4326.648,4327.193,4326.236,4326.243,117
2026-09-16 04:09:00,4326.494,4327.064,4325.48,4326.196,119
2026-09-16 04:10:00,4326.476,4327.217,4325.916,4326.942,135
2026-09-16 04:11:00,4326.95,4327.725,4326.48,4327.487,92
2026-09-16 04:12:00,4327.756,4327.938,4326.531,4326.934,113
2026-09-16 04:13:00,4327.125,4327.45,4326.513,4326.959,97
2026-09-16 04:14:00,4326.98,4327.005,4325.407,4326.726,149
2026-09-16 04:15:00,4326.691,4327.351,4326.291,4326.773,106
2026-09-16 04:16:00,4326.511,4326.948,4325.322,4326.438,85
2026-09-16 04:17:00,4326.215,4326.323,4325.457,4325.53,91
2026-09-16 04:18:00,4325.468,4325.468,4323.155,4324.308,131
2026-09-16 04:19:00,4324.252,4324.573,4323.194,4323.849,113
2026-09-16 04:20:00,4323.903,4326.731,4323.734,4326.316,148
2026-09-16 04:21:00,4326.26,4326.838,4325.437,4326.531,124
2026-09-16 04:22:00,4326.476,4328.308,4326.476,4328.062,147
2026-09-16 04:23:00,4328.009,4328.551,4327.395,4327.532,92
2026-09-16 04:24:00,4327.675,4328.033,4326.716,4326.725,71
2026-09-16 04:25:00,4326.656,4327.153,4326.278,4326.618,85
2026-09-16 04:26:00,4326.887,4327.162,4326.388,4327.018,56
2026-09-16 04:27:00,4327.094,4327.143,4325.782,4326.191,87
2026-09-16 04:28:00,4326.329,4326.329,4325.629,4325.947,65
2026-09-16 04:29:00,4325.66,4326.494,4325.079,4325.789,101
2026-09-16 04:30:00,4325.745,4327.277,4325.231,4327.223,101
2026-09-16 04:31:00,4327.465,4327.685,4326.933,4327.447,75
2026-09-16 04:32:00,4327.717,4328.327,4326.885,4327.046,107
2026-09-16 04:33:00,4327.113,4327.168,4325.202,4325.467,105
2026-09-16 04:34:00,4325.438,4326.459,4324.716,4325.264,126
2026-09-16 04:35:00,4325.209,4325.735,4324.741,4325.256,95
2026-09-16 04:36:00,4325.471,4325.64,4324.631,4325.445,94
2026-09-16 04:37:00,4325.227,4326.105,4324.691,4325.96,84
2026-09-16 04:38:00,4325.921,4325.921,4325.101,4325.376,79
2026-09-16 04:39:00,4325.386,4326.033,4325.241,4326.033,65
2026-09-16 04:40:00,4325.719,4326.196,4325.303,4325.744,65
2026-09-16 04:41:00,4325.744,4325.997,4324.876,4325.461,98
2026-09-16 04:42:00,4325.461,4325.492,4324.853,4325.287,63
2026-09-16 04:43:00,4325.33,4325.33,4323.099,4323.385,103
2026-09-16 04:44:00,4323.375,4323.713,4322.644,4322.936,91
2026-09-16 04:45:00,4322.935,4323.18,4322.314,4322.968,112
2026-09-16 04:46:00,4322.902,4323.297,4322.579,4323.055,74
2026-09-16 04:47:00,4323.075,4323.504,4322.167,4322.904,89
2026-09-16 04:48:00,4322.646,4323.005,4321.095,4321.095,82
2026-09-16 04:49:00,4321.241,4322.053,4320.784,4321.182,93
2026-09-16 04:50:00,4321.238,4322.074,4320.918,4321.767,85
2026-09-16 04:51:00,4321.739,4322.084,4320.778,4321.297,85
2026-09-16 04:52:00,4321.277,4322.037,4320.419,4321.627,105
2026-09-16 04:53:00,4321.855,4321.994,4321.115,4321.732,87
2026-09-16 04:54:00,4321.732,4321.882,4320.763,4321.274,64
2026-09-16 04:55:00,4321.543,4321.908,4320.742,4321.563,83
2026-09-16 04:56:00,4321.835,4322.144,4321.161,4321.202,94
2026-09-16 04:57:00,4321.247,4322.018,4321.17,4321.82,72
2026-09-16 04:58:00,4321.874,4322.512,4321.785,4322.249,64
2026-09-16 04:59:00,4322.049,4322.289,4321.574,4321.652,87
2026-09-16 05:00:00,4321.782,4322.691,4320.788,4322.691,148
2026-09-16 05:01:00,4322.621,4322.74,4321.558,4321.671,130
2026-09-16 05:02:00,4321.708,4322.093,4321.105,4322.093,143
2026-09-16 05:03:00,4322.055,4322.257,4321.274,4321.9,82
2026-09-16 05:04:00,4321.906,4322.77,4321.71,4322.755,96
2026-09-16 05:05:00,4322.795,4323.576,4322.286,4323.096,122
2026-09-16 05:06:00,4323.375,4324.485,4322.388,4322.388,146
2026-09-16 05:07:00,4322.721,4324.072,4322.27,4323.888,118
2026-09-16 05:08:00,4323.609,4323.986,4322.351,4323.333,178
2026-09-16 05:09:00,4323.162,4324.329,4322.564,4323.427,158
2026-09-16 05:10:00,4323.414,4324.139,4320.991,4321.756,174
2026-09-16 05:11:00,4321.7,4322.647,4320.86,4321.419,123
2026-09-16 05:12:00,4321.702,4322.845,4321.391,4322.713,101
2026-09-16 05:13:00,4322.628,4324.557,4322.197,4323.93,95
2026-09-16 05:14:00,4323.983,4324.362,4321.153,4321.77,139
2026-09-16 05:15:00,4321.756,4323.556,4321.456,4323.34,94
2026-09-16 05:16:00,4323.38,4323.49,4322.794,4323.164,70
2026-09-16 05:17:00,4323.096,4324.497,4323.088,4323.718,119
2026-09-16 05:18:00,4323.445,4325.226,4323.445,4324.373,152
2026-09-16 05:19:00,4324.482,4325.871,4324.213,4325.871,111
2026-09-16 05:20:00,4325.689,4326.309,4324.411,4324.729,138
2026-09-16 05:21:00,4324.749,4325.288,4324.135,4324.826,129
2026-09-16 05:22:00,4324.93,4325.04,4323.591,4323.91,126
2026-09-16 05:23:00,4323.912,4324.667,4323.799,4324.165,87
2026-09-16 05:24:00,4323.996,4324.863,4323.149,4323.395,110
2026-09-16 05:25:00,4323.637,4326.732,4323.408,4325.631,157
2026-09-16 05:26:00,4325.613,4326.908,4324.488,4325.364,145
2026-09-16 05:27:00,4325.632,4326.77,4325.133,4326.261,144
2026-09-16 05:28:00,4326.316,4326.616,4324.303,4324.424,138
2026-09-16 05:29:00,4324.351,4325.499,4324.027,4324.922,107
2026-09-16 05:30:00,4325.008,4327.643,4324.371,4325.646,561
2026-09-16 05:31:00,4325.699,4327.253,4324.956,4326.167,271
2026-09-16 05:32:00,4326.153,4327.293,4325.736,4327.058,247
2026-09-16 05:33:00,4327.005,4329.357,4326.833,4328.401,233
2026-09-16 05:34:00,4328.348,4328.683,4326.522,4328.349,209
2026-09-16 05:35:00,4328.294,4328.972,4327.364,4328.816,206
2026-09-16 05:36:00,4328.684,4329.144,4326.837,4326.837,185
2026-09-16 05:37:00,4327.056,4328.759,4326.715,4328.65,204
2026-09-16 05:38:00,4328.661,4330.864,4328.36,4329.672,247
2026-09-16 05:39:00,4329.703,4330.708,4328.525,4328.986,197
2026-09-16 05:40:00,4329.051,4330.254,4328.08,4329.682,171
2026-09-16 05:41:00,4329.901,4330.082,4328.479,4329.096,162
2026-09-16 05:42:00,4328.9,4331.136,4327.976,4330.928,178
2026-09-16 05:43:00,4330.874,4331.12,4329.328,4329.923,173
2026-09-16 05:44:00,4329.988,4332.773,4329.734,4332.651,194
2026-09-16 05:45:00,4332.71,4333.838,4331.771,4332.524,224
2026-09-16 05:46:00,4332.583,4332.987,4331.957,4332.417,155
2026-09-16 05:47:00,4332.525,4332.726,4330.234,4330.482,162
2026-09-16 05:48:00,4330.418,4330.627,4328.652,4328.832,170
2026-09-16 05:49:00,4328.728,4329.973,4327.633,4328.842,189
2026-09-16 05:50:00,4328.897,4329.814,4328.797,4329.203,155
2026-09-16 05:51:00,4329.229,4331.716,4329.229,4330.624,172
2026-09-16 05:52:00,4330.523,4332.248,4330.175,4331.258,180
2026-09-16 05:53:00,4331.312,4331.879,4329.544,4329.76,159
2026-09-16 05:54:00,4329.813,4331.063,4329.363,4329.523,150
2026-09-16 05:55:00,4329.744,4330.517,4328.844,4330.3,214
2026-09-16 05:56:00,4330.354,4331.142,4329.929,4330.742,161
2026-09-16 05:57:00,4330.65,4330.793,4329.296,4329.539,142
2026-09-16 05:58:00,4329.598,4329.867,4327.83,4328.111,128
2026-09-16 05:59:00,4327.952,4328.119,4326.607,4326.607,123
2026-09-16 06:00:00,4326.675,4331.909,4326.675,4330.233,202
2026-09-16 06:01:00,4330.491,4330.491,4327.736,4328.668,155
2026-09-16 06:02:00,4328.552,4328.834,4325.828,4326.279,165
2026-09-16 06:03:00,4326.281,4326.281,4323.716,4324.385,222
2026-09-16 06:04:00,4324.256,4324.537,4321.893,4322.696,260
2026-09-16 06:05:00,4322.572,4323.611,4322.412,4323.176,237
2026-09-16 06:06:00,4323.23,4323.316,4321.288,4322.692,178
2026-09-16 06:07:00,4322.709,4323.11,4321.806,4322.384,212
2026-09-16 06:08:00,4322.439,4325.136,4322.439,4324.042,222
2026-09-16 06:09:00,4323.831,4324.775,4323.314,4324.539,159
2026-09-16 06:10:00,4324.21,4325.977,4324.004,4325.718,191
2026-09-16 06:11:00,4325.656,4325.962,4324.105,4325.962,166
2026-09-16 06:12:00,4325.636,4327.446,4325.603,4327.445,154
2026-09-16 06:13:00,4327.172,4327.384,4325.566,4326.95,151
2026-09-16 06:14:00,4327.002,4327.522,4325.586,4325.869,170
2026-09-16 06:15:00,4325.851,4326.063,4324.925,4324.925,175
2026-09-16 06:16:00,4325.157,4326.593,4324.887,4326.242,139
2026-09-16 06:17:00,4326.12,4326.989,4324.705,4325.149,189
2026-09-16 06:18:00,4325.487,4326.754,4324.828,4326.392,171
2026-09-16 06:19:00,4326.223,4327.236,4325.347,4327.069,154
2026-09-16 06:20:00,4327.043,4328.027,4326.812,4327.465,116
2026-09-16 06:21:00,4327.396,4328.844,4326.504,4327.791,193
2026-09-16 06:22:00,4327.767,4330.061,4327.527,4329.005,264
2026-09-16 06:23:00,4329.135,4330.074,4327.095,4328.27,188
2026-09-16 06:24:00,4328.49,4328.492,4327.456,4327.897,141
2026-09-16 06:25:00,4327.761,4328.034,4326.241,4326.848,151
2026-09-16 06:26:00,4326.822,4327.755,4326.617,4327.158,107
2026-09-16 06:27:00,4327.217,4327.217,4325.583,4325.805,136
2026-09-16 06:28:00,4325.75,4326.257,4325.523,4326.157,101
2026-09-16 06:29:00,4326.128,4327.1,4325.722,4326.797,119
2026-09-16 06:30:00,4326.743,4327.411,4325.821,4326.353,190
2026-09-16 06:31:00,4326.337,4327.32,4324.92,4325.394,176
2026-09-16 06:32:00,4325.326,4326.087,4324.44,4326.042,137
2026-09-16 06:33:00,4325.807,4326.256,4325.043,4325.817,122
2026-09-16 06:34:00,4325.482,4326.109,4324.806,4324.862,158
2026-09-16 06:35:00,4324.807,4325.987,4323.664,4324.953,206
2026-09-16 06:36:00,4325.338,4325.938,4324.372,4324.779,166
2026-09-16 06:37:00,4324.57,4326.159,4324.235,4325.761,177
2026-09-16 06:38:00,4325.611,4326.974,4325.142,4326.45,122
2026-09-16 06:39:00,4326.397,4326.412,4324.83,4325.461,135
2026-09-16 06:40:00,4325.732,4326.172,4325.08,4325.793,136
2026-09-16 06:41:00,4326.118,4326.525,4325.426,4325.906,122
2026-09-16 06:42:00,4325.904,4325.904,4324.357,4325.108,150
2026-09-16 06:43:00,4325.039,4327.19,4324.592,4326.984,155
2026-09-16 06:44:00,4327.04,4328.373,4326.618,4327.957,109
2026-09-16 06:45:00,4328.001,4328.271,4327.258,4327.601,140
2026-09-16 06:46:00,4327.678,4327.992,4326.124,4327.176,137
2026-09-16 06:47:00,4327.17,4327.698,4325.988,4326.273,153
2026-09-16 06:48:00,4326.237,4327.975,4325.164,4327.526,196
2026-09-16 06:49:00,4327.407,4328.352,4327.162,4327.933,130
2026-09-16 06:50:00,4327.809,4328.07,4326.747,4326.847,134
2026-09-16 06:51:00,4326.827,4329.8,4326.827,4329.559,157
2026-09-16 06:52:00,4329.65,4330.848,4328.531,4328.531,164
2026-09-16 06:53:00,4328.595,4329.746,4328.029,4328.029,163
2026-09-16 06:54:00,4328.105,4328.746,4327.174,4328.315,160
2026-09-16 06:55:00,4328.304,4329.964,4328.304,4329.589,120
2026-09-16 06:56:00,4329.529,4330.956,4329.401,4329.673,141
2026-09-16 06:57:00,4329.606,4330.778,4329.472,4330.776,144
2026-09-16 06:58:00,4330.831,4331.996,4330.831,4331.303,163
2026-09-16 06:59:00,4331.361,4333.012,4331.297,4332.788,159
2026-09-16 07:00:00,4332.66,4334.997,4331.691,4333.622,452
2026-09-16 07:01:00,4333.569,4334.216,4332.644,4333.428,268
2026-09-16 07:02:00,4333.336,4333.882,4332.59,4333.851,190
2026-09-16 07:03:00,4333.659,4336.003,4333.659,4335.48,215
2026-09-16 07:04:00,4335.547,4335.77,4334.447,4334.534,139
2026-09-16 07:05:00,4334.744,4334.744,4332.292,4332.815,200
2026-09-16 07:06:00,4332.929,4333.06,4330.11,4332.449,372
2026-09-16 07:07:00,4332.568,4334.262,4332.459,4333.784,220
2026-09-16 07:08:00,4333.749,4334.307,4332.641,4333.278,234
2026-09-16 07:09:00,4333.368,4334.187,4332.811,4333.425,156
2026-09-16 07:10:00,4333.206,4333.819,4331.699,4332.462,198
2026-09-16 07:11:00,4332.373,4332.987,4331.464,4332.223,152
2026-09-16 07:12:00,4331.961,4332.825,4331.883,4332.199,163
2026-09-16 07:13:00,4332.256,4332.865,4331.354,4331.996,189
2026-09-16 07:14:00,4332.129,4335.621,4331.65,4335.292,207
2026-09-16 07:15:00,4335.615,4336.341,4334.527,4334.579,156
2026-09-16 07:16:00,4334.527,4335.687,4333.771,4334.905,210
2026-09-16 07:17:00,4335.056,4337.239,4335.056,4336.79,162
2026-09-16 07:18:00,4336.91,4337.617,4333.951,4334.06,201
2026-09-16 07:19:00,4334.115,4335.02,4332.845,4333.127,181
2026-09-16 07:20:00,4332.907,4333.698,4332.02,4333.668,154
2026-09-16 07:21:00,4333.342,4333.647,4332.286,4332.414,129
2026-09-16 07:22:00,4332.626,4334.133,4332.145,4333.894,127
2026-09-16 07:23:00,4333.923,4336.423,4333.795,4335.105,169
2026-09-16 07:24:00,4335.237,4335.442,4334.163,4334.227,146
2026-09-16 07:25:00,4334.17,4334.755,4333.425,4334.318,120
2026-09-16 07:26:00,4334.379,4334.679,4332.544,4333.14,151
2026-09-16 07:27:00,4333.104,4334.308,4333.104,4333.705,157
2026-09-16 07:28:00,4333.719,4335.531,4333.42,4335.478,134
2026-09-16 07:29:00,4335.477,4336.236,4334.701,4335.431,149
2026-09-16 07:30:00,4335.379,4337.229,4334.753,4336.069,240
2026-09-16 07:31:00,4336.009,4336.335,4335.004,4335.408,176
2026-09-16 07:32:00,4335.789,4336.059,4334.217,4334.217,174
2026-09-16 07:33:00,4334.276,4335.134,4333.534,4335.08,142
2026-09-16 07:34:00,4334.898,4335.904,4334.808,4335.432,131
2026-09-16 07:35:00,4335.686,4337.879,4335.439,4337.664,178
2026-09-16 07:36:00,4337.436,4338.766,4336.855,4338.502,156
2026-09-16 07:37:00,4338.49,4338.911,4337.204,4337.649,150
2026-09-16 07:38:00,4337.646,4338.448,4337.059,4337.808,151
2026-09-16 07:39:00,4337.839,4338.571,4337.402,4338.058,116
2026-09-16 07:40:00,4338.125,4339.211,4337.211,4337.499,137
2026-09-16 07:41:00,4337.448,4337.451,4336.401,4336.723,135
2026-09-16 07:42:00,4336.775,4336.909,4334.503,4336.324,188
2026-09-16 07:43:00,4335.995,4337.208,4335.128,4336.603,164
2026-09-16 07:44:00,4336.549,4337.402,4336.179,4336.333,128
2026-09-16 07:45:00,4336.12,4337.232,4335.904,4336.191,154
2026-09-16 07:46:00,4336.156,4336.908,4335.753,4336.549,158
2026-09-16 07:47:00,4336.708,4338.112,4335.777,4335.777,246
2026-09-16 07:48:00,4335.72,4335.861,4334.025,4334.907,186
2026-09-16 07:49:00,4334.911,4335.306,4333.809,4334.046,144
2026-09-16 07:50:00,4333.956,4334.558,4332.489,4332.489,158
2026-09-16 07:51:00,4332.779,4332.922,4331.344,4332.012,151
2026-09-16 07:52:00,4331.973,4333.018,4330.832,4330.832,179
2026-09-16 07:53:00,4331.138,4331.477,4329.903,4330.232,145
2026-09-16 07:54:00,4330.355,4330.446,4329.046,4329.247,130
2026-09-16 07:55:00,4329.305,4330.503,4329.281,4330.181,139
2026-09-16 07:56:00,4329.943,4330.798,4329.751,4330.203,125
2026-09-16 07:57:00,4330.419,4330.479,4329.526,4330.056,127
2026-09-16 07:58:00,4329.833,4330.082,4328.591,4328.821,169
2026-09-16 07:59:00,4328.874,4329.829,4328.51,4329.163,131
2026-09-16 08:00:00,4329.326,4329.732,4326.453,4326.459,141
2026-09-16 08:01:00,4326.399,4328.194,4325.252,4327.855,168
2026-09-16 08:02:00,4327.966,4328.767,4327.091,4327.279,136
2026-09-16 08:03:00,4327.223,4327.586,4324.82,4327.064,193
2026-09-16 08:04:00,4327.463,4327.65,4325.814,4326.088,177
2026-09-16 08:05:00,4326.106,4326.593,4325.313,4326.062,167
2026-09-16 08:06:00,4326.131,4326.258,4323.902,4325.064,156
2026-09-16 08:07:00,4325.066,4326.146,4324.652,4325.183,151
2026-09-16 08:08:00,4325.238,4325.846,4324.175,4324.848,137
2026-09-16 08:09:00,4324.777,4325.416,4323.693,4325.066,123
2026-09-16 08:10:00,4325.12,4325.775,4323.995,4325.076,138
2026-09-16 08:11:00,4325.131,4325.842,4322.843,4325.577,184
2026-09-16 08:12:00,4325.842,4326.373,4324.807,4325.271,174
2026-09-16 08:13:00,4325.141,4327.611,4324.508,4327.353,160
2026-09-16 08:14:00,4327.341,4327.943,4326.622,4327.389,114
2026-09-16 08:15:00,4327.409,4328.137,4326.706,4327.202,165
2026-09-16 08:16:00,4327.413,4330.365,4327.046,4330.185,142
2026-09-16 08:17:00,4330.238,4331.766,4330.238,4331.564,207
2026-09-16 08:18:00,4331.609,4333.585,4331.609,4332.58,177
2026-09-16 08:19:00,4332.205,4335.326,4329.678,4332.284,581
2026-09-16 08:20:00,4332.228,4335.05,4330.914,4332.956,493
2026-09-16 08:21:00,4333.026,4337.003,4332.407,4334.711,615
2026-09-16 08:22:00,4334.791,4337.686,4334.153,4336.578,435
2026-09-16 08:23:00,4336.452,4336.592,4334.371,4334.371,235
2026-09-16 08:24:00,4334.433,4335.651,4334.433,4334.77,137
2026-09-16 08:25:00,4334.97,4335.25,4333.737,4334.227,162
2026-09-16 08:26:00,4334.283,4334.633,4333.099,4334.126,141
2026-09-16 08:27:00,4333.878,4334.623,4333.363,4333.525,161
2026-09-16 08:28:00,4333.651,4333.983,4332.996,4333.213,137
2026-09-16 08:29:00,4333.162,4334.419,4332.949,4334.228,181
2026-09-16 08:30:00,4334.169,4334.538,4329.661,4330.452,266
2026-09-16 08:31:00,4330.396,4330.396,4328.967,4330.025,187
2026-09-16 08:32:00,4330.104,4330.625,4329.579,4329.714,126
2026-09-16 08:33:00,4329.934,4330.063,4328.381,4328.437,114
2026-09-16 08:34:00,4328.463,4328.831,4326.22,4328.488,228
2026-09-16 08:35:00,4328.435,4329.679,4327.597,4328.051,170
2026-09-16 08:36:00,4327.724,4328.128,4326.62,4327.076,172
2026-09-16 08:37:00,4327.057,4327.454,4325.658,4326.149,152
2026-09-16 08:38:00,4326.148,4326.364,4324.739,4324.802,133
2026-09-16 08:39:00,4324.873,4325.475,4324.474,4324.96,137
2026-09-16 08:40:00,4325.018,4325.253,4323.732,4324.007,142
2026-09-16 08:41:00,4324.062,4325.445,4323.993,4325.074,141
2026-09-16 08:42:00,4325.128,4325.428,4324.396,4325.136,138
2026-09-16 08:43:00,4325.166,4328.84,4325.166,4327.846,183
2026-09-16 08:44:00,4327.979,4328.564,4327.295,4328.272,138
2026-09-16 08:45:00,4328.33,4329.098,4327.91,4327.997,150
2026-09-16 08:46:00,4327.943,4328.481,4327.312,4327.915,127
2026-09-16 08:47:00,4327.903,4328.721,4326.959,4326.969,154
2026-09-16 08:48:00,4327.027,4328.779,4327.027,4328.111,198
2026-09-16 08:49:00,4327.867,4329.026,4326.855,4327.02,155
2026-09-16 08:50:00,4326.703,4326.86,4325.185,4326.554,200
2026-09-16 08:51:00,4326.289,4326.876,4324.764,4326.868,198
2026-09-16 08:52:00,4326.625,4329.031,4326.625,4328.889,140
2026-09-16 08:53:00,4328.591,4329.428,4327.898,4329.109,144
2026-09-16 08:54:00,4329.036,4330.194,4328.835,4328.835,118
2026-09-16 08:55:00,4328.764,4329.519,4328.717,4329.29,137
2026-09-16 08:56:00,4329.516,4330.294,4329.155,4329.463,140
2026-09-16 08:57:00,4329.62,4331.321,4329.361,4330.73,126
2026-09-16 08:58:00,4330.447,4330.681,4329.022,4329.973,152
2026-09-16 08:59:00,4329.895,4330.396,4329.536,4330.336,89
2026-09-16 09:00:00,4330.167,4331.076,4329.733,4330.846,105
2026-09-16 09:01:00,4330.824,4332.224,4330.119,4332.224,100
2026-09-16 09:02:00,4332.014,4332.416,4329.932,4331.197,118
2026-09-16 09:03:00,4331.217,4331.291,4330.54,4330.984,119
2026-09-16 09:04:00,4331.198,4331.198,4329.517,4330.576,167
2026-09-16 09:05:00,4330.59,4331.544,4330.121,4330.418,117
2026-09-16 09:06:00,4330.473,4332.533,4330.473,4332.102,161
2026-09-16 09:07:00,4331.869,4332.159,4330.385,4331.254,135
2026-09-16 09:08:00,4331.183,4331.183,4329.726,4330.623,120
2026-09-16 09:09:00,4330.896,4331.794,4330.389,4331.413,140
2026-09-16 09:10:00,4331.353,4331.969,4330.495,4331.567,141
2026-09-16 09:11:00,4331.573,4332.66,4331.015,4331.852,146
2026-09-16 09:12:00,4332.156,4332.452,4331.496,4331.576,86
2026-09-16 09:13:00,4331.746,4332.262,4331.41,4331.539,103
2026-09-16 09:14:00,4331.816,4332.238,4331.483,4331.991,123
2026-09-16 09:15:00,4332.054,4332.874,4331.902,4332.579,134
2026-09-16 09:16:00,4332.525,4334.022,4331.992,4332.496,156
2026-09-16 09:17:00,4332.155,4332.583,4331.023,4331.443,119
2026-09-16 09:18:00,4331.697,4331.697,4329.864,4330.26,119
2026-09-16 09:19:00,4330.041,4330.756,4329.019,4330.024,128
2026-09-16 09:20:00,4329.959,4330.789,4329.099,4329.692,162
2026-09-16 09:21:00,4329.594,4330.962,4329.531,4329.954,130
2026-09-16 09:22:00,4329.899,4330.377,4328.223,4328.89,114
2026-09-16 09:23:00,4328.832,4329.939,4327.951,4328.223,110
2026-09-16 09:24:00,4328.213,4328.997,4327.331,4327.987,100
2026-09-16 09:25:00,4327.986,4331.76,4327.627,4330.833,462
2026-09-16 09:26:00,4330.909,4333.863,4330.769,4331.395,527
2026-09-16 09:27:00,4331.681,4333.786,4330.651,4331.56,401
2026-09-16 09:28:00,4331.507,4331.69,4329.299,4331.03,192
2026-09-16 09:29:00,4331.196,4331.196,4328.851,4329.678,164
2026-09-16 09:30:00,4329.81,4333.06,4329.463,4332.771,229
2026-09-16 09:31:00,4332.824,4333.979,4331.844,4333.674,220
2026-09-16 09:32:00,4333.522,4334.953,4332.666,4334.459,239
2026-09-16 09:33:00,4334.308,4335.037,4332.698,4333.973,225
2026-09-16 09:34:00,4333.95,4334.376,4333.295,4333.687,132
2026-09-16 09:35:00,4333.823,4335.51,4333.508,4335.161,168
2026-09-16 09:36:00,4335.213,4335.957,4333.341,4333.994,163
2026-09-16 09:37:00,4333.718,4334.488,4333.483,4333.931,121
2026-09-16 09:38:00,4333.865,4335.493,4333.465,4333.465,167
2026-09-16 09:39:00,4333.457,4335.025,4332.707,4334.719,143
2026-09-16 09:40:00,4334.73,4336.167,4333.973,4334.445,215
2026-09-16 09:41:00,4334.432,4335.168,4334.102,4334.438,156
2026-09-16 09:42:00,4334.49,4336.258,4334.157,4335.297,154
2026-09-16 09:43:00,4335.353,4336.864,4335.234,4336.62,129
2026-09-16 09:44:00,4336.61,4337.463,4334.78,4334.941,148
2026-09-16 09:45:00,4334.816,4335.546,4333.653,4334.151,128
2026-09-16 09:46:00,4334.205,4334.205,4332.495,4332.54,121
2026-09-16 09:47:00,4332.592,4332.732,4331.133,4332.376,109
2026-09-16 09:48:00,4332.43,4333.488,4331.82,4333.154,136
2026-09-16 09:49:00,4333.253,4335.254,4333.154,4334.706,152
2026-09-16 09:50:00,4334.55,4335.348,4334.01,4334.748,110
2026-09-16 09:51:00,4334.483,4335.268,4334.234,4334.508,76
2026-09-16 09:52:00,4334.551,4335.259,4334.415,4334.965,73
2026-09-16 09:53:00,4335.233,4335.924,4334.572,4335.144,106
2026-09-16 09:54:00,4335.265,4335.692,4334.649,4335.369,130
2026-09-16 09:55:00,4335.367,4336.413,4335.019,4335.734,107
2026-09-16 09:56:00,4335.876,4337.387,4334.929,4337.262,156
2026-09-16 09:57:00,4337.355,4339.208,4337.355,4338.723,182
2026-09-16 09:58:00,4338.646,4338.979,4338.072,4338.719,121
2026-09-16 09:59:00,4338.595,4339.094,4337.659,4337.976,151
2026-09-16 10:00:00,4338.037,4339.504,4338.037,4338.694,162
2026-09-16 10:01:00,4338.574,4340.529,4337.724,4340.061,196
2026-09-16 10:02:00,4340.003,4341.258,4338.311,4340.568,243
2026-09-16 10:03:00,4340.459,4341.817,4340.387,4341.423,146
2026-09-16 10:04:00,4341.766,4341.766,4338.768,4338.968,166
2026-09-16 10:05:00,4339.023,4340.983,4338.706,4339.014,242
2026-09-16 10:06:00,4338.958,4339.887,4337.648,4339.294,241
2026-09-16 10:07:00,4339.241,4339.836,4338.589,4339.597,232
2026-09-16 10:08:00,4339.655,4342.855,4339.219,4342.734,190
2026-09-16 10:09:00,4342.515,4345.697,4342.515,4344.947,281
2026-09-16 10:10:00,4345.012,4348.788,4345.012,4346.58,339
2026-09-16 10:11:00,4346.635,4349.08,4345.765,4347.288,332
2026-09-16 10:12:00,4347.353,4348.885,4344.762,4345.082,262
2026-09-16 10:13:00,4345.154,4345.291,4341.822,4342.719,194
2026-09-16 10:14:00,4342.678,4343.456,4341.945,4342.836,207
2026-09-16 10:15:00,4342.768,4344.352,4342.625,4343.514,180
2026-09-16 10:16:00,4343.183,4343.496,4341.849,4342.509,164
2026-09-16 10:17:00,4342.757,4343.093,4341.465,4342.032,159
2026-09-16 10:18:00,4341.974,4344.253,4341.718,4344.253,206
2026-09-16 10:19:00,4344.199,4344.482,4342.271,4342.658,171
2026-09-16 10:20:00,4342.932,4346.338,4342.75,4345.862,238
2026-09-16 10:21:00,4345.886,4345.937,4344.288,4344.911,136
2026-09-16 10:22:00,4344.636,4345.362,4343.59,4343.773,168
2026-09-16 10:23:00,4344.098,4344.181,4342.359,4342.526,121
2026-09-16 10:24:00,4342.542,4342.954,4341.609,4341.974,130
2026-09-16 10:25:00,4342.17,4342.934,4340.686,4342.047,165
2026-09-16 10:26:00,4342.373,4346.314,4342.135,4346.204,194
2026-09-16 10:27:00,4345.99,4348.891,4345.99,4347.998,251
2026-09-16 10:28:00,4348.125,4348.234,4346.356,4346.807,171
2026-09-16 10:29:00,4346.861,4348.35,4345.797,4347.819,200
2026-09-16 10:30:00,4347.939,4348.731,4345.849,4346.185,226
2026-09-16 10:31:00,4346.345,4348.157,4346.193,4347.886,180
2026-09-16 10:32:00,4347.91,4348.185,4346.886,4348.036,108
2026-09-16 10:33:00,4348.075,4348.37,4346.946,4347.388,137
2026-09-16 10:34:00,4347.527,4347.99,4346.238,4347.936,136
2026-09-16 10:35:00,4347.727,4348.265,4346.897,4347.091,111
2026-09-16 10:36:00,4346.995,4347.911,4346.454,4347.183,153
2026-09-16 10:37:00,4347.2,4349.542,4346.945,4348.389,184
2026-09-16 10:38:00,4348.271,4348.962,4347.281,4347.281,115
2026-09-16 10:39:00,4347.617,4347.794,4347.163,4347.486,108
2026-09-16 10:40:00,4347.607,4348.86,4347.443,4348.421,117
2026-09-16 10:41:00,4348.282,4348.304,4347.162,4347.84,114
2026-09-16 10:42:00,4347.881,4349.451,4347.435,4348.49,151
2026-09-16 10:43:00,4348.424,4348.963,4347.633,4348.315,181
2026-09-16 10:44:00,4348.307,4349.098,4348.307,4348.868,120
2026-09-16 10:45:00,4348.847,4349.565,4347.967,4349.175,158
2026-09-16 10:46:00,4349.055,4349.297,4347.693,4347.993,121
2026-09-16 10:47:00,4347.717,4349.058,4347.655,4348.845,88
2026-09-16 10:48:00,4348.58,4349.139,4348.048,4348.49,109
2026-09-16 10:49:00,4348.208,4348.797,4347.827,4348.615,119
2026-09-16 10:50:00,4348.67,4348.737,4347.41,4347.416,165
2026-09-16 10:51:00,4347.81,4347.81,4346.71,4347.649,126
2026-09-16 10:52:00,4347.589,4347.589,4346.367,4347.201,130
2026-09-16 10:53:00,4347.197,4347.58,4346.359,4346.472,90
2026-09-16 10:54:00,4346.528,4346.6,4345.248,4345.694,110
2026-09-16 10:55:00,4346.02,4346.473,4345.645,4346.07,96
2026-09-16 10:56:00,4346.014,4347.276,4345.993,4346.766,118
2026-09-16 10:57:00,4347.017,4348.119,4346.665,4347.737,121
2026-09-16 10:58:00,4347.729,4349.883,4347.729,4348.283,149
2026-09-16 10:59:00,4348.214,4351.14,4348.004,4350.978,187
2026-09-16 11:00:00,4351.044,4353.395,4349.005,4350.558,1153
2026-09-16 11:01:00,4350.233,4350.981,4348.393,4348.918,340
2026-09-16 11:02:00,4349.041,4351.322,4348.719,4350.518,249
2026-09-16 11:03:00,4350.435,4350.784,4348.651,4349.444,258
2026-09-16 11:04:00,4349.496,4350.568,4348.549,4349.955,198
2026-09-16 11:05:00,4349.975,4351.009,4349.251,4349.687,175
2026-09-16 11:06:00,4349.712,4350.199,4348.726,4350.091,162
2026-09-16 11:07:00,4350.167,4351.325,4349.489,4350.641,180
2026-09-16 11:08:00,4350.698,4351.334,4348.767,4349.244,246
2026-09-16 11:09:00,4349.126,4351.188,4348.406,4349.529,267
2026-09-16 11:10:00,4349.724,4350.929,4349.204,4350.615,234
2026-09-16 11:11:00,4350.558,4350.775,4349.506,4350.106,163
2026-09-16 11:12:00,4350.043,4350.467,4348.915,4349.253,137
2026-09-16 11:13:00,4349.364,4349.364,4347.791,4348.187,184
2026-09-16 11:14:00,4348.285,4348.574,4346.958,4347.197,145
2026-09-16 11:15:00,4347.067,4348.202,4346.973,4347.669,143
2026-09-16 11:16:00,4347.55,4348.06,4347.073,4347.79,109
2026-09-16 11:17:00,4347.772,4348.155,4346.814,4347.704,121
2026-09-16 11:18:00,4347.745,4348.147,4346.465,4346.652,126
2026-09-16 11:19:00,4346.646,4348.394,4346.588,4347.605,119
2026-09-16 11:20:00,4347.903,4348.523,4347.251,4347.467,127
2026-09-16 11:21:00,4347.473,4347.743,4346.347,4346.996,145
2026-09-16 11:22:00,4346.726,4347.589,4346.442,4347.327,136
2026-09-16 11:23:00,4347.379,4348.186,4347.037,4348.175,136
2026-09-16 11:24:00,4348.231,4349.253,4348.084,4348.805,130
2026-09-16 11:25:00,4348.608,4349.724,4347.817,4349.479,152
2026-09-16 11:26:00,4349.358,4349.531,4348.653,4349.182,117
2026-09-16 11:27:00,4349.064,4349.738,4348.668,4349.445,135
2026-09-16 11:28:00,4349.445,4353.384,4348.592,4353.267,214
2026-09-16 11:29:00,4353.096,4353.567,4350.546,4350.763,198
2026-09-16 11:30:00,4350.82,4351.342,4349.539,4349.91,138
2026-09-16 11:31:00,4349.792,4349.827,4348.827,4349.622,125
2026-09-16 11:32:00,4349.404,4349.787,4348.677,4349.115,119
2026-09-16 11:33:00,4349.177,4351.769,4348.847,4350.906,173
2026-09-16 11:34:00,4350.96,4351.297,4350.701,4350.713,103
2026-09-16 11:35:00,4350.655,4350.949,4349.836,4349.836,144
2026-09-16 11:36:00,4349.891,4351.443,4349.891,4351.443,132
2026-09-16 11:37:00,4351.464,4353.218,4349.656,4349.79,175
2026-09-16 11:38:00,4349.844,4350.654,4348.453,4350.547,169
2026-09-16 11:39:00,4350.505,4351.619,4350.048,4350.771,143
2026-09-16 11:40:00,4350.848,4350.848,4347.106,4348.814,666
2026-09-16 11:41:00,4348.859,4350.16,4348.471,4349.065,227
2026-09-16 11:42:00,4348.879,4350.117,4348.104,4349.612,182
2026-09-16 11:43:00,4349.664,4350.991,4349.563,4350.777,129
2026-09-16 11:44:00,4350.699,4350.699,4349.295,4349.823,129
2026-09-16 11:45:00,4349.877,4350.62,4349.612,4349.913,119
2026-09-16 11:46:00,4349.922,4349.987,4349.199,4349.571,114
2026-09-16 11:47:00,4349.518,4349.915,4348.983,4349.218,98
2026-09-16 11:48:00,4349.263,4350.139,4347.402,4347.633,158
2026-09-16 11:49:00,4347.685,4347.858,4346.601,4347.257,123
2026-09-16 11:50:00,4347.324,4347.528,4345.368,4346.591,144
2026-09-16 11:51:00,4346.892,4347.717,4346.401,4347.402,124
2026-09-16 11:52:00,4347.277,4347.534,4346.59,4347.226,120
2026-09-16 11:53:00,4347.162,4347.162,4345.891,4346.553,116
2026-09-16 11:54:00,4346.587,4347.987,4346.551,4347.226,126
2026-09-16 11:55:00,4347.34,4348.22,4344.6,4344.826,195
2026-09-16 11:56:00,4344.771,4344.865,4343.492,4343.63,186
2026-09-16 11:57:00,4343.684,4344.239,4343.022,4343.098,131
2026-09-16 11:58:00,4343.044,4343.501,4342.297,4342.652,162
2026-09-16 11:59:00,4342.641,4342.733,4341.693,4341.817,119
2026-09-16 12:00:00,4341.74,4342.53,4341.234,4341.371,191
2026-09-16 12:01:00,4341.424,4342.544,4340.553,4341.659,211
2026-09-16 12:02:00,4341.601,4342.84,4340.321,4342.603,233
2026-09-16 12:03:00,4342.549,4342.719,4341.699,4342.424,141
2026-09-16 12:04:00,4342.166,4343.883,4341.923,4342.964,184
2026-09-16 12:05:00,4342.905,4344.069,4342.038,4343.229,200
2026-09-16 12:06:00,4343.463,4347.667,4343.463,4347.058,293
2026-09-16 12:07:00,4347.004,4348.099,4346.267,4347.524,173
2026-09-16 12:08:00,4347.521,4348.127,4346.615,4347.114,159
2026-09-16 12:09:00,4347.057,4347.923,4346.207,4347.923,162
2026-09-16 12:10:00,4347.997,4347.997,4344.395,4345.412,207
2026-09-16 12:11:00,4345.36,4345.838,4344.273,4345.838,188
2026-09-16 12:12:00,4345.678,4346.725,4343.239,4344.123,213
2026-09-16 12:13:00,4344.113,4344.655,4343.183,4344.314,181
2026-09-16 12:14:00,4344.447,4344.874,4343.456,4343.456,123
2026-09-16 12:15:00,4343.469,4345.501,4343.332,4345.172,129
2026-09-16 12:16:00,4345.097,4345.736,4344.531,4345.139,89
2026-09-16 12:17:00,4345.321,4345.545,4342.495,4343.248,167
2026-09-16 12:18:00,4343.193,4343.864,4340.385,4340.713,336
2026-09-16 12:19:00,4340.77,4342.271,4340.654,4342.16,214
2026-09-16 12:20:00,4342.104,4342.104,4338.414,4340.011,368
2026-09-16 12:21:00,4340.338,4341.111,4339.137,4339.238,252
2026-09-16 12:22:00,4339.37,4340.199,4338.559,4340.016,186
2026-09-16 12:23:00,4340.077,4340.404,4338.703,4339.755,188
2026-09-16 12:24:00,4339.702,4339.702,4337.656,4338.683,177
2026-09-16 12:25:00,4338.928,4340.559,4338.928,4339.975,215
2026-09-16 12:26:00,4340.365,4340.671,4339.576,4340.024,144
2026-09-16 12:27:00,4340.281,4341.288,4339.328,4339.328,161
2026-09-16 12:28:00,4339.397,4339.555,4338.408,4339.119,102
2026-09-16 12:29:00,4339.189,4339.858,4338.829,4339.66,122
2026-09-16 12:30:00,4339.756,4341.837,4334.58,4341.783,263
2026-09-16 12:31:00,4341.413,4342.426,4340.012,4341.843,153
2026-09-16 12:32:00,4341.942,4342.186,4340.092,4340.332,123
2026-09-16 12:33:00,4340.687,4341.504,4340.307,4340.92,168
2026-09-16 12:34:00,4341.31,4341.71,4340.316,4341.35,181
2026-09-16 12:35:00,4341.413,4343.304,4341.413,4342.298,179
2026-09-16 12:36:00,4342.485,4342.485,4340.224,4340.577,169
2026-09-16 12:37:00,4340.6,4341.256,4340.057,4340.534,166
2026-09-16 12:38:00,4340.48,4341.047,4338.645,4340.907,193
2026-09-16 12:39:00,4341.233,4344.494,4341.027,4343.407,193
2026-09-16 12:40:00,4343.462,4343.749,4342.567,4342.573,128
2026-09-16 12:41:00,4342.847,4343.431,4341.648,4343.162,173
2026-09-16 12:42:00,4343.215,4345.223,4343.036,4344.286,155
2026-09-16 12:43:00,4344.272,4344.641,4342.324,4343.803,193
2026-09-16 12:44:00,4344.128,4344.434,4342.945,4343.653,164
2026-09-16 12:45:00,4343.601,4343.982,4342.862,4343.651,139
2026-09-16 12:46:00,4343.679,4344.609,4342.714,4342.714,152
2026-09-16 12:47:00,4342.934,4343.774,4342.481,4343.155,130
2026-09-16 12:48:00,4343.285,4346.963,4343.285,4346.551,199
2026-09-16 12:49:00,4346.497,4346.609,4345.162,4346.011,179
2026-09-16 12:50:00,4345.955,4347.535,4345.759,4347.162,182
2026-09-16 12:51:00,4347.044,4347.77,4345.783,4345.887,154
2026-09-16 12:52:00,4345.75,4346.174,4342.354,4344.044,172
2026-09-16 12:53:00,4343.832,4346.35,4343.832,4345.822,222
2026-09-16 12:54:00,4345.875,4346.379,4344.879,4345.147,149
2026-09-16 12:55:00,4345.093,4347.443,4344.187,4347.151,202
2026-09-16 12:56:00,4347.205,4347.762,4345.614,4345.985,196
2026-09-16 12:57:00,4345.926,4346.402,4345.135,4346.016,154
2026-09-16 12:58:00,4345.987,4346.477,4344.894,4345.768,164
2026-09-16 12:59:00,4346.064,4349.005,4345.131,4347.357,292
2026-09-16 13:00:00,4347.303,4350.216,4346.211,4348.635,555
2026-09-16 13:01:00,4348.583,4348.834,4346.546,4347.288,394
2026-09-16 13:02:00,4347.144,4347.91,4345.771,4346.98,337
2026-09-16 13:03:00,4346.92,4348.446,4345.729,4346.582,340
2026-09-16 13:04:00,4346.688,4347.65,4345.907,4346.354,301
2026-09-16 13:05:00,4346.441,4348.245,4344.249,4344.725,341
2026-09-16 13:06:00,4344.87,4345.435,4343.604,4345.171,227
2026-09-16 13:07:00,4345.318,4347.831,4345.145,4346.962,302
2026-09-16 13:08:00,4346.909,4349.592,4345.27,4349.592,312
2026-09-16 13:09:00,4349.374,4350.513,4347.699,4348.294,271
2026-09-16 13:10:00,4348.536,4350.723,4347.675,4350.045,251
2026-09-16 13:11:00,4350.099,4351.446,4349.592,4349.949,216
2026-09-16 13:12:00,4350.009,4352.616,4349.918,4352.357,209
2026-09-16 13:13:00,4352.411,4356.059,4352.303,4354.603,340
2026-09-16 13:14:00,4354.732,4357.318,4354.666,4356.237,263
2026-09-16 13:15:00,4356.291,4360.357,4356.291,4359.768,415
2026-09-16 13:16:00,4359.651,4360.468,4355.672,4356.632,324
2026-09-16 13:17:00,4356.441,4358.104,4354.242,4354.627,325
2026-09-16 13:18:00,4354.702,4355.429,4353.069,4354.373,271
2026-09-16 13:19:00,4354.301,4355.332,4353.083,4353.521,202
2026-09-16 13:20:00,4353.46,4353.46,4349.415,4349.631,324
2026-09-16 13:21:00,4349.704,4352.433,4349.704,4352.215,264
2026-09-16 13:22:00,4352.148,4355.979,4351.856,4353.87,277
2026-09-16 13:23:00,4353.689,4354.564,4352.472,4352.992,227
2026-09-16 13:24:00,4353.047,4354.821,4352.206,4353.527,250
2026-09-16 13:25:00,4353.705,4354.155,4352.368,4353.159,205
2026-09-16 13:26:00,4353.233,4354.723,4352.973,4354.281,234
2026-09-16 13:27:00,4354.338,4354.898,4353.123,4354.41,185
2026-09-16 13:28:00,4354.469,4355.451,4353.228,4354.796,183
2026-09-16 13:29:00,4354.849,4355.444,4351.418,4352.027,254
2026-09-16 13:30:00,4352.147,4353.181,4350.247,4352.283,640
2026-09-16 13:31:00,4352.34,4354.319,4350.996,4351.667,546
2026-09-16 13:32:00,4351.543,4352.658,4349.942,4351.947,445
2026-09-16 13:33:00,4352.003,4354.199,4350.586,4351.322,430
2026-09-16 13:34:00,4351.378,4352.366,4348.066,4348.759,494
2026-09-16 13:35:00,4348.817,4350.735,4347.756,4349.204,556
2026-09-16 13:36:00,4349.44,4350.35,4346.712,4347.782,513
2026-09-16 13:37:00,4347.729,4348.799,4346.635,4347.711,416
2026-09-16 13:38:00,4347.782,4347.896,4345.174,4347.216,398
2026-09-16 13:39:00,4347.524,4347.739,4345.359,4345.935,441
2026-09-16 13:40:00,4345.879,4345.941,4343.687,4344.957,406
2026-09-16 13:41:00,4344.901,4347.033,4344.43,4345.152,373
2026-09-16 13:42:00,4345.357,4345.357,4342.562,4343.292,348
2026-09-16 13:43:00,4343.414,4344.479,4342.653,4343.739,287
2026-09-16 13:44:00,4343.787,4344.852,4340.252,4340.577,333
2026-09-16 13:45:00,4340.523,4344.424,4340.466,4343.702,425
2026-09-16 13:46:00,4343.649,4345.295,4343.226,4344.681,317
2026-09-16 13:47:00,4344.628,4345.985,4343.586,4344.537,305
2026-09-16 13:48:00,4344.593,4344.759,4341.196,4343.334,294
2026-09-16 13:49:00,4343.393,4343.663,4341.886,4342.799,224
2026-09-16 13:50:00,4342.699,4345.148,4342.113,4343.793,282
2026-09-16 13:51:00,4343.74,4343.951,4340.185,4340.825,260
2026-09-16 13:52:00,4340.773,4340.773,4337.701,4338.065,294
2026-09-16 13:53:00,4338.127,4339.053,4337.497,4338.982,295
2026-09-16 13:55:00,4338.771,4339.166,4337.123,4337.36,285
2026-09-16 13:56:00,4337.608,4337.608,4334.931,4336.718,304
2026-09-16 13:57:00,4336.781,4339.304,4335.747,4337.497,292
2026-09-16 13:58:00,4337.51,4338.036,4336.726,4337.0,162
2026-09-16 13:59:00,4337.055,4338.919,4336.304,4338.397,191
2026-09-16 14:00:00,4338.433,4339.335,4336.738,4336.984,403
2026-09-16 14:01:00,4336.927,4337.474,4335.244,4336.369,380
2026-09-16 14:02:00,4336.434,4336.734,4331.805,4332.343,351
2026-09-16 14:03:00,4332.208,4332.783,4330.311,4330.72,436
2026-09-16 14:04:00,4330.597,4331.512,4328.673,4328.686,443
2026-09-16 14:05:00,4328.345,4330.788,4326.243,4326.549,481
2026-09-16 14:06:00,4326.494,4326.834,4324.035,4325.667,368
2026-09-16 14:07:00,4325.604,4326.797,4324.792,4326.289,329
2026-09-16 14:08:00,4326.235,4329.56,4325.442,4329.442,302
2026-09-16 14:09:00,4329.383,4330.076,4328.238,4329.627,273
2026-09-16 14:10:00,4329.681,4335.122,4329.681,4334.622,307
2026-09-16 14:11:00,4334.652,4335.951,4334.078,4335.057,314
2026-09-16 14:12:00,4335.12,4337.98,4335.12,4337.707,258
2026-09-16 14:13:00,4337.777,4338.713,4336.332,4337.118,356
2026-09-16 14:14:00,4336.765,4339.896,4336.587,4339.896,292
2026-09-16 14:15:00,4340.225,4341.234,4338.029,4339.279,331
2026-09-16 14:16:00,4339.361,4339.575,4336.783,4336.783,302
2026-09-16 14:17:00,4336.986,4337.387,4334.958,4335.834,296
2026-09-16 14:18:00,4335.899,4336.676,4333.566,4333.868,290
2026-09-16 14:19:00,4333.95,4333.998,4332.178,4332.617,218
2026-09-16 14:20:00,4332.562,4333.382,4330.644,4333.213,297
2026-09-16 14:21:00,4332.885,4335.611,4332.023,4334.684,288
2026-09-16 14:22:00,4334.741,4336.005,4333.893,4334.646,215
2026-09-16 14:23:00,4334.594,4334.594,4332.331,4333.229,225
2026-09-16 14:24:00,4333.282,4334.512,4332.586,4332.947,191
2026-09-16 14:25:00,4332.824,4333.316,4331.843,4332.475,172
2026-09-16 14:26:00,4332.46,4335.205,4332.43,4334.646,235
2026-09-16 14:27:00,4334.593,4335.925,4333.568,4335.792,236
2026-09-16 14:28:00,4335.849,4336.902,4334.98,4335.71,226
2026-09-16 14:29:00,4335.76,4338.031,4335.76,4337.882,201
2026-09-16 14:30:00,4337.935,4338.617,4336.268,4336.327,153
2026-09-16 14:31:00,4336.262,4336.385,4334.312,4334.754,138
2026-09-16 14:32:00,4334.668,4336.896,4334.278,4336.549,129
2026-09-16 14:33:00,4336.212,4336.695,4334.73,4334.979,186
2026-09-16 14:34:00,4334.927,4337.002,4334.522,4336.571,212
2026-09-16 14:35:00,4336.519,4339.386,4336.389,4337.457,252
2026-09-16 14:36:00,4337.783,4338.86,4337.245,4337.418,177
2026-09-16 14:37:00,4337.289,4340.532,4337.232,4340.013,192
2026-09-16 14:38:00,4340.065,4342.181,4339.553,4341.981,194
2026-09-16 14:39:00,4342.309,4342.695,4340.653,4340.95,188
2026-09-16 14:40:00,4340.937,4342.458,4340.024,4341.816,235
2026-09-16 14:41:00,4341.868,4343.819,4341.189,4341.264,227
2026-09-16 14:42:00,4341.319,4342.382,4340.178,4341.677,289
2026-09-16 14:43:00,4341.732,4343.152,4341.314,4342.278,199
2026-09-16 14:44:00,4342.335,4346.073,4341.761,4345.371,373
2026-09-16 14:45:00,4345.458,4347.385,4344.86,4347.385,324
2026-09-16 14:46:00,4347.327,4348.551,4345.199,4347.782,280
2026-09-16 14:47:00,4347.729,4348.698,4345.938,4347.559,256
2026-09-16 14:48:00,4347.482,4349.211,4347.482,4348.53,242
2026-09-16 14:49:00,4348.478,4350.559,4347.988,4350.143,249
2026-09-16 14:50:00,4350.198,4354.47,4349.769,4352.962,330
2026-09-16 14:51:00,4352.879,4353.595,4351.984,4352.585,243
2026-09-16 14:52:00,4352.642,4353.405,4351.651,4352.285,283
2026-09-16 14:53:00,4352.339,4352.359,4350.88,4350.88,179
2026-09-16 14:54:00,4350.942,4351.196,4348.217,4348.414,230
2026-09-16 14:55:00,4348.513,4350.07,4347.521,4347.924,221
2026-09-16 14:56:00,4348.101,4349.633,4347.53,4348.939,202
2026-09-16 14:57:00,4349.272,4351.425,4348.76,4351.275,263
2026-09-16 14:58:00,4351.347,4354.098,4350.906,4353.621,322
2026-09-16 14:59:00,4353.68,4356.135,4353.68,4354.918,300
2026-09-16 15:00:00,4354.988,4357.113,4353.546,4357.113,510
2026-09-16 15:01:00,4357.17,4357.804,4353.484,4353.649,333
2026-09-16 15:02:00,4353.456,4353.933,4351.254,4351.492,262
2026-09-16 15:03:00,4351.282,4353.391,4351.282,4353.229,194
2026-09-16 15:04:00,4353.069,4353.648,4350.559,4350.786,294
2026-09-16 15:05:00,4350.845,4351.644,4350.563,4351.307,186
2026-09-16 15:06:00,4351.366,4352.265,4349.946,4351.53,169
2026-09-16 15:07:00,4351.132,4358.024,4350.572,4353.929,505
2026-09-16 15:08:00,4354.107,4355.654,4352.294,4354.655,530
2026-09-16 15:09:00,4354.435,4357.972,4353.885,4357.036,420
2026-09-16 15:10:00,4357.122,4358.147,4355.313,4355.888,291
2026-09-16 15:11:00,4355.953,4357.225,4353.959,4354.214,488
2026-09-16 15:12:00,4354.273,4354.568,4353.123,4353.172,299
2026-09-16 15:13:00,4353.224,4355.162,4353.222,4355.162,216
2026-09-16 15:14:00,4355.109,4356.057,4353.26,4353.284,253
2026-09-16 15:15:00,4353.272,4354.135,4351.221,4353.033,252
2026-09-16 15:16:00,4353.108,4355.245,4352.474,4353.579,251
2026-09-16 15:17:00,4353.781,4354.594,4351.663,4351.974,216
2026-09-16 15:18:00,4352.008,4353.999,4352.008,4353.391,168
2026-09-16 15:19:00,4353.443,4354.918,4353.005,4353.678,205
2026-09-16 15:20:00,4353.617,4353.946,4350.645,4351.246,226
2026-09-16 15:21:00,4351.192,4351.746,4350.842,4351.619,132
2026-09-16 15:22:00,4351.479,4352.21,4351.078,4351.51,190
2026-09-16 15:23:00,4351.452,4351.452,4350.007,4350.837,160
2026-09-16 15:24:00,4350.896,4351.863,4349.703,4349.85,243
2026-09-16 15:25:00,4349.788,4350.309,4347.756,4347.891,191
2026-09-16 15:26:00,4347.988,4348.182,4345.695,4346.117,232
2026-09-16 15:27:00,4346.175,4347.642,4345.634,4347.559,169
2026-09-16 15:28:00,4347.219,4347.8,4345.567,4345.943,141
2026-09-16 15:29:00,4345.734,4346.483,4344.003,4344.259,172
2026-09-16 15:30:00,4344.315,4345.323,4342.785,4344.823,304
2026-09-16 15:31:00,4344.569,4346.331,4344.312,4345.735,215
2026-09-16 15:32:00,4345.681,4346.042,4344.367,4344.485,165
2026-09-16 15:33:00,4344.538,4346.888,4344.303,4346.532,201
2026-09-16 15:34:00,4346.599,4348.679,4346.445,4347.688,185
2026-09-16 15:35:00,4347.806,4348.662,4347.09,4348.662,203
2026-09-16 15:36:00,4348.8,4352.393,4348.713,4351.396,184
2026-09-16 15:37:00,4351.343,4352.702,4350.626,4351.288,152
2026-09-16 15:38:00,4351.327,4352.084,4350.397,4351.656,147
2026-09-16 15:39:00,4351.514,4351.629,4349.787,4350.224,162
2026-09-16 15:40:00,4350.341,4350.96,4349.391,4350.31,142
2026-09-16 15:41:00,4350.344,4351.06,4349.968,4350.48,161
2026-09-16 15:42:00,4350.225,4351.292,4350.035,4350.296,141
2026-09-16 15:43:00,4350.297,4350.497,4349.327,4349.759,133
2026-09-16 15:44:00,4349.727,4350.955,4349.727,4350.725,115
2026-09-16 15:45:00,4350.452,4352.28,4350.046,4350.259,171
2026-09-16 15:46:00,4350.271,4352.053,4350.185,4351.015,143
2026-09-16 15:47:00,4350.873,4361.897,4350.814,4354.941,1869
2026-09-16 15:48:00,4354.887,4356.783,4353.195,4354.346,665
2026-09-16 15:49:00,4354.282,4354.847,4351.267,4353.289,404
2026-09-16 15:50:00,4353.119,4353.849,4350.191,4351.683,316
2026-09-16 15:51:00,4351.62,4353.258,4351.419,4352.68,273
2026-09-16 15:52:00,4352.618,4354.872,4351.639,4354.852,310
2026-09-16 15:53:00,4354.774,4355.208,4351.293,4351.604,251
2026-09-16 15:54:00,4351.577,4352.075,4350.981,4351.523,183
2026-09-16 15:55:00,4351.802,4352.522,4351.243,4351.74,183
2026-09-16 15:56:00,4351.61,4351.91,4349.828,4350.471,247
2026-09-16 15:57:00,4350.533,4351.76,4350.533,4351.76,162
2026-09-16 15:58:00,4352.117,4353.641,4351.648,4352.691,148
2026-09-16 15:59:00,4352.638,4353.256,4352.12,4352.898,168
2026-09-16 16:00:00,4352.759,4353.015,4351.078,4351.232,186
2026-09-16 16:01:00,4351.343,4352.556,4350.525,4351.695,231
2026-09-16 16:02:00,4351.658,4351.864,4350.032,4350.701,158
2026-09-16 16:03:00,4350.529,4350.943,4348.315,4348.836,196
2026-09-16 16:04:00,4349.226,4349.559,4347.852,4348.084,167
2026-09-16 16:05:00,4348.141,4348.439,4347.306,4347.509,136
2026-09-16 16:06:00,4347.56,4348.202,4346.624,4346.996,139
2026-09-16 16:07:00,4346.988,4348.86,4346.603,4348.547,132
2026-09-16 16:08:00,4348.49,4349.51,4347.851,4348.844,140
2026-09-16 16:09:00,4349.088,4349.721,4348.817,4349.721,120
2026-09-16 16:10:00,4349.854,4350.355,4349.229,4349.299,136
2026-09-16 16:11:00,4349.278,4350.922,4348.905,4350.47,140
2026-09-16 16:12:00,4350.271,4350.647,4348.255,4349.665,144
2026-09-16 16:13:00,4349.604,4351.324,4349.354,4351.094,125
2026-09-16 16:14:00,4350.976,4350.976,4349.398,4349.865,130
2026-09-16 16:15:00,4350.239,4352.184,4350.239,4351.756,174
2026-09-16 16:16:00,4351.695,4351.9,4351.076,4351.421,119
2026-09-16 16:17:00,4351.298,4351.651,4349.989,4350.321,126
2026-09-16 16:18:00,4350.191,4350.716,4349.657,4350.172,95
2026-09-16 16:19:00,4350.053,4350.053,4348.836,4349.416,110
2026-09-16 16:20:00,4349.41,4350.04,4349.129,4349.189,124
2026-09-16 16:21:00,4349.19,4349.429,4347.168,4347.307,163
2026-09-16 16:22:00,4347.278,4347.568,4346.671,4347.269,110
2026-09-16 16:23:00,4347.376,4348.142,4346.569,4347.471,111
2026-09-16 16:24:00,4347.144,4347.84,4346.753,4347.716,132
2026-09-16 16:25:00,4347.709,4348.33,4346.858,4347.927,166
2026-09-16 16:26:00,4347.93,4348.281,4346.06,4346.638,128
2026-09-16 16:27:00,4346.393,4346.844,4345.106,4345.106,147
2026-09-16 16:28:00,4345.322,4345.43,4344.322,4344.883,151
2026-09-16 16:29:00,4344.946,4346.575,4344.675,4345.988,161
2026-09-16 16:30:00,4345.863,4346.477,4345.034,4345.32,177
2026-09-16 16:31:00,4345.301,4347.737,4344.806,4347.442,154
2026-09-16 16:32:00,4347.449,4347.988,4346.409,4346.674,123
2026-09-16 16:33:00,4346.522,4348.064,4346.495,4347.873,130
2026-09-16 16:34:00,4347.815,4348.224,4347.218,4347.648,96
2026-09-16 16:35:00,4347.557,4348.504,4347.176,4347.605,134
2026-09-16 16:36:00,4347.391,4348.108,4346.125,4346.398,149
2026-09-16 16:37:00,4346.111,4346.645,4345.974,4346.525,74
2026-09-16 16:38:00,4346.18,4346.598,4345.21,4346.466,129
2026-09-16 16:39:00,4346.373,4347.551,4346.057,4347.138,103
2026-09-16 16:40:00,4346.969,4348.109,4346.838,4348.109,102
2026-09-16 16:41:00,4348.113,4348.414,4346.897,4347.265,151
2026-09-16 16:42:00,4347.538,4347.583,4346.744,4347.386,95
2026-09-16 16:43:00,4347.26,4347.437,4346.672,4347.159,82
2026-09-16 16:44:00,4347.042,4347.685,4346.945,4347.487,111
2026-09-16 16:45:00,4347.544,4348.317,4347.179,4347.47,103
2026-09-16 16:46:00,4347.736,4347.973,4346.975,4347.846,95
2026-09-16 16:47:00,4347.527,4347.878,4346.681,4347.87,106
2026-09-16 16:48:00,4347.817,4348.75,4347.091,4347.582,105
2026-09-16 16:49:00,4347.574,4348.041,4346.056,4346.101,116
2026-09-16 16:50:00,4346.044,4346.11,4343.771,4344.713,152
2026-09-16 16:51:00,4344.498,4344.873,4343.575,4344.288,120
2026-09-16 16:52:00,4344.134,4345.278,4343.936,4344.627,142
2026-09-16 16:53:00,4344.587,4345.525,4344.386,4345.426,94
2026-09-16 16:54:00,4345.182,4345.862,4344.866,4345.641,101
2026-09-16 16:55:00,4345.634,4347.588,4345.528,4347.222,91
2026-09-16 16:56:00,4346.944,4347.203,4345.229,4345.297,113
2026-09-16 16:57:00,4345.551,4346.516,4345.452,4346.51,110
2026-09-16 16:58:00,4346.513,4347.212,4346.263,4347.008,94
2026-09-16 16:59:00,4346.886,4347.115,4346.398,4346.569,106
2026-09-16 17:00:00,4346.312,4346.856,4344.921,4345.368,162
2026-09-16 17:01:00,4345.313,4345.313,4343.507,4343.874,160
2026-09-16 17:02:00,4343.548,4344.048,4342.975,4343.965,140
2026-09-16 17:03:00,4343.86,4345.065,4343.604,4344.37,137
2026-09-16 17:04:00,4344.428,4345.044,4344.014,4344.844,104
2026-09-16 17:05:00,4344.97,4345.701,4344.595,4345.367,116
2026-09-16 17:06:00,4345.654,4345.786,4343.995,4344.348,134
2026-09-16 17:07:00,4344.39,4345.083,4342.967,4343.45,122
2026-09-16 17:08:00,4343.504,4343.871,4342.918,4343.84,103
2026-09-16 17:09:00,4343.771,4343.859,4342.969,4343.046,85
2026-09-16 17:10:00,4343.355,4343.58,4341.887,4343.376,107
2026-09-16 17:11:00,4343.09,4343.416,4342.16,4342.369,91
2026-09-16 17:12:00,4342.422,4342.422,4341.62,4342.132,88
2026-09-16 17:13:00,4341.888,4343.022,4341.818,4342.416,129
2026-09-16 17:14:00,4342.296,4343.891,4342.176,4343.331,101
2026-09-16 17:15:00,4343.31,4344.244,4342.816,4343.549,139
2026-09-16 17:16:00,4343.494,4344.873,4342.869,4344.479,117
2026-09-16 17:17:00,4344.6,4344.827,4343.702,4343.702,105
2026-09-16 17:18:00,4343.721,4344.946,4343.535,4344.11,114
2026-09-16 17:19:00,4344.15,4345.131,4343.884,4344.511,130
2026-09-16 17:20:00,4344.511,4345.166,4343.647,4344.294,104
2026-09-16 17:21:00,4344.019,4344.109,4342.763,4343.044,105
2026-09-16 17:22:00,4343.013,4344.01,4342.715,4342.738,112
2026-09-16 17:23:00,4342.917,4343.508,4342.31,4343.298,112
2026-09-16 17:24:00,4343.626,4344.655,4343.488,4344.549,121
2026-09-16 17:25:00,4344.56,4346.015,4344.04,4345.855,129
2026-09-16 17:26:00,4345.886,4346.415,4345.43,4345.915,99
2026-09-16 17:27:00,4346.028,4347.502,4345.616,4346.352,137
2026-09-16 17:28:00,4346.499,4346.924,4345.449,4345.659,109
2026-09-16 17:29:00,4345.6,4347.19,4344.906,4346.618,197
2026-09-16 17:30:00,4346.73,4348.355,4346.385,4347.669,146
2026-09-16 17:31:00,4347.797,4347.85,4345.889,4347.014,122
2026-09-16 17:32:00,4347.005,4348.54,4346.609,4348.54,97
2026-09-16 17:33:00,4348.319,4350.11,4348.274,4349.489,156
2026-09-16 17:34:00,4349.431,4349.795,4348.715,4349.024,103
2026-09-16 17:35:00,4348.743,4349.389,4347.881,4348.539,123
2026-09-16 17:36:00,4348.477,4348.548,4346.202,4346.894,177
2026-09-16 17:37:00,4346.743,4347.439,4346.325,4346.674,157
2026-09-16 17:38:00,4346.87,4347.116,4345.223,4345.595,130
2026-09-16 17:39:00,4345.625,4345.625,4343.524,4343.725,156
2026-09-16 17:40:00,4344.006,4344.746,4343.33,4344.632,121
2026-09-16 17:41:00,4344.62,4345.256,4344.358,4344.832,110
2026-09-16 17:42:00,4344.822,4345.312,4343.97,4345.044,121
2026-09-16 17:43:00,4345.283,4345.328,4343.52,4344.276,136
2026-09-16 17:44:00,4344.215,4345.151,4343.566,4344.095,134
2026-09-16 17:45:00,4344.218,4344.526,4343.214,4343.575,167
2026-09-16 17:46:00,4343.631,4344.889,4343.391,4344.606,123
2026-09-16 17:47:00,4344.607,4345.03,4342.589,4342.589,146
2026-09-16 17:48:00,4342.847,4344.973,4342.719,4344.701,131
2026-09-16 17:49:00,4344.938,4345.138,4344.209,4344.61,90
2026-09-16 17:50:00,4344.705,4345.14,4343.962,4344.551,125
2026-09-16 17:51:00,4344.496,4346.605,4344.06,4346.527,153
2026-09-16 17:52:00,4346.543,4346.615,4344.225,4346.542,189
2026-09-16 17:53:00,4346.546,4348.924,4346.546,4348.463,243
2026-09-16 17:54:00,4348.518,4350.189,4347.699,4347.699,223
2026-09-16 17:55:00,4347.702,4349.813,4347.672,4347.939,152
2026-09-16 17:56:00,4347.876,4350.96,4347.55,4350.775,217
2026-09-16 17:57:00,4350.733,4354.548,4350.226,4353.7,304
2026-09-16 17:58:00,4353.646,4356.183,4352.56,4353.446,370
2026-09-16 17:59:00,4353.368,4365.377,4352.597,4360.598,988
2026-09-16 18:00:00,4360.461,4368.171,4336.769,4338.76,918
2026-09-16 18:01:00,4338.822,4340.069,4315.409,4317.61,816
2026-09-16 18:02:00,4317.743,4332.686,4313.512,4332.146,811
2026-09-16 18:03:00,4331.869,4341.275,4329.025,4329.866,2732
2026-09-16 18:04:00,4329.509,4331.608,4322.792,4324.98,2322
2026-09-16 18:05:00,4324.866,4336.4,4324.813,4332.657,2362
2026-09-16 18:06:00,4332.598,4337.603,4331.195,4331.986,1809
2026-09-16 18:07:00,4331.904,4342.902,4331.433,4342.091,1563
2026-09-16 18:08:00,4341.751,4345.99,4334.605,4339.216,1734
2026-09-16 18:09:00,4339.333,4339.463,4330.76,4330.831,1415
2026-09-16 18:10:00,4331.169,4334.572,4325.319,4328.231,1550
2026-09-16 18:11:00,4328.569,4330.278,4315.248,4315.918,1743
2026-09-16 18:12:00,4315.861,4316.712,4310.211,4313.0,1964
2026-09-16 18:13:00,4312.916,4314.367,4308.311,4310.973,1807
2026-09-16 18:14:00,4310.909,4315.319,4307.659,4310.568,1424
2026-09-16 18:15:00,4310.238,4314.191,4308.126,4309.087,1472
2026-09-16 18:16:00,4309.226,4314.29,4307.735,4308.417,1552
2026-09-16 18:17:00,4308.516,4314.514,4306.003,4312.754,1460
2026-09-16 18:18:00,4312.808,4316.188,4308.54,4309.654,1529
2026-09-16 18:19:00,4309.717,4321.81,4308.908,4318.407,1585
2026-09-16 18:20:00,4318.326,4322.638,4313.763,4320.37,1318
2026-09-16 18:21:00,4320.463,4324.2,4319.683,4321.274,1047
2026-09-16 18:22:00,4321.33,4322.859,4314.974,4316.216,1172
2026-09-16 18:23:00,4316.159,4320.005,4313.534,4319.838,1065
2026-09-16 18:24:00,4319.911,4322.073,4314.536,4315.104,978
2026-09-16 18:25:00,4314.967,4316.57,4312.447,4313.218,953
2026-09-16 18:26:00,4313.09,4317.76,4313.09,4315.401,905
2026-09-16 18:27:00,4315.098,4317.134,4312.681,4314.333,878
2026-09-16 18:28:00,4314.369,4317.382,4312.356,4315.993,1143
2026-09-16 18:29:00,4316.047,4323.11,4315.829,4322.397,810
2026-09-16 18:30:00,4322.342,4323.844,4310.881,4313.12,1308
2026-09-16 18:31:00,4312.789,4313.473,4303.056,4307.74,1949
2026-09-16 18:32:00,4307.637,4310.088,4292.226,4292.733,2284
2026-09-16 18:33:00,4292.599,4293.874,4282.642,4285.646,3491
2026-09-16 18:34:00,4285.999,4288.237,4280.544,4284.68,2423
2026-09-16 18:35:00,4285.016,4285.165,4273.334,4274.814,2241
2026-09-16 18:36:00,4274.707,4279.01,4265.948,4266.762,2064
2026-09-16 18:37:00,4266.821,4272.382,4261.92,4271.932,2344
2026-09-16 18:38:00,4272.199,4285.012,4272.001,4283.617,2030
2026-09-16 18:39:00,4283.563,4292.126,4282.501,4291.062,1703
2026-09-16 18:40:00,4291.007,4293.227,4285.632,4288.33,1560
2026-09-16 18:41:00,4288.386,4293.791,4284.886,4291.632,1422
2026-09-16 18:42:00,4291.569,4301.663,4291.218,4300.701,1335
2026-09-16 18:43:00,4300.628,4309.053,4299.44,4307.904,1322
2026-09-16 18:44:00,4307.973,4311.159,4300.913,4300.968,1406
2026-09-16 18:45:00,4300.907,4307.678,4299.292,4304.515,2104
2026-09-16 18:46:00,4304.46,4306.173,4301.5,4302.221,1547
2026-09-16 18:47:00,4302.266,4302.786,4295.26,4296.105,1599
2026-09-16 18:48:00,4296.162,4297.743,4292.892,4293.268,1257
2026-09-16 18:49:00,4293.202,4296.504,4291.419,4293.732,1342
2026-09-16 18:50:00,4293.699,4296.828,4287.62,4288.664,1385
2026-09-16 18:51:00,4288.583,4288.583,4281.024,4286.001,1329
2026-09-16 18:52:00,4285.92,4286.07,4271.935,4272.25,1685
2026-09-16 18:53:00,4272.145,4276.876,4265.554,4265.682,2113
2026-09-16 18:54:00,4266.047,4270.844,4263.864,4265.944,1462
2026-09-16 18:55:00,4266.118,4272.991,4264.207,4268.929,1646
2026-09-16 18:56:00,4269.047,4269.709,4259.559,4264.923,1699
2026-09-16 18:57:00,4264.861,4266.978,4256.866,4266.716,1638
2026-09-16 18:58:00,4266.779,4270.721,4264.725,4270.003,1542
2026-09-16 18:59:00,4269.844,4270.997,4259.824,4261.038,1572
2026-09-16 19:00:00,4261.124,4277.698,4260.138,4277.499,1783
2026-09-16 19:01:00,4277.579,4280.454,4273.311,4274.973,1482
2026-09-16 19:02:00,4275.03,4279.812,4272.675,4278.826,1741
2026-09-16 19:03:00,4278.862,4287.553,4277.443,4286.717,1670
2026-09-16 19:04:00,4286.782,4286.836,4272.603,4273.542,1887
2026-09-16 19:05:00,4273.474,4273.474,4267.618,4271.311,1395
2026-09-16 19:06:00,4271.258,4273.271,4266.6,4266.787,1288
2026-09-16 19:07:00,4266.883,4266.941,4252.865,4258.244,2735
2026-09-16 19:08:00,4258.186,4259.193,4253.591,4256.223,1777
2026-09-16 19:09:00,4256.266,4259.483,4249.863,4250.57,1998
2026-09-16 19:10:00,4250.514,4250.991,4234.93,4236.977,1856
2026-09-16 19:11:00,4237.031,4247.736,4236.468,4244.738,1979
2026-09-16 19:12:00,4244.837,4245.893,4238.295,4240.76,2130
2026-09-16 19:13:00,4240.837,4246.265,4237.812,4245.945,1718
2026-09-16 19:14:00,4245.824,4253.362,4244.378,4252.549,1458
2026-09-16 19:15:00,4252.604,4257.81,4249.505,4250.677,1418
2026-09-16 19:16:00,4250.734,4251.232,4245.53,4246.989,1382
2026-09-16 19:17:00,4247.186,4250.193,4242.796,4245.06,1638
2026-09-16 19:18:00,4244.909,4249.76,4241.547,4241.84,1442
2026-09-16 19:19:00,4242.187,4248.355,4240.362,4248.355,1372
2026-09-16 19:20:00,4248.206,4251.116,4244.402,4245.029,1528
2026-09-16 19:21:00,4244.96,4251.237,4244.921,4249.516,1124
2026-09-16 19:22:00,4249.644,4252.311,4244.854,4247.268,1219
2026-09-16 19:23:00,4247.21,4253.013,4245.649,4251.851,1311
2026-09-16 19:24:00,4252.19,4253.087,4250.436,4252.81,1232
2026-09-16 19:25:00,4252.754,4257.431,4246.058,4247.277,1372
2026-09-16 19:26:00,4247.224,4247.997,4242.874,4244.133,1241
2026-09-16 19:27:00,4244.208,4249.94,4239.303,4248.425,1346
2026-09-16 19:28:00,4248.811,4250.507,4242.731,4243.608,1175
2026-09-16 19:29:00,4243.475,4253.943,4243.475,4253.552,1060
2026-09-16 19:30:00,4253.622,4259.115,4253.022,4258.182,1341
2026-09-16 19:31:00,4257.84,4261.049,4256.39,4258.799,1063
2026-09-16 19:32:00,4258.86,4262.248,4256.128,4259.44,1131
2026-09-16 19:33:00,4259.496,4262.407,4256.467,4260.524,1172
2026-09-16 19:34:00,4260.472,4263.676,4256.7,4263.666,939
2026-09-16 19:35:00,4263.324,4265.66,4259.77,4261.611,1089
2026-09-16 19:36:00,4261.683,4262.014,4256.476,4258.196,1093
2026-09-16 19:37:00,4258.25,4263.338,4257.74,4262.807,1052
2026-09-16 19:38:00,4262.919,4264.025,4256.86,4257.905,1065
2026-09-16 19:39:00,4257.97,4265.376,4257.17,4263.309,888
2026-09-16 19:40:00,4263.171,4265.299,4260.982,4264.805,900
2026-09-16 19:41:00,4264.74,4271.29,4263.995,4266.525,1173
2026-09-16 19:42:00,4266.454,4268.448,4263.732,4266.099,986
2026-09-16 19:43:00,4266.293,4268.374,4264.926,4267.412,810
2026-09-16 19:44:00,4267.293,4269.902,4264.357,4265.369,803
2026-09-16 19:45:00,4265.295,4270.383,4264.4,4269.788,972
2026-09-16 19:46:00,4269.84,4271.421,4266.232,4267.851,832
2026-09-16 19:47:00,4267.916,4269.598,4265.239,4267.003,633
2026-09-16 19:48:00,4267.029,4269.32,4265.414,4267.303,564
2026-09-16 19:49:00,4267.562,4272.039,4267.47,4269.715,561
2026-09-16 19:50:00,4269.849,4276.304,4269.758,4275.732,679
2026-09-16 19:51:00,4275.531,4276.746,4271.07,4271.07,551
2026-09-16 19:52:00,4271.263,4273.584,4268.941,4272.632,657
2026-09-16 19:53:00,4272.704,4273.582,4267.833,4268.787,606
2026-09-16 19:54:00,4268.72,4273.373,4267.523,4272.83,478
2026-09-16 19:55:00,4272.884,4274.038,4270.001,4272.584,611
2026-09-16 19:56:00,4272.473,4272.874,4269.684,4271.019,379
2026-09-16 19:57:00,4270.965,4272.843,4268.566,4270.292,465
2026-09-16 19:58:00,4270.62,4271.643,4269.257,4271.465,345
2026-09-16 19:59:00,4271.484,4273.623,4271.089,4272.17,310
2026-09-16 20:00:00,4272.019,4272.945,4269.285,4269.751,568
2026-09-16 20:01:00,4269.813,4271.281,4267.349,4268.754,412
2026-09-16 20:02:00,4268.758,4272.793,4268.758,4271.84,249
2026-09-16 20:03:00,4271.768,4274.058,4270.265,4271.988,346
2026-09-16 20:04:00,4272.113,4272.329,4269.91,4270.868,198
2026-09-16 20:05:00,4270.815,4271.868,4269.787,4269.851,231
2026-09-16 20:06:00,4269.844,4270.611,4268.599,4269.922,216
2026-09-16 20:07:00,4269.976,4270.681,4268.932,4269.376,183
2026-09-16 20:08:00,4269.441,4270.268,4266.19,4266.19,220
2026-09-16 20:09:00,4266.132,4267.704,4265.922,4267.176,267
2026-09-16 20:10:00,4267.46,4267.712,4264.544,4265.518,236
2026-09-16 20:11:00,4265.651,4265.651,4264.293,4264.812,170
2026-09-16 20:12:00,4264.881,4265.83,4263.287,4265.508,291
2026-09-16 20:13:00,4265.801,4266.291,4264.134,4265.321,239
2026-09-16 20:14:00,4265.271,4266.777,4264.699,4264.839,193
2026-09-16 20:15:00,4264.785,4265.639,4263.908,4264.724,184
2026-09-16 20:16:00,4264.785,4265.732,4263.305,4265.073,222
2026-09-16 20:17:00,4264.825,4266.799,4264.817,4266.551,167
2026-09-16 20:18:00,4266.605,4268.384,4266.033,4267.878,239
2026-09-16 20:19:00,4267.619,4267.735,4265.231,4266.298,200
2026-09-16 20:20:00,4266.356,4266.864,4263.997,4265.025,207
2026-09-16 20:21:00,4265.257,4265.9,4263.206,4265.074,228
2026-09-16 20:22:00,4264.928,4265.296,4263.389,4263.921,173
2026-09-16 20:23:00,4263.942,4263.942,4261.768,4261.768,164
2026-09-16 20:24:00,4261.918,4262.985,4260.684,4260.684,159
2026-09-16 20:25:00,4260.913,4261.623,4258.553,4259.5,203
2026-09-16 20:26:00,4259.554,4259.625,4258.078,4259.125,184
2026-09-16 20:27:00,4259.073,4260.144,4258.163,4258.493,207
2026-09-16 20:28:00,4258.492,4259.153,4257.58,4257.839,220
2026-09-16 20:29:00,4257.915,4260.575,4257.034,4260.529,254
2026-09-16 20:30:00,4260.189,4260.53,4258.42,4259.262,208
2026-09-16 20:31:00,4258.839,4262.231,4258.778,4262.175,180
2026-09-16 20:32:00,4261.85,4261.85,4258.979,4259.415,181
2026-09-16 20:33:00,4259.535,4259.776,4258.153,4259.409,154
2026-09-16 20:34:00,4259.29,4262.215,4259.231,4261.569,169
2026-09-16 20:35:00,4261.514,4262.59,4260.571,4260.571,187
2026-09-16 20:36:00,4260.604,4261.015,4259.506,4260.471,141
2026-09-16 20:37:00,4260.531,4264.824,4260.523,4264.763,232
2026-09-16 20:38:00,4264.598,4265.055,4262.763,4263.914,199
2026-09-16 20:39:00,4264.061,4264.987,4263.343,4264.718,126
2026-09-16 20:40:00,4264.969,4264.969,4263.931,4264.536,123
2026-09-16 20:41:00,4264.566,4265.432,4263.735,4263.955,148
2026-09-16 20:42:00,4264.027,4264.027,4261.918,4262.879,189
2026-09-16 20:43:00,4262.933,4263.736,4261.968,4262.842,160
2026-09-16 20:44:00,4262.836,4262.887,4261.87,4262.291,126
2026-09-16 20:45:00,4262.235,4263.89,4262.235,4263.752,167
2026-09-16 20:46:00,4263.743,4264.329,4262.725,4263.515,141
2026-09-16 20:47:00,4263.395,4265.146,4263.395,4264.282,149
2026-09-16 20:48:00,4264.356,4264.87,4263.878,4264.656,125
2026-09-16 20:49:00,4264.458,4266.519,4264.387,4265.624,152
2026-09-16 20:50:00,4265.686,4265.953,4263.069,4263.187,191
2026-09-16 20:51:00,4263.141,4264.268,4262.741,4263.006,166
2026-09-16 20:52:00,4262.945,4263.348,4262.488,4262.633,126
2026-09-16 20:53:00,4262.641,4263.456,4261.402,4261.402,176
2026-09-16 20:54:00,4261.62,4262.964,4261.025,4262.413,185
2026-09-16 20:55:00,4262.466,4263.739,4262.414,4262.957,162
2026-09-16 20:56:00,4262.957,4263.311,4262.176,4262.772,137
2026-09-16 20:57:00,4262.708,4264.278,4262.705,4264.278,120
2026-09-16 22:00:00,4262.999,4263.307,4262.255,4262.905,45
2026-09-16 22:01:00,4262.927,4262.927,4258.277,4260.577,211
2026-09-16 22:02:00,4260.472,4262.323,4259.988,4261.541,135
2026-09-16 22:03:00,4261.538,4262.007,4260.365,4261.068,87
2026-09-16 22:04:00,4261.074,4261.09,4259.197,4259.866,76
2026-09-16 22:05:00,4259.965,4262.228,4258.8,4261.888,155
2026-09-16 22:06:00,4262.045,4262.737,4261.086,4261.411,135
2026-09-16 22:07:00,4261.653,4261.806,4260.785,4261.806,83
2026-09-16 22:08:00,4261.718,4261.831,4260.437,4261.21,85
2026-09-16 22:09:00,4261.273,4261.668,4260.513,4261.291,76
2026-09-16 22:10:00,4261.236,4261.915,4259.461,4259.697,119
2026-09-16 22:11:00,4259.707,4260.6,4259.648,4260.536,75
2026-09-16 22:12:00,4260.306,4261.772,4260.305,4261.348,80
2026-09-16 22:13:00,4261.278,4261.945,4261.137,4261.333,67
2026-09-16 22:14:00,4261.336,4261.862,4259.261,4259.261,108
2026-09-16 22:15:00,4259.249,4259.586,4258.07,4258.597,70
2026-09-16 22:16:00,4258.61,4258.721,4257.349,4258.259,73
2026-09-16 22:17:00,4258.23,4258.568,4257.673,4258.121,62
2026-09-16 22:18:00,4257.848,4258.022,4257.49,4257.953,52
2026-09-16 22:19:00,4258.013,4259.958,4257.947,4259.566,72
2026-09-16 22:20:00,4259.565,4261.124,4259.352,4261.124,88
2026-09-16 22:21:00,4261.122,4261.702,4260.446,4261.603,94
2026-09-16 22:22:00,4261.605,4262.188,4260.804,4260.831,95
2026-09-16 22:23:00,4260.833,4261.662,4259.775,4260.666,87
2026-09-16 22:24:00,4260.398,4261.281,4260.398,4261.045,67
2026-09-16 22:25:00,4261.293,4262.423,4260.765,4261.984,91
2026-09-16 22:26:00,4261.763,4263.401,4261.763,4263.206,81
2026-09-16 22:27:00,4263.187,4263.595,4262.064,4262.263,82
2026-09-16 22:28:00,4262.283,4262.809,4261.883,4262.566,86
2026-09-16 22:29:00,4262.504,4262.504,4261.529,4262.227,89
2026-09-16 22:30:00,4262.284,4264.696,4261.914,4264.486,142
2026-09-16 22:31:00,4264.444,4264.635,4263.605,4264.081,74
2026-09-16 22:32:00,4263.818,4266.961,4263.43,4266.559,105
2026-09-16 22:33:00,4266.504,4269.238,4266.325,4268.465,175
2026-09-16 22:34:00,4268.413,4270.282,4268.208,4269.674,133
2026-09-16 22:35:00,4269.72,4272.31,4269.057,4271.912,187
2026-09-16 22:36:00,4271.846,4273.97,4271.262,4271.952,189
2026-09-16 22:37:00,4271.864,4275.566,4271.089,4274.696,230
2026-09-16 22:38:00,4274.762,4276.145,4273.224,4275.738,163
2026-09-16 22:39:00,4275.506,4275.971,4274.133,4274.93,130
2026-09-16 22:40:00,4274.985,4275.209,4274.098,4274.116,62
2026-09-16 22:41:00,4274.419,4274.419,4273.422,4273.713,72
2026-09-16 22:42:00,4273.711,4274.197,4273.23,4273.577,70
2026-09-16 22:43:00,4273.297,4273.561,4272.78,4273.01,63
2026-09-16 22:44:00,4273.028,4273.529,4272.834,4273.229,51
2026-09-16 22:45:00,4273.185,4274.138,4273.185,4273.685,80
2026-09-16 22:46:00,4273.694,4273.694,4272.909,4273.642,69
2026-09-16 22:47:00,4273.517,4273.641,4272.183,4272.444,63
2026-09-16 22:48:00,4272.193,4272.618,4270.594,4271.298,87
2026-09-16 22:49:00,4271.024,4271.578,4270.038,4270.316,84
2026-09-16 22:50:00,4270.293,4270.293,4269.281,4269.559,71
2026-09-16 22:51:00,4269.847,4269.957,4267.867,4268.284,93
2026-09-16 22:52:00,4267.989,4268.204,4265.857,4266.041,122
2026-09-16 22:53:00,4265.989,4266.772,4265.494,4266.459,95
2026-09-16 22:54:00,4266.406,4268.56,4266.389,4267.58,103
2026-09-16 22:55:00,4267.589,4267.804,4267.077,4267.119,63
2026-09-16 22:56:00,4267.353,4267.421,4266.06,4267.031,72
2026-09-16 22:57:00,4266.97,4267.782,4266.362,4267.53,83
2026-09-16 22:58:00,4267.463,4271.441,4267.463,4269.529,171
2026-09-16 22:59:00,4269.501,4269.788,4266.632,4266.67,117
2026-09-16 23:00:00,4266.726,4266.726,4265.052,4265.579,127
2026-09-16 23:01:00,4265.636,4267.997,4264.441,4267.35,158
2026-09-16 23:02:00,4267.292,4267.292,4263.498,4263.774,139
2026-09-16 23:03:00,4263.737,4264.493,4262.042,4263.338,144
2026-09-16 23:04:00,4263.252,4265.866,4263.134,4265.235,199
2026-09-16 23:05:00,4265.462,4266.092,4263.796,4263.971,148
2026-09-16 23:06:00,4263.91,4264.969,4263.111,4264.065,164
2026-09-16 23:07:00,4264.055,4264.055,4258.667,4260.335,194
2026-09-16 23:08:00,4260.378,4264.575,4260.011,4264.347,162
2026-09-16 23:09:00,4264.236,4264.926,4263.367,4264.29,184
2026-09-16 23:10:00,4264.532,4265.573,4263.922,4264.787,118
2026-09-16 23:11:00,4264.797,4266.773,4264.53,4265.995,114
2026-09-16 23:12:00,4266.005,4266.229,4261.229,4261.714,200
2026-09-16 23:13:00,4261.654,4263.174,4261.429,4262.101,154
2026-09-16 23:14:00,4262.023,4263.149,4261.749,4262.806,125
2026-09-16 23:15:00,4262.807,4262.988,4261.895,4262.686,79
2026-09-16 23:16:00,4262.416,4263.87,4262.188,4263.66,117
2026-09-16 23:17:00,4263.715,4266.745,4263.715,4266.599,143
2026-09-16 23:18:00,4266.586,4270.338,4266.194,4268.378,209
2026-09-16 23:19:00,4268.321,4269.687,4268.18,4268.288,124
2026-09-16 23:20:00,4268.69,4270.093,4268.529,4269.895,129
2026-09-16 23:21:00,4269.91,4272.279,4269.273,4271.629,132
2026-09-16 23:22:00,4271.82,4272.896,4271.226,4272.637,116
2026-09-16 23:23:00,4272.571,4273.053,4271.599,4272.23,111
2026-09-16 23:24:00,4272.264,4272.298,4270.457,4271.185,126
2026-09-16 23:25:00,4271.507,4271.892,4269.724,4270.041,116
2026-09-16 23:26:00,4270.313,4270.63,4269.676,4269.969,78
2026-09-16 23:27:00,4269.996,4271.049,4269.996,4270.509,98
2026-09-16 23:28:00,4270.509,4272.046,4270.509,4271.89,91
2026-09-16 23:29:00,4272.154,4272.209,4270.877,4271.999,81
2026-09-16 23:30:00,4271.761,4273.311,4271.256,4271.815,100
2026-09-16 23:31:00,4271.807,4272.917,4271.12,4272.917,89
2026-09-16 23:32:00,4272.532,4272.808,4270.947,4272.416,113
2026-09-16 23:33:00,4272.667,4273.149,4272.082,4272.255,77
2026-09-16 23:34:00,4272.251,4272.272,4271.033,4271.105,85
2026-09-16 23:35:00,4271.054,4271.323,4270.396,4270.982,68
2026-09-16 23:36:00,4271.007,4271.007,4269.065,4269.121,83
2026-09-16 23:37:00,4269.182,4269.92,4268.413,4269.503,105
2026-09-16 23:38:00,4269.558,4270.896,4269.402,4270.171,106
2026-09-16 23:39:00,4270.479,4271.786,4270.209,4271.144,76
2026-09-16 23:40:00,4270.841,4274.691,4269.083,4271.5,403
2026-09-16 23:41:00,4271.631,4271.794,4269.637,4270.932,169
2026-09-16 23:42:00,4270.646,4271.939,4270.323,4271.514,107
2026-09-16 23:43:00,4271.4,4273.96,4271.4,4273.257,203
2026-09-16 23:44:00,4273.16,4274.306,4272.829,4273.695,172
2026-09-16 23:45:00,4273.759,4274.101,4271.52,4272.467,211
2026-09-16 23:46:00,4272.618,4274.435,4272.289,4274.376,219
2026-09-16 23:47:00,4274.266,4274.945,4273.338,4273.853,205
2026-09-16 23:48:00,4273.8,4274.595,4272.346,4274.462,141
2026-09-16 23:49:00,4274.766,4275.496,4272.983,4273.654,250
2026-09-16 23:50:00,4273.658,4275.368,4272.589,4273.11,202
2026-09-16 23:51:00,4273.166,4274.211,4272.285,4273.175,121
2026-09-16 23:52:00,4273.205,4274.8,4272.861,4273.554,200
2026-09-16 23:53:00,4273.495,4273.603,4272.53,4272.644,95
2026-09-16 23:54:00,4272.655,4273.145,4271.376,4272.165,134
2026-09-16 23:55:00,4272.114,4273.606,4271.613,4273.134,130
2026-09-16 23:56:00,4273.084,4273.979,4271.903,4272.544,143
2026-09-16 23:57:00,4272.61,4273.157,4272.115,4272.797,152
2026-09-16 23:58:00,4272.851,4273.156,4271.874,4272.284,160
2026-09-16 23:59:00,4272.504,4272.517,4271.385,4271.571,144
2026-09-17 00:00:00,4271.627,4272.378,4268.887,4269.981,459
2026-09-17 00:01:00,4269.851,4270.274,4266.44,4266.8,371
2026-09-17 00:02:00,4266.852,4269.718,4266.026,4269.439,236
2026-09-17 00:03:00,4269.29,4270.308,4268.358,4270.149,234
2026-09-17 00:04:00,4270.096,4270.213,4268.245,4269.385,186
2026-09-17 00:05:00,4269.331,4273.197,4268.703,4271.76,356
2026-09-17 00:06:00,4271.818,4274.115,4271.058,4271.903,299
2026-09-17 00:07:00,4271.915,4274.085,4271.536,4273.412,211
2026-09-17 00:08:00,4273.425,4274.516,4271.314,4274.152,303
2026-09-17 00:09:00,4274.095,4278.091,4273.237,4277.753,317
2026-09-17 00:10:00,4277.813,4279.813,4277.813,4279.598,312
2026-09-17 00:11:00,4279.38,4285.493,4279.38,4285.379,422
2026-09-17 00:12:00,4285.164,4286.44,4284.969,4284.969,266
2026-09-17 00:13:00,4285.034,4285.244,4281.381,4283.545,324
2026-09-17 00:14:00,4283.491,4286.852,4283.099,4284.861,332
2026-09-17 00:15:00,4285.002,4286.009,4282.893,4285.691,364
2026-09-17 00:16:00,4285.745,4286.572,4283.165,4284.066,374
2026-09-17 00:17:00,4284.195,4285.736,4283.657,4284.268,255
2026-09-17 00:18:00,4284.593,4284.593,4282.382,4282.764,247
2026-09-17 00:19:00,4282.709,4284.547,4281.449,4284.547,279
2026-09-17 00:20:00,4284.493,4287.993,4283.994,4287.541,287
2026-09-17 00:21:00,4287.597,4289.527,4285.675,4289.018,392
2026-09-17 00:22:00,4288.966,4289.683,4286.074,4286.352,344
2026-09-17 00:23:00,4286.565,4287.746,4284.964,4286.499,294
2026-09-17 00:24:00,4286.442,4288.437,4285.698,4286.691,247
2026-09-17 00:25:00,4286.47,4286.769,4284.362,4285.216,282
2026-09-17 00:26:00,4285.229,4285.703,4284.057,4284.125,280
2026-09-17 00:27:00,4284.343,4286.763,4284.343,4286.208,288
2026-09-17 00:28:00,4285.896,4286.874,4283.774,4283.804,329
2026-09-17 00:29:00,4283.75,4285.22,4283.287,4284.62,302
2026-09-17 00:30:00,4284.573,4286.453,4283.702,4284.448,305
2026-09-17 00:31:00,4284.122,4286.633,4281.989,4286.296,266
2026-09-17 00:32:00,4286.37,4287.615,4285.086,4286.56,209
2026-09-17 00:33:00,4286.501,4288.919,4285.172,4288.568,237
2026-09-17 00:34:00,4288.582,4288.92,4284.777,4285.095,281
2026-09-17 00:35:00,4285.149,4287.462,4285.149,4287.004,236
2026-09-17 00:36:00,4287.098,4287.892,4283.643,4284.277,343
2026-09-17 00:37:00,4284.274,4285.487,4284.106,4285.487,147
2026-09-17 00:38:00,4285.709,4289.044,4285.532,4287.646,220
2026-09-17 00:39:00,4287.978,4288.787,4287.458,4287.754,178
2026-09-17 00:40:00,4287.5,4290.452,4287.109,4289.297,244
2026-09-17 00:41:00,4289.346,4291.454,4289.077,4291.173,253
2026-09-17 00:42:00,4291.224,4292.377,4290.531,4291.052,183
2026-09-17 00:43:00,4290.864,4290.934,4289.379,4290.465,211
2026-09-17 00:44:00,4290.484,4290.702,4288.257,4288.844,242
2026-09-17 00:45:00,4288.451,4289.355,4287.869,4288.769,209
2026-09-17 00:46:00,4288.764,4288.764,4285.174,4286.451,242
2026-09-17 00:47:00,4286.514,4286.994,4284.801,4285.574,236
2026-09-17 00:48:00,4285.663,4286.819,4284.874,4285.141,225
2026-09-17 00:49:00,4285.201,4285.421,4284.26,4284.74,234
2026-09-17 00:50:00,4284.793,4285.624,4282.794,4283.147,278
2026-09-17 00:51:00,4283.199,4283.663,4280.564,4280.875,229
2026-09-17 00:52:00,4281.111,4281.785,4279.176,4280.635,298
2026-09-17 00:53:00,4280.231,4280.375,4278.814,4279.663,286
2026-09-17 00:54:00,4279.324,4280.335,4278.557,4280.235,253
2026-09-17 00:55:00,4280.181,4280.403,4278.708,4279.304,268
2026-09-17 00:56:00,4279.32,4280.498,4278.23,4279.779,322
2026-09-17 00:57:00,4279.722,4280.526,4277.987,4278.333,297
2026-09-17 00:58:00,4278.355,4279.21,4276.976,4277.397,275
2026-09-17 00:59:00,4277.102,4282.145,4277.102,4280.239,809
2026-09-17 01:00:00,4280.295,4292.866,4280.122,4291.856,1597
2026-09-17 01:01:00,4291.911,4295.034,4290.072,4294.744,709
2026-09-17 01:02:00,4294.749,4296.067,4293.279,4294.246,568
2026-09-17 01:03:00,4294.317,4295.891,4292.27,4295.852,620
2026-09-17 01:04:00,4295.641,4298.543,4295.343,4297.262,672
2026-09-17 01:05:00,4297.189,4300.036,4296.525,4299.81,547
2026-09-17 01:06:00,4299.747,4306.303,4299.453,4306.12,402
2026-09-17 01:07:00,4306.056,4309.952,4305.63,4308.162,548
2026-09-17 01:08:00,4308.135,4310.173,4304.367,4304.653,578
2026-09-17 01:09:00,4304.58,4306.138,4303.395,4303.395,504
2026-09-17 01:10:00,4303.341,4303.358,4300.437,4300.701,513
2026-09-17 01:11:00,4300.761,4302.432,4298.914,4299.984,451
2026-09-17 01:12:00,4300.124,4300.238,4294.884,4296.103,471
2026-09-17 01:13:00,4296.05,4298.805,4294.739,4297.524,405
2026-09-17 01:14:00,4297.643,4298.931,4295.773,4298.611,284
2026-09-17 01:15:00,4298.55,4301.522,4298.204,4299.155,484
2026-09-17 01:16:00,4298.822,4300.819,4298.262,4300.426,370
2026-09-17 01:17:00,4300.483,4304.14,4300.483,4302.63,277
2026-09-17 01:18:00,4302.687,4305.852,4302.687,4305.781,286
2026-09-17 01:19:00,4305.723,4307.039,4302.459,4302.988,344
2026-09-17 01:20:00,4302.672,4303.892,4301.209,4303.458,276
2026-09-17 01:21:00,4303.375,4306.504,4302.803,4305.839,244
2026-09-17 01:22:00,4305.784,4308.935,4305.399,4308.01,230
2026-09-17 01:23:00,4307.995,4308.288,4306.106,4306.165,203
2026-09-17 01:24:00,4306.221,4310.417,4306.158,4309.712,243
2026-09-17 01:25:00,4309.66,4312.699,4309.66,4311.742,298
2026-09-17 01:26:00,4311.794,4312.102,4309.055,4309.656,257
2026-09-17 01:27:00,4309.59,4309.991,4308.342,4308.633,273
2026-09-17 01:28:00,4308.54,4309.952,4308.052,4309.49,253
2026-09-17 01:29:00,4309.431,4310.862,4308.409,4309.744,277
2026-09-17 01:30:00,4309.803,4310.147,4308.495,4309.276,228
2026-09-17 01:31:00,4309.334,4313.364,4309.019,4313.307,287
2026-09-17 01:32:00,4313.518,4315.347,4312.49,4313.923,453
2026-09-17 01:33:00,4314.055,4314.955,4312.056,4312.39,335
2026-09-17 01:34:00,4312.717,4313.976,4312.352,4313.968,279
2026-09-17 01:35:00,4313.915,4316.736,4313.353,4315.81,374
2026-09-17 01:36:00,4315.752,4318.22,4315.578,4316.147,280
2026-09-17 01:37:00,4316.194,4317.617,4314.212,4315.969,407
2026-09-17 01:38:00,4316.189,4316.189,4314.101,4315.051,323
2026-09-17 01:39:00,4314.897,4314.897,4311.184,4312.173,337
2026-09-17 01:40:00,4312.137,4313.043,4311.434,4312.103,299
2026-09-17 01:41:00,4312.175,4313.059,4309.188,4309.688,307
2026-09-17 01:42:00,4309.634,4310.926,4309.084,4310.163,299
2026-09-17 01:43:00,4310.106,4311.72,4309.525,4310.628,287
2026-09-17 01:44:00,4310.826,4311.364,4308.843,4309.377,312
2026-09-17 01:45:00,4309.08,4310.128,4307.693,4308.067,294
2026-09-17 01:46:00,4308.145,4308.787,4306.735,4308.787,309
2026-09-17 01:47:00,4308.695,4309.773,4307.2,4307.873,261
2026-09-17 01:48:00,4307.584,4311.128,4307.465,4310.661,328
2026-09-17 01:49:00,4310.75,4311.992,4310.591,4310.809,171
2026-09-17 01:50:00,4311.086,4311.339,4309.11,4310.112,292
2026-09-17 01:51:00,4310.18,4310.18,4306.034,4306.86,276
2026-09-17 01:52:00,4306.808,4308.389,4306.754,4306.807,236
2026-09-17 01:53:00,4306.467,4307.022,4305.61,4306.785,221
2026-09-17 01:54:00,4306.838,4306.838,4305.039,4305.49,213
2026-09-17 01:55:00,4305.434,4306.061,4302.605,4302.608,285
2026-09-17 01:56:00,4302.558,4303.088,4300.609,4300.931,322
2026-09-17 01:57:00,4300.878,4302.213,4299.916,4300.521,230
2026-09-17 01:58:00,4300.58,4300.632,4298.724,4299.452,273
2026-09-17 01:59:00,4299.518,4300.388,4298.211,4300.388,295
2026-09-17 02:00:00,4300.445,4300.611,4298.635,4299.619,335
2026-09-17 02:01:00,4299.475,4301.107,4298.071,4299.337,289
2026-09-17 02:02:00,4299.552,4299.552,4297.082,4299.184,213
2026-09-17 02:03:00,4299.376,4300.446,4297.937,4298.05,244
2026-09-17 02:04:00,4297.876,4298.931,4297.357,4298.748,265
2026-09-17 02:05:00,4298.684,4299.364,4295.632,4295.794,320
2026-09-17 02:06:00,4295.851,4296.1,4288.516,4289.414,569
2026-09-17 02:07:00,4289.477,4290.621,4286.761,4290.028,535
2026-09-17 02:08:00,4290.098,4290.856,4287.968,4287.968,403
2026-09-17 02:09:00,4287.912,4288.162,4285.037,4287.579,502
2026-09-17 02:10:00,4287.447,4289.194,4286.519,4288.825,370
2026-09-17 02:11:00,4288.726,4289.057,4284.383,4284.758,327
2026-09-17 02:12:00,4284.638,4286.206,4281.076,4281.501,433
2026-09-17 02:13:00,4281.562,4285.607,4281.138,4284.947,421
2026-09-17 02:14:00,4285.067,4287.424,4284.439,4287.151,292
2026-09-17 02:15:00,4287.271,4288.401,4286.832,4287.606,214
2026-09-17 02:16:00,4287.85,4288.711,4286.814,4287.242,243
2026-09-17 02:17:00,4287.299,4290.421,4287.244,4290.186,192
2026-09-17 02:18:00,4290.26,4290.628,4288.564,4288.932,256
2026-09-17 02:19:00,4288.85,4292.25,4288.85,4292.25,210
2026-09-17 02:20:00,4292.198,4292.841,4291.248,4291.312,191
2026-09-17 02:21:00,4291.356,4292.64,4291.356,4291.934,137
2026-09-17 02:22:00,4292.056,4292.326,4291.257,4291.506,108
2026-09-17 02:23:00,4291.301,4291.999,4290.487,4291.546,177
2026-09-17 02:24:00,4291.538,4291.613,4289.909,4290.236,199
2026-09-17 02:25:00,4290.105,4291.624,4290.105,4291.49,184
2026-09-17 02:26:00,4291.614,4292.54,4291.242,4291.475,169
2026-09-17 02:27:00,4291.531,4291.979,4290.811,4291.462,180
2026-09-17 02:28:00,4291.469,4292.05,4290.273,4290.344,156
2026-09-17 02:29:00,4290.498,4292.201,4289.561,4291.496,199
2026-09-17 02:30:00,4291.821,4292.804,4289.201,4289.499,531
2026-09-17 02:31:00,4289.525,4289.688,4286.97,4288.83,356
2026-09-17 02:32:00,4288.713,4289.214,4287.078,4288.103,223
2026-09-17 02:33:00,4288.088,4288.634,4286.444,4286.574,270
2026-09-17 02:34:00,4286.555,4287.302,4284.62,4285.952,224
2026-09-17 02:35:00,4286.018,4286.411,4283.945,4286.021,364
2026-09-17 02:36:00,4286.064,4286.285,4283.261,4284.971,269
2026-09-17 02:37:00,4285.024,4286.604,4284.071,4284.071,304
2026-09-17 02:38:00,4284.398,4286.224,4284.052,4285.579,282
2026-09-17 02:39:00,4285.508,4286.327,4283.014,4283.673,317
2026-09-17 02:40:00,4283.347,4284.738,4281.346,4283.133,336
2026-09-17 02:41:00,4283.186,4285.079,4283.104,4284.754,267
2026-09-17 02:42:00,4284.94,4287.976,4284.844,4287.697,251
2026-09-17 02:43:00,4287.636,4290.846,4287.636,4289.411,241
2026-09-17 02:44:00,4289.355,4290.07,4288.02,4288.689,248
2026-09-17 02:45:00,4288.613,4289.546,4283.941,4285.011,417
2026-09-17 02:46:00,4284.976,4285.942,4284.582,4285.543,284
2026-09-17 02:47:00,4285.482,4285.762,4282.621,4283.339,227
2026-09-17 02:48:00,4283.37,4284.243,4282.833,4282.988,247
2026-09-17 02:49:00,4283.05,4284.171,4282.522,4283.45,271
2026-09-17 02:50:00,4283.443,4284.039,4281.835,4281.835,256
2026-09-17 02:51:00,4282.122,4282.525,4279.518,4279.951,371
2026-09-17 02:52:00,4280.003,4281.471,4278.816,4280.764,303
2026-09-17 02:53:00,4280.71,4280.916,4276.287,4276.773,318
2026-09-17 02:54:00,4276.713,4277.0,4274.415,4276.142,354
2026-09-17 02:55:00,4276.096,4278.285,4274.014,4277.647,310
2026-09-17 02:56:00,4277.635,4278.725,4277.15,4277.946,215
2026-09-17 02:57:00,4277.833,4280.269,4276.99,4280.122,219
2026-09-17 02:58:00,4280.177,4280.633,4276.933,4276.933,250
2026-09-17 02:59:00,4277.195,4277.569,4275.496,4277.091,227
2026-09-17 03:00:00,4277.236,4279.221,4276.812,4279.129,324
2026-09-17 03:01:00,4279.122,4279.63,4277.17,4278.129,298
2026-09-17 03:02:00,4278.075,4279.966,4277.818,4279.156,211
2026-09-17 03:03:00,4279.292,4280.616,4278.707,4280.454,199
2026-09-17 03:04:00,4280.51,4282.962,4280.198,4282.523,197
2026-09-17 03:05:00,4282.47,4282.74,4281.018,4282.499,192
2026-09-17 03:06:00,4282.72,4284.98,4282.315,4284.98,178
2026-09-17 03:07:00,4284.65,4285.339,4283.916,4285.177,204
2026-09-17 03:08:00,4285.125,4286.391,4284.866,4284.882,210
2026-09-17 03:09:00,4284.94,4286.51,4284.742,4284.829,180
2026-09-17 03:10:00,4284.509,4286.016,4284.478,4284.792,197
2026-09-17 03:11:00,4284.787,4284.928,4282.424,4282.97,193
2026-09-17 03:12:00,4282.917,4284.335,4282.825,4283.757,207
2026-09-17 03:13:00,4283.685,4283.685,4282.169,4283.234,168
2026-09-17 03:14:00,4283.288,4285.396,4282.668,4285.272,209
2026-09-17 03:15:00,4285.208,4286.571,4284.338,4284.518,236
2026-09-17 03:16:00,4284.521,4285.737,4283.233,4283.529,210
2026-09-17 03:17:00,4283.589,4285.902,4283.589,4285.593,176
2026-09-17 03:18:00,4285.387,4285.822,4284.499,4284.886,141
2026-09-17 03:19:00,4284.558,4287.115,4284.558,4286.295,184
2026-09-17 03:20:00,4286.494,4286.735,4284.358,4284.599,195
2026-09-17 03:21:00,4284.322,4285.272,4284.069,4284.316,150
2026-09-17 03:22:00,4284.709,4284.979,4283.167,4283.62,168
2026-09-17 03:23:00,4283.62,4283.961,4283.153,4283.253,107
2026-09-17 03:24:00,4283.297,4285.954,4283.29,4285.816,141
2026-09-17 03:25:00,4285.901,4286.363,4285.268,4285.73,142
2026-09-17 03:26:00,4285.438,4287.062,4285.438,4286.26,155
2026-09-17 03:27:00,4286.498,4286.72,4285.005,4285.899,145
2026-09-17 03:28:00,4285.877,4286.608,4285.002,4285.181,123
2026-09-17 03:29:00,4285.164,4286.028,4284.891,4285.902,158
2026-09-17 03:30:00,4285.757,4290.97,4285.624,4290.707,273
2026-09-17 03:31:00,4290.899,4291.541,4290.053,4290.582,207
2026-09-17 03:32:00,4290.6,4291.548,4289.881,4291.035,248
2026-09-17 03:33:00,4290.917,4292.365,4290.349,4290.552,187
2026-09-17 03:34:00,4290.488,4290.968,4289.936,4290.208,169
2026-09-17 03:35:00,4290.111,4291.261,4289.817,4290.706,185
2026-09-17 03:36:00,4290.777,4291.38,4289.807,4291.145,209
2026-09-17 03:37:00,4291.197,4292.465,4290.893,4291.361,156
2026-09-17 03:38:00,4291.308,4293.791,4291.033,4293.015,269
2026-09-17 03:39:00,4292.725,4293.15,4291.545,4292.323,196
2026-09-17 03:40:00,4292.301,4292.728,4291.642,4292.058,193
2026-09-17 03:41:00,4292.057,4293.277,4292.057,4293.024,224
2026-09-17 03:42:00,4293.077,4296.2,4293.077,4294.267,235
2026-09-17 03:43:00,4294.323,4295.666,4293.922,4295.666,155
2026-09-17 03:44:00,4295.663,4296.187,4295.113,4295.763,160
2026-09-17 03:45:00,4295.888,4296.508,4295.508,4295.72,132
2026-09-17 03:46:00,4295.778,4296.724,4295.457,4296.338,145
2026-09-17 03:47:00,4296.013,4296.652,4293.554,4294.22,165
2026-09-17 03:48:00,4294.201,4296.403,4293.847,4295.869,170
2026-09-17 03:49:00,4295.996,4296.68,4294.477,4295.565,210
2026-09-17 03:50:00,4295.507,4295.781,4294.475,4295.204,129
2026-09-17 03:51:00,4295.097,4295.685,4294.056,4294.609,122
2026-09-17 03:52:00,4294.608,4295.096,4294.368,4294.951,121
2026-09-17 03:53:00,4294.958,4296.226,4294.411,4295.786,144
2026-09-17 03:54:00,4296.058,4296.884,4295.554,4296.529,105
2026-09-17 03:55:00,4296.339,4297.19,4295.474,4295.766,123
2026-09-17 03:56:00,4295.829,4296.971,4295.819,4296.183,106
2026-09-17 03:57:00,4296.183,4297.533,4296.183,4296.733,118
2026-09-17 03:58:00,4296.617,4297.182,4296.178,4296.698,117
2026-09-17 03:59:00,4296.641,4296.894,4295.808,4296.078,128
2026-09-17 04:00:00,4296.041,4296.073,4294.347,4294.65,166
2026-09-17 04:01:00,4294.442,4295.139,4293.887,4294.367,136
2026-09-17 04:02:00,4294.769,4295.377,4294.232,4294.356,134
2026-09-17 04:03:00,4294.359,4295.537,4293.623,4295.065,111
2026-09-17 04:04:00,4295.065,4295.065,4294.031,4294.242,112
2026-09-17 04:05:00,4293.969,4294.978,4293.183,4293.267,145
2026-09-17 04:06:00,4293.543,4294.559,4293.191,4293.596,119
2026-09-17 04:07:00,4293.7,4295.379,4293.223,4294.743,170
2026-09-17 04:08:00,4294.797,4296.25,4294.383,4295.898,164
2026-09-17 04:09:00,4295.918,4296.692,4295.509,4296.129,95
2026-09-17 04:10:00,4296.149,4296.177,4294.59,4294.841,103
2026-09-17 04:11:00,4295.083,4295.395,4294.299,4294.31,110
2026-09-17 04:12:00,4294.583,4294.746,4292.923,4292.985,98
2026-09-17 04:13:00,4293.227,4293.827,4292.856,4293.411,91
2026-09-17 04:14:00,4293.176,4294.466,4293.004,4293.518,137
2026-09-17 04:15:00,4293.83,4293.957,4293.003,4293.285,114
2026-09-17 04:16:00,4293.294,4294.127,4292.325,4293.171,207
2026-09-17 04:17:00,4293.132,4293.728,4292.675,4293.095,128
2026-09-17 04:18:00,4293.491,4293.662,4292.946,4293.396,99
2026-09-17 04:19:00,4293.449,4294.044,4292.879,4293.141,161
2026-09-17 04:20:00,4293.09,4294.596,4291.898,4294.596,193
2026-09-17 04:21:00,4294.376,4295.795,4294.011,4295.139,182
2026-09-17 04:22:00,4295.346,4295.376,4294.046,4294.314,149
2026-09-17 04:23:00,4294.367,4294.915,4293.943,4294.162,127
2026-09-17 04:24:00,4294.139,4294.255,4293.373,4293.832,146
2026-09-17 04:25:00,4293.566,4294.285,4291.542,4291.801,166
2026-09-17 04:26:00,4291.9,4292.321,4290.926,4291.789,150
2026-09-17 04:27:00,4291.641,4292.311,4291.354,4292.17,125
2026-09-17 04:28:00,4292.175,4292.673,4291.74,4292.007,115
2026-09-17 04:29:00,4292.146,4292.417,4291.092,4291.407,78
2026-09-17 04:30:00,4291.09,4291.345,4290.279,4290.795,104
2026-09-17 04:31:00,4290.716,4293.296,4290.716,4292.654,152
2026-09-17 04:32:00,4292.773,4293.111,4291.209,4291.835,94
2026-09-17 04:33:00,4291.626,4292.16,4290.835,4291.411,116
2026-09-17 04:34:00,4291.416,4292.612,4290.859,4291.396,115
2026-09-17 04:35:00,4291.183,4292.746,4291.183,4292.375,78
2026-09-17 04:36:00,4292.635,4296.064,4291.982,4295.406,205
2026-09-17 04:37:00,4295.693,4296.654,4294.453,4294.607,159
2026-09-17 04:38:00,4294.665,4296.097,4294.344,4295.768,118
2026-09-17 04:39:00,4295.712,4296.632,4294.764,4295.164,132
2026-09-17 04:40:00,4295.179,4295.247,4293.449,4293.597,142
2026-09-17 04:41:00,4293.606,4294.727,4292.947,4294.122,130
2026-09-17 04:42:00,4293.805,4294.13,4292.915,4293.589,112
2026-09-17 04:43:00,4293.403,4296.485,4293.396,4295.739,204
2026-09-17 04:44:00,4295.78,4296.293,4295.058,4295.058,100
2026-09-17 04:45:00,4295.332,4297.956,4295.238,4297.318,147
2026-09-17 04:46:00,4297.215,4298.982,4296.782,4297.947,169
2026-09-17 04:47:00,4297.885,4298.259,4297.222,4297.598,117
2026-09-17 04:48:00,4297.477,4298.477,4297.237,4298.317,134
2026-09-17 04:49:00,4298.366,4298.381,4296.766,4296.992,111
2026-09-17 04:50:00,4297.025,4297.433,4295.736,4296.666,125
2026-09-17 04:51:00,4296.686,4297.599,4295.291,4297.599,175
2026-09-17 04:52:00,4297.329,4298.889,4297.141,4297.828,174
2026-09-17 04:53:00,4298.132,4298.132,4296.691,4297.651,141
2026-09-17 04:54:00,4297.66,4297.946,4297.12,4297.343,103
2026-09-17 04:55:00,4297.399,4297.695,4295.774,4296.519,144
2026-09-17 04:56:00,4296.742,4298.037,4296.33,4297.434,99
2026-09-17 04:57:00,4297.715,4298.628,4297.473,4297.661,108
2026-09-17 04:58:00,4297.883,4298.057,4296.807,4297.041,90
2026-09-17 04:59:00,4297.056,4297.783,4296.915,4297.554,87
2026-09-17 05:00:00,4297.256,4298.29,4296.563,4297.611,183
2026-09-17 05:01:00,4297.558,4298.832,4297.116,4297.961,194
2026-09-17 05:02:00,4297.907,4299.101,4297.752,4298.771,116
2026-09-17 05:03:00,4298.825,4299.164,4297.127,4297.346,159
2026-09-17 05:04:00,4297.634,4298.184,4296.77,4297.989,105
2026-09-17 05:05:00,4297.721,4298.109,4296.963,4297.114,124
2026-09-17 05:06:00,4297.387,4297.669,4296.707,4297.139,133
2026-09-17 05:07:00,4297.142,4297.981,4296.755,4297.445,104
2026-09-17 05:08:00,4297.362,4297.558,4296.5,4297.267,149
2026-09-17 05:09:00,4297.334,4297.798,4297.028,4297.028,81
2026-09-17 05:10:00,4297.083,4297.539,4295.199,4295.345,148
2026-09-17 05:11:00,4295.358,4295.705,4294.565,4295.232,104
2026-09-17 05:12:00,4294.945,4295.715,4294.027,4294.767,107
2026-09-17 05:13:00,4294.853,4296.078,4294.685,4295.048,153
2026-09-17 05:14:00,4294.983,4294.983,4293.972,4294.266,74
2026-09-17 05:15:00,4294.202,4294.202,4291.77,4292.372,208
2026-09-17 05:16:00,4292.359,4292.592,4291.258,4291.685,145
2026-09-17 05:17:00,4292.087,4293.063,4291.651,4291.781,154
2026-09-17 05:18:00,4291.78,4291.806,4289.303,4289.372,147
2026-09-17 05:19:00,4289.319,4289.532,4288.13,4288.437,107
2026-09-17 05:20:00,4288.437,4288.437,4286.627,4286.694,129
2026-09-17 05:21:00,4286.805,4287.284,4285.748,4286.653,165
2026-09-17 05:22:00,4286.926,4287.246,4286.481,4286.89,148
2026-09-17 05:23:00,4286.871,4287.225,4285.736,4286.499,159
2026-09-17 05:24:00,4286.529,4287.269,4285.293,4287.062,129
2026-09-17 05:25:00,4287.115,4287.863,4286.423,4287.572,157
2026-09-17 05:26:00,4287.837,4288.129,4286.553,4287.034,143
2026-09-17 05:27:00,4287.065,4287.613,4286.563,4287.235,120
2026-09-17 05:28:00,4287.5,4287.998,4287.113,4287.759,139
2026-09-17 05:29:00,4287.846,4287.898,4286.146,4286.15,145
2026-09-17 05:30:00,4286.254,4291.625,4286.179,4290.589,592
2026-09-17 05:31:00,4290.536,4293.208,4289.459,4292.129,390
2026-09-17 05:32:00,4292.188,4294.87,4291.67,4293.344,258
2026-09-17 05:33:00,4293.343,4294.808,4293.282,4294.6,207
2026-09-17 05:34:00,4294.658,4296.949,4293.751,4294.774,372
2026-09-17 05:35:00,4294.83,4296.006,4293.666,4295.435,256
2026-09-17 05:36:00,4295.488,4295.566,4292.397,4293.005,270
2026-09-17 05:37:00,4293.125,4294.449,4292.519,4293.481,251
2026-09-17 05:38:00,4293.327,4297.11,4293.149,4295.867,291
2026-09-17 05:39:00,4295.582,4296.955,4294.58,4296.955,208
2026-09-17 05:40:00,4297.03,4297.797,4295.866,4296.692,252
2026-09-17 05:41:00,4296.544,4296.994,4294.331,4295.232,254
2026-09-17 05:42:00,4295.407,4297.591,4294.98,4295.734,252
2026-09-17 05:43:00,4295.457,4297.0,4295.457,4296.55,195
2026-09-17 05:44:00,4296.498,4298.148,4296.234,4296.809,219
2026-09-17 05:45:00,4297.166,4299.005,4296.45,4297.093,289
2026-09-17 05:46:00,4297.146,4297.463,4295.787,4296.987,235
2026-09-17 05:47:00,4296.865,4297.507,4295.955,4297.169,253
2026-09-17 05:48:00,4297.285,4299.464,4297.096,4298.651,242
2026-09-17 05:49:00,4298.625,4298.786,4296.309,4297.861,233
2026-09-17 05:50:00,4297.659,4300.538,4297.55,4300.028,245
2026-09-17 05:51:00,4300.08,4301.186,4299.51,4301.186,223
2026-09-17 05:52:00,4301.05,4301.836,4299.853,4300.838,171
2026-09-17 05:53:00,4300.896,4302.812,4300.472,4302.317,213
2026-09-17 05:54:00,4302.329,4303.67,4301.872,4303.344,172
2026-09-17 05:55:00,4303.215,4304.965,4302.811,4304.872,176
2026-09-17 05:56:00,4304.712,4305.451,4302.94,4303.467,235
2026-09-17 05:57:00,4303.075,4304.703,4302.251,4302.7,260
2026-09-17 05:58:00,4303.0,4304.299,4302.628,4303.947,195
2026-09-17 05:59:00,4304.001,4304.881,4303.927,4304.335,180
2026-09-17 06:00:00,4304.259,4306.516,4304.155,4305.552,312
2026-09-17 06:01:00,4305.49,4307.436,4304.245,4304.417,238
2026-09-17 06:02:00,4304.472,4306.188,4304.321,4305.634,229
2026-09-17 06:03:00,4305.69,4308.751,4305.69,4307.976,235
2026-09-17 06:04:00,4308.034,4308.853,4305.852,4306.453,273
2026-09-17 06:05:00,4306.107,4308.105,4305.781,4307.48,267
2026-09-17 06:06:00,4307.597,4309.9,4307.486,4308.179,359
2026-09-17 06:07:00,4308.232,4308.99,4307.934,4308.668,223
2026-09-17 06:08:00,4308.721,4310.855,4308.079,4309.305,238
2026-09-17 06:09:00,4309.378,4310.358,4308.359,4309.96,252
2026-09-17 06:10:00,4310.028,4311.989,4309.697,4311.15,256
2026-09-17 06:11:00,4311.093,4311.548,4309.42,4311.221,263
2026-09-17 06:12:00,4311.163,4312.318,4309.569,4310.151,244
2026-09-17 06:13:00,4310.48,4310.617,4308.601,4309.674,279
2026-09-17 06:14:00,4309.795,4312.533,4309.455,4311.798,250
2026-09-17 06:15:00,4311.859,4312.389,4307.26,4307.516,279
2026-09-17 06:16:00,4307.455,4307.508,4305.139,4305.599,255
2026-09-17 06:17:00,4305.547,4306.445,4304.677,4306.314,267
2026-09-17 06:18:00,4306.367,4307.59,4305.936,4306.736,230
2026-09-17 06:19:00,4306.671,4307.819,4305.73,4307.206,194
2026-09-17 06:20:00,4307.263,4308.121,4306.585,4307.28,222
2026-09-17 06:21:00,4307.432,4307.511,4305.655,4305.778,207
2026-09-17 06:22:00,4306.044,4308.774,4305.848,4307.308,188
2026-09-17 06:23:00,4307.315,4307.601,4305.351,4305.865,169
2026-09-17 06:24:00,4305.986,4308.236,4305.986,4307.297,176
2026-09-17 06:25:00,4307.245,4308.64,4307.156,4307.65,192
2026-09-17 06:26:00,4307.306,4310.259,4306.864,4309.971,235
2026-09-17 06:27:00,4309.698,4310.293,4308.853,4309.726,211
2026-09-17 06:28:00,4309.862,4309.922,4309.205,4309.432,204
2026-09-17 06:29:00,4309.374,4313.112,4309.092,4311.895,242
2026-09-17 06:30:00,4311.842,4313.096,4310.945,4312.183,305
2026-09-17 06:31:00,4312.389,4315.003,4311.995,4314.856,259
2026-09-17 06:32:00,4314.767,4315.296,4312.183,4312.649,261
2026-09-17 06:33:00,4312.526,4314.004,4312.463,4313.337,358
2026-09-17 06:34:00,4313.272,4313.974,4312.44,4312.694,232
2026-09-17 06:35:00,4312.862,4313.056,4310.407,4310.724,265
2026-09-17 06:36:00,4310.934,4311.303,4309.527,4309.763,200
2026-09-17 06:37:00,4309.706,4310.329,4307.937,4308.027,226
2026-09-17 06:38:00,4308.017,4308.145,4306.577,4307.982,187
2026-09-17 06:39:00,4308.042,4308.206,4305.86,4306.399,259
2026-09-17 06:40:00,4306.492,4307.997,4306.022,4307.358,201
2026-09-17 06:41:00,4307.297,4307.929,4306.472,4307.687,220
2026-09-17 06:42:00,4307.8,4308.574,4307.046,4308.256,221
2026-09-17 06:43:00,4308.202,4309.243,4307.989,4308.506,203
2026-09-17 06:44:00,4308.47,4309.88,4307.35,4309.381,255
2026-09-17 06:45:00,4309.316,4310.204,4307.899,4308.991,231
2026-09-17 06:46:00,4309.185,4309.971,4307.71,4308.048,270
2026-09-17 06:47:00,4308.354,4308.354,4307.004,4307.534,253
2026-09-17 06:48:00,4307.597,4310.008,4307.237,4309.568,235
2026-09-17 06:49:00,4309.686,4312.005,4309.364,4310.272,201
2026-09-17 06:50:00,4310.002,4310.21,4308.31,4308.666,143
2026-09-17 06:51:00,4308.639,4308.973,4306.613,4307.084,203
2026-09-17 06:52:00,4307.414,4308.391,4306.877,4307.94,216
2026-09-17 06:53:00,4307.88,4310.769,4306.756,4310.562,268
2026-09-17 06:54:00,4310.552,4311.089,4309.703,4310.042,180
2026-09-17 06:55:00,4310.187,4310.414,4308.6,4309.039,174
2026-09-17 06:56:00,4308.987,4311.462,4308.373,4310.95,205
2026-09-17 06:57:00,4311.224,4311.452,4309.721,4310.51,166
2026-09-17 06:58:00,4310.562,4311.023,4309.704,4310.987,175
2026-09-17 06:59:00,4311.086,4311.112,4309.758,4310.967,243
2026-09-17 07:00:00,4310.875,4311.199,4309.148,4310.683,383
2026-09-17 07:01:00,4310.678,4313.624,4310.636,4312.971,302
2026-09-17 07:02:00,4313.09,4313.531,4311.428,4311.89,208
2026-09-17 07:03:00,4311.944,4313.126,4311.071,4311.878,212
2026-09-17 07:04:00,4311.869,4312.845,4311.377,4311.883,220
2026-09-17 07:05:00,4311.764,4314.815,4311.529,4314.49,228
2026-09-17 07:06:00,4314.627,4315.082,4313.685,4314.377,188
2026-09-17 07:07:00,4314.429,4315.639,4314.066,4314.066,191
2026-09-17 07:08:00,4314.14,4315.151,4313.907,4314.401,178
2026-09-17 07:09:00,4314.532,4315.776,4313.869,4314.76,222
2026-09-17 07:10:00,4314.814,4319.733,4314.814,4318.961,250
2026-09-17 07:11:00,4318.893,4321.705,4318.406,4320.271,247
2026-09-17 07:12:00,4320.391,4320.919,4318.49,4318.983,204
2026-09-17 07:13:00,4318.907,4320.51,4318.907,4320.169,213
2026-09-17 07:14:00,4320.1,4323.297,4320.075,4322.764,300
2026-09-17 07:15:00,4322.753,4327.735,4322.74,4326.284,314
2026-09-17 07:16:00,4326.23,4327.55,4325.877,4326.906,297
2026-09-17 07:17:00,4327.028,4329.389,4326.714,4327.921,281
2026-09-17 07:18:00,4327.972,4328.09,4325.236,4325.975,264
2026-09-17 07:19:00,4326.301,4326.789,4323.564,4324.059,270
2026-09-17 07:20:00,4323.977,4324.166,4321.895,4322.052,253
2026-09-17 07:21:00,4322.105,4322.627,4319.488,4319.835,286
2026-09-17 07:22:00,4319.78,4322.189,4319.335,4320.924,306
2026-09-17 07:23:00,4320.93,4322.584,4320.499,4322.584,206
2026-09-17 07:24:00,4322.405,4325.428,4321.695,4324.768,275
2026-09-17 07:25:00,4324.768,4325.698,4324.381,4324.706,196
2026-09-17 07:26:00,4324.651,4326.422,4324.003,4325.897,176
2026-09-17 07:27:00,4326.108,4329.168,4325.752,4328.435,286
2026-09-17 07:28:00,4328.382,4329.7,4327.709,4328.429,256
2026-09-17 07:29:00,4328.315,4329.895,4328.315,4329.073,235
2026-09-17 07:30:00,4329.135,4332.559,4329.135,4332.559,348
2026-09-17 07:31:00,4332.287,4333.176,4330.859,4331.301,236
2026-09-17 07:32:00,4331.314,4333.872,4330.598,4333.872,208
2026-09-17 07:33:00,4333.576,4334.729,4333.127,4333.219,180
2026-09-17 07:34:00,4333.264,4334.265,4332.337,4332.45,189
2026-09-17 07:35:00,4332.394,4332.394,4329.639,4330.028,246
2026-09-17 07:36:00,4330.063,4332.767,4329.941,4332.542,219
2026-09-17 07:37:00,4332.599,4332.633,4330.546,4331.218,221
2026-09-17 07:38:00,4331.274,4331.957,4330.73,4331.853,147
2026-09-17 07:39:00,4332.122,4334.425,4331.311,4334.423,285
2026-09-17 07:40:00,4334.209,4335.158,4332.205,4332.38,216
2026-09-17 07:41:00,4332.591,4332.948,4329.937,4330.37,254
2026-09-17 07:42:00,4330.424,4330.931,4329.243,4330.419,188
2026-09-17 07:43:00,4330.147,4331.076,4329.984,4330.209,150
2026-09-17 07:44:00,4330.127,4331.323,4330.048,4331.212,138
2026-09-17 07:45:00,4331.272,4331.989,4329.971,4330.172,192
2026-09-17 07:46:00,4330.204,4334.817,4329.62,4333.499,238
2026-09-17 07:47:00,4333.376,4335.132,4332.482,4334.948,237
2026-09-17 07:48:00,4334.734,4335.375,4332.374,4332.848,199
2026-09-17 07:49:00,4332.753,4333.966,4332.099,4332.382,179
2026-09-17 07:50:00,4332.098,4332.372,4330.978,4330.978,186
2026-09-17 07:51:00,4331.206,4331.727,4330.224,4331.592,172
2026-09-17 07:52:00,4331.653,4331.922,4330.097,4330.188,184
2026-09-17 07:53:00,4330.244,4330.787,4329.476,4329.996,171
2026-09-17 07:54:00,4330.139,4330.426,4327.561,4327.708,168
2026-09-17 07:55:00,4327.779,4327.93,4325.016,4325.173,226
2026-09-17 07:56:00,4325.5,4325.736,4323.793,4324.445,215
2026-09-17 07:57:00,4324.508,4325.898,4324.444,4325.654,194
2026-09-17 07:58:00,4325.599,4326.749,4324.886,4326.529,161
2026-09-17 07:59:00,4326.844,4327.951,4326.387,4326.992,159
2026-09-17 08:00:00,4327.094,4327.871,4325.744,4326.978,263
2026-09-17 08:01:00,4327.312,4328.06,4326.439,4327.373,218
2026-09-17 08:02:00,4327.643,4328.141,4326.105,4327.555,228
2026-09-17 08:03:00,4327.432,4327.85,4325.61,4326.098,229
2026-09-17 08:04:00,4326.222,4328.128,4326.036,4327.046,186
2026-09-17 08:05:00,4326.984,4327.246,4326.027,4326.572,182
2026-09-17 08:06:00,4326.607,4326.985,4325.893,4326.576,185
2026-09-17 08:07:00,4326.288,4327.749,4326.288,4327.331,188
2026-09-17 08:08:00,4327.549,4328.056,4326.777,4327.492,189
2026-09-17 08:09:00,4327.373,4327.373,4326.062,4326.495,174
2026-09-17 08:10:00,4326.548,4327.163,4324.74,4324.801,215
2026-09-17 08:11:00,4325.193,4325.243,4323.135,4323.358,169
2026-09-17 08:12:00,4323.63,4323.63,4318.681,4319.061,246
2026-09-17 08:13:00,4319.118,4320.401,4317.714,4320.401,214
2026-09-17 08:14:00,4320.401,4320.744,4318.557,4320.443,159
2026-09-17 08:15:00,4320.117,4320.369,4319.196,4320.344,163
2026-09-17 08:16:00,4320.131,4321.057,4320.06,4320.683,162
2026-09-17 08:17:00,4320.736,4321.988,4318.805,4318.805,202
2026-09-17 08:18:00,4319.028,4320.013,4317.465,4317.883,173
2026-09-17 08:19:00,4317.815,4318.032,4315.823,4316.92,143
2026-09-17 08:20:00,4316.859,4317.481,4316.061,4316.291,138
2026-09-17 08:21:00,4316.242,4317.984,4316.242,4317.136,153
2026-09-17 08:22:00,4317.013,4317.131,4315.394,4316.355,188
2026-09-17 08:23:00,4316.221,4316.221,4314.659,4315.06,190
2026-09-17 08:24:00,4315.007,4316.245,4314.624,4316.223,163
2026-09-17 08:25:00,4316.282,4317.076,4315.63,4316.227,190
2026-09-17 08:26:00,4316.11,4317.268,4315.944,4316.902,183
2026-09-17 08:27:00,4316.959,4317.2,4315.62,4317.198,167
2026-09-17 08:28:00,4317.266,4317.266,4314.996,4315.462,161
2026-09-17 08:29:00,4315.224,4316.617,4314.909,4315.924,203
2026-09-17 08:30:00,4315.879,4316.361,4314.37,4314.839,235
2026-09-17 08:31:00,4314.759,4315.156,4314.092,4314.422,171
2026-09-17 08:32:00,4314.372,4314.669,4311.927,4312.753,270
2026-09-17 08:33:00,4312.698,4315.398,4312.642,4314.976,172
2026-09-17 08:34:00,4315.117,4317.715,4315.073,4317.449,196
2026-09-17 08:35:00,4317.46,4318.146,4316.722,4317.76,147
2026-09-17 08:36:00,4317.685,4317.966,4316.096,4316.574,194
2026-09-17 08:37:00,4316.653,4318.636,4316.423,4318.629,141
2026-09-17 08:38:00,4318.565,4318.565,4316.418,4317.073,169
2026-09-17 08:39:00,4317.061,4319.626,4316.843,4318.914,153
2026-09-17 08:40:00,4318.766,4319.397,4317.639,4317.821,170
2026-09-17 08:41:00,4317.7,4317.85,4315.664,4315.968,156
2026-09-17 08:42:00,4316.132,4316.739,4315.306,4316.622,169
2026-09-17 08:43:00,4316.349,4316.57,4314.051,4314.578,200
2026-09-17 08:44:00,4314.618,4314.841,4313.361,4314.031,156
2026-09-17 08:45:00,4314.001,4314.001,4311.812,4312.371,203
2026-09-17 08:46:00,4312.515,4312.629,4310.417,4311.057,188
2026-09-17 08:47:00,4311.064,4313.194,4310.101,4312.745,154
2026-09-17 08:48:00,4312.749,4312.957,4311.568,4312.412,179
2026-09-17 08:49:00,4312.305,4313.143,4311.665,4311.886,174
2026-09-17 08:50:00,4311.829,4313.055,4311.152,4312.253,191
2026-09-17 08:51:00,4312.195,4312.195,4310.98,4311.316,113
2026-09-17 08:52:00,4311.279,4311.845,4310.511,4310.904,171
2026-09-17 08:53:00,4310.851,4314.087,4310.765,4313.478,148
2026-09-17 08:54:00,4313.699,4314.043,4312.721,4313.16,158
2026-09-17 08:55:00,4313.104,4313.3,4311.162,4311.726,189
2026-09-17 08:56:00,4311.795,4312.942,4311.795,4312.511,162
2026-09-17 08:57:00,4312.567,4313.463,4312.402,4312.699,157
2026-09-17 08:58:00,4312.58,4312.783,4311.358,4311.588,128
2026-09-17 08:59:00,4311.493,4312.111,4310.455,4311.442,142
2026-09-17 09:00:00,4311.515,4313.99,4311.515,4313.818,111
2026-09-17 09:01:00,4314.022,4315.569,4313.858,4314.749,123
2026-09-17 09:02:00,4314.686,4315.389,4313.136,4314.448,121
2026-09-17 09:03:00,4314.383,4315.603,4313.413,4315.146,158
2026-09-17 09:04:00,4315.294,4315.379,4314.403,4314.632,164
2026-09-17 09:05:00,4314.647,4315.352,4313.999,4314.786,159
2026-09-17 09:06:00,4315.104,4316.696,4314.714,4316.073,206
2026-09-17 09:07:00,4316.044,4316.909,4315.629,4316.293,162
2026-09-17 09:08:00,4316.615,4316.623,4314.851,4316.204,142
2026-09-17 09:09:00,4315.937,4316.647,4315.662,4316.434,111
2026-09-17 09:10:00,4316.441,4318.55,4316.335,4318.084,201
2026-09-17 09:11:00,4318.109,4318.109,4315.93,4316.293,151
2026-09-17 09:12:00,4316.455,4317.585,4316.368,4317.192,137
2026-09-17 09:13:00,4317.198,4319.203,4316.246,4316.246,167
2026-09-17 09:14:00,4316.543,4317.027,4315.177,4315.604,154
2026-09-17 09:15:00,4315.552,4316.484,4313.869,4313.869,176
2026-09-17 09:16:00,4313.813,4314.728,4313.415,4313.55,191
2026-09-17 09:17:00,4313.698,4314.406,4312.375,4312.946,200
2026-09-17 09:18:00,4313.02,4315.064,4312.86,4313.799,216
2026-09-17 09:19:00,4313.737,4313.766,4311.243,4311.818,182
2026-09-17 09:20:00,4311.762,4313.313,4310.684,4312.045,183
2026-09-17 09:21:00,4311.989,4312.438,4310.539,4312.438,164
2026-09-17 09:22:00,4312.491,4312.542,4311.097,4311.372,168
2026-09-17 09:23:00,4311.424,4311.682,4310.312,4311.232,110
2026-09-17 09:24:00,4311.287,4312.612,4310.438,4311.319,186
2026-09-17 09:25:00,4311.539,4312.319,4310.487,4311.568,208
2026-09-17 09:26:00,4311.622,4312.028,4308.811,4308.811,188
2026-09-17 09:27:00,4308.952,4309.722,4307.32,4307.983,183
2026-09-17 09:28:00,4308.049,4308.1,4306.721,4307.086,191
2026-09-17 09:29:00,4307.124,4308.106,4305.67,4306.602,240
2026-09-17 09:30:00,4306.549,4306.952,4305.0,4305.614,320
2026-09-17 09:31:00,4305.552,4307.657,4305.497,4306.78,275
2026-09-17 09:32:00,4306.723,4308.861,4306.391,4308.352,196
2026-09-17 09:33:00,4308.409,4308.849,4306.497,4307.907,196
2026-09-17 09:34:00,4307.916,4308.611,4307.343,4307.586,159
2026-09-17 09:35:00,4307.682,4308.842,4306.516,4308.106,252
2026-09-17 09:36:00,4308.054,4308.924,4307.735,4308.554,144
2026-09-17 09:37:00,4308.494,4308.909,4307.539,4308.604,201
2026-09-17 09:38:00,4308.548,4309.415,4308.044,4308.973,157
2026-09-17 09:39:00,4308.96,4309.698,4308.562,4309.034,126
2026-09-17 09:40:00,4308.974,4310.652,4308.267,4309.945,195
2026-09-17 09:41:00,4310.009,4310.862,4309.536,4310.578,162
2026-09-17 09:42:00,4310.481,4310.997,4310.076,4310.162,135
2026-09-17 09:43:00,4310.165,4310.165,4309.162,4309.516,164
2026-09-17 09:44:00,4309.562,4310.162,4309.005,4309.204,150
2026-09-17 09:45:00,4309.178,4309.72,4307.536,4308.311,185
2026-09-17 09:46:00,4308.043,4309.263,4307.668,4308.462,159
2026-09-17 09:47:00,4308.297,4308.306,4307.22,4307.959,123
2026-09-17 09:48:00,4308.17,4308.295,4306.563,4307.727,158
2026-09-17 09:49:00,4307.414,4309.63,4307.253,4309.63,132
2026-09-17 09:50:00,4309.702,4310.397,4308.705,4309.638,135
2026-09-17 09:51:00,4309.779,4310.317,4309.296,4310.285,134
2026-09-17 09:52:00,4310.214,4310.789,4308.902,4309.645,238
2026-09-17 09:53:00,4309.528,4309.814,4309.036,4309.372,122
2026-09-17 09:54:00,4309.426,4311.334,4309.101,4310.64,141
2026-09-17 09:55:00,4310.959,4311.182,4308.394,4308.918,153
2026-09-17 09:56:00,4308.864,4309.374,4306.181,4307.116,168
2026-09-17 09:57:00,4307.272,4307.844,4306.539,4306.7,126
2026-09-17 09:58:00,4306.641,4306.641,4305.501,4306.054,142
2026-09-17 09:59:00,4306.045,4306.739,4305.44,4306.282,110
2026-09-17 10:00:00,4306.29,4307.007,4305.223,4306.434,165
2026-09-17 10:01:00,4306.486,4307.086,4305.38,4306.604,188
2026-09-17 10:02:00,4306.581,4307.188,4305.057,4305.949,198
2026-09-17 10:03:00,4305.774,4308.121,4305.561,4307.983,179
2026-09-17 10:04:00,4308.036,4308.827,4307.353,4307.461,151
2026-09-17 10:05:00,4307.363,4309.302,4307.309,4309.162,129
2026-09-17 10:06:00,4309.19,4310.461,4309.173,4310.344,192
2026-09-17 10:07:00,4310.341,4311.506,4310.238,4310.515,181
2026-09-17 10:08:00,4310.355,4310.489,4308.998,4309.339,129
2026-09-17 10:09:00,4309.284,4309.284,4307.591,4308.869,184
2026-09-17 10:10:00,4309.13,4310.38,4308.841,4310.367,179
2026-09-17 10:11:00,4310.131,4312.562,4309.813,4311.894,191
2026-09-17 10:12:00,4311.894,4313.529,4311.376,4311.384,195
2026-09-17 10:13:00,4311.646,4312.624,4311.189,4312.084,133
2026-09-17 10:14:00,4311.968,4312.287,4309.759,4310.336,143
2026-09-17 10:15:00,4310.411,4310.903,4309.765,4310.394,149
2026-09-17 10:16:00,4309.986,4310.396,4308.33,4308.914,181
2026-09-17 10:17:00,4308.858,4309.031,4308.158,4308.607,115
2026-09-17 10:18:00,4308.378,4310.221,4308.322,4309.473,191
2026-09-17 10:19:00,4309.42,4309.42,4306.473,4306.772,173
2026-09-17 10:20:00,4306.844,4308.96,4306.844,4308.669,136
2026-09-17 10:21:00,4308.617,4308.997,4308.045,4308.897,99
2026-09-17 10:22:00,4308.576,4309.913,4308.576,4308.786,167
2026-09-17 10:23:00,4308.727,4310.235,4308.543,4310.235,160
2026-09-17 10:24:00,4310.008,4313.311,4309.38,4313.001,178
2026-09-17 10:25:00,4313.056,4314.611,4312.464,4313.873,159
2026-09-17 10:26:00,4313.931,4314.917,4313.124,4314.061,193
2026-09-17 10:27:00,4314.007,4314.843,4313.507,4314.452,140
2026-09-17 10:28:00,4314.333,4315.636,4314.223,4315.217,155
2026-09-17 10:29:00,4315.282,4315.486,4313.035,4313.559,152
2026-09-17 10:30:00,4313.507,4315.246,4313.385,4314.7,210
2026-09-17 10:31:00,4314.75,4314.75,4312.017,4313.369,221
2026-09-17 10:32:00,4313.258,4313.532,4312.465,4313.012,127
2026-09-17 10:33:00,4312.765,4314.081,4312.651,4313.165,128
2026-09-17 10:34:00,4313.525,4315.119,4312.763,4314.482,192
2026-09-17 10:35:00,4314.488,4317.606,4314.488,4316.199,208
2026-09-17 10:36:00,4316.534,4318.578,4316.534,4317.553,191
2026-09-17 10:37:00,4317.488,4318.37,4316.839,4317.056,192
2026-09-17 10:38:00,4317.003,4317.293,4316.614,4316.739,111
2026-09-17 10:39:00,4317.0,4317.19,4316.307,4316.793,101
2026-09-17 10:40:00,4316.618,4317.658,4315.256,4315.325,170
2026-09-17 10:41:00,4315.348,4315.967,4314.632,4314.658,110
2026-09-17 10:42:00,4314.891,4315.481,4314.391,4315.095,117
2026-09-17 10:43:00,4314.825,4316.962,4314.825,4316.685,104
2026-09-17 10:44:00,4316.852,4317.217,4316.114,4316.444,142
2026-09-17 10:45:00,4316.391,4317.121,4316.028,4316.519,125
2026-09-17 10:46:00,4316.831,4317.304,4315.937,4317.111,133
2026-09-17 10:47:00,4317.068,4317.98,4317.007,4317.493,101
2026-09-17 10:48:00,4317.391,4318.379,4316.976,4318.203,115
2026-09-17 10:49:00,4318.151,4318.708,4317.767,4318.531,110
2026-09-17 10:50:00,4318.546,4320.49,4318.244,4320.49,125
2026-09-17 10:51:00,4320.337,4322.793,4320.337,4322.018,141
2026-09-17 10:52:00,4321.965,4323.258,4321.668,4322.902,144
2026-09-17 10:53:00,4322.692,4323.391,4321.033,4323.189,187
2026-09-17 10:54:00,4323.175,4323.581,4321.194,4321.383,174
2026-09-17 10:55:00,4321.628,4322.669,4321.085,4321.594,181
2026-09-17 10:56:00,4321.332,4323.764,4321.133,4323.455,129
2026-09-17 10:57:00,4323.643,4324.826,4323.375,4324.395,102
2026-09-17 10:58:00,4324.402,4324.939,4324.098,4324.191,93
2026-09-17 10:59:00,4324.139,4324.731,4323.772,4323.853,118
2026-09-17 11:00:00,4323.816,4327.133,4323.737,4326.722,268
2026-09-17 11:01:00,4326.738,4329.162,4326.517,4328.195,182
2026-09-17 11:02:00,4328.211,4329.256,4326.995,4328.096,183
2026-09-17 11:03:00,4328.088,4329.109,4327.353,4328.911,287
2026-09-17 11:04:00,4328.965,4330.728,4328.507,4330.124,253
2026-09-17 11:05:00,4330.064,4331.433,4329.496,4329.977,361
2026-09-17 11:06:00,4330.03,4330.478,4328.823,4329.488,248
2026-09-17 11:07:00,4329.541,4332.726,4329.508,4332.719,248
2026-09-17 11:08:00,4332.635,4332.635,4331.148,4331.443,222
2026-09-17 11:09:00,4331.497,4336.954,4330.461,4335.943,364
2026-09-17 11:10:00,4336.067,4339.93,4335.866,4336.852,402
2026-09-17 11:11:00,4337.188,4337.243,4331.37,4331.37,338
2026-09-17 11:12:00,4331.492,4332.764,4331.235,4331.792,273
2026-09-17 11:13:00,4331.851,4332.667,4330.413,4331.499,236
2026-09-17 11:14:00,4331.554,4332.621,4331.419,4332.119,252
2026-09-17 11:15:00,4332.174,4333.995,4332.056,4332.911,291
2026-09-17 11:16:00,4332.979,4334.806,4331.171,4332.297,250
2026-09-17 11:17:00,4331.903,4332.206,4329.48,4329.64,239
2026-09-17 11:18:00,4329.699,4330.389,4328.415,4328.686,195
2026-09-17 11:19:00,4328.62,4329.755,4327.003,4327.168,254
2026-09-17 11:20:00,4327.116,4331.681,4326.712,4331.366,295
2026-09-17 11:21:00,4331.436,4332.492,4330.478,4332.221,214
2026-09-17 11:22:00,4332.366,4333.395,4331.27,4331.61,208
2026-09-17 11:23:00,4331.664,4331.829,4329.901,4330.161,244
2026-09-17 11:24:00,4330.216,4330.695,4328.851,4328.876,190
2026-09-17 11:25:00,4328.842,4329.467,4327.296,4327.472,205
2026-09-17 11:26:00,4327.361,4328.066,4326.704,4327.547,244
2026-09-17 11:27:00,4327.586,4327.972,4326.549,4326.76,209
2026-09-17 11:28:00,4326.495,4328.724,4326.256,4327.948,181
2026-09-17 11:29:00,4328.261,4329.134,4328.136,4328.613,121
2026-09-17 11:30:00,4328.677,4328.833,4326.801,4327.19,142
2026-09-17 11:31:00,4327.265,4328.281,4326.641,4327.757,221
2026-09-17 11:32:00,4327.81,4328.945,4327.031,4327.572,187
2026-09-17 11:33:00,4327.494,4327.762,4325.211,4326.686,212
2026-09-17 11:34:00,4326.772,4327.576,4325.774,4325.933,229
2026-09-17 11:35:00,4326.336,4326.956,4324.917,4326.683,216
2026-09-17 11:36:00,4326.735,4327.57,4325.93,4326.28,176
2026-09-17 11:37:00,4326.319,4326.836,4324.54,4325.222,147
2026-09-17 11:38:00,4325.246,4325.473,4323.909,4324.987,157
2026-09-17 11:39:00,4324.933,4326.151,4324.643,4325.968,131
2026-09-17 11:40:00,4325.96,4325.96,4323.4,4323.617,154
2026-09-17 11:41:00,4323.71,4324.083,4323.225,4323.604,139
2026-09-17 11:42:00,4323.673,4325.228,4323.332,4324.949,186
2026-09-17 11:43:00,4324.874,4327.161,4324.47,4325.969,220
2026-09-17 11:44:00,4326.225,4327.207,4324.719,4325.016,199
2026-09-17 11:45:00,4324.718,4326.887,4324.363,4326.88,131
2026-09-17 11:46:00,4326.859,4327.819,4326.465,4327.345,134
2026-09-17 11:47:00,4327.289,4331.088,4326.765,4331.086,179
2026-09-17 11:48:00,4331.029,4332.892,4330.408,4331.676,222
2026-09-17 11:49:00,4331.692,4332.619,4330.345,4332.498,200
2026-09-17 11:50:00,4332.443,4335.685,4331.238,4335.018,215
2026-09-17 11:51:00,4334.893,4338.58,4334.816,4338.419,216
2026-09-17 11:52:00,4338.385,4338.789,4336.513,4337.269,191
2026-09-17 11:53:00,4337.334,4340.399,4336.681,4339.993,286
2026-09-17 11:54:00,4339.773,4342.013,4339.159,4340.369,225
2026-09-17 11:55:00,4340.426,4343.623,4340.326,4342.148,331
2026-09-17 11:56:00,4342.2,4342.934,4339.947,4341.61,348
2026-09-17 11:57:00,4341.56,4346.656,4341.513,4346.033,337
2026-09-17 11:58:00,4345.98,4353.46,4345.055,4349.374,1293
2026-09-17 11:59:00,4349.43,4350.295,4346.605,4349.68,600
2026-09-17 12:00:00,4349.848,4353.796,4347.719,4352.388,893
2026-09-17 12:01:00,4352.509,4353.574,4348.638,4348.965,696
2026-09-17 12:02:00,4349.024,4350.11,4345.584,4348.507,578
2026-09-17 12:03:00,4348.286,4349.132,4343.673,4344.56,432
2026-09-17 12:04:00,4344.613,4351.454,4344.447,4345.715,1350
2026-09-17 12:05:00,4345.387,4351.038,4345.154,4349.183,675
2026-09-17 12:06:00,4349.258,4349.402,4346.86,4347.309,569
2026-09-17 12:07:00,4347.365,4347.868,4345.591,4347.474,495
2026-09-17 12:08:00,4347.687,4350.475,4347.136,4350.159,451
2026-09-17 12:09:00,4350.217,4354.478,4350.081,4352.865,707
2026-09-17 12:10:00,4352.812,4354.837,4350.92,4351.091,698
2026-09-17 12:11:00,4351.148,4355.212,4351.148,4353.732,678
2026-09-17 12:12:00,4353.791,4355.289,4352.664,4352.775,641
2026-09-17 12:13:00,4353.103,4354.894,4352.678,4353.914,627
2026-09-17 12:14:00,4353.976,4355.505,4352.517,4354.557,485
2026-09-17 12:15:00,4354.499,4356.345,4353.218,4356.106,433
2026-09-17 12:16:00,4355.896,4361.449,4355.536,4359.609,545
2026-09-17 12:17:00,4359.668,4361.106,4357.529,4360.014,558
2026-09-17 12:18:00,4359.961,4364.61,4359.324,4363.793,520
2026-09-17 12:19:00,4363.89,4366.431,4362.935,4365.371,484
2026-09-17 12:20:00,4365.425,4367.294,4363.011,4364.22,676
2026-09-17 12:21:00,4364.177,4374.019,4364.177,4372.492,934
2026-09-17 12:22:00,4372.436,4373.667,4370.219,4372.125,687
2026-09-17 12:23:00,4372.209,4374.684,4371.046,4372.92,601
2026-09-17 12:24:00,4372.975,4373.812,4368.392,4368.719,536
2026-09-17 12:25:00,4368.513,4371.535,4367.62,4370.08,765
2026-09-17 12:26:00,4370.008,4374.056,4369.401,4374.056,643
2026-09-17 12:27:00,4374.115,4380.282,4373.185,4380.167,708
2026-09-17 12:28:00,4379.832,4380.718,4377.062,4379.076,501
2026-09-17 12:29:00,4379.02,4381.245,4378.261,4381.09,464
2026-09-17 12:30:00,4381.106,4381.106,4373.811,4375.228,386
2026-09-17 12:31:00,4375.597,4377.155,4370.637,4370.704,279
2026-09-17 12:32:00,4370.804,4373.245,4369.092,4369.543,236
2026-09-17 12:33:00,4369.598,4371.951,4368.12,4371.612,502
2026-09-17 12:34:00,4371.666,4372.341,4369.239,4370.242,502
2026-09-17 12:35:00,4370.172,4371.568,4365.331,4366.582,508
2026-09-17 12:36:00,4366.636,4367.746,4364.359,4364.823,473
2026-09-17 12:37:00,4364.766,4367.054,4363.684,4365.945,403
2026-09-17 12:38:00,4366.002,4368.445,4364.931,4366.352,365
2026-09-17 12:39:00,4366.271,4370.101,4365.298,4369.377,422
2026-09-17 12:40:00,4369.711,4370.283,4367.054,4367.273,392
2026-09-17 12:41:00,4367.329,4370.278,4366.93,4367.935,353
2026-09-17 12:42:00,4368.153,4368.517,4363.784,4364.875,347
2026-09-17 12:43:00,4364.868,4365.275,4363.046,4363.611,342
2026-09-17 12:44:00,4363.63,4363.82,4360.266,4360.598,364
2026-09-17 12:45:00,4360.54,4361.472,4358.823,4360.907,339
2026-09-17 12:46:00,4361.164,4362.794,4360.688,4361.871,305
2026-09-17 12:47:00,4361.816,4362.479,4359.948,4361.553,324
2026-09-17 12:48:00,4361.493,4364.442,4360.504,4363.824,351
2026-09-17 12:49:00,4364.192,4367.464,4364.004,4366.256,347
2026-09-17 12:50:00,4366.386,4369.062,4366.386,4367.579,366
2026-09-17 12:51:00,4367.535,4371.319,4367.217,4370.712,380
2026-09-17 12:52:00,4370.433,4372.934,4369.638,4372.122,331
2026-09-17 12:53:00,4372.18,4374.852,4372.18,4374.13,283
2026-09-17 12:54:00,4374.192,4374.67,4373.397,4373.988,277
2026-09-17 12:55:00,4373.862,4373.933,4371.874,4372.308,259
2026-09-17 12:56:00,4372.088,4372.614,4370.254,4371.249,256
2026-09-17 12:57:00,4371.301,4373.662,4371.115,4371.92,347
2026-09-17 12:58:00,4371.978,4373.971,4371.573,4372.866,366
2026-09-17 12:59:00,4372.777,4374.078,4371.595,4373.076,418
2026-09-17 13:00:00,4373.199,4373.971,4366.182,4373.843,1220
2026-09-17 13:01:00,4373.922,4374.282,4367.637,4367.958,757
2026-09-17 13:02:00,4367.897,4369.45,4366.753,4366.857,580
2026-09-17 13:03:00,4366.817,4370.384,4366.281,4369.339,481
2026-09-17 13:04:00,4369.391,4370.265,4365.081,4366.23,510
2026-09-17 13:05:00,4365.988,4367.187,4364.758,4365.102,428
2026-09-17 13:06:00,4365.046,4368.115,4364.023,4368.115,419
2026-09-17 13:07:00,4368.061,4368.361,4365.558,4367.371,438
2026-09-17 13:08:00,4367.425,4371.793,4366.981,4369.469,451
2026-09-17 13:09:00,4369.532,4369.767,4365.642,4365.929,430
2026-09-17 13:10:00,4366.04,4366.481,4362.452,4362.828,432
2026-09-17 13:11:00,4362.888,4365.562,4362.888,4364.38,439
2026-09-17 13:12:00,4364.433,4364.605,4361.269,4362.027,376
2026-09-17 13:13:00,4361.97,4362.171,4360.087,4360.67,303
2026-09-17 13:14:00,4360.706,4366.496,4360.502,4366.199,328
2026-09-17 13:15:00,4366.111,4370.125,4365.552,4369.869,478
2026-09-17 13:17:00,4371.056,4371.574,4368.879,4371.281,436
2026-09-17 13:18:00,4371.497,4374.44,4371.245,4373.611,366
2026-09-17 13:19:00,4373.282,4375.242,4371.272,4372.493,336
2026-09-17 13:20:00,4372.321,4375.077,4372.321,4373.56,353
2026-09-17 13:21:00,4373.507,4374.97,4372.567,4373.426,388
2026-09-17 13:22:00,4373.55,4374.453,4371.843,4371.843,350
2026-09-17 13:23:00,4371.905,4372.065,4367.888,4368.214,335
2026-09-17 13:24:00,4368.277,4368.842,4366.213,4366.943,305
2026-09-17 13:25:00,4366.87,4368.267,4366.3,4367.489,321
2026-09-17 13:26:00,4367.546,4368.457,4366.176,4367.419,348
2026-09-17 13:27:00,4367.812,4368.56,4365.803,4366.124,361
2026-09-17 13:28:00,4366.211,4366.863,4364.85,4366.293,322
2026-09-17 13:29:00,4366.384,4367.023,4365.512,4366.854,338
2026-09-17 13:30:00,4367.085,4369.616,4365.792,4369.143,899
2026-09-17 13:31:00,4369.076,4369.316,4362.876,4363.728,728
2026-09-17 13:32:00,4363.674,4368.777,4363.674,4366.799,527
2026-09-17 13:33:00,4366.647,4369.539,4364.916,4367.362,545
2026-09-17 13:34:00,4367.035,4371.98,4366.241,4371.628,520
2026-09-17 13:35:00,4371.558,4374.098,4369.657,4370.338,624
2026-09-17 13:36:00,4370.439,4371.55,4366.236,4367.493,602
2026-09-17 13:37:00,4367.195,4370.312,4365.993,4366.078,710
2026-09-17 13:38:00,4365.939,4367.559,4363.038,4363.205,669
2026-09-17 13:39:00,4363.265,4366.138,4361.206,4361.531,628
2026-09-17 13:40:00,4361.571,4362.299,4359.814,4362.244,542
2026-09-17 13:41:00,4362.297,4363.03,4357.516,4358.54,615
2026-09-17 13:42:00,4358.616,4361.017,4357.922,4360.092,467
2026-09-17 13:43:00,4359.994,4361.756,4356.147,4359.722,536
2026-09-17 13:44:00,4359.672,4359.672,4356.512,4358.47,499
2026-09-17 13:45:00,4358.393,4360.648,4355.308,4358.454,652
2026-09-17 13:46:00,4358.381,4364.408,4358.043,4364.16,588
2026-09-17 13:47:00,4364.214,4368.915,4363.74,4367.371,512
2026-09-17 13:48:00,4367.425,4367.635,4363.842,4365.872,586
2026-09-17 13:49:00,4366.077,4368.606,4364.791,4367.204,555
2026-09-17 13:50:00,4367.145,4369.988,4366.638,4369.717,482
2026-09-17 13:51:00,4369.78,4371.791,4368.545,4368.998,548
2026-09-17 13:52:00,4368.672,4369.605,4367.487,4367.726,477
2026-09-17 13:53:00,4367.882,4368.456,4366.219,4368.186,472
2026-09-17 13:54:00,4368.13,4369.372,4366.138,4366.563,407
2026-09-17 13:55:00,4366.228,4368.713,4366.169,4367.329,453
2026-09-17 13:56:00,4367.39,4369.995,4366.683,4368.778,465
2026-09-17 13:57:00,4368.721,4368.721,4365.651,4366.479,458
2026-09-17 13:58:00,4366.425,4367.032,4364.669,4366.282,335
2026-09-17 13:59:00,4366.344,4367.465,4365.98,4366.675,310
2026-09-17 14:00:00,4366.855,4368.406,4364.673,4365.518,269
2026-09-17 14:01:00,4365.578,4368.509,4364.573,4368.304,274
2026-09-17 14:02:00,4367.92,4369.106,4365.895,4368.806,284
2026-09-17 14:03:00,4368.542,4370.15,4367.864,4369.954,545
2026-09-17 14:04:00,4370.069,4370.258,4368.419,4369.139,550
2026-09-17 14:05:00,4369.084,4369.546,4366.597,4369.206,604
2026-09-17 14:06:00,4369.37,4375.669,4369.172,4375.32,539
2026-09-17 14:07:00,4375.264,4377.072,4373.587,4374.529,508
2026-09-17 14:08:00,4374.583,4378.247,4373.396,4378.191,623
2026-09-17 14:09:00,4378.135,4380.08,4376.758,4377.29,555
2026-09-17 14:10:00,4377.408,4380.002,4375.57,4375.733,636
2026-09-17 14:11:00,4375.85,4376.242,4372.461,4373.009,487
2026-09-17 14:12:00,4372.956,4372.956,4368.479,4369.88,498
2026-09-17 14:13:00,4369.762,4372.327,4369.709,4371.61,513
2026-09-17 14:14:00,4371.882,4373.063,4370.836,4371.594,443
2026-09-17 14:15:00,4371.62,4372.036,4369.497,4369.497,515
2026-09-17 14:16:00,4369.822,4372.235,4368.864,4369.685,454
2026-09-17 14:17:00,4369.294,4370.722,4367.476,4368.309,441
2026-09-17 14:18:00,4368.167,4368.569,4365.783,4367.831,485
2026-09-17 14:19:00,4367.774,4369.831,4367.059,4369.031,451
2026-09-17 14:20:00,4369.109,4369.901,4365.6,4366.251,492
2026-09-17 14:21:00,4366.305,4367.586,4365.436,4367.197,397
2026-09-17 14:22:00,4367.5,4370.278,4367.45,4368.801,329
2026-09-17 14:23:00,4368.648,4370.476,4368.207,4370.148,361
2026-09-17 14:24:00,4370.268,4370.582,4368.641,4369.846,424
2026-09-17 14:25:00,4369.728,4370.909,4368.381,4370.581,382
2026-09-17 14:26:00,4370.38,4372.866,4370.38,4371.931,351
2026-09-17 14:27:00,4372.085,4372.273,4368.145,4369.274,396
2026-09-17 14:28:00,4369.335,4369.736,4366.161,4367.296,334
2026-09-17 14:29:00,4367.242,4368.572,4366.686,4366.739,275
2026-09-17 14:30:00,4366.93,4367.365,4364.221,4367.289,429
2026-09-17 14:31:00,4367.183,4367.933,4365.148,4365.42,351
2026-09-17 14:32:00,4365.482,4365.781,4361.742,4364.194,368
2026-09-17 14:33:00,4364.256,4365.446,4363.348,4365.226,229
2026-09-17 14:34:00,4365.173,4367.54,4364.401,4366.727,346
2026-09-17 14:35:00,4366.742,4367.86,4366.212,4366.74,231
2026-09-17 14:36:00,4366.819,4367.129,4364.788,4365.778,293
2026-09-17 14:37:00,4365.832,4366.123,4363.441,4365.243,276
2026-09-17 14:38:00,4364.843,4365.39,4362.809,4362.809,231
2026-09-17 14:39:00,4363.022,4363.645,4360.892,4361.215,271
2026-09-17 14:40:00,4361.159,4363.913,4360.782,4363.567,293
2026-09-17 14:41:00,4363.375,4364.321,4362.167,4363.123,377
2026-09-17 14:42:00,4363.056,4363.264,4361.343,4361.916,277
2026-09-17 14:43:00,4361.584,4361.996,4359.243,4359.591,360
2026-09-17 14:44:00,4359.501,4361.545,4359.449,4361.119,283
2026-09-17 14:45:00,4360.904,4363.689,4359.702,4363.536,341
2026-09-17 14:46:00,4363.865,4364.708,4361.381,4361.646,282
2026-09-17 14:47:00,4361.589,4363.279,4359.211,4359.551,285
2026-09-17 14:48:00,4359.606,4361.421,4359.019,4359.412,289
2026-09-17 14:49:00,4359.081,4361.71,4357.952,4361.517,259
2026-09-17 14:50:00,4361.391,4362.118,4359.122,4359.41,267
2026-09-17 14:51:00,4359.601,4362.053,4359.53,4360.913,253
2026-09-17 14:52:00,4361.076,4361.076,4358.372,4359.709,274
2026-09-17 14:53:00,4359.827,4360.174,4355.642,4356.118,248
2026-09-17 14:54:00,4355.995,4358.75,4355.406,4356.976,343
2026-09-17 14:55:00,4356.78,4357.528,4355.139,4355.789,318
2026-09-17 14:56:00,4355.456,4356.933,4353.616,4354.585,358
2026-09-17 14:57:00,4354.531,4355.106,4353.212,4353.734,393
2026-09-17 14:58:00,4353.68,4354.699,4352.011,4352.81,299
2026-09-17 14:59:00,4352.744,4354.272,4352.57,4354.126,235
2026-09-17 15:00:00,4354.185,4354.752,4350.99,4354.008,398
2026-09-17 15:01:00,4354.08,4354.087,4351.617,4351.936,313
2026-09-17 15:02:00,4351.533,4354.902,4351.533,4354.742,371
2026-09-17 15:03:00,4354.658,4357.262,4354.543,4356.584,240
2026-09-17 15:04:00,4356.524,4357.234,4355.093,4355.853,291
2026-09-17 15:05:00,4355.913,4359.193,4355.3,4356.786,272
2026-09-17 15:06:00,4356.907,4358.276,4356.854,4357.354,210
2026-09-17 15:07:00,4357.297,4358.746,4356.234,4357.823,286
2026-09-17 15:08:00,4357.705,4357.868,4355.551,4357.064,240
2026-09-17 15:09:00,4357.151,4357.334,4355.364,4356.462,208
2026-09-17 15:10:00,4356.173,4357.547,4354.924,4355.05,188
2026-09-17 15:11:00,4354.978,4355.777,4353.738,4354.659,312
2026-09-17 15:12:00,4354.6,4357.104,4353.269,4355.63,354
2026-09-17 15:13:00,4355.574,4361.095,4355.179,4361.095,248
2026-09-17 15:14:00,4361.022,4362.273,4360.567,4361.723,190
2026-09-17 15:15:00,4361.866,4362.192,4359.95,4361.787,291
2026-09-17 15:16:00,4361.926,4363.129,4361.347,4362.709,223
2026-09-17 15:17:00,4362.742,4364.542,4362.385,4364.082,233
2026-09-17 15:18:00,4364.18,4364.33,4363.302,4363.663,180
2026-09-17 15:19:00,4363.814,4363.999,4362.896,4362.942,204
2026-09-17 15:20:00,4363.066,4363.215,4360.991,4361.327,274
2026-09-17 15:21:00,4361.385,4362.771,4360.79,4361.732,212
2026-09-17 15:22:00,4361.522,4362.214,4360.77,4361.475,238
2026-09-17 15:23:00,4361.797,4362.641,4360.656,4361.342,208
2026-09-17 15:24:00,4361.287,4361.848,4358.654,4359.677,180
2026-09-17 15:25:00,4359.624,4362.869,4359.065,4360.381,238
2026-09-17 15:26:00,4360.328,4360.38,4356.179,4357.018,226
2026-09-17 15:27:00,4356.959,4358.154,4356.507,4357.213,227
2026-09-17 15:28:00,4357.159,4358.471,4356.71,4358.407,181
2026-09-17 15:29:00,4358.355,4358.706,4357.323,4357.96,234
2026-09-17 15:30:00,4358.017,4358.794,4357.086,4357.924,262
2026-09-17 15:31:00,4357.705,4358.826,4357.176,4358.147,258
2026-09-17 15:32:00,4358.309,4358.309,4355.58,4355.854,279
2026-09-17 15:33:00,4355.634,4357.462,4355.431,4356.391,211
2026-09-17 15:34:00,4356.3,4359.451,4355.859,4358.825,232
2026-09-17 15:35:00,4358.886,4361.955,4357.842,4360.799,278
2026-09-17 15:36:00,4360.738,4362.393,4360.67,4362.258,228
2026-09-17 15:37:00,4361.961,4363.27,4361.402,4362.712,257
2026-09-17 15:38:00,4362.658,4363.279,4361.746,4362.601,234
2026-09-17 15:39:00,4362.658,4362.889,4361.267,4362.385,198
2026-09-17 15:40:00,4362.328,4364.805,4361.97,4364.405,188
2026-09-17 15:41:00,4364.126,4364.991,4363.185,4364.386,184
2026-09-17 15:42:00,4364.439,4365.804,4363.643,4363.903,190
2026-09-17 15:43:00,4363.896,4364.884,4363.294,4364.84,204
2026-09-17 15:44:00,4364.777,4367.162,4364.415,4365.464,206
2026-09-17 15:45:00,4365.52,4366.528,4364.517,4365.701,265
2026-09-17 15:46:00,4365.759,4366.464,4364.949,4365.781,193
2026-09-17 15:47:00,4365.544,4365.655,4363.163,4364.619,196
2026-09-17 15:48:00,4364.525,4366.245,4364.317,4365.179,215
2026-09-17 15:49:00,4365.121,4367.908,4364.141,4365.311,238
2026-09-17 15:50:00,4365.256,4366.436,4363.936,4364.376,243
2026-09-17 15:51:00,4364.519,4366.342,4364.0,4366.096,206
2026-09-17 15:52:00,4366.026,4367.513,4365.815,4367.241,255
2026-09-17 15:53:00,4367.116,4367.251,4365.642,4365.702,194
2026-09-17 15:54:00,4365.845,4366.909,4365.407,4366.561,149
2026-09-17 15:55:00,4366.399,4367.272,4365.009,4366.733,191
2026-09-17 15:56:00,4366.397,4367.277,4365.229,4366.539,194
2026-09-17 15:57:00,4366.522,4366.858,4366.059,4366.629,165
2026-09-17 15:58:00,4366.573,4368.842,4366.31,4368.475,177
2026-09-17 15:59:00,4368.349,4369.904,4367.506,4369.718,156
2026-09-17 16:00:00,4369.619,4371.663,4369.105,4371.569,269
2026-09-17 16:01:00,4371.392,4372.507,4371.184,4371.505,195
2026-09-17 16:02:00,4371.587,4371.974,4369.939,4371.101,203
2026-09-17 16:03:00,4371.132,4371.945,4369.995,4370.468,203
2026-09-17 16:04:00,4370.413,4370.413,4368.575,4369.52,179
2026-09-17 16:05:00,4369.629,4371.554,4369.629,4370.186,215
2026-09-17 16:06:00,4370.315,4370.315,4368.325,4369.286,198
2026-09-17 16:07:00,4369.303,4369.508,4367.722,4369.111,195
2026-09-17 16:08:00,4369.168,4369.937,4367.45,4367.885,203
2026-09-17 16:09:00,4367.94,4370.039,4367.553,4369.434,171
2026-09-17 16:10:00,4369.748,4370.49,4368.402,4368.8,205
2026-09-17 16:11:00,4369.088,4369.616,4368.28,4368.707,206
2026-09-17 16:12:00,4368.579,4369.397,4368.295,4369.264,143
2026-09-17 16:13:00,4369.117,4369.195,4366.874,4367.801,193
2026-09-17 16:14:00,4368.015,4368.643,4367.403,4368.221,141
2026-09-17 16:15:00,4368.161,4368.697,4367.477,4367.734,189
2026-09-17 16:16:00,4367.681,4367.874,4366.361,4367.185,144
2026-09-17 16:17:00,4367.173,4367.655,4366.804,4367.231,140
2026-09-17 16:18:00,4367.112,4367.518,4366.393,4367.285,151
2026-09-17 16:19:00,4367.297,4368.038,4365.813,4367.23,164
2026-09-17 16:20:00,4367.037,4367.967,4366.431,4366.812,144
2026-09-17 16:21:00,4366.936,4367.114,4366.407,4366.511,113
2026-09-17 16:22:00,4366.572,4367.278,4366.016,4366.826,129
2026-09-17 16:23:00,4366.904,4368.214,4366.691,4367.459,131
2026-09-17 16:24:00,4367.321,4368.5,4367.321,4367.648,114
2026-09-17 16:25:00,4367.322,4368.206,4364.82,4364.944,184
2026-09-17 16:26:00,4364.698,4366.005,4363.548,4365.927,190
2026-09-17 16:27:00,4365.983,4366.333,4364.196,4365.249,184
2026-09-17 16:28:00,4364.915,4367.084,4364.683,4366.723,134
2026-09-17 16:29:00,4366.732,4367.923,4366.275,4367.565,122
2026-09-17 16:30:00,4367.418,4367.458,4364.919,4366.53,193
2026-09-17 16:31:00,4366.237,4366.263,4363.747,4363.848,171
2026-09-17 16:32:00,4363.518,4363.867,4361.489,4361.794,198
2026-09-17 16:33:00,4361.791,4362.276,4359.664,4359.884,200
2026-09-17 16:34:00,4359.817,4360.065,4357.693,4358.697,228
2026-09-17 16:35:00,4358.818,4359.831,4358.205,4358.959,190
2026-09-17 16:36:00,4358.886,4360.53,4357.747,4360.385,229
2026-09-17 16:37:00,4360.439,4360.943,4358.77,4360.14,202
2026-09-17 16:38:00,4360.275,4360.275,4358.037,4359.311,187
2026-09-17 16:39:00,4359.092,4360.507,4358.482,4359.895,146
2026-09-17 16:40:00,4360.122,4360.611,4358.887,4360.21,182
2026-09-17 16:41:00,4360.265,4360.265,4359.152,4360.144,161
2026-09-17 16:42:00,4359.889,4359.998,4357.806,4357.87,179
2026-09-17 16:43:00,4358.187,4358.43,4357.25,4358.422,152
2026-09-17 16:44:00,4358.474,4360.098,4357.659,4359.808,190
2026-09-17 16:45:00,4359.861,4361.603,4359.763,4361.095,160
2026-09-17 16:46:00,4360.993,4361.395,4359.836,4360.779,148
2026-09-17 16:47:00,4360.479,4361.457,4360.288,4360.736,110
2026-09-17 16:48:00,4360.67,4361.098,4358.503,4358.866,188
2026-09-17 16:49:00,4358.935,4359.052,4357.698,4358.031,153
2026-09-17 16:50:00,4358.029,4358.029,4356.475,4356.672,184
2026-09-17 16:51:00,4356.453,4357.508,4355.948,4356.914,180
2026-09-17 16:52:00,4356.859,4359.581,4356.85,4359.533,134
2026-09-17 16:53:00,4359.487,4360.947,4358.836,4360.572,146
2026-09-17 16:54:00,4360.573,4360.899,4359.548,4360.177,138
2026-09-17 16:55:00,4360.121,4360.532,4355.642,4357.188,735
2026-09-17 16:56:00,4357.515,4359.099,4356.989,4358.913,352
2026-09-17 16:57:00,4358.911,4360.692,4358.409,4360.219,200
2026-09-17 16:58:00,4360.164,4361.477,4360.053,4360.684,176
2026-09-17 16:59:00,4360.598,4362.418,4360.438,4362.149,144
2026-09-17 17:00:00,4362.478,4364.718,4361.219,4364.626,187
2026-09-17 17:01:00,4364.694,4364.694,4361.108,4362.29,242
2026-09-17 17:02:00,4362.224,4362.224,4358.296,4358.675,277
2026-09-17 17:03:00,4358.447,4360.069,4358.278,4359.556,189
2026-09-17 17:04:00,4359.841,4362.556,4359.266,4362.235,127
2026-09-17 17:05:00,4362.562,4363.258,4361.874,4363.237,150
2026-09-17 17:06:00,4363.306,4365.047,4362.701,4364.834,154
2026-09-17 17:07:00,4364.688,4365.967,4364.613,4365.237,109
2026-09-17 17:08:00,4365.184,4365.688,4363.373,4363.561,180
2026-09-17 17:09:00,4363.811,4364.662,4362.677,4363.492,197
2026-09-17 17:10:00,4363.436,4364.009,4361.773,4362.607,182
2026-09-17 17:11:00,4362.809,4363.317,4361.974,4362.261,131
2026-09-17 17:12:00,4362.539,4362.752,4360.567,4360.811,137
2026-09-17 17:13:00,4360.673,4363.665,4360.673,4363.276,140
2026-09-17 17:14:00,4363.289,4363.965,4361.895,4361.945,139
2026-09-17 17:15:00,4361.789,4363.26,4361.486,4362.276,169
2026-09-17 17:16:00,4362.216,4362.216,4359.298,4359.864,251
2026-09-17 17:17:00,4359.862,4360.862,4359.508,4360.297,192
2026-09-17 17:18:00,4360.244,4360.46,4359.17,4360.003,155
2026-09-17 17:19:00,4359.774,4360.948,4359.625,4360.069,153
2026-09-17 17:20:00,4360.186,4361.996,4359.984,4361.55,188
2026-09-17 17:21:00,4361.493,4361.749,4360.361,4360.549,148
2026-09-17 17:22:00,4360.749,4361.448,4360.101,4360.405,171
2026-09-17 17:23:00,4360.406,4360.758,4358.675,4358.84,184
2026-09-17 17:24:00,4358.77,4360.046,4357.83,4359.807,189
2026-09-17 17:25:00,4359.86,4362.571,4359.86,4361.965,193
2026-09-17 17:26:00,4361.907,4361.993,4360.47,4361.313,133
2026-09-17 17:27:00,4361.301,4361.815,4359.991,4360.839,181
2026-09-17 17:28:00,4360.842,4361.364,4359.461,4359.535,229
2026-09-17 17:29:00,4359.821,4360.459,4359.135,4360.315,274
2026-09-17 17:30:00,4360.368,4361.278,4360.147,4361.149,164
2026-09-17 17:31:00,4361.152,4362.168,4360.979,4361.147,162
2026-09-17 17:32:00,4361.159,4362.228,4360.299,4361.728,151
2026-09-17 17:33:00,4361.605,4362.315,4360.91,4361.259,142
2026-09-17 17:34:00,4361.206,4362.332,4360.961,4362.011,124
2026-09-17 17:35:00,4361.991,4362.811,4361.41,4362.572,121
2026-09-17 17:36:00,4362.691,4363.78,4361.656,4361.688,160
2026-09-17 17:37:00,4361.629,4363.134,4359.441,4359.747,184
2026-09-17 17:38:00,4359.689,4359.689,4358.348,4359.307,151
2026-09-17 17:39:00,4358.965,4359.468,4357.807,4358.095,147
2026-09-17 17:40:00,4358.241,4359.781,4358.076,4359.173,157
2026-09-17 17:41:00,4359.257,4360.396,4359.257,4359.356,148
2026-09-17 17:42:00,4359.548,4360.617,4358.769,4360.087,159
2026-09-17 17:43:00,4360.074,4360.592,4359.504,4360.258,134
2026-09-17 17:44:00,4360.195,4361.01,4359.819,4360.283,142
2026-09-17 17:45:00,4360.206,4360.923,4359.776,4359.872,118
2026-09-17 17:46:00,4359.929,4360.477,4359.325,4360.029,138
2026-09-17 17:47:00,4360.082,4360.79,4359.908,4360.313,85
2026-09-17 17:48:00,4360.709,4360.804,4358.481,4359.62,132
2026-09-17 17:49:00,4359.651,4359.726,4358.969,4359.342,96
2026-09-17 17:50:00,4359.289,4360.32,4359.066,4359.473,139
2026-09-17 17:51:00,4359.42,4361.703,4359.368,4361.306,137
2026-09-17 17:52:00,4361.077,4361.242,4359.95,4360.354,87
2026-09-17 17:53:00,4360.362,4360.71,4359.392,4360.39,96
2026-09-17 17:54:00,4360.493,4361.495,4359.828,4360.268,124
2026-09-17 17:55:00,4360.201,4361.118,4360.026,4360.585,92
2026-09-17 17:56:00,4360.36,4360.97,4360.128,4360.245,81
2026-09-17 17:57:00,4360.297,4361.6,4360.193,4360.546,180
2026-09-17 17:58:00,4360.536,4361.557,4360.24,4360.726,132
2026-09-17 17:59:00,4360.674,4361.182,4360.183,4361.182,127
2026-09-17 18:00:00,4361.122,4362.055,4360.293,4360.724,189
2026-09-17 18:01:00,4360.671,4361.416,4360.572,4360.91,140
2026-09-17 18:02:00,4360.989,4361.632,4360.274,4360.357,127
2026-09-17 18:03:00,4360.068,4362.162,4360.068,4361.932,111
2026-09-17 18:04:00,4362.183,4363.21,4361.564,4363.157,146
2026-09-17 18:05:00,4363.21,4364.792,4363.1,4363.847,109
2026-09-17 18:06:00,4364.021,4364.448,4362.339,4362.482,118
2026-09-17 18:07:00,4362.584,4362.584,4360.601,4362.042,168
2026-09-17 18:08:00,4361.754,4362.939,4361.658,4362.741,121
2026-09-17 18:09:00,4362.73,4363.301,4361.795,4362.005,134
2026-09-17 18:10:00,4361.949,4362.521,4361.2,4362.521,122
2026-09-17 18:11:00,4362.459,4363.418,4362.101,4362.995,95
2026-09-17 18:12:00,4362.969,4365.442,4362.969,4364.547,134
2026-09-17 18:13:00,4364.608,4365.28,4363.888,4364.965,127
2026-09-17 18:14:00,4364.689,4365.414,4364.506,4364.756,108
2026-09-17 18:15:00,4364.724,4365.478,4364.431,4365.3,121
2026-09-17 18:16:00,4365.228,4365.813,4363.93,4364.013,128
2026-09-17 18:17:00,4364.024,4364.249,4363.205,4363.49,119
2026-09-17 18:18:00,4363.543,4363.543,4361.336,4361.816,130
2026-09-17 18:19:00,4361.853,4362.177,4360.466,4361.097,134
2026-09-17 18:20:00,4361.035,4361.453,4359.978,4360.726,148
2026-09-17 18:21:00,4360.745,4360.996,4358.09,4358.836,231
2026-09-17 18:22:00,4358.81,4358.81,4357.15,4358.349,168
2026-09-17 18:23:00,4358.342,4359.103,4357.158,4357.991,145
2026-09-17 18:24:00,4357.976,4358.229,4357.416,4357.589,117
2026-09-17 18:25:00,4357.733,4359.163,4357.363,4357.363,172
2026-09-17 18:26:00,4357.635,4358.594,4357.387,4358.448,131
2026-09-17 18:27:00,4358.384,4358.616,4357.897,4358.241,124
2026-09-17 18:28:00,4358.186,4358.527,4357.239,4357.764,144
2026-09-17 18:29:00,4357.692,4357.696,4355.754,4356.333,197
2026-09-17 18:30:00,4356.465,4356.645,4352.899,4353.287,231
2026-09-17 18:31:00,4353.342,4354.151,4352.948,4353.711,154
2026-09-17 18:32:00,4353.646,4354.133,4352.802,4353.33,154
2026-09-17 18:33:00,4353.259,4353.28,4350.897,4351.08,161
2026-09-17 18:34:00,4351.286,4351.986,4349.391,4349.739,234
2026-09-17 18:35:00,4349.543,4350.192,4348.393,4348.543,183
2026-09-17 18:36:00,4348.804,4349.967,4348.285,4349.448,134
2026-09-17 18:37:00,4349.511,4351.302,4349.511,4350.514,200
2026-09-17 18:38:00,4350.576,4351.967,4349.57,4351.313,163
2026-09-17 18:39:00,4351.185,4351.858,4350.085,4351.328,201
2026-09-17 18:40:00,4351.501,4352.295,4350.583,4352.163,158
2026-09-17 18:41:00,4352.106,4352.801,4351.685,4352.271,121
2026-09-17 18:42:00,4352.455,4352.52,4351.116,4351.562,134
2026-09-17 18:43:00,4351.508,4352.855,4351.203,4352.831,150
2026-09-17 18:44:00,4352.578,4353.074,4351.828,4352.209,118
2026-09-17 18:45:00,4352.327,4352.683,4351.406,4351.82,145
2026-09-17 18:46:00,4351.767,4352.142,4350.076,4351.416,149
2026-09-17 18:47:00,4351.051,4351.475,4350.307,4351.04,75
2026-09-17 18:48:00,4350.913,4352.69,4350.59,4352.361,112
2026-09-17 18:49:00,4352.577,4352.814,4351.58,4352.125,119
2026-09-17 18:50:00,4352.07,4352.341,4350.313,4351.023,124
2026-09-17 18:51:00,4350.823,4352.284,4349.759,4351.224,143
2026-09-17 18:52:00,4351.219,4351.946,4350.108,4350.395,110
2026-09-17 18:53:00,4350.326,4350.733,4349.019,4350.716,136
2026-09-17 18:54:00,4350.659,4350.959,4350.033,4350.559,99
2026-09-17 18:55:00,4350.58,4351.293,4350.24,4350.758,141
2026-09-17 18:56:00,4350.77,4351.425,4349.815,4351.425,121
2026-09-17 18:57:00,4351.505,4351.822,4350.918,4351.351,107
2026-09-17 18:58:00,4351.353,4351.792,4350.93,4351.599,86
2026-09-17 18:59:00,4351.547,4351.698,4350.807,4351.629,110
2026-09-17 19:00:00,4351.411,4353.906,4351.109,4353.531,188
2026-09-17 19:01:00,4353.624,4355.384,4352.973,4355.181,174
2026-09-17 19:02:00,4355.392,4355.392,4353.721,4353.795,137
2026-09-17 19:03:00,4354.045,4355.203,4353.881,4354.79,122
2026-09-17 19:04:00,4354.735,4354.973,4353.854,4354.279,111
2026-09-17 19:05:00,4354.218,4355.18,4353.944,4354.909,131
2026-09-17 19:06:00,4354.787,4355.277,4353.822,4354.578,113
2026-09-17 19:07:00,4354.523,4354.808,4353.54,4354.774,144
2026-09-17 19:08:00,4354.711,4356.007,4354.276,4354.796,135
2026-09-17 19:09:00,4354.819,4355.095,4353.576,4354.524,115
2026-09-17 19:10:00,4354.574,4355.278,4354.118,4354.162,106
2026-09-17 19:11:00,4354.135,4355.186,4353.507,4354.751,102
2026-09-17 19:12:00,4354.692,4355.819,4353.302,4355.535,130
2026-09-17 19:13:00,4355.481,4355.866,4354.712,4354.931,102
2026-09-17 19:14:00,4354.915,4354.979,4354.215,4354.543,89
2026-09-17 19:15:00,4354.469,4354.799,4353.176,4353.192,110
2026-09-17 19:16:00,4353.264,4353.264,4351.155,4351.346,113
2026-09-17 19:17:00,4351.016,4351.234,4348.792,4349.5,152
2026-09-17 19:18:00,4349.381,4351.119,4348.981,4350.31,148
2026-09-17 19:19:00,4350.155,4352.195,4350.001,4352.189,122
2026-09-17 19:20:00,4351.915,4351.915,4350.42,4350.549,115
2026-09-17 19:21:00,4350.537,4350.833,4347.479,4348.379,145
2026-09-17 19:22:00,4348.239,4348.995,4347.877,4348.456,128
2026-09-17 19:23:00,4348.453,4348.664,4347.297,4347.602,117
2026-09-17 19:24:00,4347.545,4349.103,4347.178,4347.321,130
2026-09-17 19:25:00,4347.575,4349.786,4347.337,4349.404,158
2026-09-17 19:26:00,4349.456,4349.646,4346.748,4346.84,149
2026-09-17 19:27:00,4347.078,4347.14,4344.801,4345.02,183
2026-09-17 19:28:00,4344.966,4345.521,4343.339,4344.698,253
2026-09-17 19:29:00,4344.742,4345.165,4343.104,4343.43,141
2026-09-17 19:30:00,4343.376,4345.681,4342.514,4343.918,188
2026-09-17 19:31:00,4344.115,4346.885,4344.077,4345.533,162
2026-09-17 19:32:00,4345.65,4346.028,4344.654,4344.896,157
2026-09-17 19:33:00,4344.842,4344.968,4343.46,4344.618,155
2026-09-17 19:34:00,4344.678,4345.14,4343.663,4343.663,139
2026-09-17 19:35:00,4343.915,4344.874,4343.3,4343.43,162
2026-09-17 19:36:00,4343.365,4344.925,4342.798,4344.073,132
2026-09-17 19:37:00,4344.117,4344.438,4343.309,4343.738,131
2026-09-17 19:38:00,4343.79,4344.656,4343.576,4343.758,120
2026-09-17 19:39:00,4343.701,4344.587,4342.834,4344.247,108
2026-09-17 19:40:00,4344.441,4345.527,4344.364,4345.183,125
2026-09-17 19:41:00,4345.08,4345.385,4344.288,4344.376,131
2026-09-17 19:42:00,4344.381,4345.111,4344.162,4344.991,142
2026-09-17 19:43:00,4344.879,4345.606,4344.179,4344.905,123
2026-09-17 19:44:00,4345.207,4345.682,4344.86,4345.262,108
2026-09-17 19:45:00,4345.265,4346.385,4344.861,4345.962,117
2026-09-17 19:46:00,4345.839,4347.357,4345.432,4345.705,140
2026-09-17 19:47:00,4345.85,4346.777,4345.444,4346.143,86
2026-09-17 19:48:00,4346.121,4346.121,4344.029,4344.599,153
2026-09-17 19:49:00,4344.3,4345.097,4344.089,4345.097,112
2026-09-17 19:50:00,4345.152,4346.719,4344.637,4346.132,159
2026-09-17 19:51:00,4345.801,4347.303,4345.717,4347.303,112
2026-09-17 19:52:00,4347.248,4347.722,4345.755,4346.814,177
2026-09-17 19:53:00,4346.988,4348.885,4346.491,4348.764,141
2026-09-17 19:54:00,4348.712,4349.268,4347.14,4347.941,131
2026-09-17 19:55:00,4347.512,4348.041,4346.813,4346.946,155
2026-09-17 19:56:00,4347.029,4348.877,4346.727,4348.773,121
2026-09-17 19:57:00,4348.721,4348.721,4347.013,4347.836,126
2026-09-17 19:58:00,4347.724,4349.152,4346.926,4347.198,153
2026-09-17 19:59:00,4347.018,4347.541,4345.79,4346.289,138
2026-09-17 20:00:00,4346.233,4346.886,4345.655,4346.27,181
2026-09-17 20:01:00,4346.212,4346.693,4344.879,4345.104,100
2026-09-17 20:02:00,4345.116,4345.573,4344.361,4344.997,90
2026-09-17 20:03:00,4344.93,4346.278,4344.859,4346.0,103
2026-09-17 20:04:00,4345.944,4345.944,4343.847,4344.481,99
2026-09-17 20:05:00,4344.464,4344.789,4343.194,4344.789,115
2026-09-17 20:06:00,4345.127,4345.414,4344.598,4344.961,97
2026-09-17 20:07:00,4345.013,4345.963,4344.857,4345.521,71
2026-09-17 20:08:00,4345.692,4345.974,4344.957,4345.191,86
2026-09-17 20:09:00,4345.247,4345.446,4344.332,4344.921,92
2026-09-17 20:10:00,4344.868,4345.129,4343.192,4343.991,103
2026-09-17 20:11:00,4343.937,4344.047,4342.774,4342.955,102
2026-09-17 20:12:00,4343.185,4343.345,4342.356,4342.586,89
2026-09-17 20:13:00,4342.624,4343.015,4342.268,4342.561,49
2026-09-17 20:14:00,4342.666,4343.3,4342.542,4343.063,61
2026-09-17 20:15:00,4343.049,4343.713,4343.049,4343.32,67
2026-09-17 20:16:00,4343.209,4343.594,4342.121,4342.158,78
2026-09-17 20:17:00,4342.144,4343.224,4342.144,4343.042,64
2026-09-17 20:18:00,4343.042,4344.461,4342.771,4343.86,75
2026-09-17 20:19:00,4343.87,4344.893,4342.804,4343.117,94
2026-09-17 20:20:00,4343.081,4343.677,4342.782,4343.106,59
2026-09-17 20:21:00,4343.118,4343.744,4342.684,4343.678,47
2026-09-17 20:22:00,4343.674,4344.621,4343.213,4344.242,65
2026-09-17 20:23:00,4344.194,4345.167,4344.086,4344.488,61
2026-09-17 20:24:00,4344.23,4344.33,4343.732,4343.923,60
2026-09-17 20:25:00,4343.798,4345.15,4343.798,4344.907,60
2026-09-17 20:26:00,4344.894,4345.485,4343.321,4343.532,82
2026-09-17 20:27:00,4343.468,4343.788,4342.766,4343.398,72
2026-09-17 20:28:00,4343.427,4343.948,4342.651,4343.389,70
2026-09-17 20:29:00,4343.39,4343.546,4341.852,4342.119,86
2026-09-17 20:30:00,4342.18,4342.864,4341.238,4341.455,90
2026-09-17 20:31:00,4341.435,4341.79,4341.03,4341.692,75
2026-09-17 20:32:00,4341.704,4342.536,4341.439,4342.169,64
2026-09-17 20:33:00,4342.166,4342.397,4341.818,4342.21,58
2026-09-17 20:34:00,4342.216,4342.216,4340.934,4341.362,70
2026-09-17 20:35:00,4341.362,4342.296,4340.725,4342.296,75
2026-09-17 20:36:00,4342.301,4342.322,4341.638,4342.132,60
2026-09-17 20:37:00,4342.124,4342.124,4341.53,4341.91,53
2026-09-17 20:38:00,4341.91,4341.91,4340.405,4341.161,71
2026-09-17 20:39:00,4341.017,4342.426,4340.952,4342.172,92
2026-09-17 20:40:00,4342.075,4343.523,4341.778,4343.416,79
2026-09-17 20:41:00,4343.435,4343.492,4342.199,4342.881,86
2026-09-17 20:42:00,4342.895,4343.168,4342.239,4342.267,46
2026-09-17 20:43:00,4342.59,4342.691,4341.19,4341.289,76
2026-09-17 20:44:00,4341.01,4341.617,4340.968,4341.018,65
2026-09-17 20:45:00,4341.099,4341.519,4340.567,4341.446,67
2026-09-17 20:46:00,4341.432,4342.023,4341.0,4341.35,56
2026-09-17 20:47:00,4341.312,4341.709,4341.023,4341.163,64
2026-09-17 20:48:00,4341.251,4342.167,4341.226,4342.167,44
2026-09-17 20:49:00,4341.864,4342.475,4341.788,4342.147,66
2026-09-17 20:50:00,4342.142,4342.151,4340.49,4341.109,95
2026-09-17 20:51:00,4340.836,4341.752,4340.836,4341.74,70
2026-09-17 20:52:00,4341.747,4342.515,4341.629,4341.69,64
2026-09-17 20:53:00,4341.69,4342.372,4341.315,4342.372,59
2026-09-17 20:54:00,4342.319,4342.319,4341.428,4341.934,58
2026-09-17 20:55:00,4341.876,4342.358,4341.095,4341.839,84
2026-09-17 20:56:00,4341.829,4342.193,4341.582,4342.172,36
2026-09-17 20:57:00,4341.869,4342.501,4341.43,4341.869,80
2026-09-17 22:00:00,4343.387,4344.234,4343.242,4343.798,49
2026-09-17 22:01:00,4343.89,4345.338,4342.905,4343.394,103
2026-09-17 22:02:00,4343.319,4343.334,4342.269,4342.8,81
2026-09-17 22:03:00,4342.817,4343.203,4342.583,4343.026,41
2026-09-17 22:04:00,4342.73,4343.259,4342.73,4342.992,41
2026-09-17 22:05:00,4343.055,4343.315,4341.949,4342.362,58
2026-09-17 22:06:00,4342.321,4342.36,4341.81,4342.142,44
2026-09-17 22:07:00,4342.14,4342.531,4341.85,4342.531,54
2026-09-17 22:08:00,4342.26,4342.649,4342.088,4342.088,38
2026-09-17 22:09:00,4342.056,4342.718,4341.983,4342.618,62
2026-09-17 22:10:00,4342.588,4342.757,4341.89,4342.064,43
2026-09-17 22:11:00,4341.791,4342.858,4341.719,4342.857,57
2026-09-17 22:12:00,4342.585,4344.037,4342.585,4343.727,73
2026-09-17 22:13:00,4343.486,4345.048,4343.31,4344.608,71
2026-09-17 22:14:00,4344.607,4344.865,4344.113,4344.145,66
2026-09-17 22:15:00,4344.415,4345.016,4344.325,4344.68,53
2026-09-17 22:16:00,4344.685,4345.097,4344.346,4344.346,55
2026-09-17 22:17:00,4344.316,4344.722,4342.595,4342.694,81
2026-09-17 22:18:00,4342.679,4342.758,4341.918,4342.243,56
2026-09-17 22:19:00,4342.243,4343.015,4341.99,4341.99,47
2026-09-17 22:20:00,4341.986,4342.746,4341.469,4342.512,80
2026-09-17 22:21:00,4342.55,4343.718,4342.55,4343.213,76
2026-09-17 22:22:00,4343.465,4343.762,4342.601,4343.185,65
2026-09-17 22:23:00,4343.131,4343.654,4342.961,4343.512,45
2026-09-17 22:24:00,4343.218,4343.41,4341.835,4342.594,71
2026-09-17 22:25:00,4342.601,4343.5,4342.482,4343.182,61
2026-09-17 22:26:00,4343.123,4343.124,4341.901,4342.732,90
2026-09-17 22:27:00,4342.773,4342.936,4341.962,4342.279,74
2026-09-17 22:28:00,4342.314,4343.193,4342.313,4343.051,74
2026-09-17 22:29:00,4343.076,4345.05,4343.026,4344.849,76
2026-09-17 22:30:00,4344.824,4346.064,4344.611,4346.062,96
2026-09-17 22:31:00,4346.117,4346.873,4345.109,4346.797,118
2026-09-17 22:32:00,4346.857,4348.045,4346.692,4347.98,136
2026-09-17 22:33:00,4347.925,4347.925,4346.322,4347.01,88
2026-09-17 22:34:00,4347.063,4347.189,4346.55,4346.959,58
2026-09-17 22:35:00,4347.01,4348.627,4346.818,4348.495,124
2026-09-17 22:36:00,4348.431,4349.345,4348.088,4349.345,89
2026-09-17 22:37:00,4349.228,4349.228,4348.036,4348.664,91
2026-09-17 22:38:00,4348.333,4349.156,4347.616,4349.156,112
2026-09-17 22:39:00,4349.293,4349.293,4348.481,4348.491,61
2026-09-17 22:40:00,4348.727,4348.885,4348.037,4348.695,57
2026-09-17 22:41:00,4348.695,4348.695,4346.979,4347.546,84
2026-09-17 22:42:00,4347.543,4348.367,4346.984,4346.984,69
2026-09-17 22:43:00,4347.077,4347.343,4345.11,4345.125,74
2026-09-17 22:44:00,4345.13,4345.438,4344.038,4344.453,56
2026-09-17 22:45:00,4344.39,4345.289,4343.934,4344.765,65
2026-09-17 22:46:00,4344.771,4344.787,4343.424,4343.707,61
2026-09-17 22:47:00,4343.626,4343.743,4343.091,4343.743,65
2026-09-17 22:48:00,4343.721,4344.353,4342.5,4342.743,95
2026-09-17 22:49:00,4342.469,4343.089,4341.701,4342.579,84
2026-09-17 22:50:00,4342.581,4342.84,4342.262,4342.383,69
2026-09-17 22:51:00,4342.156,4342.771,4341.709,4342.326,97
2026-09-17 22:52:00,4342.385,4342.987,4341.393,4342.895,82
2026-09-17 22:53:00,4342.929,4344.511,4342.524,4343.494,102
2026-09-17 22:54:00,4343.598,4344.919,4343.268,4344.919,114
2026-09-17 22:55:00,4344.751,4345.65,4343.121,4343.132,142
2026-09-17 22:56:00,4343.025,4346.082,4341.886,4344.987,193
2026-09-17 22:57:00,4344.993,4345.033,4343.091,4343.601,87
2026-09-17 22:58:00,4343.705,4344.582,4343.441,4344.159,55
2026-09-17 22:59:00,4344.43,4344.707,4343.646,4344.421,58
2026-09-17 23:00:00,4344.367,4344.716,4342.736,4342.736,152
2026-09-17 23:01:00,4342.639,4343.166,4341.868,4343.098,93
2026-09-17 23:02:00,4342.878,4343.885,4342.609,4343.655,62
2026-09-17 23:03:00,4343.886,4344.396,4343.538,4344.385,56
2026-09-17 23:04:00,4344.391,4344.574,4343.164,4343.877,79
2026-09-17 23:05:00,4343.651,4344.111,4341.933,4343.647,117
2026-09-17 23:06:00,4343.639,4343.839,4339.683,4342.363,165
2026-09-17 23:07:00,4342.346,4344.04,4342.346,4343.635,85
2026-09-17 23:08:00,4343.913,4344.514,4343.446,4343.672,73
2026-09-17 23:09:00,4343.733,4344.858,4343.679,4344.491,87
2026-09-17 23:10:00,4344.199,4345.506,4343.911,4345.165,92
2026-09-17 23:11:00,4345.488,4346.238,4344.431,4345.077,109
2026-09-17 23:12:00,4345.081,4345.316,4344.521,4345.023,73
2026-09-17 23:13:00,4345.296,4345.538,4344.633,4345.137,69
2026-09-17 23:14:00,4345.13,4345.578,4344.597,4345.062,86
2026-09-17 23:15:00,4345.093,4345.507,4344.547,4344.838,71
2026-09-17 23:16:00,4344.842,4344.928,4342.526,4342.961,99
2026-09-17 23:17:00,4342.695,4343.103,4341.619,4342.446,97
2026-09-17 23:18:00,4342.367,4344.913,4342.15,4344.581,107
2026-09-17 23:19:00,4344.57,4344.956,4344.049,4344.624,72
2026-09-17 23:20:00,4344.878,4345.792,4344.329,4344.944,112
2026-09-17 23:21:00,4344.917,4346.417,4344.431,4345.685,151
2026-09-17 23:22:00,4345.958,4347.63,4345.803,4346.708,108
2026-09-17 23:23:00,4346.869,4346.891,4346.096,4346.873,49
2026-09-17 23:24:00,4346.6,4347.566,4346.146,4346.146,98
2026-09-17 23:25:00,4346.389,4347.467,4344.492,4344.72,135
2026-09-17 23:26:00,4344.666,4345.183,4342.024,4344.207,175
2026-09-17 23:27:00,4344.479,4344.608,4343.43,4344.608,96
2026-09-17 23:28:00,4344.881,4344.971,4344.458,4344.692,49
2026-09-17 23:29:00,4344.968,4344.968,4344.041,4344.041,34
2026-09-17 23:30:00,4344.26,4344.426,4343.608,4344.358,82
2026-09-17 23:31:00,4344.456,4345.083,4344.358,4344.489,60
2026-09-17 23:32:00,4344.513,4344.513,4343.637,4343.638,66
2026-09-17 23:33:00,4343.907,4344.341,4343.564,4344.125,34
2026-09-17 23:34:00,4344.398,4344.937,4344.1,4344.87,64
2026-09-17 23:35:00,4344.597,4344.934,4344.062,4344.263,63
2026-09-17 23:36:00,4344.226,4344.226,4343.443,4343.443,46
2026-09-17 23:37:00,4343.442,4344.894,4343.442,4344.475,67
2026-09-17 23:38:00,4344.475,4344.8,4343.886,4344.044,66
2026-09-17 23:39:00,4344.044,4344.6,4343.513,4343.798,71
2026-09-17 23:40:00,4343.859,4344.514,4343.551,4344.432,67
2026-09-17 23:41:00,4344.384,4344.787,4343.905,4344.127,54
2026-09-17 23:42:00,4344.151,4344.522,4343.561,4343.855,50
2026-09-17 23:43:00,4343.845,4344.12,4343.155,4343.531,78
2026-09-17 23:44:00,4343.528,4344.687,4343.221,4344.337,67
2026-09-17 23:45:00,4344.261,4345.238,4343.547,4344.968,114
2026-09-17 23:46:00,4345.132,4345.132,4344.16,4344.718,102
2026-09-17 23:47:00,4344.716,4345.753,4344.243,4345.552,83
2026-09-17 23:48:00,4345.562,4345.98,4344.551,4344.592,78
2026-09-17 23:49:00,4344.821,4345.253,4344.599,4345.118,69
2026-09-17 23:50:00,4344.869,4345.06,4344.467,4344.878,53
2026-09-17 23:51:00,4344.896,4345.588,4344.828,4345.104,67
2026-09-17 23:52:00,4344.827,4345.239,4344.51,4344.994,68
2026-09-17 23:53:00,4345.001,4346.92,4345.001,4346.412,81
2026-09-17 23:54:00,4346.449,4347.884,4346.449,4347.31,94
2026-09-17 23:55:00,4347.31,4348.119,4347.105,4347.237,82
2026-09-17 23:56:00,4347.462,4347.462,4346.54,4346.827,63
2026-09-17 23:57:00,4346.633,4346.984,4345.776,4346.615,90
2026-09-17 23:58:00,4346.398,4346.546,4345.396,4346.069,64
2026-09-17 23:59:00,4345.928,4346.397,4345.495,4346.397,74
2026-09-18 00:00:00,4346.062,4346.533,4342.091,4342.26,318
2026-09-18 00:01:00,4342.207,4344.969,4342.207,4342.924,252
2026-09-18 00:02:00,4342.644,4343.587,4342.612,4343.021,146
2026-09-18 00:03:00,4343.212,4343.966,4342.914,4343.708,145
2026-09-18 00:04:00,4343.713,4345.105,4343.713,4344.726,117
2026-09-18 00:05:00,4344.607,4345.581,4344.028,4344.102,155
2026-09-18 00:06:00,4344.029,4346.427,4343.373,4346.188,152
2026-09-18 00:07:00,4346.13,4346.353,4343.885,4344.697,144
2026-09-18 00:08:00,4344.644,4346.324,4344.519,4345.88,123
2026-09-18 00:09:00,4345.882,4346.97,4345.677,4346.804,95
2026-09-18 00:10:00,4347.096,4349.416,4346.466,4349.177,134
2026-09-18 00:11:00,4349.177,4351.331,4349.131,4350.819,154
2026-09-18 00:12:00,4350.763,4353.184,4350.738,4353.184,154
2026-09-18 00:13:00,4353.112,4354.94,4353.054,4353.473,131
2026-09-18 00:14:00,4353.444,4354.8,4352.575,4354.194,157
2026-09-18 00:15:00,4354.164,4355.265,4352.471,4354.753,222
2026-09-18 00:16:00,4354.532,4354.868,4353.596,4353.773,133
2026-09-18 00:17:00,4353.72,4354.429,4352.77,4353.307,118
2026-09-18 00:18:00,4353.319,4353.886,4352.686,4353.598,115
2026-09-18 00:19:00,4353.395,4354.067,4352.596,4353.095,120
2026-09-18 00:20:00,4352.965,4354.177,4352.609,4353.976,165
2026-09-18 00:21:00,4354.03,4354.157,4350.814,4351.784,177
2026-09-18 00:22:00,4351.994,4355.589,4350.859,4355.589,230
2026-09-18 00:23:00,4355.261,4357.532,4355.09,4357.054,184
2026-09-18 00:24:00,4356.805,4356.882,4355.639,4355.793,140
2026-09-18 00:25:00,4355.734,4355.91,4353.353,4354.261,164
2026-09-18 00:26:00,4354.276,4355.108,4352.755,4355.108,152
2026-09-18 00:27:00,4354.879,4355.205,4353.813,4354.709,142
2026-09-18 00:28:00,4354.59,4354.59,4352.48,4352.956,104
2026-09-18 00:29:00,4352.879,4353.619,4350.885,4353.326,147
2026-09-18 00:30:00,4353.389,4357.386,4352.955,4356.733,212
2026-09-18 00:31:00,4356.681,4358.274,4356.628,4358.255,138
2026-09-18 00:32:00,4358.521,4358.98,4357.403,4358.769,120
2026-09-18 00:33:00,4358.826,4360.174,4358.132,4358.186,150
2026-09-18 00:34:00,4358.126,4358.594,4357.541,4357.979,114
2026-09-18 00:35:00,4357.988,4359.001,4357.519,4359.001,90
2026-09-18 00:36:00,4358.727,4359.157,4358.032,4358.33,106
2026-09-18 00:37:00,4358.318,4359.735,4358.318,4359.236,113
2026-09-18 00:38:00,4359.094,4360.066,4358.404,4359.164,122
2026-09-18 00:39:00,4359.109,4359.561,4357.569,4358.514,106
2026-09-18 00:40:00,4358.405,4358.525,4357.27,4357.592,110
2026-09-18 00:41:00,4357.44,4358.328,4357.276,4358.25,104
2026-09-18 00:42:00,4358.18,4358.517,4357.262,4357.657,110
2026-09-18 00:43:00,4357.588,4358.094,4357.398,4358.042,101
2026-09-18 00:44:00,4357.988,4359.514,4357.62,4358.758,108
2026-09-18 00:45:00,4358.825,4359.46,4357.116,4357.372,116
2026-09-18 00:46:00,4357.562,4357.845,4355.119,4356.541,160
2026-09-18 00:47:00,4356.351,4356.989,4353.908,4354.05,171
2026-09-18 00:48:00,4353.993,4354.173,4352.519,4354.096,122
2026-09-18 00:49:00,4353.977,4354.327,4353.458,4353.652,84
2026-09-18 00:50:00,4353.652,4354.778,4352.45,4354.087,168
2026-09-18 00:51:00,4354.067,4355.54,4353.932,4355.129,145
2026-09-18 00:52:00,4355.061,4355.061,4353.543,4354.285,92
2026-09-18 00:53:00,4354.345,4354.53,4353.079,4354.106,115
2026-09-18 00:54:00,4354.044,4354.533,4352.81,4353.778,141
2026-09-18 00:55:00,4353.656,4354.346,4352.922,4354.346,124
2026-09-18 00:56:00,4354.302,4356.545,4353.992,4356.545,126
2026-09-18 00:57:00,4356.604,4357.305,4355.618,4356.111,138
2026-09-18 00:58:00,4356.073,4356.073,4354.484,4354.74,146
2026-09-18 00:59:00,4354.674,4357.703,4354.431,4356.247,388
2026-09-18 01:00:00,4356.305,4361.239,4356.282,4359.72,1041
2026-09-18 01:01:00,4359.665,4363.994,4359.581,4361.912,540
2026-09-18 01:02:00,4361.507,4363.294,4359.855,4361.686,401
2026-09-18 01:03:00,4361.56,4362.612,4360.224,4361.318,291
2026-09-18 01:04:00,4361.287,4363.15,4361.115,4362.502,294
2026-09-18 01:05:00,4362.203,4364.411,4362.203,4363.654,323
2026-09-18 01:06:00,4363.708,4365.597,4363.373,4365.57,224
2026-09-18 01:07:00,4365.459,4365.48,4363.689,4363.712,293
2026-09-18 01:08:00,4363.92,4364.219,4361.665,4362.036,268
2026-09-18 01:09:00,4361.914,4362.546,4361.132,4361.132,193
2026-09-18 01:10:00,4361.391,4361.978,4359.822,4360.874,231
2026-09-18 01:11:00,4360.93,4362.055,4360.004,4362.055,164
2026-09-18 01:12:00,4361.997,4362.084,4360.164,4361.016,195
2026-09-18 01:13:00,4360.93,4361.134,4357.128,4357.554,273
2026-09-18 01:14:00,4357.609,4358.854,4357.378,4358.186,179
2026-09-18 01:15:00,4358.132,4358.443,4356.496,4356.824,271
2026-09-18 01:16:00,4356.758,4357.319,4354.561,4356.709,288
2026-09-18 01:17:00,4356.633,4357.002,4355.931,4356.733,144
2026-09-18 01:18:00,4356.903,4358.147,4356.077,4357.246,203
2026-09-18 01:19:00,4357.193,4362.08,4357.068,4360.411,297
2026-09-18 01:20:00,4360.338,4362.159,4360.243,4362.038,188
2026-09-18 01:21:00,4361.981,4364.533,4361.829,4364.32,183
2026-09-18 01:22:00,4364.348,4364.361,4361.946,4362.454,157
2026-09-18 01:23:00,4362.344,4363.695,4361.069,4361.926,259
2026-09-18 01:24:00,4361.862,4363.739,4361.476,4362.101,246
2026-09-18 01:25:00,4362.436,4363.275,4361.395,4361.604,148
2026-09-18 01:26:00,4361.571,4362.001,4360.364,4360.73,157
2026-09-18 01:27:00,4360.731,4361.355,4359.955,4360.827,139
2026-09-18 01:28:00,4361.038,4361.089,4358.79,4359.535,178
2026-09-18 01:29:00,4359.315,4360.032,4358.558,4360.017,151
2026-09-18 01:30:00,4360.071,4360.128,4358.811,4360.128,218
2026-09-18 01:31:00,4359.802,4360.019,4357.185,4357.283,205
2026-09-18 01:32:00,4357.23,4357.407,4353.798,4354.642,263
2026-09-18 01:33:00,4354.576,4354.576,4351.634,4352.496,237
2026-09-18 01:34:00,4352.55,4354.408,4351.788,4351.926,227
2026-09-18 01:35:00,4351.873,4352.469,4350.604,4352.231,233
2026-09-18 01:36:00,4352.112,4354.924,4352.055,4354.146,176
2026-09-18 01:37:00,4354.419,4354.921,4353.247,4353.708,141
2026-09-18 01:38:00,4353.668,4354.937,4352.414,4352.675,181
2026-09-18 01:39:00,4352.819,4353.355,4350.071,4350.303,208
2026-09-18 01:40:00,4350.517,4350.836,4348.675,4349.786,268
2026-09-18 01:41:00,4349.733,4350.544,4348.959,4349.943,188
2026-09-18 01:42:00,4349.881,4350.651,4349.454,4350.119,184
2026-09-18 01:43:00,4350.038,4350.038,4348.378,4349.601,182
2026-09-18 01:44:00,4349.545,4349.905,4347.04,4347.406,154
2026-09-18 01:45:00,4347.436,4348.8,4346.465,4348.602,205
2026-09-18 01:46:00,4348.392,4348.783,4345.5,4347.467,210
2026-09-18 01:47:00,4347.527,4350.435,4347.357,4350.041,160
2026-09-18 01:48:00,4349.985,4350.454,4348.352,4348.352,217
2026-09-18 01:49:00,4348.302,4349.009,4347.461,4348.337,149
2026-09-18 01:50:00,4348.283,4348.767,4345.803,4345.871,165
2026-09-18 01:51:00,4345.94,4346.164,4343.783,4345.678,210
2026-09-18 01:52:00,4345.667,4348.308,4345.484,4348.199,162
2026-09-18 01:53:00,4348.419,4350.202,4347.801,4349.767,167
2026-09-18 01:54:00,4349.76,4350.323,4348.204,4349.274,144
2026-09-18 01:55:00,4349.169,4349.913,4348.349,4349.153,154
2026-09-18 01:56:00,4349.208,4350.266,4348.557,4349.011,164
2026-09-18 01:57:00,4348.736,4349.635,4348.445,4349.344,140
2026-09-18 01:58:00,4349.357,4350.244,4349.118,4349.687,135
2026-09-18 01:59:00,4349.538,4350.037,4347.981,4348.332,164
2026-09-18 02:00:00,4348.274,4349.059,4346.463,4346.567,243
2026-09-18 02:01:00,4346.513,4348.471,4346.243,4346.336,199
2026-09-18 02:02:00,4346.322,4348.786,4345.653,4348.508,163
2026-09-18 02:03:00,4348.569,4348.738,4347.907,4348.117,111
2026-09-18 02:04:00,4348.341,4349.129,4347.68,4348.215,137
2026-09-18 02:05:00,4348.426,4349.723,4348.19,4349.537,176
2026-09-18 02:06:00,4349.346,4350.13,4348.829,4349.274,155
2026-09-18 02:07:00,4349.154,4350.566,4348.635,4350.035,149
2026-09-18 02:08:00,4350.092,4351.573,4350.092,4351.221,114
2026-09-18 02:09:00,4350.962,4351.459,4349.149,4349.359,161
2026-09-18 02:10:00,4349.298,4349.354,4347.079,4347.079,193
2026-09-18 02:11:00,4347.385,4349.849,4347.003,4349.437,180
2026-09-18 02:12:00,4349.49,4350.405,4348.025,4350.149,151
2026-09-18 02:13:00,4349.93,4351.519,4349.404,4350.874,153
2026-09-18 02:14:00,4351.244,4351.494,4349.743,4350.517,156
2026-09-18 02:15:00,4350.254,4351.74,4349.527,4351.663,130
2026-09-18 02:16:00,4351.726,4352.964,4351.68,4352.615,131
2026-09-18 02:17:00,4352.84,4352.84,4349.705,4350.02,115
2026-09-18 02:18:00,4349.778,4350.792,4349.778,4350.023,85
2026-09-18 02:19:00,4350.041,4350.089,4348.589,4349.014,119
2026-09-18 02:20:00,4349.078,4349.94,4348.451,4348.798,112
2026-09-18 02:21:00,4348.697,4351.469,4347.949,4350.48,153
2026-09-18 02:22:00,4350.608,4350.668,4348.935,4349.379,86
2026-09-18 02:23:00,4349.253,4351.295,4349.212,4351.22,87
2026-09-18 02:24:00,4351.181,4352.685,4350.62,4352.143,116
2026-09-18 02:25:00,4351.889,4352.521,4351.861,4352.514,69
2026-09-18 02:26:00,4352.287,4353.748,4351.929,4353.283,108
2026-09-18 02:27:00,4353.367,4353.667,4352.128,4353.555,114
2026-09-18 02:28:00,4353.254,4353.642,4352.012,4352.359,100
2026-09-18 02:29:00,4352.346,4353.854,4352.252,4353.085,97
2026-09-18 02:30:00,4352.929,4355.364,4351.337,4354.837,342
2026-09-18 02:31:00,4354.987,4356.27,4354.109,4354.64,256
2026-09-18 02:32:00,4354.699,4355.617,4354.318,4355.3,132
2026-09-18 02:33:00,4355.13,4356.533,4354.889,4356.374,121
2026-09-18 02:34:00,4356.319,4356.567,4353.518,4355.793,174
2026-09-18 02:35:00,4355.86,4356.62,4354.307,4354.934,156
2026-09-18 02:36:00,4354.823,4355.887,4354.823,4355.153,136
2026-09-18 02:37:00,4355.268,4355.268,4352.556,4353.029,215
2026-09-18 02:38:00,4352.966,4353.078,4350.348,4350.866,201
2026-09-18 02:39:00,4350.813,4352.453,4350.629,4351.894,158
2026-09-18 02:40:00,4352.024,4353.02,4351.848,4352.286,166
2026-09-18 02:41:00,4352.323,4353.421,4352.094,4352.616,151
2026-09-18 02:42:00,4352.591,4352.939,4352.168,4352.357,112
2026-09-18 02:43:00,4352.291,4352.663,4350.158,4350.756,222
2026-09-18 02:44:00,4350.697,4352.265,4350.598,4351.552,158
2026-09-18 02:45:00,4351.498,4352.584,4350.095,4351.837,165
2026-09-18 02:46:00,4352.11,4355.049,4351.6,4354.699,183
2026-09-18 02:47:00,4354.499,4355.873,4354.273,4354.34,133
2026-09-18 02:48:00,4354.348,4355.256,4354.235,4355.203,121
2026-09-18 02:49:00,4355.24,4355.516,4354.217,4354.401,130
2026-09-18 02:50:00,4354.523,4355.573,4354.062,4355.307,128
2026-09-18 02:51:00,4355.25,4355.388,4354.342,4354.483,106
2026-09-18 02:52:00,4354.338,4354.689,4352.484,4353.36,138
2026-09-18 02:53:00,4353.29,4353.776,4351.924,4352.352,153
2026-09-18 02:54:00,4352.347,4353.482,4348.586,4348.935,504
2026-09-18 02:55:00,4348.883,4348.883,4346.421,4346.779,399
2026-09-18 02:56:00,4346.839,4348.758,4345.334,4346.484,269
2026-09-18 02:57:00,4346.545,4347.925,4346.183,4347.361,229
2026-09-18 02:58:00,4347.3,4347.378,4343.231,4345.002,300
2026-09-18 02:59:00,4344.663,4347.588,4344.595,4346.954,194
2026-09-18 03:00:00,4346.89,4346.89,4344.619,4346.355,286
2026-09-18 03:01:00,4346.369,4347.972,4346.172,4347.559,176
2026-09-18 03:02:00,4347.297,4348.138,4345.846,4346.234,187
2026-09-18 03:03:00,4346.207,4349.179,4345.924,4348.097,299
2026-09-18 03:04:00,4348.052,4349.387,4347.701,4348.876,291
2026-09-18 03:05:00,4348.929,4351.994,4348.877,4349.804,271
2026-09-18 03:06:00,4349.93,4350.667,4348.632,4348.672,215
2026-09-18 03:07:00,4348.614,4350.469,4347.356,4348.999,241
2026-09-18 03:08:00,4348.781,4350.04,4347.439,4347.722,179
2026-09-18 03:09:00,4347.391,4347.866,4345.315,4345.738,230
2026-09-18 03:10:00,4345.463,4346.484,4345.463,4345.677,134
2026-09-18 03:11:00,4345.646,4346.9,4345.574,4346.538,137
2026-09-18 03:12:00,4346.482,4348.111,4346.133,4347.579,156
2026-09-18 03:13:00,4347.538,4347.634,4346.127,4346.483,150
2026-09-18 03:14:00,4346.812,4347.126,4344.089,4344.583,173
2026-09-18 03:15:00,4344.865,4344.985,4343.161,4344.047,158
2026-09-18 03:16:00,4344.047,4344.633,4340.487,4341.476,206
2026-09-18 03:17:00,4341.54,4342.364,4338.171,4338.81,337
2026-09-18 03:18:00,4338.587,4340.276,4336.811,4339.684,308
2026-09-18 03:19:00,4339.687,4340.549,4337.088,4337.504,245
2026-09-18 03:20:00,4337.451,4340.985,4336.699,4340.172,210
2026-09-18 03:21:00,4340.206,4340.306,4336.742,4337.964,157
2026-09-18 03:22:00,4338.016,4338.62,4335.116,4336.236,217
2026-09-18 03:23:00,4336.171,4336.653,4334.444,4335.208,238
2026-09-18 03:24:00,4335.272,4336.216,4335.046,4336.216,137
2026-09-18 03:25:00,4336.186,4336.35,4335.419,4335.419,145
2026-09-18 03:26:00,4335.387,4338.049,4333.997,4337.774,217
2026-09-18 03:27:00,4337.995,4339.228,4337.749,4339.104,162
2026-09-18 03:28:00,4339.046,4340.183,4338.794,4339.972,129
2026-09-18 03:29:00,4340.025,4341.019,4339.985,4340.986,145
2026-09-18 03:30:00,4340.932,4342.193,4340.406,4342.059,131
2026-09-18 03:31:00,4341.984,4343.709,4341.981,4343.38,147
2026-09-18 03:32:00,4343.433,4344.459,4343.433,4344.457,124
2026-09-18 03:33:00,4344.511,4345.559,4344.511,4345.559,120
2026-09-18 03:34:00,4345.612,4350.549,4345.612,4350.228,171
2026-09-18 03:35:00,4350.282,4351.861,4349.465,4351.001,231
2026-09-18 03:36:00,4351.055,4352.561,4350.563,4352.243,160
2026-09-18 03:37:00,4352.197,4353.296,4351.506,4352.98,197
2026-09-18 03:38:00,4353.011,4353.626,4351.865,4351.875,138
2026-09-18 03:39:00,4351.808,4353.098,4350.714,4352.701,163
2026-09-18 03:40:00,4352.698,4353.512,4351.712,4353.512,143
2026-09-18 03:41:00,4353.449,4354.753,4352.601,4354.695,149
2026-09-18 03:42:00,4354.761,4357.352,4354.761,4356.812,187
2026-09-18 03:43:00,4356.879,4358.967,4356.694,4357.763,207
2026-09-18 03:44:00,4357.954,4357.954,4356.522,4357.412,141
2026-09-18 03:45:00,4357.357,4360.631,4357.222,4359.62,231
2026-09-18 03:46:00,4359.721,4360.386,4357.753,4358.312,161
2026-09-18 03:47:00,4358.038,4360.219,4357.573,4359.134,177
2026-09-18 03:48:00,4359.246,4360.984,4359.19,4359.378,158
2026-09-18 03:49:00,4359.362,4360.515,4358.572,4358.578,164
2026-09-18 03:50:00,4358.577,4359.09,4357.213,4358.962,133
2026-09-18 03:51:00,4358.725,4359.167,4357.809,4358.144,137
2026-09-18 03:52:00,4358.199,4358.457,4356.992,4358.268,119
2026-09-18 03:53:00,4358.387,4359.584,4356.837,4359.405,202
2026-09-18 03:54:00,4359.178,4359.551,4357.497,4358.431,155
2026-09-18 03:55:00,4358.427,4359.89,4357.331,4359.336,213
2026-09-18 03:56:00,4359.391,4360.126,4358.877,4359.902,134
2026-09-18 03:57:00,4359.883,4360.688,4358.549,4358.77,118
2026-09-18 03:58:00,4358.559,4358.689,4357.6,4357.884,113
2026-09-18 03:59:00,4357.827,4359.136,4357.578,4359.136,76
2026-09-18 04:00:00,4359.08,4360.137,4358.794,4358.847,142
2026-09-18 04:01:00,4358.903,4358.906,4358.055,4358.822,103
2026-09-18 04:02:00,4358.518,4359.12,4357.776,4358.737,91
2026-09-18 04:03:00,4358.466,4358.894,4357.674,4358.894,108
2026-09-18 04:04:00,4358.676,4361.693,4358.676,4361.037,164
2026-09-18 04:05:00,4360.985,4361.424,4359.721,4360.315,112
2026-09-18 04:06:00,4360.307,4360.958,4359.662,4360.426,96
2026-09-18 04:07:00,4360.172,4361.158,4359.772,4360.843,87
2026-09-18 04:08:00,4360.898,4361.238,4359.533,4360.135,113
2026-09-18 04:09:00,4359.888,4360.148,4359.101,4359.506,85
2026-09-18 04:10:00,4359.817,4360.004,4359.07,4360.001,107
2026-09-18 04:11:00,4360.001,4360.393,4359.431,4359.502,76
2026-09-18 04:12:00,4359.543,4360.484,4359.517,4360.039,79
2026-09-18 04:13:00,4360.312,4360.312,4358.433,4358.925,126
2026-09-18 04:14:00,4358.652,4359.064,4356.739,4357.021,119
2026-09-18 04:15:00,4356.765,4357.335,4355.162,4355.407,155
2026-09-18 04:16:00,4355.468,4355.721,4353.84,4355.627,157
2026-09-18 04:17:00,4355.57,4355.57,4354.461,4354.936,116
2026-09-18 04:18:00,4355.06,4355.201,4354.091,4354.446,113
2026-09-18 04:19:00,4354.441,4354.71,4353.343,4353.62,113
2026-09-18 04:20:00,4353.55,4354.056,4352.66,4353.517,105
2026-09-18 04:21:00,4353.464,4353.599,4353.027,4353.496,107
2026-09-18 04:22:00,4353.582,4356.025,4353.582,4355.66,106
2026-09-18 04:23:00,4355.791,4355.862,4354.757,4355.523,115
2026-09-18 04:24:00,4355.826,4356.462,4354.96,4355.618,99
2026-09-18 04:25:00,4355.673,4356.904,4355.096,4356.834,95
2026-09-18 04:26:00,4356.895,4357.473,4356.369,4356.816,97
2026-09-18 04:27:00,4357.121,4357.336,4356.029,4357.051,91
2026-09-18 04:28:00,4357.312,4357.387,4356.419,4356.731,80
2026-09-18 04:29:00,4356.891,4357.987,4356.832,4357.907,67
2026-09-18 04:30:00,4357.98,4359.489,4357.371,4359.489,149
2026-09-18 04:31:00,4359.491,4360.887,4359.097,4360.608,114
2026-09-18 04:32:00,4360.606,4361.007,4359.979,4360.574,113
2026-09-18 04:33:00,4360.454,4360.843,4359.223,4359.223,108
2026-09-18 04:34:00,4359.489,4359.582,4356.904,4358.616,170
2026-09-18 04:35:00,4358.495,4359.748,4358.05,4359.748,103
2026-09-18 04:36:00,4359.466,4359.809,4358.018,4358.982,100
2026-09-18 04:37:00,4358.689,4359.299,4358.211,4358.59,88
2026-09-18 04:38:00,4358.568,4359.397,4358.268,4359.397,82
2026-09-18 04:39:00,4359.17,4360.428,4359.12,4359.614,113
2026-09-18 04:40:00,4359.64,4360.447,4359.26,4359.727,111
2026-09-18 04:41:00,4359.7,4359.973,4359.309,4359.588,80
2026-09-18 04:42:00,4359.626,4362.516,4359.489,4362.109,149
2026-09-18 04:43:00,4361.802,4363.795,4361.15,4363.303,145
2026-09-18 04:44:00,4363.299,4365.444,4362.51,4364.504,222
2026-09-18 04:45:00,4364.624,4366.706,4363.954,4365.043,198
2026-09-18 04:46:00,4364.987,4366.26,4364.652,4365.926,152
2026-09-18 04:47:00,4365.639,4365.77,4363.833,4364.516,201
2026-09-18 04:48:00,4364.427,4365.832,4364.088,4365.006,160
2026-09-18 04:49:00,4365.06,4366.487,4364.839,4364.995,140
2026-09-18 04:50:00,4364.941,4366.81,4364.873,4365.656,146
2026-09-18 04:51:00,4365.92,4367.014,4364.467,4364.71,160
2026-09-18 04:52:00,4364.814,4364.9,4363.019,4363.26,164
2026-09-18 04:53:00,4363.169,4363.265,4361.829,4361.977,135
2026-09-18 04:54:00,4361.968,4362.393,4360.851,4361.556,118
2026-09-18 04:55:00,4361.612,4362.219,4360.926,4361.368,95
2026-09-18 04:56:00,4361.325,4363.718,4361.325,4363.577,128
2026-09-18 04:57:00,4363.56,4367.001,4363.56,4366.421,182
2026-09-18 04:58:00,4366.366,4366.807,4365.925,4366.056,100
2026-09-18 04:59:00,4366.023,4367.178,4365.505,4366.716,128
2026-09-18 05:00:00,4367.024,4367.612,4365.266,4365.627,178
2026-09-18 05:01:00,4365.879,4366.792,4365.296,4365.913,153
2026-09-18 05:02:00,4365.91,4366.091,4363.946,4365.364,140
2026-09-18 05:03:00,4365.406,4366.485,4364.778,4365.39,131
2026-09-18 05:04:00,4365.328,4366.422,4364.843,4365.955,112
2026-09-18 05:05:00,4366.114,4366.318,4365.342,4365.872,95
2026-09-18 05:06:00,4365.813,4366.155,4364.121,4365.552,135
2026-09-18 05:07:00,4365.613,4369.489,4364.906,4368.739,177
2026-09-18 05:08:00,4368.982,4368.982,4367.22,4367.521,157
2026-09-18 05:09:00,4367.546,4368.713,4367.152,4368.072,133
2026-09-18 05:10:00,4367.964,4368.466,4366.536,4366.536,119
2026-09-18 05:11:00,4366.522,4367.282,4366.123,4366.733,87
2026-09-18 05:12:00,4366.949,4367.899,4365.536,4367.347,139
2026-09-18 05:13:00,4367.358,4367.645,4365.673,4365.951,129
2026-09-18 05:14:00,4365.889,4366.419,4365.31,4365.31,104
2026-09-18 05:15:00,4365.544,4366.832,4365.148,4365.213,139
2026-09-18 05:16:00,4365.213,4366.932,4365.213,4366.807,94
2026-09-18 05:17:00,4366.805,4368.642,4366.71,4367.785,132
2026-09-18 05:18:00,4367.841,4368.831,4367.658,4368.33,120
2026-09-18 05:19:00,4368.462,4369.579,4368.344,4368.474,149
2026-09-18 05:20:00,4368.418,4368.855,4367.099,4367.606,155
2026-09-18 05:21:00,4367.644,4368.031,4366.946,4367.185,100
2026-09-18 05:22:00,4367.24,4367.875,4366.558,4367.468,115
2026-09-18 05:23:00,4367.341,4367.612,4365.892,4366.106,123
2026-09-18 05:24:00,4366.322,4367.096,4365.908,4366.573,92
2026-09-18 05:25:00,4366.75,4367.001,4365.906,4366.103,101
2026-09-18 05:26:00,4366.063,4366.429,4365.296,4365.577,101
2026-09-18 05:27:00,4365.552,4365.733,4364.366,4365.014,91
2026-09-18 05:28:00,4364.794,4365.107,4363.877,4364.012,118
2026-09-18 05:29:00,4364.069,4366.254,4363.646,4364.429,149
2026-09-18 05:30:00,4364.755,4366.001,4360.284,4363.74,948
2026-09-18 05:31:00,4363.819,4364.635,4361.077,4362.252,445
2026-09-18 05:32:00,4362.379,4365.082,4361.862,4363.495,333
2026-09-18 05:33:00,4363.349,4365.783,4362.003,4363.418,280
2026-09-18 05:34:00,4363.2,4365.029,4362.64,4362.64,327
2026-09-18 05:35:00,4362.54,4364.448,4362.54,4363.907,307
2026-09-18 05:36:00,4363.609,4368.215,4363.323,4367.911,391
2026-09-18 05:37:00,4367.632,4369.528,4363.87,4365.72,509
2026-09-18 05:38:00,4366.056,4371.205,4364.322,4370.808,389
2026-09-18 05:39:00,4370.635,4373.072,4370.058,4372.079,356
2026-09-18 05:40:00,4372.021,4372.527,4370.137,4371.798,334
2026-09-18 05:41:00,4371.743,4372.847,4371.194,4372.636,229
2026-09-18 05:42:00,4372.576,4374.269,4372.44,4373.848,297
2026-09-18 05:43:00,4373.903,4375.729,4373.08,4373.863,296
2026-09-18 05:44:00,4374.078,4378.237,4373.008,4376.811,285
2026-09-18 05:45:00,4376.871,4377.911,4374.28,4374.763,287
2026-09-18 05:46:00,4374.883,4376.438,4374.155,4374.475,297
2026-09-18 05:47:00,4374.808,4376.273,4373.809,4374.512,213
2026-09-18 05:48:00,4374.643,4375.178,4373.893,4373.893,233
2026-09-18 05:49:00,4374.114,4374.167,4370.818,4370.875,271
2026-09-18 05:50:00,4370.788,4374.243,4370.606,4373.994,318
2026-09-18 05:51:00,4373.939,4374.898,4372.481,4372.481,238
2026-09-18 05:52:00,4372.424,4373.605,4371.797,4372.517,157
2026-09-18 05:53:00,4372.679,4373.813,4371.727,4373.435,205
2026-09-18 05:54:00,4373.494,4374.011,4372.809,4373.615,168
2026-09-18 05:55:00,4373.56,4374.369,4372.922,4373.456,167
2026-09-18 05:56:00,4373.19,4373.229,4370.958,4371.058,167
2026-09-18 05:57:00,4371.114,4374.734,4371.055,4374.462,214
2026-09-18 05:58:00,4374.519,4377.255,4374.247,4376.935,217
2026-09-18 05:59:00,4376.865,4378.077,4376.344,4377.178,172
2026-09-18 06:00:00,4377.06,4383.852,4377.014,4383.032,242
2026-09-18 06:01:00,4383.237,4386.867,4383.237,4385.128,205
2026-09-18 06:02:00,4384.976,4385.922,4382.226,4385.383,188
2026-09-18 06:03:00,4385.129,4385.129,4382.671,4383.297,226
2026-09-18 06:04:00,4383.244,4383.447,4381.827,4382.1,198
2026-09-18 06:05:00,4382.153,4384.28,4379.525,4383.707,391
2026-09-18 06:06:00,4384.099,4387.295,4383.597,4386.594,277
2026-09-18 06:07:00,4386.614,4386.739,4385.23,4385.805,186
2026-09-18 06:08:00,4386.141,4387.501,4385.844,4386.87,241
2026-09-18 06:09:00,4386.765,4388.109,4385.957,4387.193,222
2026-09-18 06:10:00,4387.135,4389.104,4386.663,4386.663,176
2026-09-18 06:11:00,4386.599,4387.92,4386.156,4387.327,146
2026-09-18 06:12:00,4387.274,4389.037,4387.141,4388.669,224
2026-09-18 06:13:00,4388.903,4390.456,4388.09,4389.634,248
2026-09-18 06:14:00,4389.688,4390.093,4388.818,4388.827,146
2026-09-18 06:15:00,4389.153,4389.153,4385.115,4385.115,199
2026-09-18 06:16:00,4385.14,4386.592,4384.708,4384.708,181
2026-09-18 06:17:00,4384.652,4384.871,4382.783,4382.904,222
2026-09-18 06:18:00,4382.94,4383.936,4381.858,4383.936,186
2026-09-18 06:19:00,4383.99,4385.749,4383.915,4384.546,187
2026-09-18 06:20:00,4384.678,4385.898,4384.297,4385.452,175
2026-09-18 06:21:00,4385.44,4386.585,4384.413,4386.585,189
2026-09-18 06:22:00,4386.372,4388.96,4385.906,4388.278,227
2026-09-18 06:23:00,4388.335,4389.931,4387.879,4388.605,229
2026-09-18 06:24:00,4388.659,4391.774,4388.319,4391.333,187
2026-09-18 06:25:00,4391.285,4393.007,4390.865,4392.379,175
2026-09-18 06:26:00,4392.238,4393.454,4391.665,4392.188,232
2026-09-18 06:27:00,4392.134,4393.535,4391.628,4393.209,207
2026-09-18 06:28:00,4392.878,4393.887,4392.777,4393.313,152
2026-09-18 06:29:00,4392.981,4393.332,4390.825,4392.339,220
2026-09-18 06:30:00,4392.218,4393.516,4390.638,4392.399,286
2026-09-18 06:31:00,4392.617,4392.744,4390.888,4390.888,177
2026-09-18 06:32:00,4390.833,4393.742,4390.833,4393.338,231
2026-09-18 06:33:00,4393.507,4393.778,4391.715,4391.991,222
2026-09-18 06:34:00,4391.982,4393.04,4391.176,4392.972,168
2026-09-18 06:35:00,4392.918,4394.111,4392.195,4392.637,217
2026-09-18 06:36:00,4392.612,4393.826,4391.697,4392.383,192
2026-09-18 06:37:00,4392.71,4393.34,4392.087,4393.19,160
2026-09-18 06:38:00,4393.25,4394.014,4391.984,4393.333,192
2026-09-18 06:39:00,4393.399,4394.619,4392.857,4394.403,179
2026-09-18 06:40:00,4394.348,4396.01,4393.645,4395.583,182
2026-09-18 06:41:00,4395.642,4396.89,4394.666,4396.485,263
2026-09-18 06:42:00,4396.552,4396.853,4394.488,4395.783,239
2026-09-18 06:43:00,4395.714,4396.521,4394.86,4395.895,372
2026-09-18 06:44:00,4395.821,4397.128,4395.076,4395.881,389
2026-09-18 06:45:00,4395.944,4396.771,4395.232,4396.576,261
2026-09-18 06:46:00,4396.615,4397.282,4396.28,4396.748,192
2026-09-18 06:47:00,4396.662,4397.368,4395.421,4395.479,182
2026-09-18 06:48:00,4395.602,4397.187,4395.341,4396.375,183
2026-09-18 06:49:00,4396.375,4396.539,4394.643,4395.067,158
2026-09-18 06:50:00,4395.396,4395.396,4392.794,4393.377,241
2026-09-18 06:51:00,4393.435,4393.935,4392.168,4392.594,174
2026-09-18 06:52:00,4392.921,4393.396,4391.768,4392.212,127
2026-09-18 06:53:00,4392.175,4392.461,4390.694,4390.916,146
2026-09-18 06:54:00,4391.046,4391.448,4390.36,4391.241,128
2026-09-18 06:55:00,4391.256,4391.592,4389.416,4390.334,162
2026-09-18 06:56:00,4390.391,4392.219,4390.286,4392.093,151
2026-09-18 06:57:00,4392.108,4394.164,4391.829,4393.897,191
2026-09-18 06:58:00,4393.954,4393.954,4393.066,4393.615,145
2026-09-18 06:59:00,4393.676,4393.785,4392.796,4393.345,171
2026-09-18 07:00:00,4393.565,4395.735,4392.082,4392.545,379
2026-09-18 07:01:00,4392.538,4393.525,4391.642,4393.235,240
2026-09-18 07:02:00,4393.233,4393.233,4391.031,4391.42,244
2026-09-18 07:03:00,4391.478,4392.322,4390.859,4391.849,196
2026-09-18 07:04:00,4391.899,4392.188,4390.846,4391.207,164
2026-09-18 07:05:00,4391.26,4393.804,4390.935,4392.158,244
2026-09-18 07:06:00,4392.492,4393.057,4391.344,4391.948,201
2026-09-18 07:07:00,4392.277,4394.317,4392.097,4393.028,199
2026-09-18 07:08:00,4393.367,4395.548,4393.367,4394.475,156
2026-09-18 07:09:00,4394.41,4394.708,4393.025,4393.667,186
2026-09-18 07:10:00,4393.451,4394.027,4392.637,4393.115,169
2026-09-18 07:11:00,4393.512,4393.869,4391.877,4392.141,173
2026-09-18 07:12:00,4392.076,4392.282,4390.63,4391.012,154
2026-09-18 07:13:00,4390.96,4392.172,4390.04,4391.355,177
2026-09-18 07:14:00,4391.298,4391.405,4388.765,4390.244,189
2026-09-18 07:15:00,4390.637,4391.503,4389.496,4389.776,216
2026-09-18 07:16:00,4389.679,4392.598,4389.653,4392.305,195
2026-09-18 07:17:00,4392.174,4393.89,4391.814,4393.267,180
2026-09-18 07:18:00,4393.29,4393.572,4391.785,4392.205,188
2026-09-18 07:19:00,4392.261,4394.002,4392.173,4392.538,175
2026-09-18 07:20:00,4392.48,4394.172,4392.48,4392.684,159
2026-09-18 07:21:00,4392.628,4394.85,4391.955,4391.955,202
2026-09-18 07:22:00,4392.288,4393.821,4391.545,4393.489,193
2026-09-18 07:23:00,4393.548,4394.254,4393.064,4393.371,160
2026-09-18 07:24:00,4393.619,4394.156,4392.888,4393.127,152
2026-09-18 07:25:00,4393.517,4394.487,4392.213,4394.487,129
2026-09-18 07:26:00,4394.314,4394.385,4392.924,4393.285,175
2026-09-18 07:27:00,4393.281,4393.768,4392.695,4392.916,121
2026-09-18 07:28:00,4392.699,4394.086,4392.404,4393.578,155
2026-09-18 07:29:00,4393.457,4395.836,4393.457,4395.407,152
2026-09-18 07:30:00,4395.428,4396.06,4395.055,4395.887,168
2026-09-18 07:31:00,4395.945,4397.413,4392.645,4392.787,233
2026-09-18 07:32:00,4392.844,4393.835,4391.817,4392.731,142
2026-09-18 07:33:00,4392.849,4393.09,4391.874,4392.409,134
2026-09-18 07:34:00,4392.474,4393.425,4392.007,4393.336,176
2026-09-18 07:35:00,4393.023,4397.103,4392.849,4395.469,190
2026-09-18 07:36:00,4395.135,4396.297,4394.743,4395.106,159
2026-09-18 07:37:00,4395.112,4395.112,4392.172,4392.369,168
2026-09-18 07:38:00,4392.312,4394.328,4391.871,4394.225,154
2026-09-18 07:39:00,4394.149,4394.422,4393.525,4393.601,122
2026-09-18 07:40:00,4393.861,4393.922,4391.348,4391.838,131
2026-09-18 07:41:00,4391.621,4392.864,4391.212,4392.253,146
2026-09-18 07:42:00,4392.247,4395.201,4392.247,4392.519,166
2026-09-18 07:43:00,4392.543,4394.509,4392.265,4393.16,155
2026-09-18 07:44:00,4393.011,4393.755,4392.51,4393.548,172
2026-09-18 07:45:00,4393.601,4395.819,4393.527,4394.974,172
2026-09-18 07:46:00,4394.957,4395.287,4393.697,4394.141,130
2026-09-18 07:47:00,4394.315,4396.545,4394.147,4395.672,158
2026-09-18 07:48:00,4395.619,4396.654,4395.542,4396.221,166
2026-09-18 07:49:00,4396.182,4397.379,4395.84,4397.181,142
2026-09-18 07:50:00,4397.237,4397.711,4396.257,4397.268,123
2026-09-18 07:51:00,4397.144,4399.687,4396.945,4398.722,233
2026-09-18 07:52:00,4398.685,4398.814,4396.505,4396.786,157
2026-09-18 07:53:00,4396.842,4397.155,4395.206,4395.787,206
2026-09-18 07:54:00,4395.845,4397.377,4395.375,4397.185,148
2026-09-18 07:55:00,4397.124,4397.85,4395.047,4395.047,148
2026-09-18 07:56:00,4395.356,4395.393,4393.077,4393.143,150
2026-09-18 07:57:00,4393.384,4394.004,4392.527,4393.346,149
2026-09-18 07:58:00,4393.114,4394.604,4393.114,4394.254,168
2026-09-18 07:59:00,4394.184,4394.449,4393.141,4393.382,123
2026-09-18 08:00:00,4393.314,4395.062,4392.689,4394.201,317
2026-09-18 08:01:00,4394.147,4396.384,4394.136,4395.502,190
2026-09-18 08:02:00,4395.828,4396.236,4394.651,4395.387,180
2026-09-18 08:03:00,4395.329,4398.351,4395.195,4396.987,187
2026-09-18 08:04:00,4396.908,4398.231,4396.572,4397.362,184
2026-09-18 08:05:00,4397.416,4398.526,4396.015,4396.466,226
2026-09-18 08:06:00,4396.298,4397.719,4395.737,4396.444,174
2026-09-18 08:07:00,4396.509,4397.368,4396.106,4397.093,172
2026-09-18 08:08:00,4397.091,4397.818,4395.934,4396.317,170
2026-09-18 08:09:00,4396.039,4396.176,4393.968,4394.897,209
2026-09-18 08:10:00,4394.691,4395.028,4392.347,4393.656,216
2026-09-18 08:11:00,4393.306,4393.583,4391.393,4392.379,254
2026-09-18 08:12:00,4392.482,4394.348,4391.544,4393.75,243
2026-09-18 08:13:00,4393.533,4395.16,4392.809,4393.259,220
2026-09-18 08:14:00,4393.313,4394.3,4390.323,4390.437,204
2026-09-18 08:15:00,4390.491,4391.985,4389.817,4391.133,189
2026-09-18 08:16:00,4391.374,4391.614,4390.542,4391.258,174
2026-09-18 08:17:00,4391.197,4392.56,4391.197,4391.843,161
2026-09-18 08:18:00,4391.644,4392.409,4391.058,4391.864,194
2026-09-18 08:19:00,4391.487,4392.397,4391.135,4391.486,239
2026-09-18 08:20:00,4391.413,4393.01,4390.779,4392.917,289
2026-09-18 08:21:00,4392.981,4394.221,4391.586,4392.958,286
2026-09-18 08:22:00,4392.903,4393.674,4391.592,4392.018,211
2026-09-18 08:23:00,4392.071,4393.279,4391.205,4393.041,253
2026-09-18 08:24:00,4392.987,4393.239,4389.374,4390.204,340
2026-09-18 08:25:00,4390.019,4390.658,4389.107,4389.339,177
2026-09-18 08:26:00,4389.404,4389.592,4388.619,4389.363,174
2026-09-18 08:27:00,4389.417,4390.174,4388.933,4389.32,195
2026-09-18 08:28:00,4389.348,4389.905,4388.654,4388.926,130
2026-09-18 08:29:00,4388.868,4388.868,4387.514,4387.641,151
2026-09-18 08:30:00,4387.695,4388.592,4387.31,4387.318,197
2026-09-18 08:31:00,4387.529,4387.686,4386.077,4386.977,186
2026-09-18 08:32:00,4386.924,4388.142,4386.193,4387.719,159
2026-09-18 08:33:00,4387.774,4388.919,4387.427,4387.7,172
2026-09-18 08:34:00,4388.025,4388.348,4387.28,4387.504,124
2026-09-18 08:35:00,4387.582,4388.021,4386.005,4386.118,144
2026-09-18 08:36:00,4386.172,4387.286,4386.157,4386.207,151
2026-09-18 08:37:00,4386.152,4388.778,4386.081,4388.314,139
2026-09-18 08:38:00,4388.298,4389.565,4386.559,4386.826,218
2026-09-18 08:39:00,4386.609,4387.776,4386.548,4386.793,190
2026-09-18 08:40:00,4386.863,4387.103,4385.57,4386.109,176
2026-09-18 08:41:00,4386.236,4386.37,4385.453,4385.965,142
2026-09-18 08:42:00,4385.897,4386.661,4385.324,4385.728,142
2026-09-18 08:43:00,4385.725,4386.436,4385.196,4385.343,161
2026-09-18 08:44:00,4385.169,4387.102,4385.169,4386.579,153
2026-09-18 08:45:00,4386.566,4388.191,4386.566,4386.872,156
2026-09-18 08:46:00,4386.866,4387.213,4386.116,4386.878,136
2026-09-18 08:47:00,4386.966,4388.919,4386.555,4388.367,155
2026-09-18 08:48:00,4388.249,4389.01,4387.888,4387.973,102
2026-09-18 08:49:00,4388.061,4388.358,4386.542,4386.821,167
2026-09-18 08:50:00,4386.854,4388.753,4386.558,4388.104,171
2026-09-18 08:51:00,4388.405,4388.501,4387.092,4387.996,121
2026-09-18 08:52:00,4387.882,4389.573,4387.455,4389.527,170
2026-09-18 08:53:00,4389.581,4391.213,4388.915,4390.748,246
2026-09-18 08:54:00,4390.704,4392.978,4390.539,4391.767,169
2026-09-18 08:55:00,4391.711,4392.77,4391.492,4392.236,153
2026-09-18 08:56:00,4392.182,4394.156,4391.919,4393.927,122
2026-09-18 08:57:00,4393.811,4394.217,4393.361,4393.803,133
2026-09-18 08:58:00,4393.787,4393.872,4392.199,4392.199,121
2026-09-18 08:59:00,4392.27,4392.78,4391.851,4392.204,112
2026-09-18 09:00:00,4392.455,4392.838,4391.529,4392.625,152
2026-09-18 09:01:00,4392.355,4392.894,4391.588,4391.972,135
2026-09-18 09:02:00,4392.257,4394.296,4391.966,4393.932,176
2026-09-18 09:03:00,4393.629,4394.414,4393.362,4394.414,170
2026-09-18 09:04:00,4394.202,4395.305,4393.796,4394.822,141
2026-09-18 09:05:00,4394.789,4395.023,4394.002,4394.62,149
2026-09-18 09:06:00,4394.625,4396.309,4394.361,4396.036,158
2026-09-18 09:07:00,4396.036,4396.93,4395.455,4396.265,135
2026-09-18 09:08:00,4396.439,4397.48,4396.137,4396.843,144
2026-09-18 09:09:00,4396.815,4396.902,4395.278,4395.99,139
2026-09-18 09:10:00,4396.017,4398.211,4395.803,4397.61,150
2026-09-18 09:11:00,4397.697,4398.191,4397.414,4397.867,98
2026-09-18 09:12:00,4397.813,4397.813,4396.441,4396.705,98
2026-09-18 09:13:00,4396.546,4397.183,4396.342,4396.494,101
2026-09-18 09:14:00,4396.273,4396.48,4394.116,4394.538,147
2026-09-18 09:15:00,4394.436,4395.102,4394.074,4394.78,172
2026-09-18 09:16:00,4394.864,4395.394,4393.885,4393.943,175
2026-09-18 09:17:00,4394.308,4394.451,4393.299,4394.013,167
2026-09-18 09:18:00,4393.992,4394.505,4392.523,4393.037,162
2026-09-18 09:19:00,4393.128,4393.724,4392.682,4393.178,180
2026-09-18 09:20:00,4393.247,4394.745,4392.966,4394.515,165
2026-09-18 09:21:00,4394.735,4394.991,4393.386,4393.739,124
2026-09-18 09:22:00,4393.734,4394.706,4393.142,4393.142,113
2026-09-18 09:23:00,4393.115,4393.119,4391.783,4392.03,136
2026-09-18 09:24:00,4391.673,4392.214,4390.786,4391.459,137
2026-09-18 09:25:00,4391.33,4391.33,4387.372,4387.631,183
2026-09-18 09:26:00,4387.567,4387.957,4386.341,4387.085,183
2026-09-18 09:27:00,4387.207,4387.858,4385.769,4387.853,202
2026-09-18 09:28:00,4387.797,4388.119,4386.512,4387.757,157
2026-09-18 09:29:00,4388.085,4388.358,4387.331,4387.823,190
2026-09-18 09:30:00,4387.878,4388.291,4386.567,4387.282,248
2026-09-18 09:31:00,4387.408,4388.463,4386.916,4388.243,246
2026-09-18 09:32:00,4388.305,4388.871,4387.327,4387.687,166
2026-09-18 09:33:00,4387.748,4387.753,4385.624,4386.194,194
2026-09-18 09:34:00,4386.19,4386.536,4385.657,4385.816,138
2026-09-18 09:35:00,4385.926,4386.362,4385.527,4385.896,143
2026-09-18 09:36:00,4385.887,4386.311,4384.847,4385.029,134
2026-09-18 09:37:00,4385.328,4386.25,4384.923,4385.457,109
2026-09-18 09:38:00,4385.219,4385.409,4382.235,4382.328,147
2026-09-18 09:39:00,4382.301,4382.561,4380.847,4381.518,213
2026-09-18 09:40:00,4381.464,4381.831,4380.262,4381.315,229
2026-09-18 09:41:00,4381.314,4381.384,4379.145,4379.625,187
2026-09-18 09:42:00,4379.65,4381.189,4378.916,4379.693,226
2026-09-18 09:43:00,4379.707,4380.706,4378.129,4378.265,228
2026-09-18 09:44:00,4378.318,4378.669,4376.664,4376.698,206
2026-09-18 09:45:00,4376.645,4377.123,4374.195,4374.718,219
2026-09-18 09:46:00,4374.654,4376.684,4372.98,4375.836,344
2026-09-18 09:47:00,4375.781,4376.844,4375.316,4376.209,273
2026-09-18 09:48:00,4376.144,4376.884,4373.618,4375.387,266
2026-09-18 09:49:00,4375.31,4375.543,4374.002,4374.846,210
2026-09-18 09:50:00,4374.518,4375.917,4374.169,4374.985,233
2026-09-18 09:51:00,4374.907,4376.524,4374.614,4376.217,246
2026-09-18 09:52:00,4376.251,4376.409,4374.93,4376.215,218
2026-09-18 09:53:00,4375.886,4376.758,4375.248,4376.243,147
2026-09-18 09:54:00,4376.281,4378.283,4376.08,4378.015,160
2026-09-18 09:55:00,4378.07,4378.28,4376.768,4376.823,174
2026-09-18 09:56:00,4376.946,4377.657,4376.132,4376.406,135
2026-09-18 09:57:00,4376.146,4377.838,4375.827,4377.612,147
2026-09-18 09:58:00,4377.559,4377.786,4375.851,4376.587,187
2026-09-18 09:59:00,4376.797,4377.078,4376.101,4376.605,111
2026-09-18 10:00:00,4376.39,4379.099,4376.148,4377.578,226
2026-09-18 10:01:00,4377.501,4378.303,4376.301,4376.301,158
2026-09-18 10:02:00,4376.36,4377.465,4375.475,4376.665,171
2026-09-18 10:03:00,4376.605,4377.148,4375.788,4376.842,156
2026-09-18 10:04:00,4376.852,4378.183,4376.47,4376.936,216
2026-09-18 10:05:00,4376.88,4377.404,4375.912,4376.644,151
2026-09-18 10:06:00,4376.896,4378.012,4376.035,4377.6,145
2026-09-18 10:07:00,4377.632,4379.289,4377.238,4378.711,166
2026-09-18 10:08:00,4378.653,4379.131,4378.063,4378.063,120
2026-09-18 10:09:00,4378.263,4379.871,4378.263,4378.915,138
2026-09-18 10:10:00,4378.769,4379.597,4378.562,4378.89,123
2026-09-18 10:11:00,4378.853,4379.24,4378.127,4378.727,153
2026-09-18 10:12:00,4378.673,4379.488,4378.391,4378.999,147
2026-09-18 10:13:00,4378.895,4380.03,4378.124,4379.748,119
2026-09-18 10:14:00,4379.692,4380.132,4378.608,4379.176,111
2026-09-18 10:15:00,4379.071,4379.702,4378.762,4379.636,133
2026-09-18 10:16:00,4379.632,4379.638,4377.298,4377.964,109
2026-09-18 10:17:00,4377.846,4379.361,4377.541,4378.77,116
2026-09-18 10:18:00,4378.712,4379.037,4377.652,4377.915,117
2026-09-18 10:19:00,4377.578,4379.703,4377.578,4379.471,156
2026-09-18 10:20:00,4379.409,4380.315,4379.152,4379.639,119
2026-09-18 10:21:00,4379.719,4380.004,4377.943,4378.86,117
2026-09-18 10:22:00,4378.913,4379.492,4378.574,4378.969,98
2026-09-18 10:23:00,4379.025,4380.425,4378.243,4379.984,117
2026-09-18 10:24:00,4380.032,4380.276,4379.474,4380.064,79
2026-09-18 10:25:00,4379.731,4379.894,4378.834,4378.946,94
2026-09-18 10:26:00,4379.138,4379.671,4378.883,4379.671,119
2026-09-18 10:27:00,4379.611,4380.0,4379.285,4379.676,132
2026-09-18 10:28:00,4379.73,4380.665,4379.367,4380.314,130
2026-09-18 10:29:00,4380.489,4381.421,4379.924,4381.282,112
2026-09-18 10:30:00,4381.298,4381.935,4380.809,4381.222,103
2026-09-18 10:31:00,4381.479,4381.479,4380.033,4380.081,114
2026-09-18 10:32:00,4380.227,4380.289,4378.104,4379.475,147
2026-09-18 10:33:00,4379.681,4381.583,4379.233,4380.867,138
2026-09-18 10:34:00,4381.067,4381.327,4380.497,4380.919,90
2026-09-18 10:35:00,4381.139,4381.515,4380.376,4381.198,132
2026-09-18 10:36:00,4381.22,4381.624,4380.777,4381.076,97
2026-09-18 10:37:00,4381.074,4381.972,4381.054,4381.255,117
2026-09-18 10:38:00,4381.252,4381.696,4379.713,4379.713,122
2026-09-18 10:39:00,4380.0,4381.136,4379.919,4380.567,117
2026-09-18 10:40:00,4380.572,4381.047,4379.39,4379.668,140
2026-09-18 10:41:00,4379.723,4380.273,4378.777,4379.552,160
2026-09-18 10:42:00,4379.425,4379.916,4378.888,4379.542,102
2026-09-18 10:43:00,4379.477,4381.316,4379.087,4380.814,175
2026-09-18 10:44:00,4380.532,4381.591,4380.266,4381.126,109
2026-09-18 10:45:00,4381.262,4381.556,4380.284,4380.39,111
2026-09-18 10:46:00,4380.337,4380.505,4378.407,4378.949,140
2026-09-18 10:47:00,4378.676,4379.447,4377.74,4378.217,134
2026-09-18 10:48:00,4378.181,4378.256,4377.278,4377.581,115
2026-09-18 10:49:00,4377.55,4378.951,4377.308,4378.709,154
2026-09-18 10:50:00,4378.942,4379.345,4376.789,4377.194,136
2026-09-18 10:51:00,4377.076,4378.05,4376.163,4377.087,138
2026-09-18 10:52:00,4377.338,4377.338,4376.195,4376.793,135
2026-09-18 10:53:00,4376.937,4377.517,4376.507,4377.17,110
2026-09-18 10:54:00,4377.225,4377.876,4377.178,4377.361,127
2026-09-18 10:55:00,4377.166,4378.429,4376.881,4377.89,130
2026-09-18 10:56:00,4377.86,4379.221,4377.354,4379.066,136
2026-09-18 10:57:00,4379.066,4380.058,4378.949,4379.973,126
2026-09-18 10:58:00,4380.191,4381.063,4379.627,4380.547,130
2026-09-18 10:59:00,4380.604,4382.136,4380.604,4381.74,161
2026-09-18 11:00:00,4381.481,4383.002,4381.082,4382.751,240
2026-09-18 11:01:00,4382.869,4385.579,4382.781,4384.89,150
2026-09-18 11:02:00,4384.834,4386.796,4384.755,4386.129,168
2026-09-18 11:03:00,4386.07,4386.802,4384.382,4385.158,167
2026-09-18 11:04:00,4385.167,4385.552,4384.41,4385.343,157
2026-09-18 11:05:00,4385.357,4386.149,4378.2,4378.823,1173
2026-09-18 11:06:00,4378.892,4381.571,4377.447,4381.354,1028
2026-09-18 11:07:00,4381.431,4383.808,4380.953,4383.684,306
2026-09-18 11:08:00,4383.959,4385.682,4383.602,4383.602,268
2026-09-18 11:09:00,4383.751,4386.144,4382.843,4385.911,225
2026-09-18 11:10:00,4385.791,4387.33,4385.21,4387.055,196
2026-09-18 11:11:00,4387.336,4388.555,4386.93,4386.987,180
2026-09-18 11:12:00,4387.201,4388.2,4386.5,4387.324,185
2026-09-18 11:13:00,4387.265,4388.128,4385.728,4386.715,182
2026-09-18 11:14:00,4386.803,4388.491,4385.746,4388.066,185
2026-09-18 11:15:00,4388.01,4388.561,4386.5,4387.065,216
2026-09-18 11:16:00,4386.992,4387.182,4384.085,4384.617,164
2026-09-18 11:17:00,4384.607,4384.607,4380.908,4382.123,233
2026-09-18 11:18:00,4382.18,4382.833,4381.602,4382.755,185
2026-09-18 11:19:00,4382.78,4383.763,4381.319,4381.651,213
2026-09-18 11:20:00,4381.76,4382.591,4381.148,4382.591,189
2026-09-18 11:21:00,4382.633,4383.464,4381.83,4382.858,238
2026-09-18 11:22:00,4382.911,4382.911,4381.135,4382.368,201
2026-09-18 11:23:00,4382.421,4382.955,4382.007,4382.411,155
2026-09-18 11:24:00,4382.411,4383.543,4381.316,4381.559,217
2026-09-18 11:25:00,4381.747,4383.257,4381.582,4382.41,201
2026-09-18 11:26:00,4382.38,4383.108,4381.651,4381.913,172
2026-09-18 11:27:00,4381.859,4382.519,4380.044,4380.558,164
2026-09-18 11:28:00,4380.611,4381.99,4379.711,4379.989,263
2026-09-18 11:29:00,4380.019,4380.192,4377.636,4377.833,257
2026-09-18 11:30:00,4377.779,4379.043,4377.164,4377.634,239
2026-09-18 11:31:00,4377.852,4379.367,4377.34,4379.207,292
2026-09-18 11:32:00,4379.183,4380.82,4378.966,4380.312,203
2026-09-18 11:33:00,4380.251,4381.127,4379.606,4380.421,182
2026-09-18 11:34:00,4380.477,4381.104,4378.979,4380.172,276
2026-09-18 11:35:00,4380.226,4381.514,4380.148,4381.432,152
2026-09-18 11:36:00,4381.186,4382.726,4380.347,4381.242,183
2026-09-18 11:37:00,4381.205,4382.06,4380.315,4380.577,150
2026-09-18 11:38:00,4380.22,4380.22,4378.193,4378.434,178
2026-09-18 11:39:00,4378.109,4379.549,4378.109,4379.176,172
2026-09-18 11:40:00,4379.093,4379.093,4377.103,4378.464,175
2026-09-18 11:41:00,4378.518,4379.508,4378.187,4379.12,142
2026-09-18 11:42:00,4378.898,4378.933,4377.351,4377.699,173
2026-09-18 11:43:00,4377.752,4377.829,4374.416,4375.021,240
2026-09-18 11:44:00,4374.902,4376.304,4374.902,4375.989,197
2026-09-18 11:45:00,4375.739,4377.133,4375.363,4375.879,228
2026-09-18 11:46:00,4375.552,4377.019,4375.198,4376.72,265
2026-09-18 11:47:00,4376.602,4376.901,4374.259,4376.296,222
2026-09-18 11:48:00,4376.505,4376.603,4375.4,4375.827,198
2026-09-18 11:49:00,4375.906,4377.593,4375.68,4376.421,217
2026-09-18 11:50:00,4376.379,4376.517,4374.655,4374.814,199
2026-09-18 11:51:00,4374.756,4375.387,4372.795,4373.287,214
2026-09-18 11:52:00,4373.367,4374.343,4373.247,4373.735,169
2026-09-18 11:53:00,4374.04,4375.599,4373.636,4373.988,150
2026-09-18 11:54:00,4373.931,4374.162,4372.536,4372.994,206
2026-09-18 11:55:00,4372.995,4374.615,4372.778,4374.296,195
2026-09-18 11:56:00,4373.984,4375.641,4373.859,4375.641,165
2026-09-18 11:57:00,4375.605,4376.554,4374.519,4374.926,159
2026-09-18 11:58:00,4375.061,4378.1,4374.678,4378.1,146
2026-09-18 11:59:00,4378.026,4382.025,4377.434,4381.163,217
2026-09-18 12:00:00,4381.223,4382.94,4380.12,4380.476,255
2026-09-18 12:01:00,4380.539,4382.028,4379.488,4380.695,224
2026-09-18 12:02:00,4380.42,4381.758,4376.011,4376.011,262
2026-09-18 12:03:00,4376.296,4377.135,4375.458,4376.863,271
2026-09-18 12:04:00,4376.871,4381.639,4373.536,4379.162,547
2026-09-18 12:05:00,4379.246,4381.305,4373.938,4374.734,903
2026-09-18 12:06:00,4374.806,4374.806,4372.138,4373.355,379
2026-09-18 12:07:00,4373.301,4374.154,4371.661,4372.354,421
2026-09-18 12:08:00,4372.339,4373.56,4371.404,4372.856,432
2026-09-18 12:09:00,4372.788,4376.415,4371.942,4374.734,318
2026-09-18 12:10:00,4374.674,4375.198,4372.488,4374.017,369
2026-09-18 12:11:00,4374.02,4374.036,4370.642,4371.237,349
2026-09-18 12:12:00,4371.178,4374.084,4370.456,4373.073,284
2026-09-18 12:13:00,4373.127,4373.845,4371.672,4373.845,293
2026-09-18 12:14:00,4373.516,4373.966,4371.774,4373.38,237
2026-09-18 12:15:00,4373.428,4373.906,4372.222,4372.804,315
2026-09-18 12:16:00,4372.774,4373.296,4371.48,4371.954,279
2026-09-18 12:17:00,4372.282,4373.876,4371.697,4373.658,239
2026-09-18 12:18:00,4373.6,4377.145,4371.854,4374.163,636
2026-09-18 12:19:00,4374.05,4374.05,4370.698,4371.436,349
2026-09-18 12:20:00,4371.374,4371.374,4367.719,4367.81,413
2026-09-18 12:21:00,4367.941,4367.941,4364.816,4366.036,427
2026-09-18 12:22:00,4366.067,4367.175,4365.08,4366.034,433
2026-09-18 12:23:00,4365.979,4366.186,4360.472,4361.536,409
2026-09-18 12:24:00,4361.589,4362.139,4356.754,4357.352,505
2026-09-18 12:25:00,4357.298,4359.004,4356.136,4357.378,544
2026-09-18 12:26:00,4357.447,4360.542,4356.454,4357.559,497
2026-09-18 12:27:00,4357.485,4358.025,4353.525,4356.282,506
2026-09-18 12:28:00,4356.154,4357.902,4355.143,4357.807,414
2026-09-18 12:29:00,4357.684,4359.998,4356.097,4358.009,459
2026-09-18 12:30:00,4358.067,4361.598,4358.011,4361.377,519
2026-09-18 12:31:00,4361.441,4364.518,4360.717,4363.407,580
2026-09-18 12:32:00,4363.352,4366.527,4363.28,4365.929,419
2026-09-18 12:33:00,4365.866,4369.324,4364.728,4368.915,351
2026-09-18 12:34:00,4368.787,4370.957,4368.72,4370.562,346
2026-09-18 12:35:00,4370.504,4373.207,4370.385,4372.354,342
2026-09-18 12:36:00,4372.29,4373.006,4370.763,4371.003,365
2026-09-18 12:37:00,4371.125,4371.178,4368.918,4370.369,435
2026-09-18 12:38:00,4370.423,4371.418,4369.532,4369.985,405
2026-09-18 12:39:00,4369.626,4370.424,4368.258,4368.591,355
2026-09-18 12:40:00,4368.536,4370.847,4368.3,4369.213,265
2026-09-18 12:41:00,4369.16,4370.408,4366.943,4367.759,343
2026-09-18 12:42:00,4368.046,4369.664,4366.535,4369.664,245
2026-09-18 12:43:00,4369.479,4369.902,4368.559,4369.289,256
2026-09-18 12:44:00,4369.342,4370.051,4367.572,4369.214,291
2026-09-18 12:45:00,4369.274,4370.638,4368.093,4368.486,309
2026-09-18 12:46:00,4368.267,4368.7,4366.866,4367.096,257
2026-09-18 12:47:00,4367.223,4370.247,4366.41,4368.242,317
2026-09-18 12:48:00,4368.295,4368.663,4367.313,4368.345,183
2026-09-18 12:49:00,4368.045,4369.274,4367.325,4368.788,217
2026-09-18 12:50:00,4368.846,4370.239,4368.127,4369.275,263
2026-09-18 12:51:00,4369.157,4370.005,4367.112,4367.496,236
2026-09-18 12:52:00,4367.458,4367.505,4366.331,4366.943,175
2026-09-18 12:53:00,4367.005,4368.849,4366.502,4367.178,213
2026-09-18 12:54:00,4367.399,4368.771,4367.13,4368.771,179
2026-09-18 12:55:00,4368.824,4368.824,4366.841,4367.813,233
2026-09-18 12:56:00,4367.901,4368.989,4366.896,4368.504,180
2026-09-18 12:57:00,4368.497,4369.172,4367.146,4367.472,192
2026-09-18 12:58:00,4367.357,4368.922,4366.362,4367.224,185
2026-09-18 12:59:00,4367.224,4369.694,4367.224,4368.699,246
2026-09-18 13:00:00,4368.795,4372.611,4367.487,4372.497,833
2026-09-18 13:01:00,4372.552,4373.723,4369.57,4370.066,484
2026-09-18 13:02:00,4370.121,4370.121,4364.513,4365.713,534
2026-09-18 13:03:00,4365.779,4367.187,4363.788,4366.944,537
2026-09-18 13:04:00,4366.886,4371.048,4366.455,4370.895,487
2026-09-18 13:05:00,4370.948,4372.945,4370.442,4370.913,437
2026-09-18 13:06:00,4370.773,4373.525,4370.773,4372.697,389
2026-09-18 13:07:00,4372.64,4374.114,4370.963,4372.403,400
2026-09-18 13:08:00,4372.357,4375.378,4372.044,4375.074,329
2026-09-18 13:09:00,4375.128,4375.471,4372.445,4372.736,344
2026-09-18 13:10:00,4372.407,4373.283,4370.096,4373.121,323
2026-09-18 13:11:00,4373.069,4373.182,4370.738,4372.488,316
2026-09-18 13:12:00,4372.541,4373.207,4370.685,4371.522,294
2026-09-18 13:13:00,4371.576,4372.608,4371.125,4371.514,328
2026-09-18 13:14:00,4371.457,4372.386,4371.033,4371.518,220
2026-09-18 13:15:00,4371.603,4374.417,4371.603,4373.079,148
2026-09-18 13:16:00,4373.232,4374.475,4371.716,4373.227,174
2026-09-18 13:17:00,4373.3,4373.92,4372.792,4373.013,183
2026-09-18 13:18:00,4372.958,4373.36,4371.658,4372.478,228
2026-09-18 13:19:00,4372.75,4373.175,4371.471,4372.18,243
2026-09-18 13:20:00,4372.234,4372.468,4369.148,4369.148,253
2026-09-18 13:21:00,4369.205,4369.725,4367.368,4367.657,263
2026-09-18 13:22:00,4367.711,4368.616,4366.846,4366.888,212
2026-09-18 13:23:00,4366.944,4367.263,4365.133,4366.005,223
2026-09-18 13:24:00,4365.947,4367.194,4364.347,4365.121,261
2026-09-18 13:25:00,4365.29,4365.47,4362.906,4363.496,377
2026-09-18 13:26:00,4363.549,4366.325,4363.108,4365.282,306
2026-09-18 13:27:00,4365.221,4365.939,4363.764,4364.945,284
2026-09-18 13:28:00,4365.013,4367.036,4364.204,4366.168,265
2026-09-18 13:29:00,4366.228,4367.603,4365.859,4367.328,299
2026-09-18 13:30:00,4367.114,4367.915,4362.834,4364.016,559
2026-09-18 13:31:00,4364.084,4364.194,4361.971,4362.394,422
2026-09-18 13:32:00,4362.448,4362.892,4360.244,4360.531,396
2026-09-18 13:33:00,4360.57,4363.004,4360.056,4361.907,371
2026-09-18 13:34:00,4361.96,4362.171,4358.456,4358.496,336
2026-09-18 13:35:00,4358.605,4359.233,4356.238,4356.817,468
2026-09-18 13:36:00,4356.939,4357.075,4354.898,4355.515,495
2026-09-18 13:37:00,4355.462,4358.022,4353.072,4357.822,494
2026-09-18 13:38:00,4357.782,4360.324,4356.897,4358.368,447
2026-09-18 13:39:00,4358.424,4359.818,4358.088,4359.156,346
2026-09-18 13:40:00,4359.209,4359.209,4355.183,4357.321,350
2026-09-18 13:41:00,4357.362,4357.362,4353.383,4354.762,415
2026-09-18 13:42:00,4354.71,4357.318,4352.381,4354.378,436
2026-09-18 13:43:00,4354.243,4356.844,4352.013,4353.427,357
2026-09-18 13:44:00,4353.485,4354.081,4352.405,4353.544,353
2026-09-18 13:45:00,4353.474,4356.687,4352.589,4356.654,394
2026-09-18 13:46:00,4356.874,4358.184,4355.91,4356.673,400
2026-09-18 13:47:00,4356.726,4357.42,4354.47,4354.763,375
2026-09-18 13:48:00,4354.717,4356.343,4352.03,4355.835,462
2026-09-18 13:49:00,4355.442,4355.619,4353.701,4354.56,358
2026-09-18 13:50:00,4354.618,4355.582,4351.867,4353.339,486
2026-09-18 13:51:00,4353.279,4353.807,4351.267,4353.659,421
2026-09-18 13:52:00,4353.714,4357.124,4351.539,4356.842,483
2026-09-18 13:53:00,4356.772,4356.962,4349.763,4350.688,554
2026-09-18 13:54:00,4350.751,4352.28,4347.625,4349.748,578
2026-09-18 13:55:00,4349.802,4350.501,4349.08,4349.949,391
2026-09-18 13:56:00,4349.897,4352.474,4349.456,4349.688,393
2026-09-18 13:57:00,4349.75,4350.049,4347.68,4348.685,387
2026-09-18 13:58:00,4348.739,4350.745,4348.09,4349.594,287
2026-09-18 13:59:00,4349.806,4350.018,4347.208,4349.466,329
2026-09-18 14:00:00,4349.401,4351.012,4347.559,4350.471,339
2026-09-18 14:01:00,4350.526,4351.568,4348.24,4351.446,508
2026-09-18 14:02:00,4351.193,4352.792,4350.667,4352.017,480
2026-09-18 14:03:00,4352.082,4354.506,4351.855,4354.208,363
2026-09-18 14:04:00,4353.907,4356.507,4353.799,4356.039,369
2026-09-18 14:05:00,4356.107,4356.465,4352.146,4353.683,490
2026-09-18 14:06:00,4353.8,4354.45,4351.519,4354.076,459
2026-09-18 14:07:00,4354.06,4355.561,4351.369,4351.946,469
2026-09-18 14:08:00,4352.002,4353.422,4350.037,4351.721,534
2026-09-18 14:09:00,4351.784,4353.427,4351.761,4352.397,400
2026-09-18 14:10:00,4352.339,4354.881,4351.766,4354.757,380
2026-09-18 14:11:00,4354.728,4356.043,4354.239,4354.66,351
2026-09-18 14:12:00,4354.994,4356.036,4353.434,4355.666,349
2026-09-18 14:13:00,4355.61,4356.157,4352.26,4353.412,404
2026-09-18 14:14:00,4353.22,4353.995,4351.339,4351.616,401
2026-09-18 14:15:00,4351.543,4354.584,4351.251,4353.009,367
2026-09-18 14:16:00,4353.022,4354.29,4352.431,4352.938,324
2026-09-18 14:17:00,4352.883,4355.04,4351.596,4351.714,409
2026-09-18 14:18:00,4351.617,4352.256,4349.715,4350.341,465
2026-09-18 14:19:00,4350.587,4351.867,4347.266,4348.224,404
2026-09-18 14:20:00,4348.252,4348.424,4343.286,4344.152,377
2026-09-18 14:21:00,4344.213,4346.702,4343.947,4346.425,402
2026-09-18 14:22:00,4346.478,4350.945,4345.885,4350.258,376
2026-09-18 14:23:00,4350.165,4352.861,4350.165,4352.698,267
2026-09-18 14:24:00,4352.578,4353.215,4350.814,4352.391,335
2026-09-18 14:25:00,4352.444,4354.136,4349.177,4349.177,318
2026-09-18 14:26:00,4349.392,4350.476,4347.273,4347.547,367
2026-09-18 14:27:00,4347.49,4348.561,4346.744,4347.535,377
2026-09-18 14:28:00,4347.469,4348.1,4344.82,4345.409,372
2026-09-18 14:29:00,4345.357,4345.658,4342.873,4343.101,339
2026-09-18 14:30:00,4343.041,4346.821,4342.626,4345.342,301
2026-09-18 14:31:00,4345.473,4346.52,4344.094,4344.27,334
2026-09-18 14:32:00,4344.567,4346.842,4343.457,4345.729,292
2026-09-18 14:33:00,4345.672,4347.57,4344.861,4347.01,254
2026-09-18 14:34:00,4346.93,4347.349,4344.688,4346.959,236
2026-09-18 14:35:00,4346.964,4347.392,4344.448,4345.11,231
2026-09-18 14:36:00,4345.163,4346.231,4344.019,4346.009,286
2026-09-18 14:37:00,4346.092,4349.031,4345.321,4347.926,307
2026-09-18 14:38:00,4347.84,4349.968,4347.074,4349.488,244
2026-09-18 14:39:00,4349.399,4354.141,4349.09,4353.002,655
2026-09-18 14:40:00,4352.857,4353.55,4352.021,4352.666,396
2026-09-18 14:41:00,4352.727,4353.207,4351.192,4352.018,279
2026-09-18 14:42:00,4351.955,4354.998,4351.955,4353.955,310
2026-09-18 14:43:00,4353.734,4354.039,4350.622,4351.422,302
2026-09-18 14:44:00,4351.496,4354.268,4350.573,4353.53,284
2026-09-18 14:45:00,4353.56,4353.811,4351.641,4352.775,277
2026-09-18 14:46:00,4352.529,4355.231,4352.379,4353.456,296
2026-09-18 14:47:00,4353.393,4354.396,4351.527,4351.653,374
2026-09-18 14:48:00,4351.741,4353.949,4351.741,4353.778,335
2026-09-18 14:49:00,4353.662,4355.853,4353.246,4354.982,317
2026-09-18 14:50:00,4354.877,4357.816,4354.151,4357.28,429
2026-09-18 14:51:00,4357.228,4361.301,4356.568,4360.471,399
2026-09-18 14:52:00,4360.413,4361.872,4359.704,4360.757,327
2026-09-18 14:53:00,4360.809,4360.994,4357.813,4358.791,305
2026-09-18 14:54:00,4358.913,4359.268,4358.061,4358.261,221
2026-09-18 14:55:00,4358.32,4359.333,4357.325,4357.584,301
2026-09-18 14:56:00,4357.915,4360.082,4357.006,4359.32,224
2026-09-18 14:57:00,4359.202,4359.563,4357.586,4357.646,251
2026-09-18 14:58:00,4357.581,4358.543,4353.935,4354.638,250
2026-09-18 14:59:00,4354.529,4355.003,4352.275,4353.102,233
2026-09-18 15:00:00,4353.154,4354.261,4352.717,4354.007,385
2026-09-18 15:01:00,4353.895,4355.705,4353.222,4355.007,282
2026-09-18 15:02:00,4355.138,4355.592,4353.877,4354.474,270
2026-09-18 15:03:00,4354.421,4355.285,4352.262,4354.626,296
2026-09-18 15:04:00,4354.461,4355.083,4352.951,4353.732,219
2026-09-18 15:05:00,4353.68,4354.94,4353.37,4354.876,182
2026-09-18 15:06:00,4354.673,4356.37,4353.418,4355.412,236
2026-09-18 15:07:00,4355.524,4355.755,4354.301,4355.422,175
2026-09-18 15:08:00,4355.42,4355.42,4353.799,4354.54,217
2026-09-18 15:09:00,4354.597,4354.658,4350.403,4350.466,185
2026-09-18 15:10:00,4350.183,4351.871,4349.646,4351.321,200
2026-09-18 15:11:00,4351.311,4351.751,4349.178,4349.582,237
2026-09-18 15:12:00,4349.362,4349.737,4348.047,4349.23,184
2026-09-18 15:13:00,4349.025,4351.851,4349.025,4351.822,294
2026-09-18 15:14:00,4351.591,4352.862,4351.208,4352.027,232
2026-09-18 15:15:00,4351.902,4354.188,4351.851,4352.827,192
2026-09-18 15:16:00,4353.046,4353.692,4351.601,4351.684,198
2026-09-18 15:17:00,4351.754,4353.036,4351.635,4352.457,188
2026-09-18 15:18:00,4352.455,4354.25,4352.048,4352.076,148
2026-09-18 15:19:00,4352.288,4355.623,4351.996,4355.378,161
2026-09-18 15:20:00,4355.506,4355.557,4353.687,4353.837,180
2026-09-18 15:21:00,4353.836,4353.951,4352.145,4352.548,191
2026-09-18 15:22:00,4352.558,4353.783,4351.641,4353.514,173
2026-09-18 15:23:00,4353.159,4355.337,4353.159,4354.627,199
2026-09-18 15:24:00,4354.688,4354.954,4353.532,4354.141,145
2026-09-18 15:25:00,4354.2,4355.062,4353.658,4353.984,175
2026-09-18 15:26:00,4353.864,4355.316,4353.848,4354.845,175
2026-09-18 15:27:00,4354.938,4356.137,4354.432,4354.802,226
2026-09-18 15:28:00,4355.104,4355.463,4353.937,4354.502,167
2026-09-18 15:29:00,4354.56,4357.18,4354.164,4356.454,182
2026-09-18 15:30:00,4356.515,4357.215,4355.551,4356.235,229
2026-09-18 15:31:00,4356.177,4356.292,4354.749,4355.307,241
2026-09-18 15:32:00,4355.225,4355.493,4353.065,4353.922,203
2026-09-18 15:33:00,4353.88,4356.095,4353.33,4355.528,184
2026-09-18 15:34:00,4355.473,4356.438,4355.0,4355.696,121
2026-09-18 15:35:00,4355.754,4357.378,4355.4,4356.986,184
2026-09-18 15:36:00,4356.895,4357.461,4355.412,4356.066,171
2026-09-18 15:37:00,4356.398,4356.458,4353.544,4354.054,188
2026-09-18 15:38:00,4353.935,4354.442,4352.285,4352.937,133
2026-09-18 15:39:00,4352.997,4353.588,4351.05,4351.411,147
2026-09-18 15:40:00,4351.146,4351.356,4349.662,4350.457,157
2026-09-18 15:41:00,4350.785,4351.156,4348.594,4350.141,185
2026-09-18 15:42:00,4350.089,4350.732,4349.524,4350.358,183
2026-09-18 15:43:00,4350.363,4353.252,4350.363,4352.98,231
2026-09-18 15:44:00,4353.014,4356.15,4352.73,4354.699,213
2026-09-18 15:45:00,4354.643,4355.984,4354.138,4354.194,142
2026-09-18 15:46:00,4354.217,4357.208,4354.15,4356.918,183
2026-09-18 15:47:00,4357.253,4358.063,4355.731,4356.042,172
2026-09-18 15:48:00,4356.096,4357.901,4355.811,4356.503,285
2026-09-18 15:49:00,4356.446,4357.653,4355.941,4357.0,178
2026-09-18 15:50:00,4357.22,4358.082,4355.216,4357.893,210
2026-09-18 15:51:00,4357.995,4358.002,4355.88,4356.535,169
2026-09-18 15:52:00,4356.623,4356.677,4354.97,4355.745,167
2026-09-18 15:53:00,4355.589,4355.956,4353.313,4354.482,143
2026-09-18 15:54:00,4354.536,4354.933,4352.284,4353.522,200
2026-09-18 15:55:00,4353.58,4355.423,4353.04,4355.318,156
2026-09-18 15:56:00,4355.375,4356.612,4354.382,4356.025,233
2026-09-18 15:57:00,4356.354,4356.546,4355.173,4355.795,159
2026-09-18 15:58:00,4356.015,4356.17,4354.915,4355.338,140
2026-09-18 15:59:00,4355.393,4357.009,4354.982,4356.429,158
2026-09-18 16:00:00,4356.464,4356.793,4354.68,4355.294,212
2026-09-18 16:01:00,4355.347,4356.291,4354.91,4355.803,158
2026-09-18 16:02:00,4355.784,4357.289,4355.494,4356.282,139
2026-09-18 16:03:00,4356.338,4357.118,4355.861,4356.751,115
2026-09-18 16:04:00,4356.802,4357.062,4356.13,4356.68,144
2026-09-18 16:05:00,4356.679,4358.536,4356.679,4358.166,179
2026-09-18 16:06:00,4358.175,4358.658,4357.221,4358.162,155
2026-09-18 16:07:00,4358.25,4359.416,4357.793,4358.432,182
2026-09-18 16:08:00,4358.651,4358.92,4357.759,4358.174,161
2026-09-18 16:09:00,4358.166,4360.042,4358.076,4359.923,171
2026-09-18 16:10:00,4359.929,4360.453,4359.2,4359.403,151
2026-09-18 16:11:00,4359.519,4362.277,4359.452,4361.955,175
2026-09-18 16:12:00,4362.035,4364.762,4361.789,4364.203,222
2026-09-18 16:13:00,4364.196,4364.428,4361.085,4361.291,176
2026-09-18 16:14:00,4360.967,4362.322,4360.3,4361.92,197
2026-09-18 16:15:00,4361.867,4361.915,4359.893,4361.396,261
2026-09-18 16:16:00,4361.453,4364.034,4361.356,4362.83,263
2026-09-18 16:17:00,4362.758,4363.381,4361.995,4363.236,180
2026-09-18 16:18:00,4363.296,4364.591,4362.735,4364.256,168
2026-09-18 16:19:00,4364.316,4366.187,4364.316,4366.074,190
2026-09-18 16:20:00,4366.131,4367.505,4365.749,4366.143,229
2026-09-18 16:21:00,4366.024,4369.011,4365.963,4368.988,214
2026-09-18 16:22:00,4368.787,4370.544,4368.537,4370.326,235
2026-09-18 16:23:00,4370.379,4370.704,4369.005,4369.37,279
2026-09-18 16:24:00,4369.252,4371.111,4368.912,4369.124,302
2026-09-18 16:25:00,4368.996,4371.355,4368.996,4371.049,290
2026-09-18 16:26:00,4370.988,4371.309,4368.479,4368.491,197
2026-09-18 16:27:00,4368.483,4368.859,4367.085,4368.417,167
2026-09-18 16:28:00,4368.416,4373.742,4368.242,4373.074,802
2026-09-18 16:29:00,4373.177,4378.715,4372.566,4377.466,517
2026-09-18 16:30:00,4377.53,4377.629,4375.291,4376.605,500
2026-09-18 16:31:00,4376.663,4376.99,4374.369,4374.948,397
2026-09-18 16:32:00,4375.006,4379.036,4374.578,4379.03,371
2026-09-18 16:33:00,4378.843,4383.728,4377.509,4383.411,551
2026-09-18 16:34:00,4383.371,4383.371,4379.536,4379.79,376
2026-09-18 16:35:00,4379.743,4380.894,4378.524,4379.583,325
2026-09-18 16:36:00,4379.524,4380.441,4378.427,4379.131,313
2026-09-18 16:37:00,4379.305,4379.441,4377.029,4377.901,305
2026-09-18 16:38:00,4377.878,4379.567,4377.878,4378.611,263
2026-09-18 16:39:00,4378.615,4380.623,4377.355,4380.162,296
2026-09-18 16:40:00,4380.109,4380.977,4379.284,4379.622,211
2026-09-18 16:41:00,4379.609,4380.756,4379.351,4380.418,234
2026-09-18 16:42:00,4380.473,4380.69,4378.81,4379.625,227
2026-09-18 16:43:00,4379.683,4380.483,4377.504,4377.72,228
2026-09-18 16:44:00,4377.541,4378.536,4377.426,4378.129,204
2026-09-18 16:45:00,4378.249,4379.701,4377.019,4379.303,221
2026-09-18 16:46:00,4379.383,4380.295,4377.255,4377.607,208
2026-09-18 16:47:00,4377.659,4379.853,4376.787,4379.585,277
2026-09-18 16:48:00,4379.276,4380.906,4378.672,4379.523,306
2026-09-18 16:49:00,4379.779,4380.253,4378.458,4378.958,178
2026-09-18 16:50:00,4379.014,4381.494,4378.611,4378.666,253
2026-09-18 16:51:00,4378.72,4379.594,4378.54,4379.012,170
2026-09-18 16:52:00,4378.847,4380.286,4378.364,4379.941,174
2026-09-18 16:53:00,4380.063,4380.855,4379.426,4380.816,154
2026-09-18 16:54:00,4380.747,4381.72,4380.383,4381.254,162
2026-09-18 16:55:00,4381.318,4382.44,4380.672,4381.578,166
2026-09-18 16:56:00,4381.795,4382.519,4381.441,4381.791,117
2026-09-18 16:57:00,4381.788,4382.495,4381.304,4381.915,132
2026-09-18 16:58:00,4381.97,4383.851,4380.995,4381.415,264
2026-09-18 16:59:00,4381.292,4383.117,4380.659,4382.595,164
2026-09-18 17:00:00,4382.66,4384.857,4382.492,4384.116,315
2026-09-18 17:01:00,4384.055,4385.129,4382.411,4382.642,176
2026-09-18 17:02:00,4382.697,4383.875,4381.479,4383.402,215
2026-09-18 17:03:00,4383.735,4386.711,4383.735,4386.172,238
2026-09-18 17:04:00,4386.14,4386.14,4384.174,4384.174,189
2026-09-18 17:05:00,4384.201,4385.707,4384.201,4384.991,174
2026-09-18 17:06:00,4385.21,4386.027,4384.784,4385.304,167
2026-09-18 17:07:00,4384.977,4386.793,4384.751,4386.367,141
2026-09-18 17:08:00,4386.421,4386.907,4385.702,4386.154,173
2026-09-18 17:09:00,4386.183,4387.301,4386.038,4386.272,173
2026-09-18 17:10:00,4386.361,4386.747,4384.925,4385.936,227
2026-09-18 17:11:00,4385.991,4387.13,4384.85,4387.075,198
2026-09-18 17:12:00,4387.008,4387.008,4383.505,4383.728,209
2026-09-18 17:13:00,4383.704,4386.471,4383.22,4385.67,176
2026-09-18 17:14:00,4385.649,4386.342,4384.683,4385.357,215
2026-09-18 17:15:00,4385.238,4386.434,4385.238,4386.11,152
2026-09-18 17:16:00,4386.199,4387.836,4385.667,4386.953,156
2026-09-18 17:17:00,4386.727,4388.267,4386.549,4388.057,189
2026-09-18 17:18:00,4387.938,4389.157,4385.562,4385.932,216
2026-09-18 17:19:00,4385.859,4386.842,4385.45,4385.737,216
2026-09-18 17:20:00,4385.771,4386.161,4383.93,4384.465,235
2026-09-18 17:21:00,4384.582,4385.437,4383.348,4383.661,182
2026-09-18 17:22:00,4383.61,4384.605,4383.368,4383.792,168
2026-09-18 17:23:00,4384.001,4384.306,4383.303,4383.335,134
2026-09-18 17:24:00,4383.39,4384.393,4383.05,4383.891,149
2026-09-18 17:25:00,4383.921,4385.294,4382.84,4385.06,160
2026-09-18 17:26:00,4385.157,4386.753,4384.437,4386.393,150
2026-09-18 17:27:00,4386.445,4387.181,4385.936,4386.261,178
2026-09-18 17:28:00,4386.217,4386.899,4384.917,4385.195,180
2026-09-18 17:29:00,4385.154,4387.569,4384.844,4386.902,284
2026-09-18 17:30:00,4386.987,4387.52,4385.141,4386.773,217
2026-09-18 17:31:00,4387.104,4387.908,4386.102,4386.554,230
2026-09-18 17:32:00,4386.228,4387.433,4385.899,4387.216,196
2026-09-18 17:33:00,4387.06,4389.813,4387.004,4388.888,204
2026-09-18 17:34:00,4388.658,4392.874,4388.4,4392.629,364
2026-09-18 17:35:00,4392.744,4393.357,4391.842,4392.016,259
2026-09-18 17:36:00,4392.072,4395.982,4392.072,4395.44,248
2026-09-18 17:37:00,4395.058,4395.848,4393.253,4393.922,237
2026-09-18 17:38:00,4393.975,4394.44,4393.183,4394.131,196
2026-09-18 17:39:00,4394.418,4394.418,4392.651,4393.285,136
2026-09-18 17:40:00,4393.578,4395.124,4392.42,4394.43,204
2026-09-18 17:41:00,4394.77,4395.693,4393.022,4394.627,225
2026-09-18 17:42:00,4394.648,4396.479,4393.695,4396.355,165
2026-09-18 17:43:00,4396.409,4396.743,4392.355,4393.002,218
2026-09-18 17:44:00,4392.867,4393.819,4392.175,4392.93,178
2026-09-18 17:45:00,4392.877,4393.727,4391.902,4393.241,190
2026-09-18 17:46:00,4393.182,4394.834,4392.899,4393.967,148
2026-09-18 17:47:00,4393.889,4395.657,4393.889,4395.166,145
2026-09-18 17:48:00,4395.222,4396.219,4394.855,4395.434,138
2026-09-18 17:49:00,4395.449,4395.874,4394.258,4395.043,126
2026-09-18 17:50:00,4395.034,4397.075,4394.496,4395.867,170
2026-09-18 17:51:00,4395.538,4396.086,4393.848,4393.848,151
2026-09-18 17:52:00,4394.049,4394.892,4393.653,4394.326,163
2026-09-18 17:53:00,4394.328,4394.858,4393.342,4394.254,105
2026-09-18 17:54:00,4394.127,4394.457,4392.906,4393.382,125
2026-09-18 17:55:00,4393.327,4393.688,4392.918,4393.122,118
2026-09-18 17:56:00,4393.131,4394.805,4392.827,4394.391,148
2026-09-18 17:57:00,4394.444,4394.898,4393.516,4393.763,134
2026-09-18 17:58:00,4393.745,4393.745,4392.7,4392.887,89
2026-09-18 17:59:00,4393.197,4393.67,4392.918,4393.179,100
2026-09-18 18:00:00,4393.179,4393.81,4391.641,4392.03,186
2026-09-18 18:01:00,4392.082,4394.025,4391.639,4393.241,181
2026-09-18 18:02:00,4393.263,4393.263,4392.086,4392.266,88
2026-09-18 18:03:00,4392.394,4393.079,4391.945,4392.299,107
2026-09-18 18:04:00,4392.304,4393.057,4392.09,4392.418,112
2026-09-18 18:05:00,4392.215,4392.882,4391.468,4391.538,106
2026-09-18 18:06:00,4391.749,4391.749,4389.82,4389.872,147
2026-09-18 18:07:00,4389.851,4393.1,4389.851,4392.983,178
2026-09-18 18:08:00,4392.763,4394.391,4390.684,4390.684,206
2026-09-18 18:09:00,4390.969,4391.407,4388.961,4390.214,182
2026-09-18 18:10:00,4390.439,4392.013,4389.918,4390.916,200
2026-09-18 18:11:00,4390.972,4391.19,4389.396,4390.088,162
2026-09-18 18:12:00,4390.115,4391.484,4389.75,4391.484,186
2026-09-18 18:13:00,4391.332,4393.06,4390.158,4392.788,190
2026-09-18 18:14:00,4393.042,4393.113,4391.544,4392.048,139
2026-09-18 18:15:00,4392.122,4392.739,4391.373,4391.679,120
2026-09-18 18:16:00,4391.695,4392.158,4390.522,4390.698,129
2026-09-18 18:17:00,4390.756,4390.981,4388.973,4389.653,129
2026-09-18 18:18:00,4389.727,4390.274,4388.938,4389.656,127
2026-09-18 18:19:00,4389.602,4390.818,4389.486,4390.194,165
2026-09-18 18:20:00,4390.52,4390.768,4389.704,4390.422,125
2026-09-18 18:21:00,4390.166,4390.746,4389.694,4389.956,119
2026-09-18 18:22:00,4390.024,4391.227,4389.694,4390.739,159
2026-09-18 18:23:00,4390.646,4391.356,4389.691,4390.232,139
2026-09-18 18:24:00,4390.175,4390.175,4389.188,4389.849,93
2026-09-18 18:25:00,4389.779,4390.434,4389.508,4390.088,112
2026-09-18 18:26:00,4390.094,4390.671,4389.751,4390.062,98
2026-09-18 18:27:00,4390.01,4391.046,4389.668,4390.58,123
2026-09-18 18:28:00,4390.591,4390.712,4389.876,4390.152,135
2026-09-18 18:29:00,4390.09,4391.033,4389.975,4390.502,141
2026-09-18 18:30:00,4390.403,4390.868,4388.358,4388.839,139
2026-09-18 18:31:00,4389.043,4389.043,4387.373,4387.423,95
2026-09-18 18:32:00,4387.411,4388.872,4387.411,4387.937,111
2026-09-18 18:33:00,4387.991,4388.29,4387.484,4387.96,98
2026-09-18 18:34:00,4388.012,4388.09,4387.316,4387.961,80
2026-09-18 18:35:00,4388.083,4388.382,4387.578,4388.382,114
2026-09-18 18:36:00,4388.283,4388.377,4387.128,4387.709,106
2026-09-18 18:37:00,4387.699,4387.822,4387.309,4387.683,94
2026-09-18 18:38:00,4387.396,4387.755,4385.77,4386.068,96
2026-09-18 18:39:00,4386.11,4386.319,4385.164,4385.164,107
2026-09-18 18:40:00,4385.225,4385.289,4384.238,4384.875,116
2026-09-18 18:41:00,4384.819,4384.984,4383.939,4384.376,100
2026-09-18 18:42:00,4384.229,4384.696,4382.466,4383.127,143
2026-09-18 18:43:00,4383.072,4384.25,4382.944,4383.15,133
2026-09-18 18:44:00,4383.096,4383.265,4380.739,4380.92,205
2026-09-18 18:45:00,4380.973,4381.557,4380.236,4380.4,148
2026-09-18 18:46:00,4380.44,4382.183,4380.021,4382.144,184
2026-09-18 18:47:00,4382.176,4383.816,4382.14,4383.061,189
2026-09-18 18:48:00,4382.838,4383.821,4382.629,4382.757,156
2026-09-18 18:49:00,4382.811,4383.425,4381.877,4383.186,132
2026-09-18 18:50:00,4383.196,4383.868,4382.281,4383.671,137
2026-09-18 18:51:00,4383.448,4383.647,4381.679,4381.921,133
2026-09-18 18:52:00,4381.975,4382.22,4380.536,4381.127,109
2026-09-18 18:53:00,4381.194,4382.157,4380.535,4381.311,117
2026-09-18 18:54:00,4381.354,4381.817,4380.14,4380.328,107
2026-09-18 18:55:00,4380.093,4381.512,4379.525,4381.294,140
2026-09-18 18:56:00,4380.899,4381.996,4380.824,4381.225,108
2026-09-18 18:57:00,4381.169,4381.917,4380.986,4381.546,80
2026-09-18 18:58:00,4381.554,4382.012,4380.809,4381.984,94
2026-09-18 18:59:00,4381.913,4382.316,4380.521,4382.045,166
2026-09-18 19:00:00,4382.109,4382.922,4381.568,4382.189,177
2026-09-18 19:01:00,4382.068,4382.176,4379.84,4380.606,143
2026-09-18 19:02:00,4380.589,4380.589,4379.321,4380.135,115
2026-09-18 19:03:00,4380.254,4381.326,4379.854,4381.326,99
2026-09-18 19:04:00,4381.347,4383.175,4380.988,4381.859,147
2026-09-18 19:05:00,4382.18,4384.188,4381.931,4384.12,136
2026-09-18 19:06:00,4383.834,4384.51,4383.425,4383.545,113
2026-09-18 19:07:00,4383.493,4383.493,4381.582,4382.719,135
2026-09-18 19:08:00,4382.491,4383.592,4382.193,4383.372,109
2026-09-18 19:09:00,4383.701,4384.884,4383.542,4384.713,130
2026-09-18 19:10:00,4384.4,4384.793,4383.828,4384.52,128
2026-09-18 19:11:00,4384.467,4385.478,4383.985,4385.132,99
2026-09-18 19:12:00,4385.432,4386.212,4384.264,4384.652,122
2026-09-18 19:13:00,4384.881,4384.881,4383.205,4383.396,99
2026-09-18 19:14:00,4383.401,4384.596,4383.217,4384.379,107
2026-09-18 19:15:00,4384.465,4384.701,4383.807,4384.701,114
2026-09-18 19:16:00,4384.696,4384.791,4383.858,4384.742,106
2026-09-18 19:17:00,4384.749,4384.771,4383.704,4384.226,98
2026-09-18 19:18:00,4383.956,4384.054,4382.172,4382.479,102
2026-09-18 19:19:00,4382.154,4382.47,4381.588,4381.949,117
2026-09-18 19:20:00,4382.041,4382.645,4381.509,4382.536,103
2026-09-18 19:21:00,4382.548,4383.211,4382.119,4383.124,112
2026-09-18 19:22:00,4382.812,4383.139,4382.023,4382.203,79
2026-09-18 19:23:00,4382.34,4383.113,4382.028,4382.738,148
2026-09-18 19:24:00,4382.67,4383.525,4382.198,4382.392,102
2026-09-18 19:25:00,4382.607,4382.628,4380.244,4380.244,108
2026-09-18 19:26:00,4380.464,4380.89,4379.182,4379.182,106
2026-09-18 19:27:00,4379.324,4379.872,4378.802,4379.821,92
2026-09-18 19:28:00,4379.844,4380.843,4379.593,4380.56,96
2026-09-18 19:29:00,4380.574,4380.888,4379.972,4380.61,90
2026-09-18 19:30:00,4380.559,4381.141,4379.721,4380.835,128
2026-09-18 19:31:00,4380.834,4381.367,4380.389,4380.631,100
2026-09-18 19:32:00,4380.714,4381.647,4380.232,4381.341,120
2026-09-18 19:33:00,4381.36,4382.264,4380.798,4381.26,123
2026-09-18 19:34:00,4381.304,4381.652,4379.882,4380.156,101
2026-09-18 19:35:00,4379.857,4380.424,4379.42,4380.085,102
2026-09-18 19:36:00,4380.086,4381.621,4379.827,4381.536,104
2026-09-18 19:37:00,4381.456,4381.657,4380.756,4381.288,98
2026-09-18 19:38:00,4381.231,4381.818,4381.168,4381.333,84
2026-09-18 19:39:00,4381.349,4382.126,4381.197,4381.666,82
2026-09-18 19:40:00,4381.622,4381.847,4380.767,4381.373,99
2026-09-18 19:41:00,4381.348,4382.349,4380.957,4382.349,73
2026-09-18 19:42:00,4382.062,4382.441,4380.74,4381.431,122
2026-09-18 19:43:00,4381.383,4381.701,4380.931,4381.268,89
2026-09-18 19:44:00,4381.241,4381.841,4381.058,4381.427,99
2026-09-18 19:45:00,4381.546,4381.558,4380.68,4381.378,100
2026-09-18 19:46:00,4381.432,4383.151,4381.066,4382.649,119
2026-09-18 19:47:00,4382.661,4383.356,4382.152,4382.574,112
2026-09-18 19:48:00,4382.586,4383.244,4381.323,4381.572,127
2026-09-18 19:49:00,4381.632,4382.563,4381.251,4381.955,135
2026-09-18 19:50:00,4381.946,4382.582,4381.112,4381.375,212
2026-09-18 19:51:00,4381.118,4381.436,4380.477,4380.671,117
2026-09-18 19:52:00,4380.618,4380.751,4377.955,4378.753,129
2026-09-18 19:53:00,4378.701,4379.02,4377.964,4378.954,150
2026-09-18 19:54:00,4378.979,4379.038,4376.646,4377.154,125
2026-09-18 19:55:00,4377.279,4379.061,4376.297,4376.504,191
2026-09-18 19:56:00,4376.284,4376.902,4374.938,4374.938,187
2026-09-18 19:57:00,4374.821,4378.958,4374.821,4378.739,164
2026-09-18 19:58:00,4378.686,4378.918,4376.658,4376.9,198
2026-09-18 19:59:00,4377.118,4377.83,4375.887,4376.65,314
2026-09-18 20:00:00,4376.541,4378.268,4375.479,4377.718,275
2026-09-18 20:01:00,4377.91,4378.399,4377.052,4377.94,149
2026-09-18 20:02:00,4377.957,4378.79,4377.178,4377.232,120
2026-09-18 20:03:00,4377.491,4377.844,4376.683,4377.245,100
2026-09-18 20:04:00,4377.249,4378.75,4377.126,4377.669,94
2026-09-18 20:05:00,4377.576,4378.251,4376.92,4377.993,91
2026-09-18 20:06:00,4377.97,4379.024,4377.969,4378.769,85
2026-09-18 20:07:00,4378.773,4378.84,4378.165,4378.722,100
2026-09-18 20:08:00,4378.719,4378.719,4377.992,4378.452,101
2026-09-18 20:09:00,4378.349,4378.814,4377.882,4378.396,104
2026-09-18 20:10:00,4378.45,4380.79,4378.317,4379.482,261
2026-09-18 20:11:00,4379.421,4379.867,4378.744,4379.862,94
2026-09-18 20:12:00,4379.467,4382.937,4379.467,4382.405,133
2026-09-18 20:13:00,4382.336,4383.402,4381.294,4381.457,139
2026-09-18 20:14:00,4381.47,4382.071,4381.118,4381.371,89
2026-09-18 20:15:00,4381.45,4381.797,4380.219,4381.274,145
2026-09-18 20:16:00,4381.217,4381.51,4380.572,4381.389,133
2026-09-18 20:17:00,4381.388,4381.767,4379.043,4379.388,115
2026-09-18 20:18:00,4379.406,4380.275,4379.076,4379.713,83
2026-09-18 20:19:00,4379.626,4379.839,4379.095,4379.839,75
2026-09-18 20:20:00,4379.566,4381.536,4379.444,4381.464,85
2026-09-18 20:21:00,4381.243,4381.809,4381.041,4381.297,66
2026-09-18 20:22:00,4381.264,4383.415,4381.11,4383.053,95
2026-09-18 20:23:00,4382.992,4383.29,4382.01,4382.914,78
2026-09-18 20:24:00,4382.941,4383.052,4382.422,4382.706,50
2026-09-18 20:25:00,4382.706,4383.146,4382.418,4382.499,75
2026-09-18 20:26:00,4382.493,4382.678,4381.884,4382.026,64
2026-09-18 20:27:00,4382.144,4382.644,4381.947,4381.996,58
2026-09-18 20:28:00,4382.21,4382.274,4380.88,4381.509,90
2026-09-18 20:29:00,4381.236,4381.54,4381.036,4381.036,69
2026-09-18 20:30:00,4381.037,4382.263,4380.984,4382.263,90
2026-09-18 20:31:00,4382.304,4382.385,4381.502,4381.77,53
2026-09-18 20:32:00,4381.77,4382.312,4380.901,4381.959,85
2026-09-18 20:33:00,4382.078,4382.942,4381.74,4382.683,69
2026-09-18 20:34:00,4382.604,4382.994,4381.743,4381.982,78
2026-09-18 20:35:00,4381.979,4382.28,4381.432,4381.477,64
2026-09-18 20:36:00,4381.469,4381.559,4380.666,4381.446,74
2026-09-18 20:37:00,4381.191,4381.191,4379.807,4380.122,75
2026-09-18 20:38:00,4380.191,4380.698,4379.947,4380.206,67
2026-09-18 20:39:00,4380.151,4380.263,4379.703,4379.964,49
2026-09-18 20:40:00,4379.825,4379.955,4379.063,4379.33,84
2026-09-18 20:41:00,4379.523,4380.222,4379.496,4380.135,67
2026-09-18 20:42:00,4380.103,4380.923,4379.562,4380.652,74
2026-09-18 20:43:00,4380.86,4380.932,4380.236,4380.641,60
2026-09-18 20:44:00,4380.641,4381.052,4380.237,4380.893,72
2026-09-18 20:45:00,4380.901,4380.938,4379.366,4379.519,81
2026-09-18 20:46:00,4379.512,4379.862,4378.904,4379.263,56
2026-09-18 20:47:00,4379.336,4379.508,4377.512,4378.106,79
2026-09-18 20:48:00,4378.045,4378.541,4376.695,4378.235,132
2026-09-18 20:49:00,4378.474,4378.48,4377.239,4377.986,128
2026-09-18 20:50:00,4378.047,4378.141,4376.93,4378.141,95
2026-09-18 20:51:00,4378.021,4378.413,4376.489,4376.858,98
2026-09-18 20:52:00,4377.038,4378.209,4376.56,4378.118,117
2026-09-18 20:53:00,4377.85,4378.535,4377.69,4378.087,67
2026-09-18 20:54:00,4378.035,4378.52,4377.499,4378.175,103
