time,equity
2022-02-02 18:20:00,10000.0
2022-02-02 20:14:00,10000.0
2022-02-02 20:57:00,10000.0
2022-02-02 21:00:00,10000.0
2022-02-02 21:21:00,10000.0
2022-02-02 21:26:00,10000.0
2022-02-02 22:27:00,10000.0
2022-02-02 23:05:00,10000.0
2022-02-03 00:45:00,10000.0
2022-02-03 00:59:00,10000.0
2022-02-03 01:06:00,10000.0
2022-02-03 02:25:00,10000.0
2022-02-03 02:30:00,10000.0
2022-02-03 02:44:00,10000.0
2022-02-03 03:02:00,10000.0
2022-02-03 03:36:00,10000.0
2022-02-03 04:02:00,10000.0
2022-02-03 04:07:00,10000.0
2022-02-03 04:20:00,10000.0
2022-02-03 04:44:00,10000.0
2022-02-03 04:56:00,10000.0
2022-02-03 05:26:00,10000.0
2022-02-03 05:36:00,10000.0
2022-02-03 06:17:00,10000.0
2022-02-03 06:39:00,10000.0
2022-02-03 06:43:00,10000.0
2022-02-03 07:00:00,10000.0
2022-02-03 07:01:00,10000.0
2022-02-03 07:02:00,10000.0
2022-02-03 07:03:00,10000.0
2022-02-03 07:05:00,10000.0
2022-02-03 07:08:00,10000.0
2022-02-03 07:13:00,10000.0
2022-02-03 07:35:00,10000.0
2022-02-03 07:37:00,10000.0
2022-02-03 07:44:00,10000.0
2022-02-03 07:46:00,10000.0
2022-02-03 08:04:00,10000.0
2022-02-03 08:05:00,10000.0
2022-02-03 08:09:00,10000.0
2022-02-03 08:19:00,10000.0
2022-02-03 08:20:00,10000.0
2022-02-03 08:21:00,10000.0
2022-02-03 08:22:00,10000.0
2022-02-03 08:24:00,10000.0
2022-02-03 08:28:00,10000.0
2022-02-03 08:39:00,10000.0
2022-02-03 08:42:00,10000.0
2022-02-03 08:43:00,10000.0
2022-02-03 08:44:00,10000.0
2022-02-03 08:45:00,10000.0
2022-02-03 08:46:00,10000.0
2022-02-03 08:47:00,10000.0
2022-02-03 08:48:00,10000.0
2022-02-03 08:49:00,10000.0
2022-02-03 08:57:00,10000.0
2022-02-03 08:58:00,10000.0
2022-02-03 08:59:00,10000.0
2022-02-03 09:01:00,10000.0
2022-02-03 09:04:00,10000.0
2022-02-03 09:05:00,10000.0
2022-02-03 09:07:00,10000.0
2022-02-03 09:13:00,10000.0
2022-02-03 09:19:00,10000.0
2022-02-03 09:22:00,10000.0
2022-02-03 09:24:00,10000.0
2022-02-03 09:30:00,10000.0
2022-02-03 09:30:00,9975.5
2022-02-03 09:31:00,9975.5
2022-02-03 09:31:00,9975.5
2022-02-03 09:32:00,9975.5
2022-02-03 09:32:00,9975.5
2022-02-03 09:33:00,9975.5
2022-02-03 09:33:00,9975.5
2022-02-03 09:34:00,9975.5
2022-02-03 09:36:00,9975.5
2022-02-03 09:36:00,9975.5
2022-02-03 09:37:00,9975.5
2022-02-03 09:37:00,9975.5
2022-02-03 09:38:00,9975.5
2022-02-03 09:40:00,9975.5
2022-02-03 09:41:00,9975.5
2022-02-03 09:42:00,9975.5
2022-02-03 09:43:00,9975.5
2022-02-03 09:44:00,9975.5
2022-02-03 09:44:00,9975.5
2022-02-03 09:44:00,9975.5
2022-02-03 09:44:00,9975.5
2022-02-03 09:45:00,9975.5
2022-02-03 09:45:00,9975.5
2022-02-03 09:45:00,9975.5
2022-02-03 09:45:00,9975.5
2022-02-03 09:45:00,9975.5
2022-02-03 09:46:00,9975.5
2022-02-03 09:47:00,9975.5
2022-02-03 09:47:00,9975.5
2022-02-03 09:48:00,9975.5
2022-02-03 09:48:00,9975.5
2022-02-03 09:49:00,9975.5
2022-02-03 09:49:00,9975.5
2022-02-03 09:50:00,9975.5
2022-02-03 09:50:00,9975.5
2022-02-03 09:53:00,9975.5
2022-02-03 09:54:00,9975.5
2022-02-03 09:55:00,9975.5
2022-02-03 09:57:00,9975.5
2022-02-03 09:58:00,9975.5
2022-02-03 10:00:00,9975.5
2022-02-03 10:01:00,9975.5
2022-02-03 10:01:00,9975.5
2022-02-03 10:01:00,9975.5
2022-02-03 10:02:00,9975.5
2022-02-03 10:02:00,10061.0
2022-02-03 10:03:00,10061.0
2022-02-03 10:04:00,10036.5
2022-02-03 10:04:00,10036.5
2022-02-03 10:06:00,10012.0
2022-02-03 10:07:00,9997.5
2022-02-03 10:08:00,9983.0
2022-02-03 10:09:00,9983.0
2022-02-03 10:11:00,9983.0
2022-02-03 10:13:00,9983.0
2022-02-03 10:14:00,9983.0
2022-02-03 10:14:00,9983.0
2022-02-03 10:14:00,9983.0
2022-02-03 10:15:00,9983.0
2022-02-03 10:15:00,9983.0
2022-02-03 10:15:00,9983.0
2022-02-03 10:16:00,9983.0
2022-02-03 10:18:00,9983.0
2022-02-03 10:20:00,9983.0
2022-02-03 10:24:00,9983.0
2022-02-03 10:30:00,9983.0
2022-02-03 10:36:00,9983.0
2022-02-03 10:37:00,9983.0
2022-02-03 10:38:00,9983.0
2022-02-03 10:39:00,9983.0
2022-02-03 10:41:00,9983.0
2022-02-03 10:43:00,9983.0
2022-02-03 10:44:00,9983.0
2022-02-03 10:46:00,9983.0
2022-02-03 11:01:00,9983.0
2022-02-03 11:03:00,9983.0
2022-02-03 11:04:00,9983.0
2022-02-03 11:08:00,9983.0
2022-02-03 11:11:00,9983.0
2022-02-03 11:21:00,9983.0
2022-02-03 11:23:00,9983.0
2022-02-03 11:24:00,9983.0
2022-02-03 11:29:00,9983.0
2022-02-03 11:41:00,9983.0
2022-02-03 11:47:00,9983.0
2022-02-03 11:49:00,9983.0
2022-02-03 11:50:00,9983.0
2022-02-03 11:52:00,9983.0
2022-02-03 11:58:00,9983.0
2022-02-03 12:03:00,9983.0
2022-02-03 12:29:00,9983.0
2022-02-03 12:37:00,9983.0
2022-02-03 12:46:00,9983.0
2022-02-03 12:58:00,9983.0
2022-02-03 13:06:00,9983.0
2022-02-03 13:23:00,10098.5
2022-02-03 13:51:00,10098.5
2022-02-03 14:03:00,10098.5
2022-02-03 14:20:00,10098.5
2022-02-03 14:32:00,10074.0
2022-02-03 14:44:00,10074.0
2022-02-03 14:58:00,10074.0
2022-02-03 16:47:00,10074.0
2022-02-03 18:16:00,10049.5
2022-02-03 20:03:00,10035.0
2022-02-03 23:32:00,10035.0
2022-02-03 23:59:00,10035.0
2022-02-04 02:01:00,10035.0
2022-02-04 02:06:00,10035.0
2022-02-04 02:14:00,10035.0
2022-02-04 02:45:00,10035.0
2022-02-04 03:00:00,10035.0
2022-02-04 03:01:00,10035.0
2022-02-04 03:03:00,10035.0
2022-02-04 03:16:00,10035.0
2022-02-04 03:30:00,10035.0
2022-02-04 03:52:00,10035.0
2022-02-04 04:02:00,10035.0
2022-02-04 04:09:00,10035.0
2022-02-04 04:15:00,10035.0
2022-02-04 04:55:00,10035.0
2022-02-04 04:55:00,10035.0
2022-02-04 05:07:00,10035.0
2022-02-04 05:29:00,10035.0
2022-02-04 06:04:00,10035.0
2022-02-04 06:12:00,10035.0
2022-02-04 06:21:00,10035.0
2022-02-04 06:32:00,10035.0
2022-02-04 06:38:00,10035.0
2022-02-04 07:33:00,10035.0
2022-02-04 08:01:00,10035.0
2022-02-04 08:02:00,10035.0
2022-02-04 08:05:00,10035.0
2022-02-04 08:09:00,10035.0
2022-02-04 08:20:00,10035.0
2022-02-04 08:22:00,10035.0
2022-02-04 08:30:00,10035.0
2022-02-04 08:30:00,10035.0
2022-02-04 08:30:00,10035.0
2022-02-04 08:30:00,10035.0
2022-02-04 08:30:00,10070.5
2022-02-04 08:30:00,10070.5
2022-02-04 08:30:00,10070.5
2022-02-04 08:31:00,10070.5
2022-02-04 08:32:00,10070.5
2022-02-04 08:32:00,10070.5
2022-02-04 08:32:00,10070.5
2022-02-04 08:33:00,10070.5
2022-02-04 08:34:00,10070.5
2022-02-04 08:34:00,10070.5
2022-02-04 08:36:00,10070.5
2022-02-04 08:37:00,10070.5
2022-02-04 08:37:00,10070.5
2022-02-04 08:38:00,10070.5
2022-02-04 08:38:00,10070.5
2022-02-04 08:39:00,10070.5
2022-02-04 08:39:00,10070.5
2022-02-04 08:39:00,10070.5
2022-02-04 08:39:00,10070.5
2022-02-04 08:39:00,10070.5
2022-02-04 08:39:00,10070.5
2022-02-04 08:40:00,10070.5
2022-02-04 08:40:00,10070.5
2022-02-04 08:40:00,10070.5
2022-02-04 08:41:00,10070.5
2022-02-04 08:41:00,10070.5
2022-02-04 08:42:00,10070.5
2022-02-04 08:43:00,10070.5
2022-02-04 08:44:00,10070.5
2022-02-04 08:45:00,10070.5
2022-02-04 08:46:00,10070.5
2022-02-04 08:47:00,10070.5
2022-02-04 08:48:00,10070.5
2022-02-04 08:49:00,10070.5
2022-02-04 08:50:00,10070.5
2022-02-04 08:50:00,10070.5
2022-02-04 08:52:00,10070.5
2022-02-04 08:53:00,10070.5
2022-02-04 08:54:00,10070.5
2022-02-04 08:55:00,10070.5
2022-02-04 08:56:00,10070.5
2022-02-04 08:57:00,10070.5
2022-02-04 08:57:00,10070.5
2022-02-04 08:59:00,10070.5
2022-02-04 09:00:00,10070.5
2022-02-04 09:01:00,10070.5
2022-02-04 09:01:00,10070.5
2022-02-04 09:01:00,10070.5
2022-02-04 09:02:00,10070.5
2022-02-04 09:03:00,10070.5
2022-02-04 09:04:00,10070.5
2022-02-04 09:04:00,10070.5
2022-02-04 09:04:00,10070.5
2022-02-04 09:05:00,10070.5
2022-02-04 09:05:00,10070.5
2022-02-04 09:07:00,10070.5
2022-02-04 09:08:00,10070.5
2022-02-04 09:09:00,10070.5
2022-02-04 09:10:00,10070.5
2022-02-04 09:10:00,10196.0
2022-02-04 09:11:00,10196.0
2022-02-04 09:13:00,10196.0
2022-02-04 09:13:00,10196.0
2022-02-04 09:14:00,10196.0
2022-02-04 09:14:00,10196.0
2022-02-04 09:14:00,10196.0
2022-02-04 09:15:00,10196.0
2022-02-04 09:18:00,10196.0
2022-02-04 09:19:00,10196.0
2022-02-04 09:20:00,10196.0
2022-02-04 09:23:00,10196.0
2022-02-04 09:25:00,10196.0
2022-02-04 09:26:00,10196.0
2022-02-04 09:28:00,10196.0
2022-02-04 09:28:00,10196.0
2022-02-04 09:29:00,10196.0
2022-02-04 09:32:00,10196.0
2022-02-04 09:36:00,10196.0
2022-02-04 09:37:00,10196.0
2022-02-04 09:40:00,10196.0
2022-02-04 09:41:00,10196.0
2022-02-04 09:41:00,10196.0
2022-02-04 09:43:00,10196.0
2022-02-04 09:44:00,10196.0
2022-02-04 09:45:00,10196.0
2022-02-04 09:49:00,10196.0
2022-02-04 09:50:00,10196.0
2022-02-04 09:51:00,10196.0
2022-02-04 09:52:00,10196.0
2022-02-04 09:53:00,10196.0
2022-02-04 09:54:00,10196.0
2022-02-04 09:55:00,10196.0
2022-02-04 09:58:00,10196.0
2022-02-04 10:00:00,10196.0
2022-02-04 10:02:00,10196.0
2022-02-04 10:03:00,10196.0
2022-02-04 10:03:00,10196.0
2022-02-04 10:03:00,10196.0
2022-02-04 10:05:00,10196.0
2022-02-04 10:05:00,10196.0
2022-02-04 10:06:00,10196.0
2022-02-04 10:09:00,10196.0
2022-02-04 10:09:00,10196.0
2022-02-04 10:14:00,10196.0
2022-02-04 10:16:00,10196.0
2022-02-04 10:17:00,10196.0
2022-02-04 10:18:00,10196.0
2022-02-04 10:19:00,10196.0
2022-02-04 10:21:00,10196.0
2022-02-04 10:22:00,10196.0
2022-02-04 10:28:00,10196.0
2022-02-04 10:31:00,10196.0
2022-02-04 10:33:00,10196.0
2022-02-04 10:36:00,10196.0
2022-02-04 10:40:00,10196.0
2022-02-04 10:44:00,10196.0
2022-02-04 10:46:00,10281.5
2022-02-04 10:49:00,10281.5
2022-02-04 10:50:00,10281.5
2022-02-04 11:00:00,10281.5
2022-02-04 11:03:00,10281.5
2022-02-04 11:09:00,10281.5
2022-02-04 11:10:00,10281.5
2022-02-04 11:23:00,10281.5
2022-02-04 11:25:00,10281.5
2022-02-04 11:35:00,10281.5
2022-02-04 11:49:00,10281.5
2022-02-04 11:51:00,10281.5
2022-02-04 12:01:00,10257.0
2022-02-04 12:03:00,10257.0
2022-02-04 12:05:00,10257.0
2022-02-04 12:08:00,10257.0
2022-02-04 12:45:00,10257.0
2022-02-04 13:20:00,10257.0
2022-02-04 13:36:00,10257.0
2022-02-04 13:50:00,10257.0
2022-02-04 14:21:00,10257.0
2022-02-04 15:18:00,10257.0
2022-02-06 18:01:00,10257.0
2022-02-06 18:02:00,10257.0
2022-02-06 18:03:00,10257.0
2022-02-06 18:15:00,10257.0
2022-02-06 18:41:00,10257.0
2022-02-06 19:06:00,10257.0
2022-02-06 19:12:00,10257.0
2022-02-06 19:16:00,10257.0
2022-02-06 19:25:00,10257.0
2022-02-06 20:00:00,10257.0
2022-02-06 20:00:00,10257.0
2022-02-06 20:01:00,10257.0
2022-02-06 20:01:00,10257.0
2022-02-06 20:04:00,10257.0
2022-02-06 20:06:00,10257.0
2022-02-06 20:07:00,10257.0
2022-02-06 20:08:00,10257.0
2022-02-06 20:09:00,10257.0
2022-02-06 20:10:00,10257.0
2022-02-06 20:13:00,10257.0
2022-02-06 20:27:00,10257.0
2022-02-06 20:30:00,10282.5
2022-02-06 20:39:00,10282.5
2022-02-06 20:41:00,10282.5
2022-02-06 21:16:00,10282.5
2022-02-06 21:45:00,10282.5
2022-02-06 21:50:00,10282.5
2022-02-06 21:59:00,10282.5
2022-02-06 22:29:00,10282.5
2022-02-07 00:20:00,10282.5
2022-02-07 00:33:00,10282.5
2022-02-07 01:18:00,10282.5
2022-02-07 02:02:00,10282.5
2022-02-07 02:15:00,10282.5
2022-02-07 02:57:00,10282.5
2022-02-07 03:00:00,10258.0
2022-02-07 03:04:00,10258.0
2022-02-07 03:11:00,10258.0
2022-02-07 03:22:00,10258.0
2022-02-07 03:30:00,10258.0
2022-02-07 03:42:00,10258.0
2022-02-07 03:51:00,10258.0
2022-02-07 03:54:00,10258.0
2022-02-07 04:11:00,10258.0
2022-02-07 04:14:00,10258.0
2022-02-07 04:30:00,10258.0
2022-02-07 04:57:00,10258.0
2022-02-07 05:08:00,10258.0
2022-02-07 05:19:00,10258.0
2022-02-07 05:26:00,10233.5
2022-02-07 05:51:00,10233.5
2022-02-07 06:07:00,10233.5
2022-02-07 06:18:00,10233.5
2022-02-07 06:50:00,10209.0
2022-02-07 07:27:00,10209.0
2022-02-07 07:35:00,10209.0
2022-02-07 08:00:00,10209.0
2022-02-07 08:01:00,10209.0
2022-02-07 08:02:00,10209.0
2022-02-07 08:08:00,10209.0
2022-02-07 08:09:00,10209.0
2022-02-07 08:15:00,10209.0
2022-02-07 08:20:00,10209.0
2022-02-07 08:21:00,10209.0
2022-02-07 08:21:00,10209.0
2022-02-07 08:22:00,10209.0
2022-02-07 08:23:00,10209.0
2022-02-07 08:27:00,10209.0
2022-02-07 08:29:00,10209.0
2022-02-07 08:32:00,10209.0
2022-02-07 08:34:00,10209.0
2022-02-07 08:37:00,10209.0
2022-02-07 08:41:00,10209.0
2022-02-07 08:46:00,10209.0
2022-02-07 08:50:00,10209.0
2022-02-07 08:54:00,10209.0
2022-02-07 08:55:00,10214.5
2022-02-07 08:57:00,10214.5
2022-02-07 09:00:00,10214.5
2022-02-07 09:03:00,10214.5
2022-02-07 09:09:00,10214.5
2022-02-07 09:12:00,10214.5
2022-02-07 09:23:00,10190.0
2022-02-07 09:31:00,10190.0
2022-02-07 09:32:00,10190.0
2022-02-07 09:35:00,10190.0
2022-02-07 09:38:00,10165.5
2022-02-07 09:43:00,10165.5
2022-02-07 09:47:00,10165.5
2022-02-07 09:51:00,10165.5
2022-02-07 09:53:00,10165.5
2022-02-07 09:56:00,10165.5
2022-02-07 09:57:00,10165.5
2022-02-07 09:58:00,10165.5
2022-02-07 10:11:00,10165.5
2022-02-07 10:21:00,10165.5
2022-02-07 10:21:00,10165.5
2022-02-07 10:22:00,10165.5
2022-02-07 10:22:00,10141.0
2022-02-07 10:24:00,10141.0
2022-02-07 10:49:00,10141.0
2022-02-07 10:52:00,10141.0
2022-02-07 11:09:00,10141.0
2022-02-07 11:19:00,10141.0
2022-02-07 11:25:00,10141.0
2022-02-07 11:27:00,10141.0
2022-02-07 11:29:00,10141.0
2022-02-07 11:30:00,10141.0
2022-02-07 12:22:00,10141.0
2022-02-07 12:32:00,10141.0
2022-02-07 13:23:00,10141.0
2022-02-07 14:14:00,10141.0
2022-02-07 14:30:00,10141.0
2022-02-07 15:09:00,10141.0
2022-02-07 15:22:00,10141.0
2022-02-07 15:46:00,10141.0
2022-02-07 16:49:00,10141.0
2022-02-07 18:33:00,10141.0
2022-02-07 19:11:00,10141.0
2022-02-07 19:53:00,10141.0
2022-02-07 19:57:00,10141.0
2022-02-07 20:26:00,10141.0
2022-02-07 21:05:00,10141.0
2022-02-07 21:20:00,10141.0
2022-02-07 22:04:00,10141.0
2022-02-07 23:45:00,10141.0
2022-02-08 00:03:00,10141.0
2022-02-08 00:13:00,10141.0
2022-02-08 00:41:00,10141.0
2022-02-08 01:10:00,10141.0
2022-02-08 01:30:00,10176.5
2022-02-08 01:55:00,10176.5
2022-02-08 02:11:00,10176.5
2022-02-08 02:21:00,10176.5
2022-02-08 02:35:00,10176.5
2022-02-08 02:42:00,10176.5
2022-02-08 02:48:00,10176.5
2022-02-08 03:00:00,10176.5
2022-02-08 03:03:00,10176.5
2022-02-08 03:22:00,10176.5
2022-02-08 03:25:00,10176.5
2022-02-08 03:38:00,10176.5
2022-02-08 04:08:00,10176.5
2022-02-08 04:14:00,10176.5
2022-02-08 04:30:00,10176.5
2022-02-08 04:48:00,10176.5
2022-02-08 05:31:00,10176.5
2022-02-08 05:40:00,10162.0
2022-02-08 05:54:00,10162.0
2022-02-08 06:20:00,10162.0
2022-02-08 07:21:00,10127.5
2022-02-08 07:22:00,10127.5
2022-02-08 07:40:00,10127.5
2022-02-08 07:52:00,10127.5
2022-02-08 08:00:00,10127.5
2022-02-08 08:02:00,10127.5
2022-02-08 08:04:00,10127.5
2022-02-08 08:12:00,10127.5
2022-02-08 08:35:00,10103.0
2022-02-08 08:35:00,10103.0
2022-02-08 08:36:00,10103.0
2022-02-08 08:39:00,10103.0
2022-02-08 08:46:00,10103.0
2022-02-08 08:53:00,10103.0
2022-02-08 08:55:00,10103.0
2022-02-08 09:00:00,10103.0
2022-02-08 09:01:00,10103.0
2022-02-08 09:02:00,10103.0
2022-02-08 09:12:00,10103.0
2022-02-08 09:16:00,10103.0
2022-02-08 09:34:00,10103.0
2022-02-08 09:39:00,10103.0
2022-02-08 09:42:00,10103.0
2022-02-08 09:48:00,10103.0
2022-02-08 09:50:00,10103.0
2022-02-08 09:52:00,10108.5
2022-02-08 09:56:00,10108.5
2022-02-08 09:57:00,10108.5
2022-02-08 10:00:00,10108.5
2022-02-08 10:10:00,10084.0
2022-02-08 10:13:00,10084.0
2022-02-08 10:25:00,10084.0
2022-02-08 10:27:00,10084.0
2022-02-08 10:32:00,10084.0
2022-02-08 10:36:00,10084.0
2022-02-08 10:38:00,10084.0
2022-02-08 10:39:00,10084.0
2022-02-08 10:57:00,10084.0
2022-02-08 10:59:00,10084.0
2022-02-08 11:03:00,10084.0
2022-02-08 12:03:00,10084.0
2022-02-08 12:10:00,10084.0
2022-02-08 13:12:00,10084.0
2022-02-08 13:36:00,10084.0
2022-02-08 14:04:00,10084.0
2022-02-08 14:23:00,10084.0
2022-02-08 15:38:00,10084.0
2022-02-08 18:00:00,10084.0
2022-02-08 20:12:00,10084.0
2022-02-08 20:19:00,10084.0
2022-02-08 20:59:00,10084.0
2022-02-08 21:04:00,10084.0
2022-02-08 21:18:00,10084.0
2022-02-08 21:21:00,10084.0
2022-02-08 21:46:00,10084.0
2022-02-08 21:56:00,10084.0
2022-02-08 22:11:00,10084.0
2022-02-08 23:18:00,10084.0
2022-02-09 00:47:00,10084.0
2022-02-09 00:59:00,10084.0
2022-02-09 01:29:00,10084.0
2022-02-09 01:55:00,10084.0
2022-02-09 02:30:00,10084.0
2022-02-09 03:00:00,10084.0
2022-02-09 03:04:00,10084.0
2022-02-09 03:28:00,10084.0
2022-02-09 03:30:00,10084.0
2022-02-09 03:36:00,10119.5
2022-02-09 03:53:00,10105.0
2022-02-09 04:22:00,10090.5
2022-02-09 06:09:00,10076.0
2022-02-09 07:03:00,10061.5
2022-02-09 07:37:00,10047.0
2022-02-09 07:56:00,10032.5
2022-02-09 08:00:00,10018.0
2022-02-09 08:00:00,10018.0
2022-02-09 08:01:00,10018.0
2022-02-09 08:01:00,10018.0
2022-02-09 08:06:00,10018.0
2022-02-09 08:08:00,10018.0
2022-02-09 08:17:00,10018.0
2022-02-09 08:19:00,10018.0
2022-02-09 08:21:00,10018.0
2022-02-09 08:26:00,10018.0
2022-02-09 08:29:00,10018.0
2022-02-09 08:39:00,10018.0
2022-02-09 08:42:00,10018.0
2022-02-09 08:44:00,10018.0
2022-02-09 08:46:00,10013.5
2022-02-09 08:52:00,10013.5
2022-02-09 08:59:00,10013.5
2022-02-09 09:03:00,10013.5
2022-02-09 09:07:00,10013.5
2022-02-09 09:10:00,10013.5
2022-02-09 09:14:00,10013.5
2022-02-09 09:20:00,10013.5
2022-02-09 09:38:00,10013.5
2022-02-09 09:40:00,10013.5
2022-02-09 09:42:00,10013.5
2022-02-09 09:45:00,10013.5
2022-02-09 09:46:00,9989.0
2022-02-09 09:47:00,9989.0
2022-02-09 09:50:00,9989.0
2022-02-09 09:53:00,9989.0
2022-02-09 09:58:00,9989.0
2022-02-09 10:00:00,9989.0
2022-02-09 10:03:00,9989.0
2022-02-09 10:17:00,9989.0
2022-02-09 10:19:00,9989.0
2022-02-09 10:24:00,9989.0
2022-02-09 10:27:00,9989.0
2022-02-09 10:36:00,9989.0
2022-02-09 10:39:00,9989.0
2022-02-09 11:04:00,9989.0
2022-02-09 11:15:00,9989.0
2022-02-09 11:20:00,9989.0
2022-02-09 11:22:00,9989.0
2022-02-09 11:39:00,9989.0
2022-02-09 11:44:00,9989.0
2022-02-09 12:03:00,9989.0
2022-02-09 12:05:00,9989.0
2022-02-09 12:28:00,9989.0
2022-02-09 12:31:00,9989.0
2022-02-09 12:36:00,9989.0
2022-02-09 12:44:00,9989.0
2022-02-09 13:01:00,9989.0
2022-02-09 13:03:00,9989.0
2022-02-09 13:29:00,9989.0
2022-02-09 13:35:00,9989.0
2022-02-09 14:11:00,9989.0
2022-02-09 15:13:00,9989.0
2022-02-09 15:17:00,9989.0
2022-02-09 15:32:00,9989.0
2022-02-09 19:40:00,10014.5
2022-02-09 19:59:00,10014.5
2022-02-09 20:03:00,10014.5
2022-02-09 21:06:00,10014.5
2022-02-09 21:25:00,9990.0
2022-02-10 00:45:00,9990.0
2022-02-10 02:37:00,9990.0
2022-02-10 02:54:00,9990.0
2022-02-10 03:02:00,9990.0
2022-02-10 03:05:00,9990.0
2022-02-10 03:29:00,9990.0
2022-02-10 03:34:00,9955.5
2022-02-10 03:40:00,9955.5
2022-02-10 04:03:00,9955.5
2022-02-10 04:06:00,9955.5
2022-02-10 04:55:00,9955.5
2022-02-10 06:03:00,9955.5
2022-02-10 06:57:00,9955.5
2022-02-10 07:24:00,9955.5
2022-02-10 08:00:00,9955.5
2022-02-10 08:07:00,9955.5
2022-02-10 08:17:00,9955.5
2022-02-10 08:30:00,9955.5
2022-02-10 08:30:00,9955.5
2022-02-10 08:30:00,9955.5
2022-02-10 08:30:00,9955.5
2022-02-10 08:30:00,9955.5
2022-02-10 08:30:00,9955.5
2022-02-10 08:30:00,9955.5
2022-02-10 08:30:00,9955.5
2022-02-10 08:31:00,9955.5
2022-02-10 08:31:00,9955.5
2022-02-10 08:31:00,9955.5
2022-02-10 08:31:00,9955.5
2022-02-10 08:32:00,9955.5
2022-02-10 08:32:00,9955.5
2022-02-10 08:33:00,9955.5
2022-02-10 08:33:00,9955.5
2022-02-10 08:34:00,9955.5
2022-02-10 08:36:00,9955.5
2022-02-10 08:37:00,9955.5
2022-02-10 08:38:00,9955.5
2022-02-10 08:38:00,9955.5
2022-02-10 08:38:00,9955.5
2022-02-10 08:39:00,9955.5
2022-02-10 08:39:00,9991.0
2022-02-10 08:40:00,9991.0
2022-02-10 08:40:00,9991.0
2022-02-10 08:41:00,9991.0
2022-02-10 08:41:00,9991.0
2022-02-10 08:41:00,9991.0
2022-02-10 08:41:00,9991.0
2022-02-10 08:41:00,9991.0
2022-02-10 08:41:00,9991.0
2022-02-10 08:42:00,9991.0
2022-02-10 08:42:00,9991.0
2022-02-10 08:42:00,9991.0
2022-02-10 08:42:00,9991.0
2022-02-10 08:42:00,9991.0
2022-02-10 08:43:00,9991.0
2022-02-10 08:43:00,9991.0
2022-02-10 08:44:00,9991.0
2022-02-10 08:45:00,10016.5
2022-02-10 08:46:00,10016.5
2022-02-10 08:46:00,10016.5
2022-02-10 08:47:00,10016.5
2022-02-10 08:48:00,10016.5
2022-02-10 08:49:00,10016.5
2022-02-10 08:50:00,10016.5
2022-02-10 08:51:00,10016.5
2022-02-10 08:52:00,10016.5
2022-02-10 08:53:00,10016.5
2022-02-10 08:54:00,10016.5
2022-02-10 08:57:00,10016.5
2022-02-10 08:57:00,10016.5
2022-02-10 08:59:00,10002.0
2022-02-10 09:00:00,10002.0
2022-02-10 09:01:00,10002.0
2022-02-10 09:03:00,9967.5
2022-02-10 09:04:00,9967.5
2022-02-10 09:06:00,9967.5
2022-02-10 09:09:00,9967.5
2022-02-10 09:10:00,9967.5
2022-02-10 09:12:00,9967.5
2022-02-10 09:13:00,9967.5
2022-02-10 09:16:00,9967.5
2022-02-10 09:28:00,9967.5
2022-02-10 09:28:00,9967.5
2022-02-10 09:28:00,9967.5
2022-02-10 09:29:00,9967.5
2022-02-10 09:31:00,9967.5
2022-02-10 09:32:00,9967.5
2022-02-10 09:32:00,9967.5
2022-02-10 09:34:00,9967.5
2022-02-10 09:37:00,9967.5
2022-02-10 09:39:00,9967.5
2022-02-10 09:42:00,9943.0
2022-02-10 09:45:00,9943.0
2022-02-10 09:46:00,9943.0
2022-02-10 09:47:00,9943.0
2022-02-10 09:48:00,9943.0
2022-02-10 09:49:00,9943.0
2022-02-10 09:50:00,9943.0
2022-02-10 09:52:00,9943.0
2022-02-10 09:52:00,9943.0
2022-02-10 09:55:00,9943.0
2022-02-10 09:57:00,9943.0
2022-02-10 09:59:00,9943.0
2022-02-10 10:00:00,9943.0
2022-02-10 10:01:00,9943.0
2022-02-10 10:04:00,9943.0
2022-02-10 10:06:00,9943.0
2022-02-10 10:07:00,9943.0
2022-02-10 10:08:00,9943.0
2022-02-10 10:09:00,9943.0
2022-02-10 10:11:00,9943.0
2022-02-10 10:13:00,9943.0
2022-02-10 10:14:00,9943.0
2022-02-10 10:15:00,9943.0
2022-02-10 10:16:00,9943.0
2022-02-10 10:17:00,9943.0
2022-02-10 10:20:00,9943.0
2022-02-10 10:22:00,9943.0
2022-02-10 10:24:00,9943.0
2022-02-10 10:25:00,9943.0
2022-02-10 10:26:00,9943.0
2022-02-10 10:28:00,9943.0
2022-02-10 10:31:00,9943.0
2022-02-10 10:35:00,9943.0
2022-02-10 10:35:00,9943.0
2022-02-10 10:37:00,9943.0
2022-02-10 10:38:00,9943.0
2022-02-10 10:41:00,9943.0
2022-02-10 10:46:00,9943.0
2022-02-10 10:47:00,9943.0
2022-02-10 10:50:00,9943.0
2022-02-10 10:52:00,9943.0
2022-02-10 10:53:00,9943.0
2022-02-10 10:59:00,9943.0
2022-02-10 11:01:00,9943.0
2022-02-10 11:05:00,9943.0
2022-02-10 11:07:00,9943.0
2022-02-10 11:12:00,9943.0
2022-02-10 11:15:00,9943.0
2022-02-10 11:18:00,9943.0
2022-02-10 11:22:00,9943.0
2022-02-10 11:25:00,9943.0
2022-02-10 11:37:00,9943.0
2022-02-10 11:43:00,9943.0
2022-02-10 11:53:00,9943.0
2022-02-10 11:56:00,9943.0
2022-02-10 12:03:00,9943.0
2022-02-10 12:12:00,9943.0
2022-02-10 12:32:00,9943.0
2022-02-10 12:45:00,9943.0
2022-02-10 12:45:00,9943.0
2022-02-10 12:45:00,9998.5
2022-02-10 12:46:00,9998.5
2022-02-10 12:46:00,9998.5
2022-02-10 12:47:00,9998.5
2022-02-10 12:48:00,9998.5
2022-02-10 12:49:00,9998.5
2022-02-10 12:50:00,9998.5
2022-02-10 12:51:00,9998.5
2022-02-10 12:53:00,9998.5
2022-02-10 12:57:00,9998.5
2022-02-10 13:01:00,9998.5
2022-02-10 13:02:00,9998.5
2022-02-10 13:02:00,9998.5
2022-02-10 13:03:00,9998.5
2022-02-10 13:04:00,9998.5
2022-02-10 13:04:00,9998.5
2022-02-10 13:07:00,9998.5
2022-02-10 13:08:00,9984.0
2022-02-10 13:08:00,9984.0
2022-02-10 13:15:00,9984.0
2022-02-10 13:18:00,9984.0
2022-02-10 13:23:00,9984.0
2022-02-10 13:30:00,9984.0
2022-02-10 13:31:00,9984.0
2022-02-10 13:35:00,9984.0
2022-02-10 13:51:00,9984.0
2022-02-10 13:54:00,9949.5
2022-02-10 14:11:00,9949.5
2022-02-10 14:14:00,9949.5
2022-02-10 14:16:00,9949.5
2022-02-10 14:35:00,9949.5
2022-02-10 14:38:00,9949.5
2022-02-10 14:40:00,9949.5
2022-02-10 14:43:00,9949.5
2022-02-10 14:54:00,9949.5
2022-02-10 15:01:00,9949.5
2022-02-10 15:11:00,9949.5
2022-02-10 15:35:00,9949.5
2022-02-10 15:41:00,9949.5
2022-02-10 15:59:00,9949.5
2022-02-10 16:06:00,9949.5
2022-02-10 16:15:00,9949.5
2022-02-10 18:06:00,9949.5
2022-02-10 18:20:00,9949.5
2022-02-10 18:45:00,9949.5
2022-02-10 19:01:00,9949.5
2022-02-10 19:20:00,9949.5
2022-02-10 20:02:00,9949.5
2022-02-10 20:17:00,9949.5
2022-02-10 20:26:00,9949.5
2022-02-10 20:41:00,9949.5
2022-02-10 21:52:00,9949.5
2022-02-10 22:07:00,9949.5
2022-02-10 23:04:00,9949.5
2022-02-10 23:20:00,9949.5
2022-02-10 23:34:00,9949.5
2022-02-10 23:51:00,9949.5
2022-02-11 00:07:00,9949.5
2022-02-11 01:12:00,9949.5
2022-02-11 01:28:00,9949.5
2022-02-11 01:30:00,9949.5
2022-02-11 01:35:00,9949.5
2022-02-11 02:13:00,9949.5
2022-02-11 02:17:00,9949.5
2022-02-11 02:21:00,9949.5
2022-02-11 02:22:00,9949.5
2022-02-11 02:29:00,9949.5
2022-02-11 02:44:00,9949.5
2022-02-11 02:52:00,9949.5
2022-02-11 03:07:00,9949.5
2022-02-11 04:40:00,10025.0
2022-02-11 04:56:00,10025.0
2022-02-11 05:05:00,10025.0
2022-02-11 05:24:00,10025.0
2022-02-11 05:38:00,10025.0
2022-02-11 05:47:00,10025.0
2022-02-11 06:08:00,10025.0
2022-02-11 06:29:00,10025.0
2022-02-11 06:48:00,10025.0
2022-02-11 06:54:00,10025.0
2022-02-11 07:11:00,10025.0
2022-02-11 07:18:00,10025.0
2022-02-11 07:26:00,10025.0
2022-02-11 07:27:00,10025.0
2022-02-11 07:39:00,10025.0
2022-02-11 07:41:00,10025.0
2022-02-11 07:43:00,10025.0
2022-02-11 07:47:00,10025.0
2022-02-11 07:52:00,10025.0
2022-02-11 07:55:00,10025.0
2022-02-11 08:04:00,10025.0
2022-02-11 08:13:00,10025.0
2022-02-11 08:21:00,10025.0
2022-02-11 08:24:00,10025.0
2022-02-11 08:25:00,10025.0
2022-02-11 08:26:00,10025.0
2022-02-11 08:39:00,10025.0
2022-02-11 08:44:00,10030.5
2022-02-11 08:46:00,10030.5
2022-02-11 08:49:00,10030.5
2022-02-11 08:55:00,10030.5
2022-02-11 08:55:00,10030.5
2022-02-11 08:56:00,10030.5
2022-02-11 08:56:00,10030.5
2022-02-11 08:57:00,10030.5
2022-02-11 09:01:00,10030.5
2022-02-11 09:02:00,10030.5
2022-02-11 09:04:00,10030.5
2022-02-11 09:08:00,10030.5
2022-02-11 09:12:00,10030.5
2022-02-11 09:22:00,10030.5
2022-02-11 09:29:00,10006.0
2022-02-11 09:31:00,10006.0
2022-02-11 09:32:00,10006.0
2022-02-11 09:34:00,10006.0
2022-02-11 09:41:00,10006.0
2022-02-11 09:46:00,10006.0
2022-02-11 09:51:00,10006.0
2022-02-11 09:53:00,10006.0
2022-02-11 09:59:00,10006.0
2022-02-11 09:59:00,10006.0
2022-02-11 10:00:00,10006.0
2022-02-11 10:01:00,10006.0
2022-02-11 10:06:00,10006.0
2022-02-11 10:15:00,10006.0
2022-02-11 10:15:00,10006.0
2022-02-11 10:20:00,10006.0
2022-02-11 10:29:00,10006.0
2022-02-11 10:30:00,10006.0
2022-02-11 10:31:00,10006.0
2022-02-11 10:38:00,10006.0
2022-02-11 10:45:00,10006.0
2022-02-11 10:47:00,10006.0
2022-02-11 10:52:00,10006.0
2022-02-11 10:56:00,10006.0
2022-02-11 10:57:00,10006.0
2022-02-11 11:00:00,10006.0
2022-02-11 11:09:00,10006.0
2022-02-11 11:11:00,10006.0
2022-02-11 11:22:00,10006.0
2022-02-11 11:26:00,10006.0
2022-02-11 11:35:00,10006.0
2022-02-11 11:39:00,10006.0
2022-02-11 11:48:00,10041.5
2022-02-11 11:53:00,10041.5
2022-02-11 11:57:00,10017.0
2022-02-11 12:04:00,10017.0
2022-02-11 12:09:00,10017.0
2022-02-11 12:09:00,10017.0
2022-02-11 12:18:00,10017.0
2022-02-11 12:20:00,10017.0
2022-02-11 12:22:00,10017.0
2022-02-11 12:25:00,10017.0
2022-02-11 12:28:00,10017.0
2022-02-11 12:36:00,10017.0
2022-02-11 12:39:00,10017.0
2022-02-11 13:13:00,10017.0
2022-02-11 13:22:00,10017.0
2022-02-11 13:32:00,10017.0
2022-02-11 13:32:00,10017.0
2022-02-11 13:32:00,10017.0
2022-02-11 13:32:00,10017.0
2022-02-11 13:33:00,10017.0
2022-02-11 13:34:00,10017.0
2022-02-11 13:35:00,10017.0
2022-02-11 13:36:00,10017.0
2022-02-11 13:37:00,10017.0
2022-02-11 13:37:00,10017.0
2022-02-11 13:37:00,10017.0
2022-02-11 13:38:00,10017.0
2022-02-11 13:38:00,10017.0
2022-02-11 13:38:00,10017.0
2022-02-11 13:39:00,10017.0
2022-02-11 13:39:00,10017.0
2022-02-11 13:39:00,10017.0
2022-02-11 13:40:00,10017.0
2022-02-11 13:40:00,10017.0
2022-02-11 13:41:00,10017.0
2022-02-11 13:42:00,10017.0
2022-02-11 13:44:00,10017.0
2022-02-11 13:45:00,10017.0
2022-02-11 13:46:00,10017.0
2022-02-11 13:46:00,10017.0
2022-02-11 13:46:00,10017.0
2022-02-11 13:46:00,10017.0
2022-02-11 13:46:00,10017.0
2022-02-11 13:46:00,10017.0
2022-02-11 13:46:00,10017.0
2022-02-11 13:46:00,10017.0
2022-02-11 13:46:00,10017.0
2022-02-11 13:47:00,10017.0
2022-02-11 13:47:00,10017.0
2022-02-11 13:48:00,10017.0
2022-02-11 13:49:00,10017.0
2022-02-11 13:49:00,10017.0
2022-02-11 13:50:00,10017.0
2022-02-11 13:50:00,10017.0
2022-02-11 13:50:00,10017.0
2022-02-11 13:51:00,10017.0
2022-02-11 13:51:00,10017.0
2022-02-11 13:52:00,10017.0
2022-02-11 13:53:00,10017.0
2022-02-11 13:54:00,10017.0
2022-02-11 13:55:00,10017.0
2022-02-11 13:55:00,10017.0
2022-02-11 13:56:00,10017.0
2022-02-11 13:57:00,10017.0
2022-02-11 13:58:00,10017.0
2022-02-11 13:59:00,10017.0
2022-02-11 13:59:00,10017.0
2022-02-11 13:59:00,10017.0
2022-02-11 14:00:00,10017.0
2022-02-11 14:00:00,10017.0
2022-02-11 14:00:00,10017.0
2022-02-11 14:01:00,10017.0
2022-02-11 14:02:00,10017.0
2022-02-11 14:03:00,10017.0
2022-02-11 14:03:00,10017.0
2022-02-11 14:04:00,10017.0
2022-02-11 14:05:00,10017.0
2022-02-11 14:05:00,10017.0
2022-02-11 14:07:00,10017.0
2022-02-11 14:08:00,10017.0
2022-02-11 14:08:00,10017.0
2022-02-11 14:08:00,10017.0
2022-02-11 14:09:00,10017.0
2022-02-11 14:10:00,10222.5
2022-02-11 14:12:00,10222.5
2022-02-11 14:13:00,10222.5
2022-02-11 14:13:00,10222.5
2022-02-11 14:14:00,10222.5
2022-02-11 14:14:00,10222.5
2022-02-11 14:14:00,10222.5
2022-02-11 14:15:00,10222.5
2022-02-11 14:15:00,10222.5
2022-02-11 14:15:00,10222.5
2022-02-11 14:16:00,10222.5
2022-02-11 14:17:00,10222.5
2022-02-11 14:17:00,10222.5
2022-02-11 14:18:00,10222.5
2022-02-11 14:19:00,10222.5
2022-02-11 14:20:00,10222.5
2022-02-11 14:21:00,10222.5
2022-02-11 14:22:00,10222.5
2022-02-11 14:23:00,10222.5
2022-02-11 14:24:00,10222.5
2022-02-11 14:25:00,10222.5
2022-02-11 14:26:00,10222.5
2022-02-11 14:27:00,10218.0
2022-02-11 14:30:00,10218.0
2022-02-11 14:31:00,10218.0
2022-02-11 14:33:00,10218.0
2022-02-11 14:35:00,10218.0
2022-02-11 14:36:00,10218.0
2022-02-11 14:37:00,10218.0
2022-02-11 14:38:00,10218.0
2022-02-11 14:39:00,10218.0
2022-02-11 14:41:00,10218.0
2022-02-11 14:43:00,10218.0
2022-02-11 14:44:00,10218.0
2022-02-11 14:46:00,10218.0
2022-02-11 14:52:00,10218.0
2022-02-11 14:53:00,10218.0
2022-02-11 14:53:00,10218.0
2022-02-11 14:55:00,10218.0
2022-02-11 14:58:00,10218.0
2022-02-11 14:59:00,10218.0
2022-02-11 14:59:00,10218.0
2022-02-11 15:00:00,10218.0
2022-02-11 15:01:00,10218.0
2022-02-11 15:02:00,10218.0
2022-02-11 15:02:00,10218.0
2022-02-11 15:02:00,10218.0
2022-02-11 15:03:00,10218.0
2022-02-11 15:04:00,10218.0
2022-02-11 15:04:00,10218.0
2022-02-11 15:07:00,10218.0
2022-02-11 15:08:00,10218.0
2022-02-11 15:08:00,10218.0
2022-02-11 15:15:00,10218.0
2022-02-11 15:17:00,10218.0
2022-02-11 15:18:00,10218.0
2022-02-11 15:21:00,10218.0
2022-02-11 15:24:00,10218.0
2022-02-11 15:27:00,10218.0
2022-02-11 15:27:00,10218.0
2022-02-11 15:31:00,10218.0
2022-02-11 15:34:00,10218.0
2022-02-11 15:35:00,10218.0
2022-02-11 15:48:00,10218.0
2022-02-11 15:54:00,10218.0
2022-02-11 15:54:00,10218.0
2022-02-11 15:57:00,10253.5
2022-02-11 16:05:00,10253.5
2022-02-11 16:11:00,10253.5
2022-02-11 16:15:00,10253.5
2022-02-11 16:18:00,10253.5
2022-02-11 16:29:00,10219.0
2022-02-11 16:38:00,10219.0
2022-02-11 16:40:00,10219.0
2022-02-11 16:53:00,10184.5
2022-02-11 16:55:00,10184.5
2022-02-11 16:55:00,10184.5
2022-02-11 16:56:00,10184.5
2022-02-13 18:00:00,10184.5
2022-02-13 18:00:00,10184.5
2022-02-13 18:00:00,10184.5
2022-02-13 18:01:00,10184.5
2022-02-13 18:01:00,10184.5
2022-02-13 18:03:00,10184.5
2022-02-13 18:04:00,10184.5
2022-02-13 18:04:00,10184.5
2022-02-13 18:05:00,10184.5
2022-02-13 18:06:00,10184.5
2022-02-13 18:06:00,10184.5
2022-02-13 18:07:00,10184.5
2022-02-13 18:08:00,10184.5
2022-02-13 18:10:00,10184.5
2022-02-13 18:11:00,10180.0
2022-02-13 18:13:00,10180.0
2022-02-13 18:26:00,10180.0
2022-02-13 18:38:00,10180.0
2022-02-13 18:42:00,10155.5
2022-02-13 18:44:00,10155.5
2022-02-13 18:45:00,10155.5
2022-02-13 18:47:00,10155.5
2022-02-13 18:51:00,10155.5
2022-02-13 19:02:00,10155.5
2022-02-13 19:05:00,10155.5
2022-02-13 19:21:00,10155.5
2022-02-13 19:23:00,10131.0
2022-02-13 19:25:00,10131.0
2022-02-13 19:38:00,10106.5
2022-02-13 19:51:00,10092.0
2022-02-13 20:00:00,10077.5
2022-02-13 20:01:00,10077.5
2022-02-13 20:02:00,10077.5
2022-02-13 20:04:00,10077.5
2022-02-13 20:09:00,10077.5
2022-02-13 20:22:00,10077.5
2022-02-13 20:38:00,10077.5
2022-02-13 20:45:00,10077.5
2022-02-13 20:57:00,10077.5
2022-02-13 21:00:00,10063.0
2022-02-13 21:30:00,10048.5
2022-02-13 21:36:00,10048.5
2022-02-13 21:37:00,10048.5
2022-02-13 21:43:00,10048.5
2022-02-13 22:08:00,10048.5
2022-02-13 22:13:00,10048.5
2022-02-13 22:26:00,10048.5
2022-02-13 23:06:00,10048.5
2022-02-13 23:14:00,10048.5
2022-02-13 23:28:00,10048.5
2022-02-13 23:33:00,10048.5
2022-02-13 23:35:00,10048.5
2022-02-14 00:02:00,10048.5
2022-02-14 00:03:00,10048.5
2022-02-14 00:14:00,10048.5
2022-02-14 00:30:00,10048.5
2022-02-14 00:32:00,10048.5
2022-02-14 00:40:00,10048.5
2022-02-14 01:04:00,10048.5
2022-02-14 01:19:00,10048.5
2022-02-14 01:36:00,10048.5
2022-02-14 01:43:00,10048.5
2022-02-14 01:52:00,10048.5
2022-02-14 01:56:00,10048.5
2022-02-14 02:05:00,10048.5
2022-02-14 02:12:00,10048.5
2022-02-14 02:20:00,10048.5
2022-02-14 02:25:00,10048.5
2022-02-14 02:36:00,10048.5
2022-02-14 02:39:00,10094.0
2022-02-14 02:41:00,10094.0
2022-02-14 02:44:00,10094.0
2022-02-14 03:00:00,10094.0
2022-02-14 03:04:00,10094.0
2022-02-14 03:15:00,10094.0
2022-02-14 03:16:00,10094.0
2022-02-14 03:21:00,10094.0
2022-02-14 03:24:00,10094.0
2022-02-14 03:28:00,10094.0
2022-02-14 03:38:00,10094.0
2022-02-14 03:55:00,10094.0
2022-02-14 04:00:00,10094.0
2022-02-14 04:15:00,10094.0
2022-02-14 04:24:00,10094.0
2022-02-14 04:28:00,10094.0
2022-02-14 04:30:00,10094.0
2022-02-14 04:31:00,10094.0
2022-02-14 04:32:00,10094.0
2022-02-14 04:33:00,10094.0
2022-02-14 04:34:00,10089.5
2022-02-14 04:35:00,10089.5
2022-02-14 04:37:00,10089.5
2022-02-14 05:00:00,10055.0
2022-02-14 05:13:00,10055.0
2022-02-14 05:33:00,10055.0
2022-02-14 05:36:00,10055.0
2022-02-14 05:42:00,10055.0
2022-02-14 05:44:00,10055.0
2022-02-14 05:53:00,10055.0
2022-02-14 06:06:00,10055.0
2022-02-14 06:19:00,10030.5
2022-02-14 06:24:00,10030.5
2022-02-14 06:30:00,10006.0
2022-02-14 06:53:00,10006.0
2022-02-14 07:04:00,10006.0
2022-02-14 07:13:00,10006.0
2022-02-14 07:17:00,10006.0
2022-02-14 07:39:00,10006.0
2022-02-14 07:39:00,10006.0
2022-02-14 07:40:00,10006.0
2022-02-14 07:40:00,9981.5
2022-02-14 07:41:00,9981.5
2022-02-14 07:41:00,9981.5
2022-02-14 07:42:00,9981.5
2022-02-14 07:42:00,9981.5
2022-02-14 07:43:00,9981.5
2022-02-14 07:44:00,9981.5
2022-02-14 07:44:00,9981.5
2022-02-14 07:46:00,9981.5
2022-02-14 07:47:00,9981.5
2022-02-14 07:47:00,9981.5
2022-02-14 07:48:00,9981.5
2022-02-14 07:49:00,9981.5
2022-02-14 07:49:00,9981.5
2022-02-14 07:52:00,9981.5
2022-02-14 07:55:00,9981.5
2022-02-14 07:57:00,9977.0
2022-02-14 08:01:00,9977.0
2022-02-14 08:05:00,9977.0
2022-02-14 08:07:00,9977.0
2022-02-14 08:08:00,9977.0
2022-02-14 08:11:00,9977.0
2022-02-14 08:15:00,9977.0
2022-02-14 08:16:00,9977.0
2022-02-14 08:20:00,9977.0
2022-02-14 08:20:00,9977.0
2022-02-14 08:25:00,9977.0
2022-02-14 08:27:00,9977.0
2022-02-14 08:28:00,9977.0
2022-02-14 08:31:00,9977.0
2022-02-14 08:33:00,9977.0
2022-02-14 08:36:00,9977.0
2022-02-14 08:38:00,9977.0
2022-02-14 08:39:00,9977.0
2022-02-14 08:39:00,9977.0
2022-02-14 08:39:00,9977.0
2022-02-14 08:40:00,9977.0
2022-02-14 08:40:00,9977.0
2022-02-14 08:41:00,9977.0
2022-02-14 08:42:00,9977.0
2022-02-14 08:49:00,9977.0
2022-02-14 08:49:00,9977.0
2022-02-14 08:50:00,9977.0
2022-02-14 08:51:00,9977.0
2022-02-14 08:52:00,9977.0
2022-02-14 08:53:00,9977.0
2022-02-14 08:55:00,9977.0
2022-02-14 09:06:00,9977.0
2022-02-14 09:15:00,9977.0
2022-02-14 09:17:00,9977.0
2022-02-14 09:21:00,9977.0
2022-02-14 09:26:00,9977.0
2022-02-14 09:31:00,9977.0
2022-02-14 09:32:00,9977.0
2022-02-14 09:32:00,9977.0
2022-02-14 09:33:00,9977.0
2022-02-14 09:33:00,9977.0
2022-02-14 09:34:00,9977.0
2022-02-14 09:35:00,9977.0
2022-02-14 09:36:00,9977.0
2022-02-14 09:36:00,9977.0
2022-02-14 09:37:00,9977.0
2022-02-14 09:40:00,9977.0
2022-02-14 09:41:00,10042.5
2022-02-14 09:43:00,10042.5
2022-02-14 09:44:00,10018.0
2022-02-14 09:46:00,10018.0
2022-02-14 09:50:00,10018.0
2022-02-14 09:52:00,10018.0
2022-02-14 09:53:00,10018.0
2022-02-14 09:55:00,10018.0
2022-02-14 09:58:00,10018.0
2022-02-14 10:00:00,10018.0
2022-02-14 10:01:00,10018.0
2022-02-14 10:01:00,10018.0
2022-02-14 10:03:00,10018.0
2022-02-14 10:04:00,10018.0
2022-02-14 10:08:00,10018.0
2022-02-14 10:14:00,10018.0
2022-02-14 10:15:00,10018.0
2022-02-14 10:16:00,10018.0
2022-02-14 10:17:00,10018.0
2022-02-14 10:18:00,10018.0
2022-02-14 10:18:00,10018.0
2022-02-14 10:19:00,10018.0
2022-02-14 10:20:00,10018.0
2022-02-14 10:22:00,10018.0
2022-02-14 10:22:00,10018.0
2022-02-14 10:24:00,10018.0
2022-02-14 10:29:00,10033.5
2022-02-14 10:32:00,10019.0
2022-02-14 10:35:00,10019.0
2022-02-14 10:37:00,10019.0
2022-02-14 10:39:00,10019.0
2022-02-14 10:41:00,10019.0
2022-02-14 10:44:00,10019.0
2022-02-14 10:45:00,10019.0
2022-02-14 10:49:00,10019.0
2022-02-14 10:51:00,10019.0
2022-02-14 10:52:00,10019.0
2022-02-14 10:53:00,10019.0
2022-02-14 10:55:00,10019.0
2022-02-14 11:03:00,10019.0
2022-02-14 11:06:00,10019.0
2022-02-14 11:10:00,10014.5
2022-02-14 11:11:00,10014.5
2022-02-14 11:12:00,10014.5
2022-02-14 11:17:00,10014.5
2022-02-14 11:19:00,10014.5
2022-02-14 11:21:00,10014.5
2022-02-14 11:23:00,10014.5
2022-02-14 11:25:00,10014.5
2022-02-14 11:28:00,10014.5
2022-02-14 11:33:00,10014.5
2022-02-14 11:33:00,10014.5
2022-02-14 11:34:00,10014.5
2022-02-14 11:36:00,10014.5
2022-02-14 11:42:00,10014.5
2022-02-14 11:46:00,10014.5
2022-02-14 11:49:00,10014.5
2022-02-14 12:00:00,10014.5
2022-02-14 12:05:00,10014.5
2022-02-14 12:07:00,10014.5
2022-02-14 12:40:00,10014.5
2022-02-14 12:51:00,10014.5
2022-02-14 12:59:00,10014.5
2022-02-14 13:08:00,10014.5
2022-02-14 13:13:00,10020.0
2022-02-14 13:16:00,10020.0
2022-02-14 13:17:00,10020.0
2022-02-14 13:25:00,10020.0
2022-02-14 13:26:00,10020.0
2022-02-14 13:29:00,10020.0
2022-02-14 13:36:00,10020.0
2022-02-14 13:40:00,10020.0
2022-02-14 13:48:00,10020.0
2022-02-14 13:50:00,10020.0
2022-02-14 13:51:00,10020.0
2022-02-14 13:53:00,10020.0
2022-02-14 13:54:00,10020.0
2022-02-14 13:54:00,10020.0
2022-02-14 13:55:00,10020.0
2022-02-14 13:57:00,10020.0
2022-02-14 13:58:00,10020.0
2022-02-14 14:00:00,10020.0
2022-02-14 14:01:00,10020.0
2022-02-14 14:01:00,10020.0
2022-02-14 14:02:00,10020.0
2022-02-14 14:05:00,10020.0
2022-02-14 14:07:00,10020.0
2022-02-14 14:09:00,10020.0
2022-02-14 14:21:00,10020.0
2022-02-14 14:28:00,10020.0
2022-02-14 14:29:00,10020.0
2022-02-14 14:29:00,10045.5
2022-02-14 14:30:00,10045.5
2022-02-14 14:30:00,10045.5
2022-02-14 14:31:00,10045.5
2022-02-14 14:34:00,10045.5
2022-02-14 14:34:00,10045.5
2022-02-14 14:38:00,10045.5
2022-02-14 14:48:00,10045.5
2022-02-14 14:50:00,10045.5
2022-02-14 14:51:00,10045.5
2022-02-14 15:01:00,10045.5
2022-02-14 15:11:00,10045.5
2022-02-14 15:13:00,10045.5
2022-02-14 15:16:00,10011.0
2022-02-14 15:26:00,10011.0
2022-02-14 15:37:00,10011.0
2022-02-14 15:49:00,10011.0
2022-02-14 16:08:00,10011.0
2022-02-14 16:21:00,10011.0
2022-02-14 16:33:00,10011.0
2022-02-14 16:50:00,10011.0
2022-02-14 18:05:00,10011.0
2022-02-14 19:13:00,10011.0
2022-02-14 19:29:00,10011.0
2022-02-14 19:30:00,10011.0
2022-02-14 20:02:00,10011.0
2022-02-14 20:38:00,10011.0
2022-02-14 20:49:00,10011.0
2022-02-14 21:05:00,9996.5
2022-02-14 21:19:00,9982.0
2022-02-14 21:26:00,9967.5
2022-02-14 21:37:00,9953.0
2022-02-14 21:37:00,9953.0
2022-02-14 21:37:00,9953.0
2022-02-14 21:38:00,9953.0
2022-02-14 21:39:00,9953.0
2022-02-14 22:24:00,9953.0
2022-02-14 22:26:00,9953.0
2022-02-14 22:35:00,9953.0
2022-02-14 22:38:00,9953.0
2022-02-14 22:51:00,9953.0
2022-02-14 23:04:00,9953.0
2022-02-14 23:06:00,9953.0
2022-02-14 23:09:00,9953.0
2022-02-14 23:44:00,9953.0
2022-02-15 00:06:00,9953.0
2022-02-15 00:37:00,9953.0
2022-02-15 00:43:00,9953.0
2022-02-15 00:51:00,9953.0
2022-02-15 00:57:00,9953.0
2022-02-15 02:07:00,9953.0
2022-02-15 02:21:00,9953.0
2022-02-15 02:32:00,9953.0
2022-02-15 02:38:00,9953.0
2022-02-15 02:39:00,9953.0
2022-02-15 03:05:00,9988.5
2022-02-15 03:08:00,9988.5
2022-02-15 03:08:00,9988.5
2022-02-15 03:08:00,9988.5
2022-02-15 03:08:00,9988.5
2022-02-15 03:09:00,9988.5
2022-02-15 03:10:00,9988.5
2022-02-15 03:12:00,9988.5
2022-02-15 03:12:00,9988.5
2022-02-15 03:12:00,9988.5
2022-02-15 03:13:00,9988.5
2022-02-15 03:14:00,9988.5
2022-02-15 03:15:00,9988.5
2022-02-15 03:15:00,9988.5
2022-02-15 03:16:00,9988.5
2022-02-15 03:18:00,9988.5
2022-02-15 03:19:00,9988.5
2022-02-15 03:23:00,9988.5
2022-02-15 03:23:00,9988.5
2022-02-15 03:23:00,9988.5
2022-02-15 03:25:00,9988.5
2022-02-15 03:26:00,9988.5
2022-02-15 03:27:00,9988.5
2022-02-15 03:27:00,9988.5
2022-02-15 03:28:00,9988.5
2022-02-15 03:31:00,9988.5
2022-02-15 03:34:00,9988.5
2022-02-15 03:35:00,9988.5
2022-02-15 03:36:00,9988.5
2022-02-15 03:38:00,9988.5
2022-02-15 03:42:00,9988.5
2022-02-15 03:44:00,9988.5
2022-02-15 03:44:00,9988.5
2022-02-15 03:45:00,9988.5
2022-02-15 03:45:00,9988.5
2022-02-15 03:45:00,9988.5
2022-02-15 03:45:00,9988.5
2022-02-15 03:45:00,9988.5
2022-02-15 03:45:00,9988.5
2022-02-15 03:45:00,9988.5
2022-02-15 03:46:00,9988.5
2022-02-15 03:46:00,9988.5
2022-02-15 03:46:00,9988.5
2022-02-15 03:46:00,9988.5
2022-02-15 03:46:00,9988.5
2022-02-15 03:47:00,9988.5
2022-02-15 03:47:00,9988.5
2022-02-15 03:48:00,9988.5
2022-02-15 03:49:00,9988.5
2022-02-15 03:50:00,9988.5
2022-02-15 03:51:00,9988.5
2022-02-15 03:54:00,9988.5
2022-02-15 03:55:00,9988.5
2022-02-15 03:55:00,9988.5
2022-02-15 03:56:00,10104.0
2022-02-15 03:59:00,10104.0
2022-02-15 04:03:00,10104.0
2022-02-15 04:03:00,10104.0
2022-02-15 04:04:00,10059.5
2022-02-15 04:07:00,10059.5
2022-02-15 04:07:00,10059.5
2022-02-15 04:11:00,10059.5
2022-02-15 04:11:00,10059.5
2022-02-15 04:12:00,10059.5
2022-02-15 04:14:00,10059.5
2022-02-15 04:15:00,10059.5
2022-02-15 04:22:00,10059.5
2022-02-15 04:22:00,10059.5
2022-02-15 04:24:00,10059.5
2022-02-15 04:26:00,10059.5
2022-02-15 04:26:00,10059.5
2022-02-15 04:27:00,10059.5
2022-02-15 04:29:00,10059.5
2022-02-15 04:32:00,10059.5
2022-02-15 04:37:00,10059.5
2022-02-15 04:39:00,10059.5
2022-02-15 04:41:00,10059.5
2022-02-15 04:45:00,10059.5
2022-02-15 04:47:00,10059.5
2022-02-15 04:52:00,10059.5
2022-02-15 04:54:00,10059.5
2022-02-15 04:55:00,10065.0
2022-02-15 04:56:00,10065.0
2022-02-15 04:58:00,10065.0
2022-02-15 05:01:00,10065.0
2022-02-15 05:05:00,10065.0
2022-02-15 05:08:00,10065.0
2022-02-15 05:09:00,10020.5
2022-02-15 05:12:00,10020.5
2022-02-15 05:23:00,10020.5
2022-02-15 05:23:00,10020.5
2022-02-15 05:30:00,10020.5
2022-02-15 05:47:00,10020.5
2022-02-15 05:52:00,10020.5
2022-02-15 06:14:00,10020.5
2022-02-15 06:35:00,10020.5
2022-02-15 06:38:00,10020.5
2022-02-15 06:40:00,10020.5
2022-02-15 06:45:00,10020.5
2022-02-15 06:45:00,10020.5
2022-02-15 06:49:00,10020.5
2022-02-15 06:52:00,10020.5
2022-02-15 06:54:00,10020.5
2022-02-15 06:56:00,10020.5
2022-02-15 06:56:00,10020.5
2022-02-15 07:01:00,10020.5
2022-02-15 07:04:00,10020.5
2022-02-15 07:12:00,10020.5
2022-02-15 07:17:00,10020.5
2022-02-15 07:18:00,10020.5
2022-02-15 07:19:00,10020.5
2022-02-15 07:21:00,10020.5
2022-02-15 07:22:00,10020.5
2022-02-15 07:22:00,10020.5
2022-02-15 07:22:00,10020.5
2022-02-15 07:22:00,10020.5
2022-02-15 07:23:00,10020.5
2022-02-15 07:25:00,10020.5
2022-02-15 07:27:00,10020.5
2022-02-15 07:29:00,10020.5
2022-02-15 07:34:00,10020.5
2022-02-15 07:37:00,10020.5
2022-02-15 07:40:00,10020.5
2022-02-15 07:47:00,10020.5
2022-02-15 07:53:00,10020.5
2022-02-15 07:53:00,10056.0
2022-02-15 07:54:00,10056.0
2022-02-15 08:00:00,10056.0
2022-02-15 08:01:00,10056.0
2022-02-15 08:03:00,10056.0
2022-02-15 08:08:00,10056.0
2022-02-15 08:09:00,10056.0
2022-02-15 08:10:00,10056.0
2022-02-15 08:17:00,10056.0
2022-02-15 08:17:00,10021.5
2022-02-15 08:21:00,10021.5
2022-02-15 08:23:00,10021.5
2022-02-15 08:25:00,10021.5
2022-02-15 08:27:00,10021.5
2022-02-15 08:28:00,10021.5
2022-02-15 08:29:00,10021.5
2022-02-15 08:30:00,10021.5
2022-02-15 08:31:00,10021.5
2022-02-15 08:31:00,10021.5
2022-02-15 08:35:00,10021.5
2022-02-15 08:37:00,9987.0
2022-02-15 08:40:00,9987.0
2022-02-15 08:40:00,9987.0
2022-02-15 08:41:00,9987.0
2022-02-15 08:41:00,9987.0
2022-02-15 08:41:00,9987.0
2022-02-15 08:42:00,9987.0
2022-02-15 08:43:00,9987.0
2022-02-15 08:45:00,9987.0
2022-02-15 08:48:00,9987.0
2022-02-15 09:00:00,9987.0
2022-02-15 09:01:00,9987.0
2022-02-15 09:04:00,9987.0
2022-02-15 09:05:00,9987.0
2022-02-15 09:07:00,9987.0
2022-02-15 09:08:00,9987.0
2022-02-15 09:09:00,9987.0
2022-02-15 09:10:00,9987.0
2022-02-15 09:12:00,9987.0
2022-02-15 09:13:00,9987.0
2022-02-15 09:14:00,9987.0
2022-02-15 09:16:00,9987.0
2022-02-15 09:17:00,9987.0
2022-02-15 09:19:00,9987.0
2022-02-15 09:23:00,9987.0
2022-02-15 09:24:00,9987.0
2022-02-15 09:27:00,9987.0
2022-02-15 09:29:00,9987.0
2022-02-15 09:30:00,9987.0
2022-02-15 09:30:00,9987.0
2022-02-15 09:32:00,10002.5
2022-02-15 09:33:00,10002.5
2022-02-15 09:34:00,10002.5
2022-02-15 09:34:00,10002.5
2022-02-15 09:35:00,10002.5
2022-02-15 09:36:00,10002.5
2022-02-15 09:37:00,10002.5
2022-02-15 09:37:00,10002.5
2022-02-15 09:39:00,10002.5
2022-02-15 09:40:00,10002.5
2022-02-15 09:42:00,10002.5
2022-02-15 09:44:00,10002.5
2022-02-15 09:45:00,10002.5
2022-02-15 09:46:00,10002.5
2022-02-15 09:46:00,9998.0
2022-02-15 09:47:00,9998.0
2022-02-15 09:49:00,9998.0
2022-02-15 09:50:00,9998.0
2022-02-15 09:52:00,9998.0
2022-02-15 09:54:00,9998.0
2022-02-15 09:57:00,9973.5
2022-02-15 10:00:00,9973.5
2022-02-15 10:04:00,9973.5
2022-02-15 10:12:00,9973.5
2022-02-15 10:13:00,9973.5
2022-02-15 10:13:00,9973.5
2022-02-15 10:15:00,9973.5
2022-02-15 10:20:00,9959.0
2022-02-15 10:31:00,9944.5
2022-02-15 10:38:00,9944.5
2022-02-15 10:40:00,9944.5
2022-02-15 10:49:00,9944.5
2022-02-15 10:50:00,9944.5
2022-02-15 10:52:00,9944.5
2022-02-15 10:55:00,9944.5
2022-02-15 10:57:00,9944.5
2022-02-15 11:02:00,9944.5
2022-02-15 11:03:00,9944.5
2022-02-15 11:05:00,9944.5
2022-02-15 11:06:00,9944.5
2022-02-15 11:09:00,9944.5
2022-02-15 11:11:00,9944.5
2022-02-15 11:20:00,9944.5
2022-02-15 11:26:00,9944.5
2022-02-15 11:33:00,9944.5
2022-02-15 11:35:00,9944.5
2022-02-15 11:42:00,9940.0
2022-02-15 11:49:00,9940.0
2022-02-15 11:52:00,9940.0
2022-02-15 11:59:00,9940.0
2022-02-15 12:04:00,9940.0
2022-02-15 12:09:00,9940.0
2022-02-15 12:43:00,9940.0
2022-02-15 12:47:00,9940.0
2022-02-15 12:54:00,9940.0
2022-02-15 13:00:00,9940.0
2022-02-15 13:06:00,9940.0
2022-02-15 13:14:00,9940.0
2022-02-15 13:31:00,9940.0
2022-02-15 14:00:00,9940.0
2022-02-15 14:34:00,9940.0
2022-02-15 14:51:00,9940.0
2022-02-15 15:05:00,9940.0
2022-02-15 15:24:00,9940.0
2022-02-15 15:28:00,9940.0
2022-02-15 15:29:00,9940.0
2022-02-15 15:47:00,9940.0
2022-02-15 15:57:00,9940.0
2022-02-15 16:08:00,9940.0
2022-02-15 16:17:00,9945.5
2022-02-15 16:58:00,9945.5
2022-02-15 18:18:00,9945.5
2022-02-15 18:22:00,9911.0
2022-02-15 19:02:00,9911.0
2022-02-15 19:32:00,9911.0
2022-02-15 19:54:00,9876.5
2022-02-15 20:00:00,9876.5
2022-02-15 20:07:00,9876.5
2022-02-15 20:15:00,9876.5
2022-02-15 20:51:00,9876.5
2022-02-15 21:41:00,9876.5
2022-02-15 22:03:00,9876.5
2022-02-15 22:13:00,9876.5
2022-02-15 22:52:00,9876.5
2022-02-16 00:28:00,9876.5
2022-02-16 00:50:00,9852.0
2022-02-16 01:03:00,9852.0
2022-02-16 01:21:00,9852.0
2022-02-16 01:52:00,9852.0
2022-02-16 02:05:00,9852.0
2022-02-16 02:10:00,9852.0
2022-02-16 02:19:00,9852.0
2022-02-16 02:26:00,9852.0
2022-02-16 03:12:00,9852.0
2022-02-16 03:21:00,9852.0
2022-02-16 03:26:00,9852.0
2022-02-16 04:46:00,9852.0
2022-02-16 04:47:00,9852.0
2022-02-16 05:04:00,9852.0
2022-02-16 05:09:00,9852.0
2022-02-16 05:14:00,9852.0
2022-02-16 05:20:00,9852.0
2022-02-16 05:25:00,9852.0
2022-02-16 05:30:00,9852.0
2022-02-16 05:33:00,9852.0
2022-02-16 05:43:00,9867.5
2022-02-16 06:51:00,9867.5
2022-02-16 07:15:00,9867.5
2022-02-16 07:38:00,9867.5
2022-02-16 07:41:00,9867.5
2022-02-16 07:45:00,9867.5
2022-02-16 07:46:00,9867.5
2022-02-16 07:51:00,9867.5
2022-02-16 07:55:00,9867.5
2022-02-16 08:00:00,9867.5
2022-02-16 08:02:00,9867.5
2022-02-16 08:02:00,9867.5
2022-02-16 08:03:00,9867.5
2022-02-16 08:07:00,9867.5
2022-02-16 08:10:00,9867.5
2022-02-16 08:22:00,9867.5
2022-02-16 08:23:00,9867.5
2022-02-16 08:26:00,9867.5
2022-02-16 08:28:00,9863.0
2022-02-16 08:29:00,9863.0
2022-02-16 08:29:00,9863.0
2022-02-16 08:30:00,9828.5
2022-02-16 08:31:00,9828.5
2022-02-16 08:31:00,9828.5
2022-02-16 08:32:00,9828.5
2022-02-16 08:33:00,9828.5
2022-02-16 08:37:00,9828.5
2022-02-16 08:38:00,9804.0
2022-02-16 08:41:00,9804.0
2022-02-16 08:48:00,9804.0
2022-02-16 08:53:00,9804.0
2022-02-16 08:57:00,9804.0
2022-02-16 08:58:00,9804.0
2022-02-16 09:03:00,9804.0
2022-02-16 09:07:00,9804.0
2022-02-16 09:30:00,9804.0
2022-02-16 09:30:00,9804.0
2022-02-16 09:31:00,9804.0
2022-02-16 09:35:00,9804.0
2022-02-16 09:36:00,9804.0
2022-02-16 09:37:00,9804.0
2022-02-16 09:38:00,9804.0
2022-02-16 09:43:00,9804.0
2022-02-16 09:45:00,9804.0
2022-02-16 09:46:00,9804.0
2022-02-16 09:48:00,9804.0
2022-02-16 09:53:00,9804.0
2022-02-16 10:00:00,9804.0
2022-02-16 10:01:00,9804.0
2022-02-16 10:02:00,9804.0
2022-02-16 10:11:00,9804.0
2022-02-16 10:13:00,9804.0
2022-02-16 10:15:00,9804.0
2022-02-16 10:26:00,9804.0
2022-02-16 10:33:00,9804.0
2022-02-16 10:34:00,9804.0
2022-02-16 10:35:00,9804.0
2022-02-16 10:38:00,9859.5
2022-02-16 10:41:00,9859.5
2022-02-16 10:49:00,9835.0
2022-02-16 10:58:00,9820.5
2022-02-16 11:07:00,9806.0
2022-02-16 11:21:00,9806.0
2022-02-16 11:28:00,9806.0
2022-02-16 11:29:00,9806.0
2022-02-16 11:35:00,9806.0
2022-02-16 11:43:00,9806.0
2022-02-16 11:50:00,9806.0
2022-02-16 11:54:00,9806.0
2022-02-16 12:04:00,9806.0
2022-02-16 12:06:00,9806.0
2022-02-16 12:18:00,9806.0
2022-02-16 12:27:00,9806.0
2022-02-16 12:36:00,9806.0
2022-02-16 12:37:00,9806.0
2022-02-16 12:49:00,9806.0
2022-02-16 12:52:00,9806.0
2022-02-16 13:09:00,9806.0
2022-02-16 13:42:00,9806.0
2022-02-16 13:51:00,9806.0
2022-02-16 13:52:00,9806.0
2022-02-16 13:53:00,9806.0
2022-02-16 13:54:00,9806.0
2022-02-16 14:02:00,9806.0
2022-02-16 14:03:00,9831.5
2022-02-16 14:03:00,9831.5
2022-02-16 14:03:00,9807.0
2022-02-16 14:04:00,9807.0
2022-02-16 14:05:00,9807.0
2022-02-16 14:06:00,9807.0
2022-02-16 14:06:00,9807.0
2022-02-16 14:08:00,9807.0
2022-02-16 14:09:00,9807.0
2022-02-16 14:11:00,9807.0
2022-02-16 14:16:00,9807.0
2022-02-16 14:18:00,9807.0
2022-02-16 14:19:00,9807.0
2022-02-16 14:20:00,9807.0
2022-02-16 14:20:00,9807.0
2022-02-16 14:24:00,9807.0
2022-02-16 14:29:00,9807.0
2022-02-16 14:30:00,9807.0
2022-02-16 14:31:00,9807.0
2022-02-16 14:32:00,9807.0
2022-02-16 14:34:00,9807.0
2022-02-16 14:35:00,9807.0
2022-02-16 14:38:00,9802.5
2022-02-16 14:39:00,9802.5
2022-02-16 14:44:00,9802.5
2022-02-16 14:47:00,9802.5
2022-02-16 14:51:00,9802.5
2022-02-16 14:51:00,9802.5
2022-02-16 14:55:00,9802.5
2022-02-16 14:57:00,9802.5
2022-02-16 15:00:00,9778.0
2022-02-16 15:09:00,9778.0
2022-02-16 15:15:00,9778.0
2022-02-16 15:20:00,9778.0
2022-02-16 15:22:00,9778.0
2022-02-16 15:26:00,9778.0
2022-02-16 16:03:00,9778.0
2022-02-16 16:09:00,9778.0
2022-02-16 16:10:00,9778.0
2022-02-16 16:21:00,9778.0
2022-02-16 16:29:00,9753.5
2022-02-16 16:58:00,9753.5
2022-02-16 18:44:00,9753.5
2022-02-16 20:00:00,9753.5
2022-02-16 20:05:00,9709.0
2022-02-16 20:06:00,9709.0
2022-02-16 20:15:00,9709.0
2022-02-16 20:39:00,9674.5
2022-02-16 21:22:00,9674.5
2022-02-16 22:43:00,9674.5
2022-02-16 22:53:00,9674.5
2022-02-16 22:54:00,9650.0
2022-02-16 22:55:00,9650.0
2022-02-16 22:56:00,9650.0
2022-02-16 22:56:00,9650.0
2022-02-16 22:57:00,9650.0
2022-02-16 22:59:00,9650.0
2022-02-16 22:59:00,9650.0
2022-02-16 22:59:00,9650.0
2022-02-16 23:00:00,9650.0
2022-02-16 23:02:00,9650.0
2022-02-16 23:04:00,9650.0
2022-02-16 23:07:00,9650.0
2022-02-16 23:10:00,9650.0
2022-02-16 23:12:00,9650.0
2022-02-16 23:14:00,9650.0
2022-02-16 23:14:00,9650.0
2022-02-16 23:15:00,9650.0
2022-02-16 23:17:00,9650.0
2022-02-16 23:23:00,9650.0
2022-02-16 23:25:00,9650.0
2022-02-16 23:29:00,9650.0
2022-02-16 23:30:00,9650.0
2022-02-16 23:38:00,9665.5
2022-02-16 23:40:00,9651.0
2022-02-16 23:46:00,9651.0
2022-02-16 23:49:00,9651.0
2022-02-16 23:56:00,9651.0
2022-02-17 00:03:00,9651.0
2022-02-17 00:06:00,9651.0
2022-02-17 00:07:00,9651.0
2022-02-17 00:07:00,9651.0
2022-02-17 00:07:00,9626.5
2022-02-17 00:08:00,9626.5
2022-02-17 00:08:00,9626.5
2022-02-17 00:10:00,9626.5
2022-02-17 00:21:00,9626.5
2022-02-17 00:27:00,9592.0
2022-02-17 00:30:00,9592.0
2022-02-17 00:31:00,9592.0
2022-02-17 00:34:00,9592.0
2022-02-17 00:37:00,9592.0
2022-02-17 00:46:00,9592.0
2022-02-17 00:51:00,9592.0
2022-02-17 00:59:00,9592.0
2022-02-17 01:03:00,9592.0
2022-02-17 01:07:00,9592.0
2022-02-17 01:10:00,9592.0
2022-02-17 01:15:00,9592.0
2022-02-17 01:29:00,9592.0
2022-02-17 01:29:00,9592.0
2022-02-17 01:30:00,9592.0
2022-02-17 01:31:00,9592.0
2022-02-17 01:40:00,9592.0
2022-02-17 01:46:00,9592.0
2022-02-17 01:57:00,9592.0
2022-02-17 02:04:00,9592.0
2022-02-17 02:06:00,9592.0
2022-02-17 02:15:00,9592.0
2022-02-17 02:35:00,9592.0
2022-02-17 03:09:00,9592.0
2022-02-17 03:21:00,9592.0
2022-02-17 03:26:00,9592.0
2022-02-17 03:26:00,9592.0
2022-02-17 03:26:00,9592.0
2022-02-17 03:26:00,9592.0
2022-02-17 03:26:00,9592.0
2022-02-17 03:27:00,9592.0
2022-02-17 03:27:00,9592.0
2022-02-17 03:27:00,9592.0
2022-02-17 03:28:00,9592.0
2022-02-17 03:28:00,9592.0
2022-02-17 03:28:00,9592.0
2022-02-17 03:28:00,9592.0
2022-02-17 03:28:00,9592.0
2022-02-17 03:29:00,9592.0
2022-02-17 03:29:00,9592.0
2022-02-17 03:29:00,9592.0
2022-02-17 03:29:00,9592.0
2022-02-17 03:29:00,9592.0
2022-02-17 03:29:00,9592.0
2022-02-17 03:30:00,9592.0
2022-02-17 03:31:00,9592.0
2022-02-17 03:31:00,9667.5
2022-02-17 03:32:00,9667.5
2022-02-17 03:32:00,9667.5
2022-02-17 03:33:00,9667.5
2022-02-17 03:35:00,9667.5
2022-02-17 03:36:00,9667.5
2022-02-17 03:36:00,9667.5
2022-02-17 03:37:00,9667.5
2022-02-17 03:40:00,9667.5
2022-02-17 03:42:00,9633.0
2022-02-17 03:43:00,9633.0
2022-02-17 03:45:00,9633.0
2022-02-17 03:46:00,9633.0
2022-02-17 03:47:00,9633.0
2022-02-17 03:48:00,9633.0
2022-02-17 03:52:00,9633.0
2022-02-17 03:53:00,9633.0
2022-02-17 03:54:00,9633.0
2022-02-17 03:58:00,9633.0
2022-02-17 03:59:00,9633.0
2022-02-17 04:00:00,9633.0
2022-02-17 04:01:00,9633.0
2022-02-17 04:05:00,9633.0
2022-02-17 04:07:00,9633.0
2022-02-17 04:19:00,9633.0
2022-02-17 04:23:00,9633.0
2022-02-17 04:25:00,9633.0
2022-02-17 04:27:00,9633.0
2022-02-17 04:28:00,9633.0
2022-02-17 04:28:00,9633.0
2022-02-17 04:32:00,9633.0
2022-02-17 04:35:00,9633.0
2022-02-17 04:37:00,9633.0
2022-02-17 04:39:00,9633.0
2022-02-17 04:40:00,9633.0
2022-02-17 04:43:00,9633.0
2022-02-17 04:47:00,9633.0
2022-02-17 04:47:00,9633.0
2022-02-17 04:49:00,9633.0
2022-02-17 04:52:00,9633.0
2022-02-17 04:57:00,9658.5
2022-02-17 05:00:00,9658.5
2022-02-17 05:01:00,9658.5
2022-02-17 05:02:00,9658.5
2022-02-17 05:02:00,9658.5
2022-02-17 05:09:00,9658.5
2022-02-17 05:12:00,9658.5
2022-02-17 05:12:00,9658.5
2022-02-17 05:13:00,9658.5
2022-02-17 05:14:00,9658.5
2022-02-17 05:15:00,9658.5
2022-02-17 05:15:00,9658.5
2022-02-17 05:16:00,9658.5
2022-02-17 05:17:00,9658.5
2022-02-17 05:25:00,9658.5
2022-02-17 05:29:00,9658.5
2022-02-17 05:35:00,9658.5
2022-02-17 05:47:00,9658.5
2022-02-17 06:07:00,9658.5
2022-02-17 06:16:00,9658.5
2022-02-17 06:38:00,9658.5
2022-02-17 06:41:00,9658.5
2022-02-17 06:46:00,9658.5
2022-02-17 07:08:00,9658.5
2022-02-17 07:10:00,9658.5
2022-02-17 07:17:00,9658.5
2022-02-17 07:18:00,9658.5
2022-02-17 07:20:00,9664.0
2022-02-17 07:30:00,9664.0
2022-02-17 07:40:00,9664.0
2022-02-17 08:04:00,9664.0
2022-02-17 08:04:00,9664.0
2022-02-17 08:05:00,9664.0
2022-02-17 08:06:00,9664.0
2022-02-17 08:07:00,9664.0
2022-02-17 08:08:00,9664.0
2022-02-17 08:12:00,9664.0
2022-02-17 08:20:00,9664.0
2022-02-17 08:21:00,9664.0
2022-02-17 08:22:00,9664.0
2022-02-17 08:25:00,9664.0
2022-02-17 08:29:00,9664.0
2022-02-17 08:29:00,9664.0
2022-02-17 08:30:00,9664.0
2022-02-17 08:30:00,9664.0
2022-02-17 08:31:00,9664.0
2022-02-17 08:32:00,9664.0
2022-02-17 08:33:00,9664.0
2022-02-17 08:37:00,9664.0
2022-02-17 08:38:00,9664.0
2022-02-17 08:42:00,9664.0
2022-02-17 08:44:00,9664.0
2022-02-17 08:44:00,9664.0
2022-02-17 08:45:00,9664.0
2022-02-17 08:51:00,9664.0
2022-02-17 08:55:00,9664.0
2022-02-17 08:56:00,9664.0
2022-02-17 08:58:00,9664.0
2022-02-17 09:00:00,9664.0
2022-02-17 09:01:00,9664.0
2022-02-17 09:01:00,9664.0
2022-02-17 09:01:00,9664.0
2022-02-17 09:01:00,9709.5
2022-02-17 09:02:00,9709.5
2022-02-17 09:04:00,9709.5
2022-02-17 09:05:00,9709.5
2022-02-17 09:06:00,9709.5
2022-02-17 09:09:00,9709.5
2022-02-17 09:10:00,9709.5
2022-02-17 09:10:00,9709.5
2022-02-17 09:11:00,9709.5
2022-02-17 09:11:00,9709.5
2022-02-17 09:12:00,9709.5
2022-02-17 09:12:00,9709.5
2022-02-17 09:12:00,9709.5
2022-02-17 09:13:00,9709.5
2022-02-17 09:14:00,9709.5
2022-02-17 09:14:00,9709.5
2022-02-17 09:15:00,9709.5
2022-02-17 09:17:00,9709.5
2022-02-17 09:18:00,9709.5
2022-02-17 09:18:00,9709.5
2022-02-17 09:20:00,9709.5
2022-02-17 09:21:00,9709.5
2022-02-17 09:21:00,9709.5
2022-02-17 09:26:00,9715.0
2022-02-17 09:28:00,9715.0
2022-02-17 09:30:00,9715.0
2022-02-17 09:31:00,9715.0
2022-02-17 09:32:00,9715.0
2022-02-17 09:32:00,9715.0
2022-02-17 09:33:00,9715.0
2022-02-17 09:34:00,9715.0
2022-02-17 09:36:00,9715.0
2022-02-17 09:36:00,9715.0
2022-02-17 09:37:00,9715.0
2022-02-17 09:38:00,9700.5
2022-02-17 09:41:00,9700.5
2022-02-17 09:42:00,9700.5
2022-02-17 09:43:00,9700.5
2022-02-17 09:45:00,9676.0
2022-02-17 09:47:00,9676.0
2022-02-17 09:48:00,9676.0
2022-02-17 09:50:00,9676.0
2022-02-17 09:51:00,9676.0
2022-02-17 09:55:00,9676.0
2022-02-17 09:56:00,9676.0
2022-02-17 09:56:00,9676.0
2022-02-17 09:57:00,9676.0
2022-02-17 10:00:00,9676.0
2022-02-17 10:01:00,9676.0
2022-02-17 10:01:00,9676.0
2022-02-17 10:02:00,9676.0
2022-02-17 10:03:00,9676.0
2022-02-17 10:04:00,9676.0
2022-02-17 10:06:00,9676.0
2022-02-17 10:09:00,9676.0
2022-02-17 10:10:00,9676.0
2022-02-17 10:10:00,9676.0
2022-02-17 10:17:00,9676.0
2022-02-17 10:19:00,9676.0
2022-02-17 10:20:00,9676.0
2022-02-17 10:23:00,9676.0
2022-02-17 10:27:00,9676.0
2022-02-17 10:30:00,9676.0
2022-02-17 10:32:00,9676.0
2022-02-17 10:33:00,9676.0
2022-02-17 10:40:00,9676.0
2022-02-17 10:46:00,9676.0
2022-02-17 10:46:00,9676.0
2022-02-17 10:47:00,9671.5
2022-02-17 10:47:00,9671.5
2022-02-17 11:00:00,9671.5
2022-02-17 11:05:00,9637.0
2022-02-17 11:12:00,9637.0
2022-02-17 11:18:00,9637.0
2022-02-17 11:19:00,9637.0
2022-02-17 11:22:00,9637.0
2022-02-17 11:26:00,9637.0
2022-02-17 11:29:00,9612.5
2022-02-17 11:34:00,9612.5
2022-02-17 11:38:00,9588.0
2022-02-17 11:40:00,9588.0
2022-02-17 11:43:00,9588.0
2022-02-17 11:46:00,9588.0
2022-02-17 11:46:00,9588.0
2022-02-17 11:47:00,9588.0
2022-02-17 11:47:00,9588.0
2022-02-17 11:49:00,9588.0
2022-02-17 11:51:00,9588.0
2022-02-17 11:58:00,9588.0
2022-02-17 12:03:00,9588.0
2022-02-17 12:10:00,9588.0
2022-02-17 12:16:00,9588.0
2022-02-17 12:23:00,9588.0
2022-02-17 12:32:00,9588.0
2022-02-17 12:45:00,9588.0
2022-02-17 12:53:00,9588.0
2022-02-17 12:58:00,9588.0
2022-02-17 13:11:00,9588.0
2022-02-17 13:16:00,9588.0
2022-02-17 13:31:00,9588.0
2022-02-17 13:36:00,9588.0
2022-02-17 13:41:00,9588.0
2022-02-17 13:43:00,9588.0
2022-02-17 13:49:00,9588.0
2022-02-17 13:53:00,9588.0
2022-02-17 14:07:00,9588.0
2022-02-17 14:16:00,9588.0
2022-02-17 14:35:00,9588.0
2022-02-17 14:44:00,9588.0
2022-02-17 14:48:00,9588.0
2022-02-17 14:52:00,9588.0
2022-02-17 15:03:00,9588.0
2022-02-17 15:09:00,9588.0
2022-02-17 15:14:00,9588.0
2022-02-17 15:45:00,9613.5
2022-02-17 15:55:00,9613.5
2022-02-17 16:43:00,9613.5
2022-02-17 18:00:00,9613.5
2022-02-17 18:26:00,9613.5
2022-02-17 19:08:00,9599.0
2022-02-17 19:19:00,9599.0
2022-02-17 19:40:00,9599.0
2022-02-17 19:53:00,9599.0
2022-02-17 20:00:00,9599.0
2022-02-17 20:32:00,9599.0
2022-02-17 20:33:00,9574.5
2022-02-17 20:34:00,9574.5
2022-02-17 20:35:00,9574.5
2022-02-17 20:36:00,9574.5
2022-02-17 20:37:00,9574.5
2022-02-17 20:37:00,9574.5
2022-02-17 20:38:00,9574.5
2022-02-17 20:44:00,9574.5
2022-02-17 20:53:00,9574.5
2022-02-17 20:53:00,9574.5
2022-02-17 20:54:00,9574.5
2022-02-17 20:55:00,9574.5
2022-02-17 20:56:00,9574.5
2022-02-17 20:56:00,9574.5
2022-02-17 20:58:00,9574.5
2022-02-17 20:59:00,9574.5
2022-02-17 21:02:00,9574.5
2022-02-17 21:03:00,9574.5
2022-02-17 21:10:00,9574.5
2022-02-17 21:12:00,9574.5
2022-02-17 21:17:00,9574.5
2022-02-17 21:30:00,9574.5
2022-02-17 21:53:00,9574.5
2022-02-17 22:43:00,9574.5
2022-02-17 23:07:00,9574.5
2022-02-17 23:24:00,9574.5
2022-02-17 23:30:00,9574.5
2022-02-18 00:39:00,9574.5
2022-02-18 00:41:00,9574.5
2022-02-18 01:09:00,9620.0
2022-02-18 01:53:00,9620.0
2022-02-18 02:00:00,9620.0
2022-02-18 02:05:00,9620.0
2022-02-18 02:24:00,9620.0
2022-02-18 02:25:00,9620.0
2022-02-18 02:27:00,9620.0
2022-02-18 03:01:00,9620.0
2022-02-18 03:05:00,9620.0
2022-02-18 03:09:00,9620.0
2022-02-18 03:13:00,9620.0
2022-02-18 03:14:00,9620.0
2022-02-18 03:26:00,9620.0
2022-02-18 03:30:00,9620.0
2022-02-18 03:34:00,9620.0
2022-02-18 03:38:00,9620.0
2022-02-18 03:46:00,9620.0
2022-02-18 03:51:00,9620.0
2022-02-18 03:55:00,9620.0
2022-02-18 04:03:00,9620.0
2022-02-18 04:03:00,9620.0
2022-02-18 04:07:00,9620.0
2022-02-18 04:24:00,9620.0
2022-02-18 04:53:00,9620.0
2022-02-18 05:03:00,9620.0
2022-02-18 05:15:00,9620.0
2022-02-18 05:19:00,9615.5
2022-02-18 05:24:00,9615.5
2022-02-18 05:25:00,9615.5
2022-02-18 05:30:00,9615.5
2022-02-18 05:30:00,9615.5
2022-02-18 05:34:00,9615.5
2022-02-18 05:36:00,9615.5
2022-02-18 05:41:00,9615.5
2022-02-18 05:44:00,9615.5
2022-02-18 05:47:00,9615.5
2022-02-18 05:50:00,9615.5
2022-02-18 06:07:00,9615.5
2022-02-18 06:16:00,9615.5
2022-02-18 06:28:00,9615.5
2022-02-18 06:35:00,9615.5
2022-02-18 06:40:00,9615.5
2022-02-18 06:50:00,9615.5
2022-02-18 07:06:00,9621.0
2022-02-18 07:10:00,9621.0
2022-02-18 07:15:00,9621.0
2022-02-18 07:16:00,9621.0
2022-02-18 07:20:00,9621.0
2022-02-18 07:31:00,9621.0
2022-02-18 07:41:00,9621.0
2022-02-18 07:58:00,9621.0
2022-02-18 08:01:00,9621.0
2022-02-18 08:03:00,9621.0
2022-02-18 08:04:00,9621.0
2022-02-18 08:06:00,9621.0
2022-02-18 08:09:00,9621.0
2022-02-18 08:09:00,9621.0
2022-02-18 08:19:00,9621.0
2022-02-18 08:19:00,9621.0
2022-02-18 08:25:00,9621.0
2022-02-18 08:31:00,9621.0
2022-02-18 08:34:00,9621.0
2022-02-18 08:36:00,9621.0
2022-02-18 08:37:00,9621.0
2022-02-18 08:38:00,9621.0
2022-02-18 08:39:00,9621.0
2022-02-18 08:42:00,9621.0
2022-02-18 08:43:00,9621.0
2022-02-18 08:46:00,9621.0
2022-02-18 08:52:00,9621.0
2022-02-18 09:00:00,9621.0
2022-02-18 09:01:00,9621.0
2022-02-18 09:06:00,9621.0
2022-02-18 09:20:00,9621.0
2022-02-18 09:28:00,9621.0
2022-02-18 09:29:00,9621.0
2022-02-18 09:30:00,9621.0
2022-02-18 09:30:00,9656.5
2022-02-18 09:31:00,9656.5
2022-02-18 09:33:00,9656.5
2022-02-18 09:35:00,9656.5
2022-02-18 09:38:00,9656.5
2022-02-18 09:40:00,9656.5
2022-02-18 09:47:00,9632.0
2022-02-18 09:50:00,9632.0
2022-02-18 09:51:00,9632.0
2022-02-18 09:52:00,9632.0
2022-02-18 09:53:00,9607.5
2022-02-18 09:53:00,9607.5
2022-02-18 09:54:00,9607.5
2022-02-18 10:00:00,9607.5
2022-02-18 10:01:00,9607.5
2022-02-18 10:03:00,9607.5
2022-02-18 10:03:00,9607.5
2022-02-18 10:04:00,9607.5
2022-02-18 10:06:00,9607.5
2022-02-18 10:10:00,9607.5
2022-02-18 10:22:00,9607.5
2022-02-18 10:24:00,9607.5
2022-02-18 10:30:00,9607.5
2022-02-18 10:34:00,9607.5
2022-02-18 10:40:00,9607.5
2022-02-18 10:40:00,9607.5
2022-02-18 10:43:00,9607.5
2022-02-18 10:43:00,9607.5
2022-02-18 10:44:00,9607.5
2022-02-18 10:45:00,9607.5
2022-02-18 10:49:00,9607.5
2022-02-18 10:52:00,9607.5
2022-02-18 11:01:00,9607.5
2022-02-18 11:03:00,9607.5
2022-02-18 11:05:00,9607.5
2022-02-18 11:09:00,9607.5
2022-02-18 11:10:00,9607.5
2022-02-18 11:11:00,9613.0
2022-02-18 11:12:00,9613.0
2022-02-18 11:14:00,9613.0
2022-02-18 11:17:00,9613.0
2022-02-18 11:25:00,9613.0
2022-02-18 11:30:00,9613.0
2022-02-18 11:35:00,9613.0
2022-02-18 11:38:00,9613.0
2022-02-18 11:42:00,9613.0
2022-02-18 11:45:00,9613.0
2022-02-18 11:51:00,9613.0
2022-02-18 12:14:00,9613.0
2022-02-18 12:21:00,9613.0
2022-02-18 12:30:00,9613.0
2022-02-18 12:31:00,9613.0
2022-02-18 12:34:00,9613.0
2022-02-18 12:44:00,9613.0
2022-02-18 12:46:00,9613.0
2022-02-18 13:15:00,9613.0
2022-02-18 13:32:00,9613.0
2022-02-18 14:01:00,9613.0
2022-02-18 14:21:00,9613.0
2022-02-18 14:41:00,9613.0
2022-02-18 15:02:00,9613.0
2022-02-18 15:05:00,9613.0
2022-02-18 15:06:00,9598.5
2022-02-18 15:44:00,9598.5
2022-02-18 15:53:00,9598.5
2022-02-18 16:10:00,9598.5
2022-02-18 16:35:00,9554.0
2022-02-18 16:51:00,9554.0
2022-02-20 18:00:00,9554.0
2022-02-20 18:00:00,9554.0
2022-02-20 18:00:00,9554.0
2022-02-20 18:01:00,9554.0
2022-02-20 18:01:00,9554.0
2022-02-20 18:01:00,9554.0
2022-02-20 18:01:00,9554.0
2022-02-20 18:02:00,9554.0
2022-02-20 18:03:00,9554.0
2022-02-20 18:04:00,9554.0
2022-02-20 18:05:00,9554.0
2022-02-20 18:05:00,9554.0
2022-02-20 18:07:00,9554.0
2022-02-20 18:08:00,9554.0
2022-02-20 18:10:00,9554.0
2022-02-20 18:13:00,9554.0
2022-02-20 18:19:00,9554.0
2022-02-20 18:26:00,9554.0
2022-02-20 18:29:00,9554.0
2022-02-20 18:32:00,9554.0
2022-02-20 18:57:00,9554.0
2022-02-20 19:04:00,9554.0
2022-02-20 19:15:00,9554.0
2022-02-20 19:19:00,9554.0
2022-02-20 19:47:00,9554.0
2022-02-20 19:49:00,9554.0
2022-02-20 19:52:00,9554.0
2022-02-20 19:53:00,9554.0
2022-02-20 19:53:00,9554.0
2022-02-20 19:53:00,9554.0
2022-02-20 19:54:00,9589.5
2022-02-20 19:55:00,9589.5
2022-02-20 19:55:00,9589.5
2022-02-20 19:55:00,9589.5
2022-02-20 19:55:00,9589.5
2022-02-20 19:55:00,9589.5
2022-02-20 19:55:00,9589.5
2022-02-20 19:56:00,9589.5
2022-02-20 19:56:00,9589.5
2022-02-20 19:56:00,9589.5
2022-02-20 19:59:00,9589.5
2022-02-20 19:59:00,9589.5
2022-02-20 20:00:00,9589.5
2022-02-20 20:00:00,9589.5
2022-02-20 20:01:00,9589.5
2022-02-20 20:02:00,9589.5
2022-02-20 20:02:00,9589.5
2022-02-20 20:02:00,9589.5
2022-02-20 20:02:00,9585.0
2022-02-20 20:03:00,9585.0
2022-02-20 20:04:00,9585.0
2022-02-20 20:06:00,9585.0
2022-02-20 20:06:00,9585.0
2022-02-20 20:11:00,9550.5
2022-02-20 20:12:00,9550.5
2022-02-20 20:12:00,9550.5
2022-02-20 20:13:00,9550.5
2022-02-20 20:14:00,9550.5
2022-02-20 20:15:00,9550.5
2022-02-20 20:18:00,9550.5
2022-02-20 20:20:00,9550.5
2022-02-20 20:23:00,9550.5
2022-02-20 20:24:00,9550.5
2022-02-20 20:24:00,9550.5
2022-02-20 20:25:00,9550.5
2022-02-20 20:25:00,9550.5
2022-02-20 20:28:00,9550.5
2022-02-20 20:33:00,9550.5
2022-02-20 20:33:00,9550.5
2022-02-20 20:33:00,9550.5
2022-02-20 20:34:00,9550.5
2022-02-20 20:35:00,9550.5
2022-02-20 20:36:00,9550.5
2022-02-20 20:37:00,9550.5
2022-02-20 20:40:00,9550.5
2022-02-20 20:42:00,9550.5
2022-02-20 20:44:00,9550.5
2022-02-20 20:45:00,9550.5
2022-02-20 20:55:00,9550.5
2022-02-20 20:57:00,9550.5
2022-02-20 21:11:00,9550.5
2022-02-20 21:22:00,9566.0
2022-02-20 21:27:00,9566.0
2022-02-20 21:56:00,9566.0
2022-02-20 22:10:00,9566.0
2022-02-20 22:31:00,9566.0
2022-02-20 23:03:00,9566.0
2022-02-20 23:09:00,9566.0
2022-02-20 23:13:00,9566.0
2022-02-20 23:14:00,9566.0
2022-02-20 23:19:00,9531.5
2022-02-20 23:21:00,9531.5
2022-02-20 23:35:00,9531.5
2022-02-20 23:38:00,9531.5
2022-02-20 23:38:00,9531.5
2022-02-20 23:38:00,9531.5
2022-02-20 23:39:00,9531.5
2022-02-20 23:39:00,9531.5
2022-02-20 23:42:00,9531.5
2022-02-21 00:06:00,9531.5
2022-02-21 00:20:00,9531.5
2022-02-21 00:30:00,9531.5
2022-02-21 00:44:00,9531.5
2022-02-21 00:47:00,9531.5
2022-02-21 00:54:00,9531.5
2022-02-21 00:57:00,9531.5
2022-02-21 01:13:00,9531.5
2022-02-21 01:14:00,9531.5
2022-02-21 01:16:00,9531.5
2022-02-21 01:19:00,9531.5
2022-02-21 01:55:00,9531.5
2022-02-21 02:20:00,9531.5
2022-02-21 02:21:00,9531.5
2022-02-21 02:25:00,9531.5
2022-02-21 02:28:00,9531.5
2022-02-21 02:31:00,9531.5
2022-02-21 02:38:00,9531.5
2022-02-21 02:40:00,9531.5
2022-02-21 02:56:00,9547.0
2022-02-21 02:59:00,9547.0
2022-02-21 03:11:00,9547.0
2022-02-21 03:12:00,9547.0
2022-02-21 03:17:00,9547.0
2022-02-21 03:24:00,9547.0
2022-02-21 03:33:00,9547.0
2022-02-21 03:34:00,9547.0
2022-02-21 03:35:00,9547.0
2022-02-21 03:35:00,9547.0
2022-02-21 03:40:00,9547.0
2022-02-21 03:44:00,9547.0
2022-02-21 03:52:00,9547.0
2022-02-21 03:54:00,9547.0
2022-02-21 03:56:00,9547.0
2022-02-21 04:12:00,9547.0
2022-02-21 04:25:00,9547.0
2022-02-21 04:28:00,9547.0
2022-02-21 04:33:00,9547.0
2022-02-21 04:52:00,9547.0
2022-02-21 05:01:00,9547.0
2022-02-21 05:30:00,9547.0
2022-02-21 05:38:00,9547.0
2022-02-21 05:48:00,9547.0
2022-02-21 06:03:00,9547.0
2022-02-21 06:12:00,9547.0
2022-02-21 06:14:00,9547.0
2022-02-21 06:42:00,9547.0
2022-02-21 06:43:00,9547.0
2022-02-21 06:44:00,9547.0
2022-02-21 06:55:00,9547.0
2022-02-21 06:56:00,9547.0
2022-02-21 06:58:00,9547.0
2022-02-21 07:02:00,9572.5
2022-02-21 07:03:00,9572.5
2022-02-21 07:06:00,9572.5
2022-02-21 07:23:00,9572.5
2022-02-21 07:37:00,9572.5
2022-02-21 07:43:00,9572.5
2022-02-21 07:44:00,9572.5
2022-02-21 07:44:00,9572.5
2022-02-21 07:45:00,9572.5
2022-02-21 07:45:00,9572.5
2022-02-21 07:46:00,9572.5
2022-02-21 07:46:00,9572.5
2022-02-21 07:49:00,9548.0
2022-02-21 07:53:00,9548.0
2022-02-21 08:12:00,9548.0
2022-02-21 08:14:00,9548.0
2022-02-21 08:24:00,9548.0
2022-02-21 08:24:00,9548.0
2022-02-21 08:25:00,9548.0
2022-02-21 08:27:00,9548.0
2022-02-21 08:36:00,9548.0
2022-02-21 08:42:00,9548.0
2022-02-21 08:52:00,9523.5
2022-02-21 08:55:00,9523.5
2022-02-21 08:56:00,9523.5
2022-02-21 08:57:00,9523.5
2022-02-21 08:58:00,9499.0
2022-02-21 09:09:00,9499.0
2022-02-21 09:11:00,9474.5
2022-02-21 09:12:00,9474.5
2022-02-21 09:16:00,9474.5
2022-02-21 09:21:00,9474.5
2022-02-21 09:22:00,9474.5
2022-02-21 09:43:00,9474.5
2022-02-21 09:46:00,9474.5
2022-02-21 09:47:00,9474.5
2022-02-21 09:50:00,9450.0
2022-02-21 10:00:00,9450.0
2022-02-21 10:19:00,9450.0
2022-02-21 10:31:00,9415.5
2022-02-21 10:38:00,9415.5
2022-02-21 11:07:00,9415.5
2022-02-21 12:46:00,9381.0
2022-02-21 13:00:00,9381.0
2022-02-21 13:01:00,9381.0
2022-02-21 13:03:00,9381.0
2022-02-21 13:08:00,9381.0
2022-02-21 13:13:00,9381.0
2022-02-21 13:14:00,9381.0
2022-02-21 13:15:00,9381.0
2022-02-21 13:16:00,9381.0
2022-02-21 13:30:00,9381.0
2022-02-21 13:30:00,9381.0
2022-02-21 13:33:00,9381.0
2022-02-21 13:50:00,9381.0
2022-02-21 13:51:00,9381.0
2022-02-21 13:51:00,9381.0
2022-02-21 13:59:00,9381.0
2022-02-21 14:01:00,9381.0
2022-02-21 14:02:00,9381.0
2022-02-21 14:02:00,9381.0
2022-02-21 14:06:00,9381.0
2022-02-21 14:07:00,9381.0
2022-02-21 14:12:00,9381.0
2022-02-21 14:12:00,9381.0
2022-02-21 14:17:00,9381.0
2022-02-21 14:20:00,9381.0
2022-02-21 14:25:00,9381.0
2022-02-21 14:26:00,9381.0
2022-02-21 14:27:00,9381.0
2022-02-21 18:00:00,9381.0
2022-02-21 18:00:00,9381.0
2022-02-21 18:00:00,9381.0
2022-02-21 18:00:00,9381.0
2022-02-21 18:00:00,9381.0
2022-02-21 18:00:00,9381.0
2022-02-21 18:00:00,9381.0
2022-02-21 18:01:00,9381.0
2022-02-21 18:01:00,9381.0
2022-02-21 18:01:00,9381.0
2022-02-21 18:02:00,9381.0
2022-02-21 18:02:00,9381.0
2022-02-21 18:02:00,9381.0
2022-02-21 18:02:00,9381.0
2022-02-21 18:03:00,9381.0
2022-02-21 18:04:00,9381.0
2022-02-21 18:05:00,9381.0
2022-02-21 18:05:00,9381.0
2022-02-21 18:06:00,9381.0
2022-02-21 18:06:00,9381.0
2022-02-21 18:07:00,9381.0
2022-02-21 18:08:00,9381.0
2022-02-21 18:08:00,9381.0
2022-02-21 18:11:00,9381.0
2022-02-21 18:12:00,9381.0
2022-02-21 18:15:00,9381.0
2022-02-21 18:18:00,9381.0
2022-02-21 18:19:00,9381.0
2022-02-21 18:21:00,9381.0
2022-02-21 18:26:00,9381.0
2022-02-21 18:32:00,9516.5
2022-02-21 18:33:00,9516.5
2022-02-21 18:41:00,9516.5
2022-02-21 18:44:00,9516.5
2022-02-21 18:50:00,9516.5
2022-02-21 18:56:00,9516.5
2022-02-21 18:59:00,9516.5
2022-02-21 19:01:00,9516.5
2022-02-21 19:03:00,9516.5
2022-02-21 19:05:00,9516.5
2022-02-21 19:06:00,9516.5
2022-02-21 19:12:00,9502.0
2022-02-21 19:13:00,9502.0
2022-02-21 19:15:00,9502.0
2022-02-21 19:17:00,9502.0
2022-02-21 19:21:00,9502.0
2022-02-21 19:22:00,9502.0
2022-02-21 19:27:00,9502.0
2022-02-21 19:30:00,9502.0
2022-02-21 19:42:00,9477.5
2022-02-21 19:45:00,9477.5
2022-02-21 19:54:00,9477.5
2022-02-21 19:57:00,9477.5
2022-02-21 20:00:00,9477.5
2022-02-21 20:00:00,9477.5
2022-02-21 20:01:00,9477.5
2022-02-21 20:02:00,9477.5
2022-02-21 20:02:00,9477.5
2022-02-21 20:03:00,9477.5
2022-02-21 20:06:00,9477.5
2022-02-21 20:08:00,9477.5
2022-02-21 20:09:00,9477.5
2022-02-21 20:12:00,9477.5
2022-02-21 20:15:00,9477.5
2022-02-21 20:17:00,9477.5
2022-02-21 20:18:00,9477.5
2022-02-21 20:21:00,9477.5
2022-02-21 20:24:00,9477.5
2022-02-21 20:35:00,9477.5
2022-02-21 20:36:00,9477.5
2022-02-21 20:38:00,9477.5
2022-02-21 20:40:00,9473.0
2022-02-21 20:49:00,9473.0
2022-02-21 20:51:00,9473.0
2022-02-21 20:59:00,9473.0
2022-02-21 21:05:00,9473.0
2022-02-21 21:07:00,9473.0
2022-02-21 21:12:00,9473.0
2022-02-21 21:18:00,9438.5
2022-02-21 21:22:00,9438.5
2022-02-21 21:24:00,9438.5
2022-02-21 21:30:00,9404.0
2022-02-21 21:40:00,9404.0
2022-02-21 21:53:00,9404.0
2022-02-21 21:58:00,9404.0
2022-02-21 22:16:00,9404.0
2022-02-21 22:27:00,9404.0
2022-02-21 22:42:00,9404.0
2022-02-21 22:45:00,9404.0
2022-02-21 22:54:00,9404.0
2022-02-21 23:32:00,9404.0
2022-02-21 23:38:00,9404.0
2022-02-21 23:56:00,9404.0
2022-02-22 00:16:00,9379.5
2022-02-22 00:42:00,9379.5
2022-02-22 01:05:00,9355.0
2022-02-22 01:14:00,9355.0
2022-02-22 01:57:00,9355.0
2022-02-22 01:58:00,9355.0
2022-02-22 02:02:00,9355.0
2022-02-22 02:12:00,9355.0
2022-02-22 02:21:00,9355.0
2022-02-22 02:23:00,9355.0
2022-02-22 02:25:00,9355.0
2022-02-22 02:31:00,9355.0
2022-02-22 02:46:00,9355.0
2022-02-22 02:47:00,9355.0
2022-02-22 02:53:00,9355.0
2022-02-22 02:57:00,9355.0
2022-02-22 02:58:00,9330.5
2022-02-22 03:00:00,9330.5
2022-02-22 03:03:00,9330.5
2022-02-22 03:04:00,9330.5
2022-02-22 03:07:00,9330.5
2022-02-22 03:09:00,9330.5
2022-02-22 03:11:00,9330.5
2022-02-22 03:11:00,9296.0
2022-02-22 03:12:00,9296.0
2022-02-22 03:15:00,9296.0
2022-02-22 03:16:00,9296.0
2022-02-22 03:18:00,9271.5
2022-02-22 03:20:00,9271.5
2022-02-22 03:21:00,9271.5
2022-02-22 03:24:00,9271.5
2022-02-22 03:29:00,9271.5
2022-02-22 03:29:00,9271.5
2022-02-22 03:30:00,9271.5
2022-02-22 03:32:00,9271.5
2022-02-22 03:35:00,9271.5
2022-02-22 03:42:00,9271.5
2022-02-22 03:43:00,9271.5
2022-02-22 03:50:00,9271.5
2022-02-22 03:51:00,9271.5
2022-02-22 03:52:00,9271.5
2022-02-22 03:53:00,9271.5
2022-02-22 03:56:00,9271.5
2022-02-22 03:56:00,9271.5
2022-02-22 03:57:00,9271.5
2022-02-22 03:59:00,9271.5
2022-02-22 03:59:00,9271.5
2022-02-22 04:00:00,9271.5
2022-02-22 04:02:00,9271.5
2022-02-22 04:03:00,9271.5
2022-02-22 04:04:00,9271.5
2022-02-22 04:06:00,9271.5
2022-02-22 04:10:00,9271.5
2022-02-22 04:13:00,9271.5
2022-02-22 04:16:00,9271.5
2022-02-22 04:16:00,9271.5
2022-02-22 04:17:00,9271.5
2022-02-22 04:18:00,9271.5
2022-02-22 04:22:00,9271.5
2022-02-22 04:27:00,9271.5
2022-02-22 04:28:00,9337.0
2022-02-22 04:32:00,9337.0
2022-02-22 04:36:00,9337.0
2022-02-22 04:40:00,9337.0
2022-02-22 04:46:00,9337.0
2022-02-22 04:50:00,9337.0
2022-02-22 04:56:00,9337.0
2022-02-22 05:13:00,9337.0
2022-02-22 05:18:00,9337.0
2022-02-22 05:20:00,9302.5
2022-02-22 05:21:00,9302.5
2022-02-22 05:23:00,9302.5
2022-02-22 05:29:00,9302.5
2022-02-22 05:34:00,9302.5
2022-02-22 05:37:00,9302.5
2022-02-22 05:38:00,9302.5
2022-02-22 05:41:00,9302.5
2022-02-22 05:42:00,9302.5
2022-02-22 05:43:00,9302.5
2022-02-22 05:45:00,9302.5
2022-02-22 05:48:00,9302.5
2022-02-22 05:57:00,9302.5
2022-02-22 05:59:00,9302.5
2022-02-22 06:01:00,9302.5
2022-02-22 06:08:00,9302.5
2022-02-22 06:09:00,9302.5
2022-02-22 06:15:00,9302.5
2022-02-22 06:20:00,9302.5
2022-02-22 06:22:00,9302.5
2022-02-22 06:27:00,9302.5
2022-02-22 06:30:00,9302.5
2022-02-22 06:31:00,9302.5
2022-02-22 06:32:00,9302.5
2022-02-22 06:33:00,9302.5
2022-02-22 06:36:00,9302.5
2022-02-22 06:38:00,9302.5
2022-02-22 06:39:00,9308.0
2022-02-22 06:41:00,9308.0
2022-02-22 06:45:00,9308.0
2022-02-22 06:50:00,9273.5
2022-02-22 06:52:00,9273.5
2022-02-22 06:53:00,9273.5
2022-02-22 06:56:00,9273.5
2022-02-22 06:56:00,9273.5
2022-02-22 07:00:00,9273.5
2022-02-22 07:05:00,9273.5
2022-02-22 07:22:00,9273.5
2022-02-22 07:30:00,9249.0
2022-02-22 07:31:00,9249.0
2022-02-22 07:32:00,9249.0
2022-02-22 07:38:00,9249.0
2022-02-22 07:38:00,9249.0
2022-02-22 07:45:00,9249.0
2022-02-22 07:59:00,9249.0
2022-02-22 08:01:00,9249.0
2022-02-22 08:02:00,9249.0
2022-02-22 08:04:00,9249.0
2022-02-22 08:15:00,9249.0
2022-02-22 08:18:00,9249.0
2022-02-22 08:19:00,9249.0
2022-02-22 08:20:00,9249.0
2022-02-22 08:21:00,9249.0
2022-02-22 08:21:00,9249.0
2022-02-22 08:22:00,9249.0
2022-02-22 08:23:00,9249.0
2022-02-22 08:25:00,9249.0
2022-02-22 08:27:00,9249.0
2022-02-22 08:29:00,9249.0
2022-02-22 08:29:00,9249.0
2022-02-22 08:30:00,9249.0
2022-02-22 08:31:00,9249.0
2022-02-22 08:33:00,9249.0
2022-02-22 08:34:00,9249.0
2022-02-22 08:35:00,9249.0
2022-02-22 08:37:00,9249.0
2022-02-22 08:40:00,9249.0
2022-02-22 08:51:00,9249.0
2022-02-22 09:08:00,9249.0
2022-02-22 09:11:00,9249.0
2022-02-22 09:13:00,9249.0
2022-02-22 09:29:00,9249.0
2022-02-22 09:30:00,9249.0
2022-02-22 09:32:00,9249.0
2022-02-22 09:34:00,9249.0
2022-02-22 09:35:00,9249.0
2022-02-22 09:36:00,9249.0
2022-02-22 09:36:00,9249.0
2022-02-22 09:37:00,9249.0
2022-02-22 09:39:00,9249.0
2022-02-22 09:41:00,9249.0
2022-02-22 09:43:00,9249.0
2022-02-22 09:44:00,9249.0
2022-02-22 09:45:00,9249.0
2022-02-22 09:46:00,9304.5
2022-02-22 09:55:00,9304.5
2022-02-22 09:56:00,9304.5
2022-02-22 10:00:00,9304.5
2022-02-22 10:01:00,9304.5
2022-02-22 10:03:00,9304.5
2022-02-22 10:04:00,9304.5
2022-02-22 10:06:00,9304.5
2022-02-22 10:06:00,9304.5
2022-02-22 10:07:00,9304.5
2022-02-22 10:10:00,9304.5
2022-02-22 10:11:00,9304.5
2022-02-22 10:13:00,9304.5
2022-02-22 10:19:00,9304.5
2022-02-22 10:22:00,9304.5
2022-02-22 10:23:00,9304.5
2022-02-22 10:28:00,9304.5
2022-02-22 10:29:00,9304.5
2022-02-22 10:31:00,9304.5
2022-02-22 10:32:00,9304.5
2022-02-22 10:34:00,9304.5
2022-02-22 10:35:00,9304.5
2022-02-22 10:37:00,9304.5
2022-02-22 10:40:00,9304.5
2022-02-22 10:45:00,9304.5
2022-02-22 10:46:00,9304.5
2022-02-22 10:48:00,9304.5
2022-02-22 10:49:00,9304.5
2022-02-22 10:53:00,9304.5
2022-02-22 10:56:00,9304.5
2022-02-22 10:57:00,9304.5
2022-02-22 11:06:00,9304.5
2022-02-22 11:12:00,9304.5
2022-02-22 11:13:00,9330.0
2022-02-22 11:15:00,9330.0
2022-02-22 11:18:00,9330.0
2022-02-22 11:22:00,9330.0
2022-02-22 11:23:00,9330.0
2022-02-22 11:30:00,9330.0
2022-02-22 11:40:00,9330.0
2022-02-22 11:44:00,9330.0
2022-02-22 11:45:00,9330.0
2022-02-22 12:09:00,9330.0
2022-02-22 12:12:00,9330.0
2022-02-22 12:17:00,9330.0
2022-02-22 12:20:00,9330.0
2022-02-22 12:34:00,9330.0
2022-02-22 13:07:00,9330.0
2022-02-22 13:29:00,9330.0
2022-02-22 13:30:00,9330.0
2022-02-22 13:39:00,9330.0
2022-02-22 13:49:00,9330.0
2022-02-22 13:53:00,9330.0
2022-02-22 13:56:00,9330.0
2022-02-22 13:57:00,9330.0
2022-02-22 14:24:00,9330.0
2022-02-22 14:26:00,9330.0
2022-02-22 14:27:00,9330.0
2022-02-22 14:31:00,9355.5
2022-02-22 14:35:00,9355.5
2022-02-22 14:38:00,9355.5
2022-02-22 14:39:00,9355.5
2022-02-22 14:53:00,9355.5
2022-02-22 14:56:00,9355.5
2022-02-22 14:59:00,9355.5
2022-02-22 15:02:00,9355.5
2022-02-22 15:04:00,9355.5
2022-02-22 15:09:00,9355.5
2022-02-22 15:18:00,9355.5
2022-02-22 15:21:00,9355.5
2022-02-22 16:13:00,9355.5
2022-02-22 16:48:00,9355.5
2022-02-22 19:31:00,9355.5
2022-02-22 20:00:00,9355.5
2022-02-22 20:41:00,9355.5
2022-02-22 20:51:00,9355.5
2022-02-22 21:22:00,9355.5
2022-02-22 21:30:00,9355.5
2022-02-22 21:51:00,9355.5
2022-02-22 23:49:00,9355.5
2022-02-22 23:50:00,9355.5
2022-02-22 23:52:00,9355.5
2022-02-23 00:18:00,9355.5
2022-02-23 00:24:00,9355.5
2022-02-23 00:25:00,9355.5
2022-02-23 00:41:00,9355.5
2022-02-23 01:03:00,9355.5
2022-02-23 01:10:00,9355.5
2022-02-23 01:12:00,9355.5
2022-02-23 01:13:00,9355.5
2022-02-23 01:19:00,9355.5
2022-02-23 01:35:00,9355.5
2022-02-23 02:00:00,9355.5
2022-02-23 02:24:00,9355.5
2022-02-23 02:26:00,9355.5
2022-02-23 02:44:00,9355.5
2022-02-23 02:53:00,9355.5
2022-02-23 03:02:00,9355.5
2022-02-23 03:08:00,9355.5
2022-02-23 03:15:00,9355.5
2022-02-23 03:20:00,9355.5
2022-02-23 03:22:00,9355.5
2022-02-23 03:30:00,9355.5
2022-02-23 03:30:00,9355.5
2022-02-23 03:31:00,9355.5
2022-02-23 03:32:00,9355.5
2022-02-23 03:33:00,9355.5
2022-02-23 03:35:00,9401.0
2022-02-23 03:37:00,9401.0
2022-02-23 03:44:00,9401.0
2022-02-23 03:45:00,9366.5
2022-02-23 03:49:00,9366.5
2022-02-23 03:51:00,9366.5
2022-02-23 03:51:00,9366.5
2022-02-23 03:56:00,9366.5
2022-02-23 04:03:00,9366.5
2022-02-23 04:12:00,9366.5
2022-02-23 04:20:00,9366.5
2022-02-23 04:30:00,9366.5
2022-02-23 04:31:00,9366.5
2022-02-23 04:36:00,9366.5
2022-02-23 04:39:00,9366.5
2022-02-23 04:43:00,9366.5
2022-02-23 04:56:00,9366.5
2022-02-23 04:57:00,9366.5
2022-02-23 04:58:00,9366.5
2022-02-23 04:59:00,9366.5
2022-02-23 05:16:00,9366.5
2022-02-23 05:23:00,9366.5
2022-02-23 05:25:00,9372.0
2022-02-23 05:30:00,9372.0
2022-02-23 05:31:00,9372.0
2022-02-23 05:39:00,9372.0
2022-02-23 05:56:00,9372.0
2022-02-23 06:13:00,9372.0
2022-02-23 06:18:00,9372.0
2022-02-23 06:28:00,9372.0
2022-02-23 06:36:00,9372.0
2022-02-23 06:52:00,9372.0
2022-02-23 07:00:00,9372.0
2022-02-23 07:45:00,9372.0
2022-02-23 07:48:00,9372.0
2022-02-23 08:01:00,9372.0
2022-02-23 08:04:00,9372.0
2022-02-23 08:09:00,9372.0
2022-02-23 08:16:00,9372.0
2022-02-23 08:19:00,9372.0
2022-02-23 08:20:00,9372.0
2022-02-23 08:20:00,9372.0
2022-02-23 08:20:00,9372.0
2022-02-23 08:20:00,9372.0
2022-02-23 08:22:00,9372.0
2022-02-23 08:22:00,9372.0
2022-02-23 08:24:00,9372.0
2022-02-23 08:26:00,9372.0
2022-02-23 08:27:00,9372.0
2022-02-23 08:29:00,9372.0
2022-02-23 08:35:00,9372.0
2022-02-23 08:38:00,9372.0
2022-02-23 08:40:00,9372.0
2022-02-23 08:41:00,9372.0
2022-02-23 08:43:00,9372.0
2022-02-23 08:44:00,9372.0
2022-02-23 08:46:00,9372.0
2022-02-23 08:48:00,9372.0
2022-02-23 08:50:00,9427.5
2022-02-23 08:56:00,9427.5
2022-02-23 08:58:00,9427.5
2022-02-23 09:03:00,9427.5
2022-02-23 09:15:00,9427.5
2022-02-23 09:33:00,9427.5
2022-02-23 09:37:00,9403.0
2022-02-23 09:43:00,9403.0
2022-02-23 09:44:00,9403.0
2022-02-23 09:46:00,9403.0
2022-02-23 09:47:00,9403.0
2022-02-23 09:50:00,9403.0
2022-02-23 09:51:00,9403.0
2022-02-23 09:52:00,9403.0
2022-02-23 09:53:00,9403.0
2022-02-23 09:54:00,9403.0
2022-02-23 09:58:00,9403.0
2022-02-23 09:59:00,9403.0
2022-02-23 10:00:00,9403.0
2022-02-23 10:01:00,9403.0
2022-02-23 10:01:00,9403.0
2022-02-23 10:02:00,9403.0
2022-02-23 10:02:00,9403.0
2022-02-23 10:11:00,9403.0
2022-02-23 10:13:00,9403.0
2022-02-23 10:13:00,9403.0
2022-02-23 10:14:00,9403.0
2022-02-23 10:14:00,9403.0
2022-02-23 10:15:00,9403.0
2022-02-23 10:17:00,9403.0
2022-02-23 10:17:00,9403.0
2022-02-23 10:28:00,9403.0
2022-02-23 10:29:00,9403.0
2022-02-23 10:32:00,9403.0
2022-02-23 10:34:00,9403.0
2022-02-23 10:36:00,9403.0
2022-02-23 10:41:00,9403.0
2022-02-23 10:53:00,9403.0
2022-02-23 10:57:00,9403.0
2022-02-23 10:58:00,9403.0
2022-02-23 11:04:00,9403.0
2022-02-23 11:06:00,9403.0
2022-02-23 11:17:00,9403.0
2022-02-23 11:18:00,9403.0
2022-02-23 11:25:00,9403.0
2022-02-23 11:35:00,9403.0
2022-02-23 11:48:00,9403.0
2022-02-23 12:00:00,9403.0
2022-02-23 12:22:00,9403.0
2022-02-23 12:24:00,9403.0
2022-02-23 12:47:00,9403.0
2022-02-23 13:29:00,9403.0
2022-02-23 13:32:00,9403.0
2022-02-23 13:47:00,9403.0
2022-02-23 13:57:00,9403.0
2022-02-23 14:09:00,9403.0
2022-02-23 14:24:00,9403.0
2022-02-23 14:35:00,9403.0
2022-02-23 14:45:00,9403.0
2022-02-23 14:48:00,9448.5
2022-02-23 15:02:00,9448.5
2022-02-23 15:11:00,9448.5
2022-02-23 15:17:00,9448.5
2022-02-23 15:24:00,9448.5
2022-02-23 15:31:00,9448.5
2022-02-23 15:47:00,9448.5
2022-02-23 15:48:00,9448.5
2022-02-23 15:55:00,9448.5
2022-02-23 16:27:00,9414.0
2022-02-23 16:36:00,9414.0
2022-02-23 16:57:00,9414.0
2022-02-23 18:00:00,9414.0
2022-02-23 18:01:00,9414.0
2022-02-23 19:02:00,9414.0
2022-02-23 19:11:00,9414.0
2022-02-23 19:29:00,9414.0
2022-02-23 19:29:00,9414.0
2022-02-23 19:30:00,9414.0
2022-02-23 19:31:00,9414.0
2022-02-23 19:43:00,9414.0
2022-02-23 19:56:00,9414.0
2022-02-23 19:59:00,9414.0
2022-02-23 20:03:00,9414.0
2022-02-23 20:09:00,9414.0
2022-02-23 20:10:00,9414.0
2022-02-23 20:21:00,9414.0
2022-02-23 20:22:00,9414.0
2022-02-23 20:37:00,9414.0
2022-02-23 20:44:00,9414.0
2022-02-23 20:59:00,9414.0
2022-02-23 21:06:00,9414.0
2022-02-23 21:08:00,9414.0
2022-02-23 21:22:00,9414.0
2022-02-23 21:23:00,9414.0
2022-02-23 21:26:00,9414.0
2022-02-23 21:30:00,9414.0
2022-02-23 21:38:00,9414.0
2022-02-23 21:49:00,9414.0
2022-02-23 21:49:00,9414.0
2022-02-23 21:49:00,9414.0
2022-02-23 21:50:00,9414.0
2022-02-23 21:51:00,9414.0
2022-02-23 21:51:00,9414.0
2022-02-23 21:52:00,9414.0
2022-02-23 21:52:00,9414.0
2022-02-23 21:53:00,9414.0
2022-02-23 21:55:00,9414.0
2022-02-23 21:57:00,9414.0
2022-02-23 21:59:00,9414.0
2022-02-23 22:00:00,9414.0
2022-02-23 22:01:00,9414.0
2022-02-23 22:05:00,9414.0
2022-02-23 22:08:00,9414.0
2022-02-23 22:09:00,9414.0
2022-02-23 22:09:00,9414.0
2022-02-23 22:09:00,9414.0
2022-02-23 22:10:00,9414.0
2022-02-23 22:11:00,9414.0
2022-02-23 22:11:00,9414.0
2022-02-23 22:11:00,9414.0
2022-02-23 22:12:00,9414.0
2022-02-23 22:13:00,9414.0
2022-02-23 22:15:00,9414.0
2022-02-23 22:19:00,9414.0
2022-02-23 22:20:00,9414.0
2022-02-23 22:20:00,9414.0
2022-02-23 22:21:00,9414.0
2022-02-23 22:21:00,9414.0
2022-02-23 22:21:00,9414.0
2022-02-23 22:22:00,9414.0
2022-02-23 22:22:00,9414.0
2022-02-23 22:22:00,9414.0
2022-02-23 22:24:00,9414.0
2022-02-23 22:25:00,9414.0
2022-02-23 22:26:00,9414.0
2022-02-23 22:28:00,9414.0
2022-02-23 22:31:00,9414.0
2022-02-23 22:32:00,9414.0
2022-02-23 22:33:00,9414.0
2022-02-23 22:34:00,9414.0
2022-02-23 22:34:00,9414.0
2022-02-23 22:35:00,9414.0
2022-02-23 22:36:00,9414.0
2022-02-23 22:37:00,9414.0
2022-02-23 22:39:00,9414.0
2022-02-23 22:41:00,9414.0
2022-02-23 22:44:00,9414.0
2022-02-23 22:45:00,9414.0
2022-02-23 22:46:00,9414.0
2022-02-23 22:46:00,9414.0
2022-02-23 22:58:00,9414.0
2022-02-23 23:00:00,9414.0
2022-02-23 23:04:00,9414.0
2022-02-23 23:08:00,9414.0
2022-02-23 23:08:00,9414.0
2022-02-23 23:10:00,9414.0
2022-02-23 23:10:00,9414.0
2022-02-23 23:11:00,9414.0
2022-02-23 23:11:00,9414.0
2022-02-23 23:11:00,9414.0
2022-02-23 23:11:00,9414.0
2022-02-23 23:12:00,9414.0
2022-02-23 23:12:00,9414.0
2022-02-23 23:12:00,9414.0
2022-02-23 23:12:00,9414.0
2022-02-23 23:12:00,9414.0
2022-02-23 23:13:00,9414.0
2022-02-23 23:14:00,9414.0
2022-02-23 23:15:00,9414.0
2022-02-23 23:15:00,9414.0
2022-02-23 23:15:00,9414.0
2022-02-23 23:15:00,9414.0
2022-02-23 23:17:00,9414.0
2022-02-23 23:17:00,9414.0
2022-02-23 23:18:00,9414.0
2022-02-23 23:18:00,9414.0
2022-02-23 23:18:00,9414.0
2022-02-23 23:19:00,9414.0
2022-02-23 23:19:00,9414.0
2022-02-23 23:19:00,9414.0
2022-02-23 23:20:00,9414.0
2022-02-23 23:20:00,9414.0
2022-02-23 23:21:00,9414.0
2022-02-23 23:22:00,9414.0
2022-02-23 23:23:00,9414.0
2022-02-23 23:23:00,9414.0
2022-02-23 23:23:00,9414.0
2022-02-23 23:23:00,9739.5
2022-02-23 23:23:00,9739.5
2022-02-23 23:23:00,9739.5
2022-02-23 23:23:00,9739.5
2022-02-23 23:24:00,9739.5
2022-02-23 23:24:00,9739.5
2022-02-23 23:26:00,9739.5
2022-02-23 23:26:00,9739.5
2022-02-23 23:26:00,9739.5
2022-02-23 23:27:00,9739.5
2022-02-23 23:27:00,9739.5
2022-02-23 23:28:00,9705.0
2022-02-23 23:28:00,9705.0
2022-02-23 23:28:00,9705.0
2022-02-23 23:29:00,9705.0
2022-02-23 23:29:00,9660.5
2022-02-23 23:30:00,9660.5
2022-02-23 23:31:00,9660.5
2022-02-23 23:31:00,9660.5
2022-02-23 23:32:00,9660.5
2022-02-23 23:32:00,9660.5
2022-02-23 23:32:00,9660.5
2022-02-23 23:33:00,9660.5
2022-02-23 23:34:00,9660.5
2022-02-23 23:35:00,9660.5
2022-02-23 23:37:00,9660.5
2022-02-23 23:40:00,9660.5
2022-02-23 23:41:00,9660.5
2022-02-23 23:47:00,9660.5
2022-02-23 23:49:00,9660.5
2022-02-23 23:50:00,9660.5
2022-02-23 23:50:00,9660.5
2022-02-23 23:50:00,9660.5
2022-02-23 23:50:00,9660.5
2022-02-23 23:52:00,9660.5
2022-02-23 23:53:00,9660.5
2022-02-23 23:54:00,9660.5
2022-02-23 23:54:00,9660.5
2022-02-23 23:55:00,9660.5
2022-02-23 23:56:00,9660.5
2022-02-23 23:56:00,9660.5
2022-02-23 23:57:00,9660.5
2022-02-23 23:57:00,9660.5
2022-02-23 23:58:00,9660.5
2022-02-23 23:59:00,9660.5
2022-02-24 00:00:00,9660.5
2022-02-24 00:01:00,9660.5
2022-02-24 00:03:00,9660.5
2022-02-24 00:03:00,9660.5
2022-02-24 00:04:00,9660.5
2022-02-24 00:05:00,9686.0
2022-02-24 00:06:00,9686.0
2022-02-24 00:07:00,9686.0
2022-02-24 00:09:00,9686.0
2022-02-24 00:10:00,9686.0
2022-02-24 00:11:00,9686.0
2022-02-24 00:11:00,9686.0
2022-02-24 00:12:00,9686.0
2022-02-24 00:13:00,9686.0
2022-02-24 00:15:00,9686.0
2022-02-24 00:16:00,9686.0
2022-02-24 00:17:00,9686.0
2022-02-24 00:18:00,9686.0
2022-02-24 00:21:00,9686.0
2022-02-24 00:23:00,9686.0
2022-02-24 00:26:00,9686.0
2022-02-24 00:29:00,9661.5
2022-02-24 00:30:00,9661.5
2022-02-24 00:30:00,9661.5
2022-02-24 00:30:00,9627.0
2022-02-24 00:31:00,9627.0
2022-02-24 00:32:00,9627.0
2022-02-24 00:33:00,9627.0
2022-02-24 00:34:00,9627.0
2022-02-24 00:41:00,9627.0
2022-02-24 00:43:00,9627.0
2022-02-24 00:43:00,9627.0
2022-02-24 00:43:00,9627.0
2022-02-24 00:44:00,9627.0
2022-02-24 00:45:00,9627.0
2022-02-24 00:50:00,9627.0
2022-02-24 00:52:00,9627.0
2022-02-24 00:53:00,9627.0
2022-02-24 00:55:00,9627.0
2022-02-24 00:56:00,9627.0
2022-02-24 01:02:00,9622.5
2022-02-24 01:03:00,9622.5
2022-02-24 01:03:00,9622.5
2022-02-24 01:03:00,9622.5
2022-02-24 01:04:00,9622.5
2022-02-24 01:05:00,9622.5
2022-02-24 01:05:00,9622.5
2022-02-24 01:09:00,9622.5
2022-02-24 01:10:00,9622.5
2022-02-24 01:11:00,9622.5
2022-02-24 01:12:00,9622.5
2022-02-24 01:17:00,9622.5
2022-02-24 01:18:00,9622.5
2022-02-24 01:19:00,9622.5
2022-02-24 01:20:00,9622.5
2022-02-24 01:21:00,9622.5
2022-02-24 01:28:00,9622.5
2022-02-24 01:29:00,9608.0
2022-02-24 01:30:00,9608.0
2022-02-24 01:33:00,9608.0
2022-02-24 01:35:00,9608.0
2022-02-24 01:38:00,9608.0
2022-02-24 01:41:00,9608.0
2022-02-24 01:42:00,9608.0
2022-02-24 01:44:00,9608.0
2022-02-24 01:49:00,9583.5
2022-02-24 01:49:00,9583.5
2022-02-24 01:54:00,9559.0
2022-02-24 01:57:00,9559.0
2022-02-24 02:01:00,9559.0
2022-02-24 02:04:00,9559.0
2022-02-24 02:05:00,9559.0
2022-02-24 02:06:00,9559.0
2022-02-24 02:09:00,9559.0
2022-02-24 02:13:00,9559.0
2022-02-24 02:15:00,9559.0
2022-02-24 02:16:00,9559.0
2022-02-24 02:17:00,9559.0
2022-02-24 02:18:00,9559.0
2022-02-24 02:19:00,9559.0
2022-02-24 02:20:00,9559.0
2022-02-24 02:21:00,9559.0
2022-02-24 02:21:00,9559.0
2022-02-24 02:23:00,9559.0
2022-02-24 02:24:00,9559.0
2022-02-24 02:25:00,9559.0
2022-02-24 02:26:00,9559.0
2022-02-24 02:30:00,9559.0
2022-02-24 02:38:00,9559.0
2022-02-24 02:39:00,9554.5
2022-02-24 02:41:00,9554.5
2022-02-24 02:42:00,9554.5
2022-02-24 02:44:00,9554.5
2022-02-24 02:46:00,9554.5
2022-02-24 02:46:00,9554.5
2022-02-24 02:48:00,9554.5
2022-02-24 02:50:00,9554.5
2022-02-24 02:52:00,9554.5
2022-02-24 02:54:00,9554.5
2022-02-24 02:55:00,9530.0
2022-02-24 02:58:00,9530.0
2022-02-24 02:58:00,9530.0
2022-02-24 02:59:00,9530.0
2022-02-24 03:02:00,9530.0
2022-02-24 03:03:00,9530.0
2022-02-24 03:04:00,9530.0
2022-02-24 03:05:00,9530.0
2022-02-24 03:07:00,9530.0
2022-02-24 03:08:00,9530.0
2022-02-24 03:09:00,9530.0
2022-02-24 03:10:00,9530.0
2022-02-24 03:11:00,9530.0
2022-02-24 03:14:00,9515.5
2022-02-24 03:17:00,9501.0
2022-02-24 03:18:00,9486.5
2022-02-24 03:19:00,9486.5
2022-02-24 03:19:00,9486.5
2022-02-24 03:22:00,9486.5
2022-02-24 03:23:00,9486.5
2022-02-24 03:24:00,9486.5
2022-02-24 03:25:00,9486.5
2022-02-24 03:27:00,9486.5
2022-02-24 03:29:00,9486.5
2022-02-24 03:36:00,9486.5
2022-02-24 03:36:00,9486.5
2022-02-24 03:37:00,9486.5
2022-02-24 03:38:00,9486.5
2022-02-24 03:39:00,9472.0
2022-02-24 03:43:00,9472.0
2022-02-24 03:44:00,9472.0
2022-02-24 03:45:00,9472.0
2022-02-24 03:45:00,9472.0
2022-02-24 03:48:00,9472.0
2022-02-24 03:53:00,9472.0
2022-02-24 03:57:00,9472.0
2022-02-24 04:01:00,9472.0
2022-02-24 04:02:00,9472.0
2022-02-24 04:05:00,9472.0
2022-02-24 04:05:00,9472.0
2022-02-24 04:06:00,9472.0
2022-02-24 04:07:00,9472.0
2022-02-24 04:07:00,9472.0
2022-02-24 04:07:00,9457.5
2022-02-24 04:08:00,9457.5
2022-02-24 04:08:00,9457.5
2022-02-24 04:11:00,9457.5
2022-02-24 04:17:00,9457.5
2022-02-24 04:21:00,9423.0
2022-02-24 04:24:00,9423.0
2022-02-24 04:24:00,9423.0
2022-02-24 04:25:00,9423.0
2022-02-24 04:29:00,9423.0
2022-02-24 04:29:00,9423.0
2022-02-24 04:31:00,9423.0
2022-02-24 04:32:00,9423.0
2022-02-24 04:32:00,9423.0
2022-02-24 04:34:00,9423.0
2022-02-24 04:35:00,9423.0
2022-02-24 04:39:00,9423.0
2022-02-24 04:40:00,9423.0
2022-02-24 04:41:00,9423.0
2022-02-24 04:42:00,9423.0
2022-02-24 04:47:00,9423.0
2022-02-24 04:47:00,9423.0
2022-02-24 04:56:00,9423.0
2022-02-24 04:56:00,9423.0
2022-02-24 04:58:00,9423.0
2022-02-24 04:58:00,9423.0
2022-02-24 05:01:00,9423.0
2022-02-24 05:04:00,9423.0
2022-02-24 05:05:00,9423.0
2022-02-24 05:06:00,9423.0
2022-02-24 05:06:00,9423.0
2022-02-24 05:07:00,9423.0
2022-02-24 05:08:00,9423.0
2022-02-24 05:09:00,9423.0
2022-02-24 05:11:00,9423.0
2022-02-24 05:12:00,9423.0
2022-02-24 05:13:00,9423.0
2022-02-24 05:13:00,9423.0
2022-02-24 05:14:00,9423.0
2022-02-24 05:16:00,9423.0
2022-02-24 05:17:00,9423.0
2022-02-24 05:17:00,9423.0
2022-02-24 05:17:00,9423.0
2022-02-24 05:17:00,9423.0
2022-02-24 05:17:00,9423.0
2022-02-24 05:17:00,9423.0
2022-02-24 05:17:00,9423.0
2022-02-24 05:18:00,9423.0
2022-02-24 05:18:00,9423.0
2022-02-24 05:18:00,9423.0
2022-02-24 05:19:00,9423.0
2022-02-24 05:19:00,9423.0
2022-02-24 05:19:00,9423.0
2022-02-24 05:19:00,9423.0
2022-02-24 05:20:00,9423.0
2022-02-24 05:20:00,9423.0
2022-02-24 05:21:00,9423.0
2022-02-24 05:22:00,9423.0
2022-02-24 05:23:00,9423.0
2022-02-24 05:23:00,9423.0
2022-02-24 05:24:00,9423.0
2022-02-24 05:24:00,9423.0
2022-02-24 05:24:00,9423.0
2022-02-24 05:25:00,9423.0
2022-02-24 05:25:00,9423.0
2022-02-24 05:25:00,9423.0
2022-02-24 05:26:00,9423.0
2022-02-24 05:32:00,9423.0
2022-02-24 05:33:00,9423.0
2022-02-24 05:33:00,9423.0
2022-02-24 05:33:00,9423.0
2022-02-24 05:35:00,9638.5
2022-02-24 05:35:00,9638.5
2022-02-24 05:39:00,9638.5
2022-02-24 05:40:00,9638.5
2022-02-24 05:41:00,9594.0
2022-02-24 05:42:00,9594.0
2022-02-24 05:43:00,9594.0
2022-02-24 05:44:00,9594.0
2022-02-24 05:45:00,9594.0
2022-02-24 05:46:00,9594.0
2022-02-24 05:49:00,9594.0
2022-02-24 05:53:00,9594.0
2022-02-24 05:54:00,9594.0
2022-02-24 05:54:00,9594.0
2022-02-24 05:55:00,9594.0
2022-02-24 06:00:00,9594.0
2022-02-24 06:00:00,9594.0
2022-02-24 06:02:00,9594.0
2022-02-24 06:04:00,9594.0
2022-02-24 06:06:00,9594.0
2022-02-24 06:07:00,9594.0
2022-02-24 06:07:00,9594.0
2022-02-24 06:08:00,9594.0
2022-02-24 06:09:00,9594.0
2022-02-24 06:10:00,9594.0
2022-02-24 06:12:00,9579.5
2022-02-24 06:14:00,9579.5
2022-02-24 06:18:00,9555.0
2022-02-24 06:21:00,9540.5
2022-02-24 06:23:00,9526.0
2022-02-24 06:24:00,9526.0
2022-02-24 06:25:00,9526.0
2022-02-24 06:28:00,9526.0
2022-02-24 06:30:00,9526.0
2022-02-24 06:38:00,9526.0
2022-02-24 06:39:00,9526.0
2022-02-24 06:40:00,9511.5
2022-02-24 06:42:00,9511.5
2022-02-24 06:43:00,9511.5
2022-02-24 06:43:00,9511.5
2022-02-24 06:45:00,9511.5
2022-02-24 06:46:00,9511.5
2022-02-24 06:48:00,9511.5
2022-02-24 06:49:00,9511.5
2022-02-24 06:51:00,9511.5
2022-02-24 06:52:00,9511.5
2022-02-24 06:58:00,9511.5
2022-02-24 06:58:00,9511.5
2022-02-24 06:58:00,9511.5
2022-02-24 06:59:00,9511.5
2022-02-24 06:59:00,9511.5
2022-02-24 07:00:00,9511.5
2022-02-24 07:00:00,9511.5
2022-02-24 07:01:00,9511.5
2022-02-24 07:01:00,9511.5
2022-02-24 07:02:00,9511.5
2022-02-24 07:02:00,9511.5
2022-02-24 07:03:00,9511.5
2022-02-24 07:05:00,9511.5
2022-02-24 07:05:00,9511.5
2022-02-24 07:07:00,9511.5
2022-02-24 07:10:00,9511.5
2022-02-24 07:11:00,9511.5
2022-02-24 07:11:00,9511.5
2022-02-24 07:12:00,9511.5
2022-02-24 07:13:00,9511.5
2022-02-24 07:13:00,9511.5
2022-02-24 07:13:00,9511.5
2022-02-24 07:15:00,9511.5
2022-02-24 07:17:00,9511.5
2022-02-24 07:17:00,9511.5
2022-02-24 07:17:00,9511.5
2022-02-24 07:18:00,9511.5
2022-02-24 07:18:00,9511.5
2022-02-24 07:18:00,9511.5
2022-02-24 07:19:00,9511.5
2022-02-24 07:20:00,9511.5
2022-02-24 07:20:00,9511.5
2022-02-24 07:22:00,9511.5
2022-02-24 07:22:00,9511.5
2022-02-24 07:22:00,9511.5
2022-02-24 07:22:00,9511.5
2022-02-24 07:22:00,9511.5
2022-02-24 07:22:00,9511.5
2022-02-24 07:22:00,9511.5
2022-02-24 07:22:00,9511.5
2022-02-24 07:23:00,9511.5
2022-02-24 07:23:00,9511.5
2022-02-24 07:24:00,9511.5
2022-02-24 07:24:00,9511.5
2022-02-24 07:25:00,9511.5
2022-02-24 07:26:00,9511.5
2022-02-24 07:26:00,9511.5
2022-02-24 07:28:00,9511.5
2022-02-24 07:30:00,9647.0
2022-02-24 07:32:00,9647.0
2022-02-24 07:32:00,9647.0
2022-02-24 07:33:00,9647.0
2022-02-24 07:33:00,9647.0
2022-02-24 07:35:00,9647.0
2022-02-24 07:35:00,9647.0
2022-02-24 07:36:00,9647.0
2022-02-24 07:37:00,9647.0
2022-02-24 07:37:00,9647.0
2022-02-24 07:40:00,9647.0
2022-02-24 07:43:00,9647.0
2022-02-24 07:44:00,9647.0
2022-02-24 07:45:00,9647.0
2022-02-24 07:47:00,9647.0
2022-02-24 07:48:00,9647.0
2022-02-24 07:48:00,9647.0
2022-02-24 07:50:00,9647.0
2022-02-24 07:50:00,9647.0
2022-02-24 07:52:00,9647.0
2022-02-24 07:52:00,9647.0
2022-02-24 07:56:00,9647.0
2022-02-24 08:00:00,9647.0
2022-02-24 08:01:00,9647.0
2022-02-24 08:02:00,9647.0
2022-02-24 08:03:00,9647.0
2022-02-24 08:03:00,9647.0
2022-02-24 08:03:00,9647.0
2022-02-24 08:04:00,9647.0
2022-02-24 08:05:00,9647.0
2022-02-24 08:05:00,9647.0
2022-02-24 08:06:00,9647.0
2022-02-24 08:07:00,9647.0
2022-02-24 08:08:00,9647.0
2022-02-24 08:09:00,9647.0
2022-02-24 08:10:00,9647.0
2022-02-24 08:10:00,9647.0
2022-02-24 08:13:00,9647.0
2022-02-24 08:15:00,9647.0
2022-02-24 08:19:00,9712.5
2022-02-24 08:22:00,9698.0
2022-02-24 08:24:00,9698.0
2022-02-24 08:25:00,9698.0
2022-02-24 08:26:00,9698.0
2022-02-24 08:27:00,9698.0
2022-02-24 08:30:00,9698.0
2022-02-24 08:31:00,9698.0
2022-02-24 08:32:00,9698.0
2022-02-24 08:33:00,9698.0
2022-02-24 08:34:00,9698.0
2022-02-24 08:35:00,9693.5
2022-02-24 08:36:00,9693.5
2022-02-24 08:36:00,9693.5
2022-02-24 08:37:00,9693.5
2022-02-24 08:42:00,9693.5
2022-02-24 08:43:00,9693.5
2022-02-24 08:44:00,9693.5
2022-02-24 08:45:00,9693.5
2022-02-24 08:47:00,9693.5
2022-02-24 08:47:00,9693.5
2022-02-24 08:48:00,9693.5
2022-02-24 08:49:00,9693.5
2022-02-24 08:51:00,9693.5
2022-02-24 08:52:00,9693.5
2022-02-24 08:56:00,9693.5
2022-02-24 08:58:00,9693.5
2022-02-24 09:00:00,9693.5
2022-02-24 09:04:00,9693.5
2022-02-24 09:06:00,9693.5
2022-02-24 09:06:00,9693.5
2022-02-24 09:07:00,9709.0
2022-02-24 09:08:00,9709.0
2022-02-24 09:08:00,9709.0
2022-02-24 09:10:00,9709.0
2022-02-24 09:11:00,9664.5
2022-02-24 09:11:00,9664.5
2022-02-24 09:11:00,9664.5
2022-02-24 09:12:00,9664.5
2022-02-24 09:13:00,9664.5
2022-02-24 09:14:00,9664.5
2022-02-24 09:16:00,9664.5
2022-02-24 09:17:00,9664.5
2022-02-24 09:18:00,9664.5
2022-02-24 09:20:00,9664.5
2022-02-24 09:21:00,9664.5
2022-02-24 09:28:00,9664.5
2022-02-24 09:29:00,9664.5
2022-02-24 09:30:00,9664.5
2022-02-24 09:30:00,9664.5
2022-02-24 09:30:00,9664.5
2022-02-24 09:31:00,9664.5
2022-02-24 09:32:00,9664.5
2022-02-24 09:33:00,9664.5
2022-02-24 09:33:00,9664.5
2022-02-24 09:33:00,9664.5
2022-02-24 09:33:00,9664.5
2022-02-24 09:33:00,9664.5
2022-02-24 09:33:00,9664.5
2022-02-24 09:33:00,9664.5
2022-02-24 09:33:00,9664.5
2022-02-24 09:34:00,9664.5
2022-02-24 09:34:00,9664.5
2022-02-24 09:34:00,9664.5
2022-02-24 09:34:00,9664.5
2022-02-24 09:34:00,9664.5
2022-02-24 09:35:00,9664.5
2022-02-24 09:35:00,9664.5
2022-02-24 09:35:00,9664.5
2022-02-24 09:36:00,9664.5
2022-02-24 09:37:00,9664.5
2022-02-24 09:37:00,9664.5
2022-02-24 09:38:00,9664.5
2022-02-24 09:38:00,9664.5
2022-02-24 09:39:00,9664.5
2022-02-24 09:39:00,9664.5
2022-02-24 09:39:00,9664.5
2022-02-24 09:40:00,9664.5
2022-02-24 09:40:00,9664.5
2022-02-24 09:40:00,9664.5
2022-02-24 09:41:00,9664.5
2022-02-24 09:41:00,9664.5
2022-02-24 09:41:00,9664.5
2022-02-24 09:41:00,9664.5
2022-02-24 09:41:00,9664.5
2022-02-24 09:41:00,9664.5
2022-02-24 09:42:00,9664.5
2022-02-24 09:42:00,9664.5
2022-02-24 09:42:00,9664.5
2022-02-24 09:42:00,9664.5
2022-02-24 09:43:00,9664.5
2022-02-24 09:43:00,9664.5
2022-02-24 09:44:00,9664.5
2022-02-24 09:44:00,9664.5
2022-02-24 09:45:00,9664.5
2022-02-24 09:46:00,9664.5
2022-02-24 09:47:00,9664.5
2022-02-24 09:47:00,9664.5
2022-02-24 09:49:00,9664.5
2022-02-24 09:50:00,9664.5
2022-02-24 09:51:00,9664.5
2022-02-24 09:52:00,9664.5
2022-02-24 09:53:00,9664.5
2022-02-24 09:53:00,9664.5
2022-02-24 09:55:00,9664.5
2022-02-24 09:55:00,9664.5
2022-02-24 09:56:00,9664.5
2022-02-24 09:57:00,9664.5
2022-02-24 09:58:00,9664.5
2022-02-24 09:59:00,9664.5
2022-02-24 10:00:00,9664.5
2022-02-24 10:01:00,9664.5
2022-02-24 10:02:00,9890.0
2022-02-24 10:02:00,9890.0
2022-02-24 10:02:00,9890.0
2022-02-24 10:03:00,9890.0
2022-02-24 10:03:00,9890.0
2022-02-24 10:04:00,9890.0
2022-02-24 10:04:00,9890.0
2022-02-24 10:04:00,9890.0
2022-02-24 10:05:00,9890.0
2022-02-24 10:05:00,9890.0
2022-02-24 10:06:00,9890.0
2022-02-24 10:06:00,9890.0
2022-02-24 10:07:00,9890.0
2022-02-24 10:08:00,9890.0
2022-02-24 10:10:00,9890.0
2022-02-24 10:12:00,9890.0
2022-02-24 10:12:00,9890.0
2022-02-24 10:13:00,9890.0
2022-02-24 10:13:00,9885.5
2022-02-24 10:14:00,9885.5
2022-02-24 10:15:00,9885.5
2022-02-24 10:16:00,9885.5
2022-02-24 10:16:00,9885.5
2022-02-24 10:16:00,9885.5
2022-02-24 10:16:00,9885.5
2022-02-24 10:17:00,9885.5
2022-02-24 10:17:00,9885.5
2022-02-24 10:17:00,9885.5
2022-02-24 10:18:00,9885.5
2022-02-24 10:18:00,9885.5
2022-02-24 10:18:00,9885.5
2022-02-24 10:18:00,9885.5
2022-02-24 10:18:00,9885.5
2022-02-24 10:18:00,9885.5
2022-02-24 10:18:00,9885.5
2022-02-24 10:18:00,9885.5
2022-02-24 10:19:00,9885.5
2022-02-24 10:19:00,9885.5
2022-02-24 10:20:00,9885.5
2022-02-24 10:20:00,9885.5
2022-02-24 10:20:00,9885.5
2022-02-24 10:20:00,9885.5
2022-02-24 10:20:00,9885.5
2022-02-24 10:20:00,9885.5
2022-02-24 10:20:00,9885.5
2022-02-24 10:20:00,9885.5
2022-02-24 10:21:00,9885.5
2022-02-24 10:21:00,9885.5
2022-02-24 10:21:00,9885.5
2022-02-24 10:21:00,9885.5
2022-02-24 10:21:00,9885.5
2022-02-24 10:22:00,9885.5
2022-02-24 10:22:00,9885.5
2022-02-24 10:23:00,9885.5
2022-02-24 10:23:00,10021.0
2022-02-24 10:24:00,10021.0
2022-02-24 10:24:00,10021.0
2022-02-24 10:25:00,10021.0
2022-02-24 10:25:00,10021.0
2022-02-24 10:26:00,10021.0
2022-02-24 10:26:00,10021.0
2022-02-24 10:27:00,10021.0
2022-02-24 10:28:00,10021.0
2022-02-24 10:28:00,10021.0
2022-02-24 10:29:00,10021.0
2022-02-24 10:29:00,10021.0
2022-02-24 10:30:00,10021.0
2022-02-24 10:30:00,10021.0
2022-02-24 10:31:00,10021.0
2022-02-24 10:31:00,10021.0
2022-02-24 10:32:00,10021.0
2022-02-24 10:33:00,10021.0
2022-02-24 10:34:00,10021.0
2022-02-24 10:35:00,10021.0
2022-02-24 10:36:00,10021.0
2022-02-24 10:39:00,10021.0
2022-02-24 10:42:00,10021.0
2022-02-24 10:43:00,10021.0
2022-02-24 10:43:00,10021.0
2022-02-24 10:44:00,10021.0
2022-02-24 10:44:00,10021.0
2022-02-24 10:45:00,10021.0
2022-02-24 10:46:00,10021.0
2022-02-24 10:46:00,10021.0
2022-02-24 10:47:00,10021.0
2022-02-24 10:48:00,10026.5
2022-02-24 10:48:00,10026.5
2022-02-24 10:51:00,10026.5
2022-02-24 10:53:00,9992.0
2022-02-24 10:54:00,9977.5
2022-02-24 10:55:00,9977.5
2022-02-24 10:56:00,9977.5
2022-02-24 10:57:00,9963.0
2022-02-24 10:58:00,9963.0
2022-02-24 10:58:00,9963.0
2022-02-24 10:59:00,9963.0
2022-02-24 11:00:00,9963.0
2022-02-24 11:01:00,9963.0
2022-02-24 11:03:00,9963.0
2022-02-24 11:04:00,9963.0
2022-02-24 11:05:00,9963.0
2022-02-24 11:06:00,9963.0
2022-02-24 11:09:00,9963.0
2022-02-24 11:10:00,9963.0
2022-02-24 11:11:00,9963.0
2022-02-24 11:11:00,9963.0
2022-02-24 11:12:00,9963.0
2022-02-24 11:12:00,9948.5
2022-02-24 11:13:00,9948.5
2022-02-24 11:16:00,9948.5
2022-02-24 11:16:00,9948.5
2022-02-24 11:17:00,9948.5
2022-02-24 11:17:00,9948.5
2022-02-24 11:18:00,9948.5
2022-02-24 11:19:00,9948.5
2022-02-24 11:19:00,9948.5
2022-02-24 11:20:00,9948.5
2022-02-24 11:21:00,9948.5
2022-02-24 11:22:00,9948.5
2022-02-24 11:23:00,9948.5
2022-02-24 11:24:00,9948.5
2022-02-24 11:24:00,9948.5
2022-02-24 11:27:00,9948.5
2022-02-24 11:30:00,9948.5
2022-02-24 11:31:00,9948.5
2022-02-24 11:35:00,9948.5
2022-02-24 11:39:00,9948.5
2022-02-24 11:41:00,9948.5
2022-02-24 11:41:00,9948.5
2022-02-24 11:43:00,9948.5
2022-02-24 11:43:00,9948.5
2022-02-24 11:45:00,9948.5
2022-02-24 11:48:00,9954.0
2022-02-24 11:49:00,9939.5
2022-02-24 11:52:00,9925.0
2022-02-24 11:54:00,9910.5
2022-02-24 11:55:00,9910.5
2022-02-24 11:57:00,9910.5
2022-02-24 12:00:00,9910.5
2022-02-24 12:02:00,9910.5
2022-02-24 12:04:00,9910.5
2022-02-24 12:05:00,9910.5
2022-02-24 12:06:00,9910.5
2022-02-24 12:06:00,9910.5
2022-02-24 12:07:00,9910.5
2022-02-24 12:08:00,9910.5
2022-02-24 12:09:00,9910.5
2022-02-24 12:10:00,9910.5
2022-02-24 12:10:00,9910.5
2022-02-24 12:12:00,9910.5
2022-02-24 12:14:00,9910.5
2022-02-24 12:17:00,9906.0
2022-02-24 12:21:00,9906.0
2022-02-24 12:27:00,9906.0
2022-02-24 12:28:00,9906.0
2022-02-24 12:37:00,9906.0
2022-02-24 12:42:00,9906.0
2022-02-24 12:43:00,9906.0
2022-02-24 12:46:00,9906.0
2022-02-24 12:52:00,9906.0
2022-02-24 13:00:00,9906.0
2022-02-24 13:02:00,9906.0
2022-02-24 13:08:00,9906.0
2022-02-24 13:09:00,9906.0
2022-02-24 13:11:00,9906.0
2022-02-24 13:13:00,9906.0
2022-02-24 13:21:00,9906.0
2022-02-24 13:23:00,9906.0
2022-02-24 13:23:00,9906.0
2022-02-24 13:24:00,9906.0
2022-02-24 13:26:00,9906.0
2022-02-24 13:28:00,9901.5
2022-02-24 13:29:00,9887.0
2022-02-24 13:30:00,9887.0
2022-02-24 13:31:00,9887.0
2022-02-24 13:32:00,9887.0
2022-02-24 13:33:00,9887.0
2022-02-24 13:35:00,9887.0
2022-02-24 13:37:00,9887.0
2022-02-24 13:37:00,9887.0
2022-02-24 13:38:00,9862.5
2022-02-24 13:40:00,9862.5
2022-02-24 13:42:00,9862.5
2022-02-24 13:44:00,9862.5
2022-02-24 13:44:00,9862.5
2022-02-24 13:45:00,9862.5
2022-02-24 13:46:00,9818.0
2022-02-24 13:48:00,9818.0
2022-02-24 13:48:00,9818.0
2022-02-24 13:49:00,9783.5
2022-02-24 13:49:00,9783.5
2022-02-24 13:49:00,9783.5
2022-02-24 13:50:00,9783.5
2022-02-24 13:51:00,9783.5
2022-02-24 13:52:00,9783.5
2022-02-24 13:53:00,9783.5
2022-02-24 13:54:00,9783.5
2022-02-24 13:55:00,9783.5
2022-02-24 13:57:00,9783.5
2022-02-24 13:59:00,9783.5
2022-02-24 14:04:00,9783.5
2022-02-24 14:05:00,9783.5
2022-02-24 14:05:00,9783.5
2022-02-24 14:06:00,9783.5
2022-02-24 14:07:00,9783.5
2022-02-24 14:07:00,9783.5
2022-02-24 14:07:00,9783.5
2022-02-24 14:07:00,9783.5
2022-02-24 14:09:00,9783.5
2022-02-24 14:09:00,9783.5
2022-02-24 14:09:00,9783.5
2022-02-24 14:09:00,9783.5
2022-02-24 14:09:00,9783.5
2022-02-24 14:09:00,9783.5
2022-02-24 14:10:00,9783.5
2022-02-24 14:10:00,9783.5
2022-02-24 14:10:00,9783.5
2022-02-24 14:10:00,9783.5
2022-02-24 14:11:00,9783.5
2022-02-24 14:11:00,9783.5
2022-02-24 14:11:00,9783.5
2022-02-24 14:12:00,9783.5
2022-02-24 14:13:00,9783.5
2022-02-24 14:13:00,9783.5
2022-02-24 14:13:00,9783.5
2022-02-24 14:14:00,9783.5
2022-02-24 14:14:00,9783.5
2022-02-24 14:14:00,9783.5
2022-02-24 14:14:00,9783.5
2022-02-24 14:15:00,9783.5
2022-02-24 14:15:00,9783.5
2022-02-24 14:15:00,9783.5
2022-02-24 14:15:00,9783.5
2022-02-24 14:16:00,9783.5
2022-02-24 14:16:00,9783.5
2022-02-24 14:16:00,9783.5
2022-02-24 14:16:00,9783.5
2022-02-24 14:17:00,9783.5
2022-02-24 14:19:00,9783.5
2022-02-24 14:19:00,9783.5
2022-02-24 14:20:00,9783.5
2022-02-24 14:20:00,9783.5
2022-02-24 14:20:00,9783.5
2022-02-24 14:20:00,9783.5
2022-02-24 14:20:00,9783.5
2022-02-24 14:20:00,9783.5
2022-02-24 14:20:00,9783.5
2022-02-24 14:21:00,9783.5
2022-02-24 14:21:00,9783.5
2022-02-24 14:21:00,9783.5
2022-02-24 14:21:00,9783.5
2022-02-24 14:23:00,9783.5
2022-02-24 14:24:00,9783.5
2022-02-24 14:24:00,9783.5
2022-02-24 14:25:00,9783.5
2022-02-24 14:26:00,9783.5
2022-02-24 14:27:00,9783.5
2022-02-24 14:27:00,9783.5
2022-02-24 14:27:00,9783.5
2022-02-24 14:27:00,9783.5
2022-02-24 14:27:00,9783.5
2022-02-24 14:27:00,9783.5
2022-02-24 14:27:00,9783.5
2022-02-24 14:27:00,9783.5
2022-02-24 14:28:00,9783.5
2022-02-24 14:28:00,9783.5
2022-02-24 14:29:00,9783.5
2022-02-24 14:30:00,9783.5
2022-02-24 14:30:00,9783.5
2022-02-24 14:31:00,9783.5
2022-02-24 14:32:00,9783.5
2022-02-24 14:33:00,9783.5
2022-02-24 14:33:00,9783.5
2022-02-24 14:33:00,9783.5
2022-02-24 14:33:00,9783.5
2022-02-24 14:34:00,9783.5
2022-02-24 14:34:00,9783.5
2022-02-24 14:35:00,9783.5
2022-02-24 14:35:00,9783.5
2022-02-24 14:35:00,9783.5
2022-02-24 14:36:00,9783.5
2022-02-24 14:36:00,9783.5
2022-02-24 14:37:00,9783.5
2022-02-24 14:37:00,9783.5
2022-02-24 14:37:00,9783.5
2022-02-24 14:37:00,9783.5
2022-02-24 14:37:00,9783.5
2022-02-24 14:37:00,9783.5
2022-02-24 14:37:00,9783.5
2022-02-24 14:38:00,9783.5
2022-02-24 14:38:00,9783.5
2022-02-24 14:38:00,9783.5
2022-02-24 14:38:00,9783.5
2022-02-24 14:38:00,9783.5
2022-02-24 14:38:00,9783.5
2022-02-24 14:39:00,9783.5
2022-02-24 14:40:00,10149.0
2022-02-24 14:41:00,10149.0
2022-02-24 14:41:00,10149.0
2022-02-24 14:44:00,10149.0
2022-02-24 14:44:00,10149.0
2022-02-24 14:45:00,10149.0
2022-02-24 14:48:00,10149.0
2022-02-24 14:48:00,10149.0
2022-02-24 14:49:00,10149.0
2022-02-24 14:49:00,10149.0
2022-02-24 14:50:00,10149.0
2022-02-24 14:51:00,10149.0
2022-02-24 14:51:00,10149.0
2022-02-24 14:52:00,10149.0
2022-02-24 14:53:00,10149.0
2022-02-24 14:53:00,10149.0
2022-02-24 14:54:00,10149.0
2022-02-24 14:56:00,10149.0
2022-02-24 14:56:00,10149.0
2022-02-24 14:57:00,10149.0
2022-02-24 14:57:00,10149.0
2022-02-24 14:57:00,10149.0
2022-02-24 14:58:00,10149.0
2022-02-24 14:59:00,10149.0
2022-02-24 14:59:00,10149.0
2022-02-24 15:00:00,10149.0
2022-02-24 15:02:00,10149.0
2022-02-24 15:02:00,10154.5
2022-02-24 15:02:00,10154.5
2022-02-24 15:03:00,10154.5
2022-02-24 15:03:00,10154.5
2022-02-24 15:04:00,10154.5
2022-02-24 15:04:00,10154.5
2022-02-24 15:05:00,10154.5
2022-02-24 15:06:00,10154.5
2022-02-24 15:06:00,10154.5
2022-02-24 15:06:00,10154.5
2022-02-24 15:07:00,10154.5
2022-02-24 15:08:00,10154.5
2022-02-24 15:09:00,10154.5
2022-02-24 15:11:00,10154.5
2022-02-24 15:12:00,10154.5
2022-02-24 15:14:00,10154.5
2022-02-24 15:14:00,10154.5
2022-02-24 15:15:00,10154.5
2022-02-24 15:16:00,10150.0
2022-02-24 15:17:00,10150.0
2022-02-24 15:19:00,10150.0
2022-02-24 15:19:00,10150.0
2022-02-24 15:20:00,10150.0
2022-02-24 15:20:00,10150.0
2022-02-24 15:21:00,10150.0
2022-02-24 15:22:00,10150.0
2022-02-24 15:24:00,10150.0
2022-02-24 15:25:00,10150.0
2022-02-24 15:27:00,10150.0
2022-02-24 15:27:00,10150.0
2022-02-24 15:27:00,10150.0
2022-02-24 15:28:00,10150.0
2022-02-24 15:28:00,10150.0
2022-02-24 15:29:00,10150.0
2022-02-24 15:31:00,10150.0
2022-02-24 15:32:00,10150.0
2022-02-24 15:35:00,10150.0
2022-02-24 15:35:00,10150.0
2022-02-24 15:37:00,10150.0
2022-02-24 15:38:00,10150.0
2022-02-24 15:38:00,10150.0
2022-02-24 15:41:00,10150.0
2022-02-24 15:42:00,10150.0
2022-02-24 15:43:00,10150.0
2022-02-24 15:43:00,10150.0
2022-02-24 15:47:00,10150.0
2022-02-24 15:58:00,10150.0
2022-02-24 16:00:00,10150.0
2022-02-24 16:01:00,10150.0
2022-02-24 16:02:00,10150.0
2022-02-24 16:05:00,10150.0
2022-02-24 16:07:00,10150.0
2022-02-24 16:07:00,10150.0
2022-02-24 16:10:00,10150.0
2022-02-24 16:12:00,10150.0
2022-02-24 16:12:00,10150.0
2022-02-24 16:12:00,10150.0
2022-02-24 16:13:00,10150.0
2022-02-24 16:14:00,10150.0
2022-02-24 16:14:00,10150.0
2022-02-24 16:17:00,10150.0
2022-02-24 16:19:00,10150.0
2022-02-24 16:21:00,10150.0
2022-02-24 16:21:00,10150.0
2022-02-24 16:24:00,10150.0
2022-02-24 16:25:00,10150.0
2022-02-24 16:27:00,10150.0
2022-02-24 16:28:00,10150.0
2022-02-24 16:28:00,10150.0
2022-02-24 16:29:00,10150.0
2022-02-24 16:29:00,10150.0
2022-02-24 16:29:00,10150.0
2022-02-24 16:45:00,10150.0
2022-02-24 16:51:00,10150.0
2022-02-24 16:54:00,10150.0
2022-02-24 18:00:00,10150.0
2022-02-24 18:01:00,10150.0
2022-02-24 18:01:00,10150.0
2022-02-24 18:02:00,10150.0
2022-02-24 18:04:00,10150.0
2022-02-24 18:06:00,10150.0
2022-02-24 18:08:00,10150.0
2022-02-24 18:15:00,10150.0
2022-02-24 18:18:00,10150.0
2022-02-24 18:18:00,10150.0
2022-02-24 18:19:00,10150.0
2022-02-24 18:19:00,10150.0
2022-02-24 18:20:00,10150.0
2022-02-24 18:21:00,10150.0
2022-02-24 18:23:00,10150.0
2022-02-24 18:24:00,10150.0
2022-02-24 18:24:00,10150.0
2022-02-24 18:26:00,10150.0
2022-02-24 18:28:00,10150.0
2022-02-24 18:28:00,10150.0
2022-02-24 18:32:00,10150.0
2022-02-24 18:33:00,10150.0
2022-02-24 18:35:00,10150.0
2022-02-24 18:40:00,10150.0
2022-02-24 18:41:00,10150.0
2022-02-24 18:41:00,10150.0
2022-02-24 18:41:00,10355.5
2022-02-24 18:43:00,10355.5
2022-02-24 18:50:00,10355.5
2022-02-24 18:51:00,10355.5
2022-02-24 18:51:00,10355.5
2022-02-24 18:52:00,10355.5
2022-02-24 18:53:00,10355.5
2022-02-24 18:55:00,10355.5
2022-02-24 19:00:00,10355.5
2022-02-24 19:01:00,10355.5
2022-02-24 19:01:00,10355.5
2022-02-24 19:03:00,10355.5
2022-02-24 19:05:00,10355.5
2022-02-24 19:12:00,10355.5
2022-02-24 19:21:00,10355.5
2022-02-24 19:24:00,10355.5
2022-02-24 19:27:00,10355.5
2022-02-24 19:32:00,10341.0
2022-02-24 19:33:00,10341.0
2022-02-24 19:34:00,10341.0
2022-02-24 19:38:00,10341.0
2022-02-24 19:43:00,10341.0
2022-02-24 19:46:00,10341.0
2022-02-24 19:48:00,10341.0
2022-02-24 19:51:00,10341.0
2022-02-24 19:52:00,10341.0
2022-02-24 19:52:00,10341.0
2022-02-24 19:54:00,10341.0
2022-02-24 19:59:00,10341.0
2022-02-24 20:00:00,10341.0
2022-02-24 20:00:00,10341.0
2022-02-24 20:01:00,10341.0
2022-02-24 20:01:00,10341.0
2022-02-24 20:01:00,10341.0
2022-02-24 20:02:00,10341.0
2022-02-24 20:02:00,10341.0
2022-02-24 20:03:00,10341.0
2022-02-24 20:04:00,10341.0
2022-02-24 20:05:00,10341.0
2022-02-24 20:05:00,10341.0
2022-02-24 20:05:00,10341.0
2022-02-24 20:07:00,10341.0
2022-02-24 20:07:00,10341.0
2022-02-24 20:07:00,10341.0
2022-02-24 20:07:00,10341.0
2022-02-24 20:08:00,10341.0
2022-02-24 20:08:00,10341.0
2022-02-24 20:08:00,10341.0
2022-02-24 20:08:00,10341.0
2022-02-24 20:09:00,10341.0
2022-02-24 20:10:00,10341.0
2022-02-24 20:12:00,10341.0
2022-02-24 20:13:00,10341.0
2022-02-24 20:15:00,10341.0
2022-02-24 20:16:00,10406.5
2022-02-24 20:19:00,10406.5
2022-02-24 20:22:00,10406.5
2022-02-24 20:24:00,10406.5
2022-02-24 20:24:00,10406.5
2022-02-24 20:25:00,10406.5
2022-02-24 20:26:00,10406.5
2022-02-24 20:27:00,10406.5
2022-02-24 20:29:00,10406.5
2022-02-24 20:30:00,10406.5
2022-02-24 20:31:00,10406.5
2022-02-24 20:33:00,10406.5
2022-02-24 20:34:00,10406.5
2022-02-24 20:36:00,10406.5
2022-02-24 20:39:00,10406.5
2022-02-24 20:40:00,10406.5
2022-02-24 20:42:00,10406.5
2022-02-24 20:43:00,10406.5
2022-02-24 20:48:00,10406.5
2022-02-24 20:52:00,10406.5
2022-02-24 20:58:00,10406.5
2022-02-24 21:10:00,10406.5
2022-02-24 21:21:00,10406.5
2022-02-24 21:22:00,10406.5
2022-02-24 21:26:00,10442.0
2022-02-24 21:26:00,10442.0
2022-02-24 21:32:00,10442.0
2022-02-24 21:34:00,10442.0
2022-02-24 21:38:00,10442.0
2022-02-24 21:40:00,10442.0
2022-02-24 21:42:00,10442.0
2022-02-24 21:43:00,10442.0
2022-02-24 21:45:00,10442.0
2022-02-24 21:52:00,10442.0
2022-02-24 22:02:00,10442.0
2022-02-24 22:11:00,10442.0
2022-02-24 22:14:00,10442.0
2022-02-24 22:19:00,10442.0
2022-02-24 22:21:00,10442.0
2022-02-24 22:29:00,10442.0
2022-02-24 22:48:00,10442.0
2022-02-24 22:48:00,10442.0
2022-02-24 22:49:00,10442.0
2022-02-24 22:50:00,10442.0
2022-02-24 22:51:00,10442.0
2022-02-24 22:55:00,10442.0
2022-02-24 22:58:00,10442.0
2022-02-24 23:21:00,10442.0
2022-02-24 23:26:00,10442.0
2022-02-24 23:51:00,10447.5
2022-02-24 23:57:00,10447.5
2022-02-25 00:03:00,10447.5
2022-02-25 00:04:00,10447.5
2022-02-25 00:08:00,10447.5
2022-02-25 00:22:00,10447.5
2022-02-25 00:30:00,10447.5
2022-02-25 00:32:00,10447.5
2022-02-25 00:41:00,10447.5
2022-02-25 00:45:00,10447.5
2022-02-25 00:49:00,10423.0
2022-02-25 00:52:00,10423.0
2022-02-25 01:07:00,10423.0
2022-02-25 01:24:00,10423.0
2022-02-25 01:37:00,10423.0
2022-02-25 01:39:00,10423.0
2022-02-25 01:55:00,10423.0
2022-02-25 01:57:00,10423.0
2022-02-25 01:59:00,10423.0
2022-02-25 02:01:00,10423.0
2022-02-25 02:04:00,10423.0
2022-02-25 02:06:00,10423.0
2022-02-25 02:13:00,10423.0
2022-02-25 02:15:00,10423.0
2022-02-25 02:19:00,10423.0
2022-02-25 02:23:00,10423.0
2022-02-25 02:29:00,10423.0
2022-02-25 02:32:00,10423.0
2022-02-25 02:37:00,10423.0
2022-02-25 02:43:00,10423.0
2022-02-25 02:43:00,10423.0
2022-02-25 02:44:00,10428.5
2022-02-25 02:45:00,10428.5
2022-02-25 02:53:00,10428.5
2022-02-25 02:59:00,10428.5
2022-02-25 03:01:00,10428.5
2022-02-25 03:04:00,10428.5
2022-02-25 03:05:00,10428.5
2022-02-25 03:06:00,10428.5
2022-02-25 03:09:00,10428.5
2022-02-25 03:10:00,10428.5
2022-02-25 03:11:00,10428.5
2022-02-25 03:14:00,10428.5
2022-02-25 03:16:00,10428.5
2022-02-25 03:16:00,10428.5
2022-02-25 03:17:00,10428.5
2022-02-25 03:18:00,10428.5
2022-02-25 03:19:00,10428.5
2022-02-25 03:21:00,10428.5
2022-02-25 03:22:00,10428.5
2022-02-25 03:24:00,10428.5
2022-02-25 03:25:00,10428.5
2022-02-25 03:26:00,10428.5
2022-02-25 03:27:00,10428.5
2022-02-25 03:27:00,10428.5
2022-02-25 03:33:00,10428.5
2022-02-25 03:35:00,10428.5
2022-02-25 03:36:00,10444.0
2022-02-25 03:40:00,10444.0
2022-02-25 03:41:00,10444.0
2022-02-25 03:42:00,10444.0
2022-02-25 03:47:00,10444.0
2022-02-25 03:48:00,10444.0
2022-02-25 03:49:00,10444.0
2022-02-25 03:50:00,10429.5
2022-02-25 03:52:00,10415.0
2022-02-25 03:53:00,10400.5
2022-02-25 03:56:00,10400.5
2022-02-25 03:57:00,10400.5
2022-02-25 04:01:00,10400.5
2022-02-25 04:07:00,10400.5
2022-02-25 04:08:00,10400.5
2022-02-25 04:09:00,10400.5
2022-02-25 04:11:00,10400.5
2022-02-25 04:13:00,10400.5
2022-02-25 04:17:00,10400.5
2022-02-25 04:18:00,10400.5
2022-02-25 04:24:00,10400.5
2022-02-25 04:27:00,10400.5
2022-02-25 04:28:00,10400.5
2022-02-25 04:30:00,10400.5
2022-02-25 04:31:00,10400.5
2022-02-25 04:31:00,10400.5
2022-02-25 04:35:00,10400.5
2022-02-25 04:39:00,10400.5
2022-02-25 04:49:00,10400.5
2022-02-25 04:52:00,10400.5
2022-02-25 04:57:00,10400.5
2022-02-25 05:11:00,10400.5
2022-02-25 05:16:00,10400.5
2022-02-25 05:20:00,10400.5
2022-02-25 05:23:00,10400.5
2022-02-25 05:24:00,10400.5
2022-02-25 05:25:00,10400.5
2022-02-25 05:27:00,10400.5
2022-02-25 05:30:00,10400.5
2022-02-25 05:30:00,10400.5
2022-02-25 05:31:00,10400.5
2022-02-25 05:33:00,10400.5
2022-02-25 05:35:00,10400.5
2022-02-25 05:40:00,10400.5
2022-02-25 05:50:00,10400.5
2022-02-25 05:55:00,10416.0
2022-02-25 06:00:00,10416.0
2022-02-25 06:00:00,10416.0
2022-02-25 06:02:00,10416.0
2022-02-25 06:03:00,10416.0
2022-02-25 06:07:00,10416.0
2022-02-25 06:08:00,10416.0
2022-02-25 06:14:00,10416.0
2022-02-25 06:15:00,10416.0
2022-02-25 06:19:00,10416.0
2022-02-25 06:22:00,10391.5
2022-02-25 06:24:00,10391.5
2022-02-25 06:24:00,10391.5
2022-02-25 06:25:00,10391.5
2022-02-25 06:26:00,10391.5
2022-02-25 06:26:00,10391.5
2022-02-25 06:27:00,10391.5
2022-02-25 06:28:00,10391.5
2022-02-25 06:28:00,10391.5
2022-02-25 06:28:00,10391.5
2022-02-25 06:29:00,10391.5
2022-02-25 06:31:00,10391.5
2022-02-25 06:39:00,10391.5
2022-02-25 06:40:00,10391.5
2022-02-25 06:40:00,10391.5
2022-02-25 06:40:00,10391.5
2022-02-25 06:40:00,10391.5
2022-02-25 06:40:00,10391.5
2022-02-25 06:41:00,10391.5
2022-02-25 06:41:00,10391.5
2022-02-25 06:41:00,10391.5
2022-02-25 06:42:00,10391.5
2022-02-25 06:43:00,10391.5
2022-02-25 06:43:00,10391.5
2022-02-25 06:43:00,10391.5
2022-02-25 06:44:00,10391.5
2022-02-25 06:45:00,10391.5
2022-02-25 06:46:00,10391.5
2022-02-25 06:47:00,10391.5
2022-02-25 06:47:00,10391.5
2022-02-25 06:49:00,10391.5
2022-02-25 06:52:00,10391.5
2022-02-25 06:55:00,10467.0
2022-02-25 06:59:00,10467.0
2022-02-25 07:00:00,10467.0
2022-02-25 07:02:00,10467.0
2022-02-25 07:03:00,10467.0
2022-02-25 07:04:00,10467.0
2022-02-25 07:10:00,10467.0
2022-02-25 07:10:00,10467.0
2022-02-25 07:11:00,10467.0
2022-02-25 07:12:00,10467.0
2022-02-25 07:13:00,10467.0
2022-02-25 07:21:00,10467.0
2022-02-25 07:24:00,10467.0
2022-02-25 07:24:00,10467.0
2022-02-25 07:25:00,10467.0
2022-02-25 07:28:00,10467.0
2022-02-25 07:34:00,10467.0
2022-02-25 07:35:00,10467.0
2022-02-25 07:39:00,10467.0
2022-02-25 07:40:00,10467.0
2022-02-25 07:50:00,10467.0
2022-02-25 07:50:00,10467.0
2022-02-25 07:50:00,10467.0
2022-02-25 07:51:00,10467.0
2022-02-25 07:51:00,10462.5
2022-02-25 07:52:00,10462.5
2022-02-25 07:53:00,10462.5
2022-02-25 07:54:00,10462.5
2022-02-25 07:55:00,10462.5
2022-02-25 07:56:00,10462.5
2022-02-25 07:56:00,10462.5
2022-02-25 07:57:00,10462.5
2022-02-25 07:58:00,10462.5
2022-02-25 08:00:00,10462.5
2022-02-25 08:00:00,10462.5
2022-02-25 08:01:00,10462.5
2022-02-25 08:01:00,10462.5
2022-02-25 08:01:00,10462.5
2022-02-25 08:02:00,10462.5
2022-02-25 08:02:00,10462.5
2022-02-25 08:02:00,10462.5
2022-02-25 08:03:00,10462.5
2022-02-25 08:03:00,10462.5
2022-02-25 08:04:00,10462.5
2022-02-25 08:04:00,10462.5
2022-02-25 08:05:00,10462.5
2022-02-25 08:05:00,10462.5
2022-02-25 08:07:00,10462.5
2022-02-25 08:08:00,10462.5
2022-02-25 08:09:00,10462.5
2022-02-25 08:11:00,10462.5
2022-02-25 08:12:00,10462.5
2022-02-25 08:12:00,10462.5
2022-02-25 08:13:00,10462.5
2022-02-25 08:15:00,10462.5
2022-02-25 08:15:00,10462.5
2022-02-25 08:16:00,10462.5
2022-02-25 08:16:00,10462.5
2022-02-25 08:17:00,10462.5
2022-02-25 08:17:00,10462.5
2022-02-25 08:18:00,10462.5
2022-02-25 08:19:00,10462.5
2022-02-25 08:20:00,10462.5
2022-02-25 08:21:00,10462.5
2022-02-25 08:22:00,10462.5
2022-02-25 08:23:00,10462.5
2022-02-25 08:25:00,10462.5
2022-02-25 08:26:00,10462.5
2022-02-25 08:28:00,10518.0
2022-02-25 08:29:00,10518.0
2022-02-25 08:29:00,10518.0
2022-02-25 08:30:00,10518.0
2022-02-25 08:31:00,10518.0
2022-02-25 08:31:00,10518.0
2022-02-25 08:32:00,10518.0
2022-02-25 08:33:00,10518.0
2022-02-25 08:34:00,10493.5
2022-02-25 08:36:00,10493.5
2022-02-25 08:38:00,10493.5
2022-02-25 08:38:00,10493.5
2022-02-25 08:39:00,10493.5
2022-02-25 08:43:00,10493.5
2022-02-25 08:43:00,10493.5
2022-02-25 08:46:00,10493.5
2022-02-25 08:47:00,10493.5
2022-02-25 08:49:00,10493.5
2022-02-25 08:51:00,10493.5
2022-02-25 08:53:00,10493.5
2022-02-25 08:56:00,10493.5
2022-02-25 08:57:00,10493.5
2022-02-25 08:58:00,10493.5
2022-02-25 08:59:00,10493.5
2022-02-25 08:59:00,10493.5
2022-02-25 09:00:00,10493.5
2022-02-25 09:01:00,10493.5
2022-02-25 09:02:00,10493.5
2022-02-25 09:02:00,10493.5
2022-02-25 09:03:00,10493.5
2022-02-25 09:05:00,10493.5
2022-02-25 09:06:00,10493.5
2022-02-25 09:08:00,10493.5
2022-02-25 09:10:00,10493.5
2022-02-25 09:12:00,10493.5
2022-02-25 09:13:00,10493.5
2022-02-25 09:13:00,10493.5
2022-02-25 09:13:00,10493.5
2022-02-25 09:14:00,10493.5
2022-02-25 09:16:00,10519.0
2022-02-25 09:17:00,10519.0
2022-02-25 09:18:00,10519.0
2022-02-25 09:19:00,10519.0
2022-02-25 09:19:00,10519.0
2022-02-25 09:21:00,10519.0
2022-02-25 09:21:00,10519.0
2022-02-25 09:22:00,10519.0
2022-02-25 09:24:00,10519.0
2022-02-25 09:26:00,10519.0
2022-02-25 09:26:00,10519.0
2022-02-25 09:27:00,10519.0
2022-02-25 09:28:00,10519.0
2022-02-25 09:30:00,10519.0
2022-02-25 09:31:00,10519.0
2022-02-25 09:32:00,10519.0
2022-02-25 09:32:00,10519.0
2022-02-25 09:33:00,10519.0
2022-02-25 09:33:00,10519.0
2022-02-25 09:34:00,10519.0
2022-02-25 09:34:00,10519.0
2022-02-25 09:35:00,10504.5
2022-02-25 09:36:00,10504.5
2022-02-25 09:39:00,10480.0
2022-02-25 09:40:00,10480.0
2022-02-25 09:42:00,10480.0
2022-02-25 09:43:00,10480.0
2022-02-25 09:44:00,10480.0
2022-02-25 09:45:00,10480.0
2022-02-25 09:45:00,10480.0
2022-02-25 09:46:00,10480.0
2022-02-25 09:47:00,10480.0
2022-02-25 09:49:00,10480.0
2022-02-25 09:53:00,10480.0
2022-02-25 09:55:00,10465.5
2022-02-25 10:00:00,10465.5
2022-02-25 10:00:00,10465.5
2022-02-25 10:01:00,10465.5
2022-02-25 10:02:00,10465.5
2022-02-25 10:03:00,10465.5
2022-02-25 10:05:00,10465.5
2022-02-25 10:06:00,10465.5
2022-02-25 10:07:00,10465.5
2022-02-25 10:08:00,10465.5
2022-02-25 10:08:00,10465.5
2022-02-25 10:08:00,10465.5
2022-02-25 10:09:00,10465.5
2022-02-25 10:12:00,10465.5
2022-02-25 10:14:00,10465.5
2022-02-25 10:15:00,10465.5
2022-02-25 10:17:00,10465.5
2022-02-25 10:19:00,10465.5
2022-02-25 10:21:00,10465.5
2022-02-25 10:22:00,10465.5
2022-02-25 10:22:00,10465.5
2022-02-25 10:24:00,10465.5
2022-02-25 10:25:00,10465.5
2022-02-25 10:30:00,10491.0
2022-02-25 10:31:00,10491.0
2022-02-25 10:33:00,10491.0
2022-02-25 10:35:00,10476.5
2022-02-25 10:36:00,10462.0
2022-02-25 10:38:00,10462.0
2022-02-25 10:44:00,10462.0
2022-02-25 10:50:00,10462.0
2022-02-25 10:51:00,10462.0
2022-02-25 10:54:00,10462.0
2022-02-25 10:56:00,10462.0
2022-02-25 10:58:00,10462.0
2022-02-25 10:59:00,10462.0
2022-02-25 10:59:00,10462.0
2022-02-25 11:00:00,10462.0
2022-02-25 11:02:00,10462.0
2022-02-25 11:03:00,10462.0
2022-02-25 11:04:00,10462.0
2022-02-25 11:09:00,10462.0
2022-02-25 11:10:00,10447.5
2022-02-25 11:26:00,10447.5
2022-02-25 11:31:00,10447.5
2022-02-25 11:33:00,10447.5
2022-02-25 11:42:00,10447.5
2022-02-25 11:43:00,10447.5
2022-02-25 11:45:00,10447.5
2022-02-25 11:50:00,10447.5
2022-02-25 11:53:00,10447.5
2022-02-25 11:56:00,10447.5
2022-02-25 11:58:00,10447.5
2022-02-25 12:04:00,10447.5
2022-02-25 12:06:00,10447.5
2022-02-25 12:09:00,10447.5
2022-02-25 12:13:00,10447.5
2022-02-25 12:16:00,10447.5
2022-02-25 12:37:00,10447.5
2022-02-25 12:50:00,10447.5
2022-02-25 12:53:00,10447.5
2022-02-25 12:56:00,10447.5
2022-02-25 13:07:00,10423.0
2022-02-25 13:23:00,10423.0
2022-02-25 13:28:00,10423.0
2022-02-25 13:32:00,10423.0
2022-02-25 13:41:00,10423.0
2022-02-25 13:49:00,10423.0
2022-02-25 13:59:00,10423.0
2022-02-25 14:04:00,10423.0
2022-02-25 14:12:00,10423.0
2022-02-25 14:27:00,10423.0
2022-02-25 14:56:00,10423.0
2022-02-25 15:00:00,10423.0
2022-02-25 15:11:00,10423.0
2022-02-25 15:38:00,10423.0
2022-02-25 15:50:00,10423.0
2022-02-25 15:57:00,10423.0
2022-02-25 15:58:00,10423.0
2022-02-25 16:05:00,10423.0
2022-02-25 16:15:00,10423.0
2022-02-25 16:23:00,10423.0
2022-02-25 16:49:00,10423.0
2022-02-27 18:00:00,10428.5
2022-02-27 18:00:00,10414.0
2022-02-27 18:00:00,10414.0
2022-02-27 18:00:00,10414.0
2022-02-27 18:00:00,10414.0
2022-02-27 18:00:00,10414.0
2022-02-27 18:00:00,10414.0
2022-02-27 18:00:00,10414.0
2022-02-27 18:00:00,10414.0
2022-02-27 18:00:00,10414.0
2022-02-27 18:00:00,10414.0
2022-02-27 18:00:00,10414.0
2022-02-27 18:00:00,10414.0
2022-02-27 18:00:00,10414.0
2022-02-27 18:00:00,10414.0
2022-02-27 18:00:00,10414.0
2022-02-27 18:00:00,10414.0
2022-02-27 18:00:00,10414.0
2022-02-27 18:00:00,10414.0
2022-02-27 18:00:00,10414.0
2022-02-27 18:00:00,10414.0
2022-02-27 18:00:00,10414.0
2022-02-27 18:00:00,10414.0
2022-02-27 18:00:00,10414.0
2022-02-27 18:00:00,10414.0
2022-02-27 18:00:00,10414.0
2022-02-27 18:00:00,10414.0
2022-02-27 18:00:00,10414.0
2022-02-27 18:00:00,10414.0
2022-02-27 18:00:00,10414.0
2022-02-27 18:00:00,10414.0
2022-02-27 18:00:00,10414.0
2022-02-27 18:00:00,10414.0
2022-02-27 18:00:00,10414.0
2022-02-27 18:00:00,10414.0
2022-02-27 18:00:00,10414.0
2022-02-27 18:00:00,10414.0
2022-02-27 18:00:00,10414.0
2022-02-27 18:00:00,10414.0
2022-02-27 18:00:00,10414.0
2022-02-27 18:00:00,10414.0
2022-02-27 18:00:00,10414.0
2022-02-27 18:01:00,10414.0
2022-02-27 18:01:00,10414.0
2022-02-27 18:01:00,10414.0
2022-02-27 18:01:00,10414.0
2022-02-27 18:01:00,10414.0
2022-02-27 18:01:00,10414.0
2022-02-27 18:01:00,10414.0
2022-02-27 18:01:00,10414.0
2022-02-27 18:01:00,10414.0
2022-02-27 18:01:00,10729.5
2022-02-27 18:02:00,10729.5
2022-02-27 18:02:00,10729.5
2022-02-27 18:02:00,10729.5
2022-02-27 18:02:00,10729.5
2022-02-27 18:02:00,10729.5
2022-02-27 18:02:00,10729.5
2022-02-27 18:02:00,10675.0
2022-02-27 18:02:00,10675.0
2022-02-27 18:03:00,10675.0
2022-02-27 18:03:00,10675.0
2022-02-27 18:03:00,10675.0
2022-02-27 18:03:00,10675.0
2022-02-27 18:03:00,10675.0
2022-02-27 18:03:00,10675.0
2022-02-27 18:03:00,10630.5
2022-02-27 18:03:00,10630.5
2022-02-27 18:03:00,10630.5
2022-02-27 18:04:00,10630.5
2022-02-27 18:04:00,10630.5
2022-02-27 18:05:00,10630.5
2022-02-27 18:06:00,10630.5
2022-02-27 18:06:00,10630.5
2022-02-27 18:07:00,10630.5
2022-02-27 18:07:00,10596.0
2022-02-27 18:08:00,10596.0
2022-02-27 18:08:00,10596.0
2022-02-27 18:08:00,10596.0
2022-02-27 18:09:00,10596.0
2022-02-27 18:09:00,10596.0
2022-02-27 18:09:00,10551.5
2022-02-27 18:09:00,10551.5
2022-02-27 18:09:00,10551.5
2022-02-27 18:10:00,10551.5
2022-02-27 18:10:00,10551.5
2022-02-27 18:10:00,10551.5
2022-02-27 18:11:00,10551.5
2022-02-27 18:11:00,10551.5
2022-02-27 18:11:00,10551.5
2022-02-27 18:12:00,10551.5
2022-02-27 18:13:00,10551.5
2022-02-27 18:13:00,10551.5
2022-02-27 18:13:00,10551.5
2022-02-27 18:14:00,10551.5
2022-02-27 18:14:00,10551.5
2022-02-27 18:14:00,10551.5
2022-02-27 18:14:00,10551.5
2022-02-27 18:14:00,10551.5
2022-02-27 18:14:00,10551.5
2022-02-27 18:14:00,10551.5
2022-02-27 18:15:00,10551.5
2022-02-27 18:15:00,10551.5
2022-02-27 18:15:00,10551.5
2022-02-27 18:15:00,10551.5
2022-02-27 18:15:00,10551.5
2022-02-27 18:17:00,10551.5
2022-02-27 18:18:00,10551.5
2022-02-27 18:19:00,10551.5
2022-02-27 18:20:00,10551.5
2022-02-27 18:21:00,10551.5
2022-02-27 18:21:00,10551.5
2022-02-27 18:22:00,10551.5
2022-02-27 18:22:00,10551.5
2022-02-27 18:22:00,10551.5
2022-02-27 18:22:00,10551.5
2022-02-27 18:22:00,10551.5
2022-02-27 18:23:00,10551.5
2022-02-27 18:23:00,10551.5
2022-02-27 18:24:00,10551.5
2022-02-27 18:24:00,10551.5
2022-02-27 18:24:00,10551.5
2022-02-27 18:24:00,10551.5
2022-02-27 18:24:00,10551.5
2022-02-27 18:26:00,10551.5
2022-02-27 18:26:00,10551.5
2022-02-27 18:28:00,10637.0
2022-02-27 18:29:00,10637.0
2022-02-27 18:31:00,10637.0
2022-02-27 18:31:00,10637.0
2022-02-27 18:32:00,10637.0
2022-02-27 18:32:00,10637.0
2022-02-27 18:32:00,10637.0
2022-02-27 18:34:00,10637.0
2022-02-27 18:35:00,10592.5
2022-02-27 18:35:00,10592.5
2022-02-27 18:36:00,10592.5
2022-02-27 18:37:00,10592.5
2022-02-27 18:38:00,10592.5
2022-02-27 18:38:00,10592.5
2022-02-27 18:39:00,10592.5
2022-02-27 18:39:00,10592.5
2022-02-27 18:39:00,10592.5
2022-02-27 18:39:00,10592.5
2022-02-27 18:39:00,10592.5
2022-02-27 18:40:00,10592.5
2022-02-27 18:40:00,10592.5
2022-02-27 18:41:00,10592.5
2022-02-27 18:42:00,10592.5
2022-02-27 18:44:00,10592.5
2022-02-27 18:44:00,10592.5
2022-02-27 18:45:00,10592.5
2022-02-27 18:46:00,10592.5
2022-02-27 18:46:00,10592.5
2022-02-27 18:48:00,10592.5
2022-02-27 18:50:00,10592.5
2022-02-27 18:51:00,10592.5
2022-02-27 18:51:00,10592.5
2022-02-27 18:52:00,10592.5
2022-02-27 18:52:00,10592.5
2022-02-27 18:53:00,10592.5
2022-02-27 18:54:00,10592.5
2022-02-27 18:54:00,10588.0
2022-02-27 18:57:00,10588.0
2022-02-27 18:58:00,10588.0
2022-02-27 19:01:00,10588.0
2022-02-27 19:05:00,10588.0
2022-02-27 19:06:00,10588.0
2022-02-27 19:10:00,10588.0
2022-02-27 19:12:00,10588.0
2022-02-27 19:13:00,10588.0
2022-02-27 19:15:00,10588.0
2022-02-27 19:17:00,10588.0
2022-02-27 19:18:00,10588.0
2022-02-27 19:18:00,10588.0
2022-02-27 19:19:00,10588.0
2022-02-27 19:19:00,10588.0
2022-02-27 19:22:00,10588.0
2022-02-27 19:22:00,10588.0
2022-02-27 19:23:00,10588.0
2022-02-27 19:32:00,10588.0
2022-02-27 19:35:00,10588.0
2022-02-27 19:36:00,10588.0
2022-02-27 19:37:00,10588.0
2022-02-27 19:38:00,10588.0
2022-02-27 19:40:00,10588.0
2022-02-27 19:40:00,10588.0
2022-02-27 19:44:00,10588.0
2022-02-27 19:47:00,10588.0
2022-02-27 19:47:00,10588.0
2022-02-27 19:48:00,10588.0
2022-02-27 19:50:00,10588.0
2022-02-27 19:52:00,10588.0
2022-02-27 19:55:00,10588.0
2022-02-27 19:56:00,10588.0
2022-02-27 19:57:00,10588.0
2022-02-27 19:59:00,10588.0
2022-02-27 20:00:00,10588.0
2022-02-27 20:00:00,10588.0
2022-02-27 20:00:00,10588.0
2022-02-27 20:00:00,10588.0
2022-02-27 20:01:00,10633.5
2022-02-27 20:02:00,10633.5
2022-02-27 20:02:00,10633.5
2022-02-27 20:03:00,10633.5
2022-02-27 20:04:00,10633.5
2022-02-27 20:05:00,10633.5
2022-02-27 20:06:00,10633.5
2022-02-27 20:06:00,10633.5
2022-02-27 20:09:00,10633.5
2022-02-27 20:10:00,10633.5
2022-02-27 20:13:00,10633.5
2022-02-27 20:13:00,10633.5
2022-02-27 20:14:00,10633.5
2022-02-27 20:14:00,10633.5
2022-02-27 20:14:00,10633.5
2022-02-27 20:15:00,10633.5
2022-02-27 20:15:00,10633.5
2022-02-27 20:16:00,10633.5
2022-02-27 20:16:00,10633.5
2022-02-27 20:17:00,10633.5
2022-02-27 20:18:00,10633.5
2022-02-27 20:19:00,10633.5
2022-02-27 20:20:00,10633.5
2022-02-27 20:25:00,10633.5
2022-02-27 20:26:00,10633.5
2022-02-27 20:37:00,10633.5
2022-02-27 20:48:00,10649.0
2022-02-27 20:50:00,10649.0
2022-02-27 20:55:00,10649.0
2022-02-27 21:05:00,10649.0
2022-02-27 21:18:00,10649.0
2022-02-27 21:20:00,10649.0
2022-02-27 21:22:00,10649.0
2022-02-27 21:29:00,10649.0
2022-02-27 21:30:00,10624.5
2022-02-27 21:33:00,10624.5
2022-02-27 21:35:00,10624.5
2022-02-27 21:38:00,10624.5
2022-02-27 21:40:00,10624.5
2022-02-27 21:45:00,10624.5
2022-02-27 21:50:00,10624.5
2022-02-27 21:52:00,10624.5
2022-02-27 21:54:00,10624.5
2022-02-27 21:59:00,10624.5
2022-02-27 22:06:00,10624.5
2022-02-27 22:10:00,10624.5
2022-02-27 22:12:00,10624.5
2022-02-27 22:21:00,10624.5
2022-02-27 22:23:00,10624.5
2022-02-27 22:24:00,10624.5
2022-02-27 22:29:00,10624.5
2022-02-27 22:30:00,10624.5
2022-02-27 22:30:00,10624.5
2022-02-27 22:31:00,10624.5
2022-02-27 22:37:00,10624.5
2022-02-27 22:45:00,10624.5
2022-02-27 22:53:00,10624.5
2022-02-27 22:59:00,10624.5
2022-02-27 23:02:00,10624.5
2022-02-27 23:21:00,10624.5
2022-02-27 23:22:00,10624.5
2022-02-27 23:25:00,10624.5
2022-02-27 23:36:00,10620.0
2022-02-27 23:37:00,10620.0
2022-02-27 23:37:00,10620.0
2022-02-27 23:46:00,10620.0
2022-02-27 23:49:00,10620.0
2022-02-27 23:57:00,10620.0
2022-02-28 00:04:00,10620.0
2022-02-28 00:08:00,10620.0
2022-02-28 00:17:00,10620.0
2022-02-28 00:23:00,10620.0
2022-02-28 00:30:00,10620.0
2022-02-28 00:31:00,10620.0
2022-02-28 00:35:00,10620.0
2022-02-28 00:43:00,10585.5
2022-02-28 00:43:00,10585.5
2022-02-28 00:52:00,10585.5
2022-02-28 01:01:00,10585.5
2022-02-28 01:04:00,10585.5
2022-02-28 01:05:00,10585.5
2022-02-28 01:05:00,10585.5
2022-02-28 01:08:00,10585.5
2022-02-28 01:14:00,10585.5
2022-02-28 01:30:00,10551.0
2022-02-28 01:34:00,10551.0
2022-02-28 01:36:00,10526.5
2022-02-28 01:37:00,10526.5
2022-02-28 01:39:00,10502.0
2022-02-28 01:51:00,10502.0
2022-02-28 01:58:00,10477.5
2022-02-28 02:01:00,10477.5
2022-02-28 02:03:00,10477.5
2022-02-28 02:04:00,10477.5
2022-02-28 02:15:00,10477.5
2022-02-28 02:16:00,10477.5
2022-02-28 02:22:00,10477.5
2022-02-28 02:25:00,10477.5
2022-02-28 02:25:00,10477.5
2022-02-28 02:25:00,10477.5
2022-02-28 02:25:00,10477.5
2022-02-28 02:26:00,10477.5
2022-02-28 02:26:00,10477.5
2022-02-28 02:26:00,10477.5
2022-02-28 02:26:00,10477.5
2022-02-28 02:27:00,10477.5
2022-02-28 02:27:00,10477.5
2022-02-28 02:28:00,10477.5
2022-02-28 02:29:00,10477.5
2022-02-28 02:30:00,10477.5
2022-02-28 02:30:00,10477.5
2022-02-28 02:30:00,10477.5
2022-02-28 02:30:00,10477.5
2022-02-28 02:30:00,10477.5
2022-02-28 02:31:00,10477.5
2022-02-28 02:32:00,10477.5
2022-02-28 02:32:00,10477.5
2022-02-28 02:33:00,10477.5
2022-02-28 02:34:00,10477.5
2022-02-28 02:34:00,10477.5
2022-02-28 02:35:00,10477.5
2022-02-28 02:36:00,10477.5
2022-02-28 02:38:00,10477.5
2022-02-28 02:39:00,10477.5
2022-02-28 02:40:00,10553.0
2022-02-28 02:44:00,10553.0
2022-02-28 02:46:00,10553.0
2022-02-28 02:47:00,10553.0
2022-02-28 02:49:00,10553.0
2022-02-28 02:51:00,10553.0
2022-02-28 02:52:00,10553.0
2022-02-28 02:55:00,10553.0
2022-02-28 02:59:00,10553.0
2022-02-28 03:00:00,10518.5
2022-02-28 03:02:00,10518.5
2022-02-28 03:04:00,10518.5
2022-02-28 03:05:00,10518.5
2022-02-28 03:06:00,10518.5
2022-02-28 03:07:00,10518.5
2022-02-28 03:12:00,10518.5
2022-02-28 03:12:00,10518.5
2022-02-28 03:14:00,10494.0
2022-02-28 03:15:00,10494.0
2022-02-28 03:17:00,10469.5
2022-02-28 03:20:00,10469.5
2022-02-28 03:21:00,10445.0
2022-02-28 03:29:00,10445.0
2022-02-28 03:30:00,10445.0
2022-02-28 03:31:00,10445.0
2022-02-28 03:32:00,10445.0
2022-02-28 03:34:00,10445.0
2022-02-28 03:36:00,10445.0
2022-02-28 03:41:00,10445.0
2022-02-28 03:42:00,10445.0
2022-02-28 03:52:00,10445.0
2022-02-28 03:53:00,10445.0
2022-02-28 03:55:00,10445.0
2022-02-28 04:01:00,10445.0
2022-02-28 04:03:00,10445.0
2022-02-28 04:04:00,10445.0
2022-02-28 04:05:00,10445.0
2022-02-28 04:06:00,10445.0
2022-02-28 04:07:00,10445.0
2022-02-28 04:12:00,10445.0
2022-02-28 04:15:00,10445.0
2022-02-28 04:16:00,10440.5
2022-02-28 04:30:00,10440.5
2022-02-28 04:35:00,10416.0
2022-02-28 04:39:00,10401.5
2022-02-28 04:51:00,10387.0
2022-02-28 05:06:00,10372.5
2022-02-28 05:14:00,10358.0
2022-02-28 05:15:00,10358.0
2022-02-28 05:30:00,10358.0
2022-02-28 05:34:00,10358.0
2022-02-28 05:35:00,10358.0
2022-02-28 05:40:00,10358.0
2022-02-28 05:54:00,10358.0
2022-02-28 05:54:00,10358.0
2022-02-28 05:54:00,10358.0
2022-02-28 05:54:00,10358.0
2022-02-28 05:55:00,10358.0
2022-02-28 05:59:00,10358.0
2022-02-28 06:00:00,10358.0
2022-02-28 06:02:00,10358.0
2022-02-28 06:10:00,10358.0
2022-02-28 06:12:00,10358.0
2022-02-28 06:17:00,10358.0
2022-02-28 06:19:00,10358.0
2022-02-28 06:37:00,10358.0
2022-02-28 06:44:00,10358.0
2022-02-28 06:45:00,10358.0
2022-02-28 06:45:00,10358.0
2022-02-28 06:52:00,10358.0
2022-02-28 06:55:00,10358.0
2022-02-28 06:58:00,10358.0
2022-02-28 07:04:00,10358.0
2022-02-28 07:05:00,10393.5
2022-02-28 07:05:00,10393.5
2022-02-28 07:13:00,10393.5
2022-02-28 07:20:00,10393.5
2022-02-28 07:21:00,10393.5
2022-02-28 07:27:00,10393.5
2022-02-28 07:29:00,10393.5
2022-02-28 07:33:00,10359.0
2022-02-28 07:37:00,10359.0
2022-02-28 07:42:00,10359.0
2022-02-28 07:51:00,10359.0
2022-02-28 07:55:00,10359.0
2022-02-28 07:58:00,10359.0
2022-02-28 07:59:00,10359.0
2022-02-28 07:59:00,10359.0
2022-02-28 07:59:00,10359.0
2022-02-28 07:59:00,10359.0
2022-02-28 08:00:00,10359.0
2022-02-28 08:01:00,10359.0
2022-02-28 08:01:00,10359.0
2022-02-28 08:01:00,10359.0
2022-02-28 08:02:00,10359.0
2022-02-28 08:04:00,10359.0
2022-02-28 08:05:00,10359.0
2022-02-28 08:11:00,10359.0
2022-02-28 08:12:00,10359.0
2022-02-28 08:13:00,10359.0
2022-02-28 08:14:00,10359.0
2022-02-28 08:16:00,10359.0
2022-02-28 08:17:00,10359.0
2022-02-28 08:19:00,10359.0
2022-02-28 08:20:00,10359.0
2022-02-28 08:21:00,10359.0
2022-02-28 08:23:00,10359.0
2022-02-28 08:24:00,10359.0
2022-02-28 08:25:00,10374.5
2022-02-28 08:26:00,10374.5
2022-02-28 08:29:00,10374.5
2022-02-28 08:32:00,10374.5
2022-02-28 08:35:00,10374.5
2022-02-28 08:40:00,10340.0
2022-02-28 08:44:00,10340.0
2022-02-28 08:44:00,10340.0
2022-02-28 08:45:00,10340.0
2022-02-28 08:51:00,10340.0
2022-02-28 08:53:00,10340.0
2022-02-28 08:55:00,10340.0
2022-02-28 08:56:00,10340.0
2022-02-28 08:56:00,10340.0
2022-02-28 08:58:00,10340.0
2022-02-28 09:01:00,10340.0
2022-02-28 09:02:00,10340.0
2022-02-28 09:05:00,10340.0
2022-02-28 09:06:00,10340.0
2022-02-28 09:10:00,10340.0
2022-02-28 09:10:00,10340.0
2022-02-28 09:14:00,10335.5
2022-02-28 09:20:00,10335.5
2022-02-28 09:23:00,10335.5
2022-02-28 09:30:00,10301.0
2022-02-28 09:30:00,10301.0
2022-02-28 09:31:00,10276.5
2022-02-28 09:31:00,10276.5
2022-02-28 09:33:00,10276.5
2022-02-28 09:33:00,10276.5
2022-02-28 09:33:00,10276.5
2022-02-28 09:35:00,10276.5
2022-02-28 09:35:00,10276.5
2022-02-28 09:37:00,10276.5
2022-02-28 09:38:00,10276.5
2022-02-28 09:38:00,10276.5
2022-02-28 09:38:00,10276.5
2022-02-28 09:39:00,10262.0
2022-02-28 09:39:00,10262.0
2022-02-28 09:40:00,10262.0
2022-02-28 09:40:00,10262.0
2022-02-28 09:40:00,10262.0
2022-02-28 09:41:00,10262.0
2022-02-28 09:42:00,10262.0
2022-02-28 09:43:00,10262.0
2022-02-28 09:44:00,10262.0
2022-02-28 09:45:00,10262.0
2022-02-28 09:46:00,10262.0
2022-02-28 09:47:00,10262.0
2022-02-28 09:48:00,10262.0
2022-02-28 09:48:00,10262.0
2022-02-28 09:49:00,10262.0
2022-02-28 09:53:00,10262.0
2022-02-28 09:54:00,10237.5
2022-02-28 09:56:00,10237.5
2022-02-28 09:58:00,10237.5
2022-02-28 09:59:00,10237.5
2022-02-28 10:00:00,10237.5
2022-02-28 10:00:00,10237.5
2022-02-28 10:00:00,10237.5
2022-02-28 10:01:00,10237.5
2022-02-28 10:01:00,10237.5
2022-02-28 10:01:00,10237.5
2022-02-28 10:01:00,10237.5
2022-02-28 10:04:00,10237.5
2022-02-28 10:06:00,10237.5
2022-02-28 10:10:00,10237.5
2022-02-28 10:11:00,10213.0
2022-02-28 10:12:00,10213.0
2022-02-28 10:18:00,10213.0
2022-02-28 10:20:00,10213.0
2022-02-28 10:22:00,10213.0
2022-02-28 10:22:00,10213.0
2022-02-28 10:26:00,10213.0
2022-02-28 10:32:00,10213.0
2022-02-28 10:34:00,10213.0
2022-02-28 10:35:00,10213.0
2022-02-28 10:36:00,10213.0
2022-02-28 10:38:00,10178.5
2022-02-28 10:39:00,10178.5
2022-02-28 10:39:00,10178.5
2022-02-28 10:42:00,10178.5
2022-02-28 10:42:00,10178.5
2022-02-28 10:44:00,10178.5
2022-02-28 10:45:00,10178.5
2022-02-28 10:46:00,10178.5
2022-02-28 10:47:00,10178.5
2022-02-28 10:48:00,10178.5
2022-02-28 10:48:00,10178.5
2022-02-28 10:51:00,10178.5
2022-02-28 10:51:00,10178.5
2022-02-28 10:52:00,10178.5
2022-02-28 10:53:00,10178.5
2022-02-28 10:55:00,10178.5
2022-02-28 11:03:00,10178.5
2022-02-28 11:04:00,10178.5
2022-02-28 11:05:00,10178.5
2022-02-28 11:07:00,10178.5
2022-02-28 11:09:00,10178.5
2022-02-28 11:10:00,10178.5
2022-02-28 11:14:00,10178.5
2022-02-28 11:16:00,10178.5
2022-02-28 11:17:00,10178.5
2022-02-28 11:18:00,10178.5
2022-02-28 11:19:00,10178.5
2022-02-28 11:20:00,10178.5
2022-02-28 11:21:00,10178.5
2022-02-28 11:23:00,10178.5
2022-02-28 11:25:00,10178.5
2022-02-28 11:26:00,10178.5
2022-02-28 11:27:00,10178.5
2022-02-28 11:28:00,10178.5
2022-02-28 11:29:00,10178.5
2022-02-28 11:31:00,10178.5
2022-02-28 11:32:00,10178.5
2022-02-28 11:33:00,10178.5
2022-02-28 11:35:00,10178.5
2022-02-28 11:36:00,10178.5
2022-02-28 11:36:00,10178.5
2022-02-28 11:37:00,10178.5
2022-02-28 11:37:00,10178.5
2022-02-28 11:38:00,10178.5
2022-02-28 11:39:00,10178.5
2022-02-28 11:40:00,10178.5
2022-02-28 11:40:00,10178.5
2022-02-28 11:42:00,10178.5
2022-02-28 11:43:00,10178.5
2022-02-28 11:46:00,10178.5
2022-02-28 11:47:00,10178.5
2022-02-28 11:48:00,10178.5
2022-02-28 11:48:00,10178.5
2022-02-28 11:49:00,10178.5
2022-02-28 11:50:00,10178.5
2022-02-28 11:50:00,10178.5
2022-02-28 11:51:00,10178.5
2022-02-28 11:51:00,10178.5
2022-02-28 11:52:00,10178.5
2022-02-28 11:53:00,10178.5
2022-02-28 11:55:00,10178.5
2022-02-28 11:55:00,10178.5
2022-02-28 11:56:00,10178.5
2022-02-28 11:56:00,10178.5
2022-02-28 11:58:00,10178.5
2022-02-28 11:58:00,10178.5
2022-02-28 11:59:00,10178.5
2022-02-28 12:02:00,10178.5
2022-02-28 12:03:00,10178.5
2022-02-28 12:05:00,10178.5
2022-02-28 12:06:00,10178.5
2022-02-28 12:07:00,10178.5
2022-02-28 12:08:00,10178.5
2022-02-28 12:09:00,10178.5
2022-02-28 12:13:00,10178.5
2022-02-28 12:15:00,10178.5
2022-02-28 12:17:00,10178.5
2022-02-28 12:18:00,10178.5
2022-02-28 12:19:00,10178.5
2022-02-28 12:20:00,10344.0
2022-02-28 12:20:00,10344.0
2022-02-28 12:20:00,10319.5
2022-02-28 12:21:00,10319.5
2022-02-28 12:28:00,10319.5
2022-02-28 12:28:00,10319.5
2022-02-28 12:30:00,10295.0
2022-02-28 12:33:00,10295.0
2022-02-28 12:35:00,10295.0
2022-02-28 12:36:00,10295.0
2022-02-28 12:38:00,10295.0
2022-02-28 12:43:00,10295.0
2022-02-28 12:53:00,10295.0
2022-02-28 12:54:00,10295.0
2022-02-28 12:56:00,10295.0
2022-02-28 12:58:00,10295.0
2022-02-28 13:02:00,10295.0
2022-02-28 13:04:00,10295.0
2022-02-28 13:06:00,10295.0
2022-02-28 13:17:00,10295.0
2022-02-28 13:19:00,10295.0
2022-02-28 13:26:00,10295.0
2022-02-28 13:30:00,10295.0
2022-02-28 13:38:00,10295.0
2022-02-28 13:53:00,10295.0
2022-02-28 13:57:00,10295.0
2022-02-28 14:08:00,10295.0
2022-02-28 14:11:00,10295.0
2022-02-28 14:13:00,10295.0
2022-02-28 14:17:00,10295.0
2022-02-28 14:22:00,10295.0
2022-02-28 14:23:00,10295.0
2022-02-28 14:24:00,10295.0
2022-02-28 14:26:00,10295.0
2022-02-28 14:30:00,10295.0
2022-02-28 14:44:00,10295.0
2022-02-28 14:48:00,10295.0
2022-02-28 14:53:00,10295.0
2022-02-28 14:59:00,10295.0
2022-02-28 15:07:00,10295.0
2022-02-28 15:09:00,10295.0
2022-02-28 15:28:00,10295.0
2022-02-28 15:30:00,10295.0
2022-02-28 15:39:00,10295.0
2022-02-28 15:43:00,10295.0
2022-02-28 15:45:00,10295.0
2022-02-28 15:53:00,10295.0
2022-02-28 15:58:00,10295.0
2022-02-28 15:59:00,10295.0
2022-02-28 16:10:00,10295.0
2022-02-28 16:23:00,10295.0
2022-02-28 16:27:00,10295.0
2022-02-28 16:31:00,10295.0
2022-02-28 16:55:00,10295.0
2022-02-28 16:56:00,10295.0
2022-02-28 18:00:00,10295.0
2022-02-28 18:00:00,10295.0
2022-02-28 18:02:00,10295.0
2022-02-28 18:14:00,10295.0
2022-02-28 18:45:00,10295.0
2022-02-28 19:09:00,10410.5
2022-02-28 19:32:00,10410.5
2022-02-28 19:36:00,10410.5
2022-02-28 19:53:00,10410.5
2022-02-28 19:58:00,10410.5
2022-02-28 20:01:00,10410.5
2022-02-28 20:08:00,10410.5
2022-02-28 20:16:00,10410.5
2022-02-28 20:32:00,10410.5
2022-02-28 21:01:00,10410.5
2022-02-28 21:09:00,10410.5
2022-02-28 21:25:00,10410.5
2022-02-28 21:41:00,10410.5
2022-02-28 22:24:00,10410.5
2022-02-28 22:33:00,10410.5
2022-02-28 22:36:00,10410.5
2022-02-28 22:59:00,10410.5
2022-02-28 23:21:00,10410.5
2022-02-28 23:35:00,10410.5
2022-02-28 23:46:00,10410.5
2022-02-28 23:55:00,10406.0
2022-03-01 00:10:00,10406.0
2022-03-01 00:15:00,10406.0
2022-03-01 00:50:00,10406.0
2022-03-01 00:56:00,10406.0
2022-03-01 01:01:00,10406.0
2022-03-01 01:11:00,10406.0
2022-03-01 01:39:00,10406.0
2022-03-01 01:50:00,10406.0
2022-03-01 01:52:00,10406.0
2022-03-01 02:00:00,10406.0
2022-03-01 02:20:00,10406.0
2022-03-01 02:24:00,10406.0
2022-03-01 02:40:00,10406.0
2022-03-01 02:44:00,10406.0
2022-03-01 02:54:00,10406.0
2022-03-01 02:59:00,10406.0
2022-03-01 03:00:00,10406.0
2022-03-01 03:05:00,10406.0
2022-03-01 03:14:00,10406.0
2022-03-01 03:14:00,10406.0
2022-03-01 03:38:00,10406.0
2022-03-01 03:43:00,10406.0
2022-03-01 03:53:00,10406.0
2022-03-01 04:07:00,10406.0
2022-03-01 04:08:00,10406.0
2022-03-01 04:18:00,10406.0
2022-03-01 04:22:00,10406.0
2022-03-01 04:25:00,10406.0
2022-03-01 04:28:00,10406.0
2022-03-01 04:33:00,10406.0
2022-03-01 04:36:00,10406.0
2022-03-01 04:38:00,10406.0
2022-03-01 04:38:00,10406.0
2022-03-01 04:39:00,10406.0
2022-03-01 04:40:00,10406.0
2022-03-01 04:40:00,10406.0
2022-03-01 04:44:00,10406.0
2022-03-01 04:45:00,10406.0
2022-03-01 04:45:00,10406.0
2022-03-01 04:46:00,10406.0
2022-03-01 04:48:00,10406.0
2022-03-01 04:48:00,10406.0
2022-03-01 04:58:00,10406.0
2022-03-01 05:00:00,10406.0
2022-03-01 05:02:00,10406.0
2022-03-01 05:05:00,10406.0
2022-03-01 05:05:00,10406.0
2022-03-01 05:06:00,10406.0
2022-03-01 05:12:00,10406.0
2022-03-01 05:14:00,10406.0
2022-03-01 05:15:00,10406.0
2022-03-01 05:15:00,10406.0
2022-03-01 05:16:00,10406.0
2022-03-01 05:20:00,10406.0
2022-03-01 05:27:00,10406.0
2022-03-01 05:28:00,10406.0
2022-03-01 05:30:00,10406.0
2022-03-01 05:30:00,10406.0
2022-03-01 05:31:00,10406.0
2022-03-01 05:34:00,10406.0
2022-03-01 05:38:00,10406.0
2022-03-01 05:39:00,10406.0
2022-03-01 05:42:00,10406.0
2022-03-01 05:44:00,10406.0
2022-03-01 05:46:00,10406.0
2022-03-01 05:49:00,10406.0
2022-03-01 05:49:00,10406.0
2022-03-01 05:50:00,10406.0
2022-03-01 05:55:00,10406.0
2022-03-01 06:00:00,10406.0
2022-03-01 06:02:00,10406.0
2022-03-01 06:05:00,10406.0
2022-03-01 06:08:00,10406.0
2022-03-01 06:12:00,10406.0
2022-03-01 06:13:00,10406.0
2022-03-01 06:13:00,10406.0
2022-03-01 06:14:00,10406.0
2022-03-01 06:16:00,10406.0
2022-03-01 06:18:00,10406.0
2022-03-01 06:21:00,10406.0
2022-03-01 06:21:00,10551.5
2022-03-01 06:22:00,10551.5
2022-03-01 06:25:00,10551.5
2022-03-01 06:28:00,10551.5
2022-03-01 06:30:00,10551.5
2022-03-01 06:31:00,10551.5
2022-03-01 06:34:00,10551.5
2022-03-01 06:37:00,10551.5
2022-03-01 06:42:00,10551.5
2022-03-01 06:45:00,10551.5
2022-03-01 06:48:00,10527.0
2022-03-01 06:54:00,10527.0
2022-03-01 06:55:00,10502.5
2022-03-01 06:56:00,10502.5
2022-03-01 06:59:00,10502.5
2022-03-01 07:02:00,10502.5
2022-03-01 07:03:00,10502.5
2022-03-01 07:04:00,10502.5
2022-03-01 07:09:00,10502.5
2022-03-01 07:15:00,10502.5
2022-03-01 07:16:00,10502.5
2022-03-01 07:19:00,10502.5
2022-03-01 07:22:00,10502.5
2022-03-01 07:26:00,10502.5
2022-03-01 07:28:00,10502.5
2022-03-01 07:29:00,10488.0
2022-03-01 07:37:00,10473.5
2022-03-01 07:39:00,10459.0
2022-03-01 07:40:00,10459.0
2022-03-01 07:42:00,10459.0
2022-03-01 07:43:00,10459.0
2022-03-01 07:44:00,10459.0
2022-03-01 07:45:00,10459.0
2022-03-01 07:48:00,10434.5
2022-03-01 07:50:00,10434.5
2022-03-01 07:53:00,10434.5
2022-03-01 07:55:00,10434.5
2022-03-01 07:55:00,10434.5
2022-03-01 07:55:00,10434.5
2022-03-01 07:55:00,10434.5
2022-03-01 07:55:00,10434.5
2022-03-01 07:55:00,10434.5
2022-03-01 07:55:00,10434.5
2022-03-01 07:55:00,10434.5
2022-03-01 07:56:00,10434.5
2022-03-01 07:56:00,10434.5
2022-03-01 07:56:00,10434.5
2022-03-01 07:56:00,10434.5
2022-03-01 07:56:00,10434.5
2022-03-01 07:56:00,10434.5
2022-03-01 07:56:00,10434.5
2022-03-01 07:57:00,10434.5
2022-03-01 07:57:00,10460.0
2022-03-01 08:00:00,10460.0
2022-03-01 08:04:00,10460.0
2022-03-01 08:04:00,10460.0
2022-03-01 08:04:00,10460.0
2022-03-01 08:06:00,10460.0
2022-03-01 08:08:00,10460.0
2022-03-01 08:09:00,10460.0
2022-03-01 08:10:00,10460.0
2022-03-01 08:11:00,10460.0
2022-03-01 08:12:00,10460.0
2022-03-01 08:14:00,10460.0
2022-03-01 08:18:00,10460.0
2022-03-01 08:20:00,10460.0
2022-03-01 08:21:00,10460.0
2022-03-01 08:22:00,10460.0
2022-03-01 08:23:00,10460.0
2022-03-01 08:23:00,10460.0
2022-03-01 08:24:00,10460.0
2022-03-01 08:25:00,10460.0
2022-03-01 08:25:00,10455.5
2022-03-01 08:26:00,10455.5
2022-03-01 08:29:00,10455.5
2022-03-01 08:30:00,10455.5
2022-03-01 08:31:00,10455.5
2022-03-01 08:32:00,10455.5
2022-03-01 08:37:00,10455.5
2022-03-01 08:38:00,10455.5
2022-03-01 08:39:00,10455.5
2022-03-01 08:39:00,10455.5
2022-03-01 08:41:00,10455.5
2022-03-01 08:44:00,10455.5
2022-03-01 08:45:00,10455.5
2022-03-01 08:46:00,10455.5
2022-03-01 08:47:00,10455.5
2022-03-01 08:48:00,10455.5
2022-03-01 08:50:00,10455.5
2022-03-01 08:53:00,10455.5
2022-03-01 08:54:00,10455.5
2022-03-01 08:54:00,10455.5
2022-03-01 08:56:00,10455.5
2022-03-01 09:01:00,10455.5
2022-03-01 09:02:00,10451.0
2022-03-01 09:08:00,10451.0
2022-03-01 09:11:00,10451.0
2022-03-01 09:11:00,10451.0
2022-03-01 09:13:00,10451.0
2022-03-01 09:14:00,10451.0
2022-03-01 09:15:00,10451.0
2022-03-01 09:22:00,10451.0
2022-03-01 09:27:00,10451.0
2022-03-01 09:28:00,10451.0
2022-03-01 09:30:00,10451.0
2022-03-01 09:31:00,10451.0
2022-03-01 09:32:00,10451.0
2022-03-01 09:33:00,10451.0
2022-03-01 09:33:00,10451.0
2022-03-01 09:35:00,10451.0
2022-03-01 09:35:00,10451.0
2022-03-01 09:36:00,10451.0
2022-03-01 09:36:00,10451.0
2022-03-01 09:37:00,10451.0
2022-03-01 09:37:00,10451.0
2022-03-01 09:38:00,10451.0
2022-03-01 09:39:00,10451.0
2022-03-01 09:41:00,10451.0
2022-03-01 09:41:00,10451.0
2022-03-01 09:45:00,10451.0
2022-03-01 09:45:00,10451.0
2022-03-01 09:47:00,10451.0
2022-03-01 09:48:00,10451.0
2022-03-01 09:49:00,10451.0
2022-03-01 09:49:00,10451.0
2022-03-01 09:50:00,10451.0
2022-03-01 09:51:00,10451.0
2022-03-01 09:52:00,10451.0
2022-03-01 09:53:00,10451.0
2022-03-01 09:56:00,10451.0
2022-03-01 09:56:00,10451.0
2022-03-01 09:58:00,10451.0
2022-03-01 09:59:00,10451.0
2022-03-01 09:59:00,10451.0
2022-03-01 10:00:00,10451.0
2022-03-01 10:00:00,10451.0
2022-03-01 10:01:00,10451.0
2022-03-01 10:04:00,10451.0
2022-03-01 10:07:00,10451.0
2022-03-01 10:13:00,10451.0
2022-03-01 10:14:00,10486.5
2022-03-01 10:18:00,10486.5
2022-03-01 10:19:00,10486.5
2022-03-01 10:21:00,10486.5
2022-03-01 10:22:00,10486.5
2022-03-01 10:27:00,10486.5
2022-03-01 10:28:00,10486.5
2022-03-01 10:29:00,10486.5
2022-03-01 10:31:00,10486.5
2022-03-01 10:34:00,10486.5
2022-03-01 10:34:00,10486.5
2022-03-01 10:35:00,10486.5
2022-03-01 10:37:00,10462.0
2022-03-01 10:42:00,10462.0
2022-03-01 10:44:00,10462.0
2022-03-01 10:45:00,10462.0
2022-03-01 10:45:00,10462.0
2022-03-01 10:46:00,10462.0
2022-03-01 10:47:00,10462.0
2022-03-01 10:47:00,10462.0
2022-03-01 10:48:00,10462.0
2022-03-01 10:48:00,10462.0
2022-03-01 10:50:00,10462.0
2022-03-01 10:52:00,10462.0
2022-03-01 10:54:00,10462.0
2022-03-01 10:55:00,10462.0
2022-03-01 10:56:00,10462.0
2022-03-01 10:57:00,10462.0
2022-03-01 10:59:00,10462.0
2022-03-01 11:02:00,10462.0
2022-03-01 11:03:00,10462.0
2022-03-01 11:05:00,10467.5
2022-03-01 11:06:00,10467.5
2022-03-01 11:07:00,10467.5
2022-03-01 11:10:00,10467.5
2022-03-01 11:12:00,10467.5
2022-03-01 11:13:00,10467.5
2022-03-01 11:15:00,10467.5
2022-03-01 11:19:00,10467.5
2022-03-01 11:20:00,10443.0
2022-03-01 11:20:00,10443.0
2022-03-01 11:21:00,10443.0
2022-03-01 11:24:00,10443.0
2022-03-01 11:30:00,10443.0
2022-03-01 11:34:00,10443.0
2022-03-01 11:36:00,10443.0
2022-03-01 11:36:00,10443.0
2022-03-01 11:37:00,10443.0
2022-03-01 11:38:00,10443.0
2022-03-01 11:40:00,10443.0
2022-03-01 11:43:00,10443.0
2022-03-01 11:43:00,10443.0
2022-03-01 11:43:00,10443.0
2022-03-01 11:44:00,10443.0
2022-03-01 11:45:00,10443.0
2022-03-01 11:48:00,10443.0
2022-03-01 11:51:00,10443.0
2022-03-01 11:53:00,10443.0
2022-03-01 11:53:00,10443.0
2022-03-01 11:58:00,10443.0
2022-03-01 12:01:00,10443.0
2022-03-01 12:01:00,10443.0
2022-03-01 12:02:00,10443.0
2022-03-01 12:06:00,10443.0
2022-03-01 12:08:00,10443.0
2022-03-01 12:09:00,10443.0
2022-03-01 12:11:00,10443.0
2022-03-01 12:14:00,10443.0
2022-03-01 12:17:00,10443.0
2022-03-01 12:18:00,10443.0
2022-03-01 12:20:00,10443.0
2022-03-01 12:21:00,10443.0
2022-03-01 12:23:00,10443.0
2022-03-01 12:24:00,10443.0
2022-03-01 12:29:00,10443.0
2022-03-01 12:30:00,10443.0
2022-03-01 12:36:00,10443.0
2022-03-01 12:43:00,10443.0
2022-03-01 12:45:00,10443.0
2022-03-01 12:46:00,10443.0
2022-03-01 12:46:00,10443.0
2022-03-01 12:48:00,10443.0
2022-03-01 12:48:00,10488.5
2022-03-01 12:50:00,10488.5
2022-03-01 12:52:00,10488.5
2022-03-01 12:55:00,10488.5
2022-03-01 12:56:00,10488.5
2022-03-01 13:01:00,10454.0
2022-03-01 13:02:00,10454.0
2022-03-01 13:06:00,10454.0
2022-03-01 13:08:00,10454.0
2022-03-01 13:10:00,10454.0
2022-03-01 13:12:00,10454.0
2022-03-01 13:16:00,10454.0
2022-03-01 13:20:00,10454.0
2022-03-01 13:22:00,10454.0
2022-03-01 13:23:00,10454.0
2022-03-01 13:24:00,10454.0
2022-03-01 13:29:00,10454.0
2022-03-01 13:29:00,10454.0
2022-03-01 13:30:00,10454.0
2022-03-01 13:31:00,10454.0
2022-03-01 13:34:00,10454.0
2022-03-01 13:36:00,10454.0
2022-03-01 13:36:00,10454.0
2022-03-01 13:37:00,10454.0
2022-03-01 13:40:00,10454.0
2022-03-01 13:40:00,10454.0
2022-03-01 13:41:00,10454.0
2022-03-01 13:42:00,10454.0
2022-03-01 13:43:00,10454.0
2022-03-01 13:50:00,10454.0
2022-03-01 13:58:00,10454.0
2022-03-01 14:00:00,10454.0
2022-03-01 14:02:00,10454.0
2022-03-01 14:05:00,10454.0
2022-03-01 14:07:00,10454.0
2022-03-01 14:13:00,10454.0
2022-03-01 14:21:00,10454.0
2022-03-01 14:23:00,10489.5
2022-03-01 14:24:00,10489.5
2022-03-01 14:25:00,10489.5
2022-03-01 14:26:00,10489.5
2022-03-01 14:27:00,10489.5
2022-03-01 14:29:00,10489.5
2022-03-01 14:32:00,10489.5
2022-03-01 14:43:00,10489.5
2022-03-01 14:46:00,10465.0
2022-03-01 14:50:00,10465.0
2022-03-01 14:51:00,10440.5
2022-03-01 14:52:00,10426.0
2022-03-01 14:56:00,10411.5
2022-03-01 14:57:00,10411.5
2022-03-01 14:58:00,10387.0
2022-03-01 14:59:00,10387.0
2022-03-01 15:02:00,10387.0
2022-03-01 15:05:00,10387.0
2022-03-01 15:06:00,10387.0
2022-03-01 15:07:00,10387.0
2022-03-01 15:18:00,10387.0
2022-03-01 15:31:00,10387.0
2022-03-01 15:34:00,10387.0
2022-03-01 15:36:00,10387.0
2022-03-01 15:38:00,10387.0
2022-03-01 15:41:00,10387.0
2022-03-01 15:42:00,10387.0
2022-03-01 15:43:00,10387.0
2022-03-01 15:48:00,10387.0
2022-03-01 15:51:00,10387.0
2022-03-01 15:58:00,10387.0
2022-03-01 16:02:00,10387.0
2022-03-01 16:02:00,10387.0
2022-03-01 16:02:00,10387.0
2022-03-01 16:02:00,10387.0
2022-03-01 16:03:00,10387.0
2022-03-01 16:03:00,10387.0
2022-03-01 16:04:00,10387.0
2022-03-01 16:04:00,10387.0
2022-03-01 16:05:00,10387.0
2022-03-01 16:05:00,10387.0
2022-03-01 16:09:00,10387.0
2022-03-01 16:13:00,10387.0
2022-03-01 16:17:00,10387.0
2022-03-01 16:28:00,10387.0
2022-03-01 16:32:00,10412.5
2022-03-01 16:33:00,10412.5
2022-03-01 16:35:00,10412.5
2022-03-01 16:37:00,10412.5
2022-03-01 16:40:00,10412.5
2022-03-01 16:49:00,10412.5
2022-03-01 16:52:00,10412.5
2022-03-01 18:00:00,10412.5
2022-03-01 18:00:00,10412.5
2022-03-01 18:01:00,10412.5
2022-03-01 18:01:00,10412.5
2022-03-01 18:03:00,10412.5
2022-03-01 18:04:00,10412.5
2022-03-01 18:13:00,10412.5
2022-03-01 18:36:00,10412.5
2022-03-01 19:04:00,10412.5
2022-03-01 19:10:00,10412.5
2022-03-01 19:14:00,10412.5
2022-03-01 19:18:00,10412.5
2022-03-01 19:26:00,10412.5
2022-03-01 19:36:00,10412.5
2022-03-01 19:38:00,10412.5
2022-03-01 19:41:00,10412.5
2022-03-01 19:44:00,10412.5
2022-03-01 19:46:00,10412.5
2022-03-01 19:50:00,10412.5
2022-03-01 19:51:00,10412.5
2022-03-01 19:56:00,10412.5
2022-03-01 20:00:00,10412.5
2022-03-01 20:01:00,10412.5
2022-03-01 20:03:00,10412.5
2022-03-01 20:04:00,10412.5
2022-03-01 20:07:00,10412.5
2022-03-01 20:10:00,10412.5
2022-03-01 20:14:00,10412.5
2022-03-01 20:17:00,10412.5
2022-03-01 20:26:00,10412.5
2022-03-01 20:27:00,10412.5
2022-03-01 20:37:00,10412.5
2022-03-01 20:42:00,10412.5
2022-03-01 20:48:00,10412.5
2022-03-01 20:57:00,10412.5
2022-03-01 21:00:00,10412.5
2022-03-01 21:03:00,10412.5
2022-03-01 21:05:00,10412.5
2022-03-01 21:05:00,10478.0
2022-03-01 21:07:00,10478.0
2022-03-01 21:07:00,10478.0
2022-03-01 21:08:00,10478.0
2022-03-01 21:09:00,10478.0
2022-03-01 21:11:00,10478.0
2022-03-01 21:18:00,10478.0
2022-03-01 21:23:00,10478.0
2022-03-01 21:38:00,10478.0
2022-03-01 21:40:00,10478.0
2022-03-01 21:43:00,10478.0
2022-03-01 21:55:00,10478.0
2022-03-01 22:01:00,10478.0
2022-03-01 22:07:00,10478.0
2022-03-01 22:16:00,10478.0
2022-03-01 22:17:00,10463.5
2022-03-01 22:27:00,10463.5
2022-03-01 22:28:00,10463.5
2022-03-01 22:32:00,10463.5
2022-03-01 22:41:00,10463.5
2022-03-01 22:53:00,10463.5
2022-03-01 23:11:00,10463.5
2022-03-01 23:18:00,10463.5
2022-03-01 23:28:00,10463.5
2022-03-02 00:03:00,10463.5
2022-03-02 00:09:00,10463.5
2022-03-02 00:10:00,10463.5
2022-03-02 00:15:00,10463.5
2022-03-02 00:22:00,10463.5
2022-03-02 00:26:00,10463.5
2022-03-02 00:29:00,10463.5
2022-03-02 00:36:00,10463.5
2022-03-02 00:37:00,10463.5
2022-03-02 00:58:00,10439.0
2022-03-02 00:58:00,10439.0
2022-03-02 01:00:00,10439.0
2022-03-02 01:04:00,10404.5
2022-03-02 01:05:00,10404.5
2022-03-02 01:11:00,10404.5
2022-03-02 01:15:00,10404.5
2022-03-02 01:17:00,10404.5
2022-03-02 01:25:00,10404.5
2022-03-02 01:27:00,10404.5
2022-03-02 01:28:00,10404.5
2022-03-02 01:30:00,10380.0
2022-03-02 01:41:00,10380.0
2022-03-02 01:44:00,10380.0
2022-03-02 01:47:00,10380.0
2022-03-02 01:49:00,10380.0
2022-03-02 01:51:00,10380.0
2022-03-02 01:57:00,10380.0
2022-03-02 02:01:00,10380.0
2022-03-02 02:03:00,10380.0
2022-03-02 02:04:00,10380.0
2022-03-02 02:05:00,10380.0
2022-03-02 02:05:00,10380.0
2022-03-02 02:09:00,10380.0
2022-03-02 02:09:00,10380.0
2022-03-02 02:11:00,10380.0
2022-03-02 02:12:00,10380.0
2022-03-02 02:17:00,10380.0
2022-03-02 02:21:00,10380.0
2022-03-02 02:23:00,10380.0
2022-03-02 02:25:00,10380.0
2022-03-02 02:26:00,10380.0
2022-03-02 02:31:00,10380.0
2022-03-02 02:38:00,10380.0
2022-03-02 02:41:00,10380.0
2022-03-02 02:42:00,10380.0
2022-03-02 02:44:00,10380.0
2022-03-02 02:46:00,10380.0
2022-03-02 02:48:00,10380.0
2022-03-02 02:48:00,10380.0
2022-03-02 02:49:00,10380.0
2022-03-02 02:50:00,10380.0
2022-03-02 02:50:00,10380.0
2022-03-02 02:51:00,10380.0
2022-03-02 02:52:00,10380.0
2022-03-02 02:54:00,10380.0
2022-03-02 02:55:00,10380.0
2022-03-02 02:56:00,10380.0
2022-03-02 02:59:00,10380.0
2022-03-02 03:00:00,10380.0
2022-03-02 03:02:00,10380.0
2022-03-02 03:02:00,10380.0
2022-03-02 03:03:00,10425.5
2022-03-02 03:04:00,10425.5
2022-03-02 03:06:00,10425.5
2022-03-02 03:12:00,10425.5
2022-03-02 03:14:00,10425.5
2022-03-02 03:15:00,10425.5
2022-03-02 03:18:00,10425.5
2022-03-02 03:18:00,10425.5
2022-03-02 03:20:00,10425.5
2022-03-02 03:23:00,10425.5
2022-03-02 03:24:00,10425.5
2022-03-02 03:25:00,10425.5
2022-03-02 03:27:00,10425.5
2022-03-02 03:30:00,10425.5
2022-03-02 03:30:00,10425.5
2022-03-02 03:33:00,10425.5
2022-03-02 03:34:00,10425.5
2022-03-02 03:35:00,10425.5
2022-03-02 03:35:00,10425.5
2022-03-02 03:38:00,10425.5
2022-03-02 03:39:00,10425.5
2022-03-02 03:46:00,10425.5
2022-03-02 03:49:00,10425.5
2022-03-02 03:52:00,10425.5
2022-03-02 03:53:00,10425.5
2022-03-02 03:56:00,10425.5
2022-03-02 03:56:00,10425.5
2022-03-02 03:58:00,10425.5
2022-03-02 04:04:00,10441.0
2022-03-02 04:06:00,10441.0
2022-03-02 04:07:00,10441.0
2022-03-02 04:16:00,10441.0
2022-03-02 04:21:00,10396.5
2022-03-02 04:23:00,10396.5
2022-03-02 04:27:00,10396.5
2022-03-02 04:28:00,10396.5
2022-03-02 04:30:00,10372.0
2022-03-02 04:30:00,10357.5
2022-03-02 04:30:00,10357.5
2022-03-02 04:30:00,10357.5
2022-03-02 04:31:00,10357.5
2022-03-02 04:31:00,10357.5
2022-03-02 04:32:00,10357.5
2022-03-02 04:32:00,10357.5
2022-03-02 04:35:00,10357.5
2022-03-02 04:37:00,10357.5
2022-03-02 04:39:00,10357.5
2022-03-02 04:41:00,10357.5
2022-03-02 04:42:00,10357.5
2022-03-02 04:46:00,10357.5
2022-03-02 04:48:00,10363.0
2022-03-02 04:50:00,10363.0
2022-03-02 04:56:00,10363.0
2022-03-02 04:59:00,10363.0
2022-03-02 05:00:00,10338.5
2022-03-02 05:01:00,10338.5
2022-03-02 05:02:00,10338.5
2022-03-02 05:02:00,10338.5
2022-03-02 05:03:00,10338.5
2022-03-02 05:10:00,10338.5
2022-03-02 05:24:00,10338.5
2022-03-02 05:25:00,10338.5
2022-03-02 05:26:00,10338.5
2022-03-02 05:26:00,10338.5
2022-03-02 05:26:00,10338.5
2022-03-02 05:26:00,10338.5
2022-03-02 05:26:00,10338.5
2022-03-02 05:26:00,10338.5
2022-03-02 05:26:00,10338.5
2022-03-02 05:26:00,10338.5
2022-03-02 05:26:00,10338.5
2022-03-02 05:26:00,10338.5
2022-03-02 05:26:00,10338.5
2022-03-02 05:26:00,10338.5
2022-03-02 05:26:00,10338.5
2022-03-02 05:26:00,10338.5
2022-03-02 05:26:00,10338.5
2022-03-02 05:26:00,10338.5
2022-03-02 05:26:00,10338.5
2022-03-02 05:27:00,10338.5
2022-03-02 05:27:00,10338.5
2022-03-02 05:27:00,10338.5
2022-03-02 05:27:00,10338.5
2022-03-02 05:27:00,10338.5
2022-03-02 05:27:00,10338.5
2022-03-02 05:27:00,10338.5
2022-03-02 05:27:00,10338.5
2022-03-02 05:27:00,10444.0
2022-03-02 05:27:00,10444.0
2022-03-02 05:27:00,10444.0
2022-03-02 05:27:00,10444.0
2022-03-02 05:27:00,10444.0
2022-03-02 05:27:00,10444.0
2022-03-02 05:28:00,10444.0
2022-03-02 05:28:00,10444.0
2022-03-02 05:28:00,10444.0
2022-03-02 05:28:00,10444.0
2022-03-02 05:29:00,10444.0
2022-03-02 05:29:00,10444.0
2022-03-02 05:29:00,10444.0
2022-03-02 05:29:00,10429.5
2022-03-02 05:30:00,10429.5
2022-03-02 05:30:00,10429.5
2022-03-02 05:30:00,10429.5
2022-03-02 05:30:00,10429.5
2022-03-02 05:30:00,10429.5
2022-03-02 05:31:00,10385.0
2022-03-02 05:32:00,10385.0
2022-03-02 05:33:00,10385.0
2022-03-02 05:34:00,10385.0
2022-03-02 05:35:00,10385.0
2022-03-02 05:36:00,10385.0
2022-03-02 05:37:00,10385.0
2022-03-02 05:38:00,10385.0
2022-03-02 05:38:00,10385.0
2022-03-02 05:39:00,10385.0
2022-03-02 05:41:00,10385.0
2022-03-02 05:42:00,10385.0
2022-03-02 05:43:00,10385.0
2022-03-02 05:44:00,10385.0
2022-03-02 05:45:00,10360.5
2022-03-02 05:46:00,10360.5
2022-03-02 05:47:00,10360.5
2022-03-02 05:48:00,10360.5
2022-03-02 05:49:00,10360.5
2022-03-02 05:49:00,10360.5
2022-03-02 05:50:00,10360.5
2022-03-02 05:51:00,10360.5
2022-03-02 05:52:00,10336.0
2022-03-02 05:55:00,10336.0
2022-03-02 05:56:00,10336.0
2022-03-02 06:01:00,10336.0
2022-03-02 06:02:00,10336.0
2022-03-02 06:07:00,10336.0
2022-03-02 06:07:00,10336.0
2022-03-02 06:08:00,10336.0
2022-03-02 06:08:00,10336.0
2022-03-02 06:09:00,10336.0
2022-03-02 06:10:00,10336.0
2022-03-02 06:10:00,10336.0
2022-03-02 06:11:00,10336.0
2022-03-02 06:11:00,10336.0
2022-03-02 06:14:00,10336.0
2022-03-02 06:15:00,10336.0
2022-03-02 06:16:00,10331.5
2022-03-02 06:17:00,10331.5
2022-03-02 06:22:00,10331.5
2022-03-02 06:25:00,10297.0
2022-03-02 06:27:00,10297.0
2022-03-02 06:32:00,10297.0
2022-03-02 06:35:00,10297.0
2022-03-02 06:36:00,10272.5
2022-03-02 06:37:00,10272.5
2022-03-02 06:40:00,10272.5
2022-03-02 06:45:00,10272.5
2022-03-02 06:47:00,10272.5
2022-03-02 06:50:00,10272.5
2022-03-02 06:56:00,10248.0
2022-03-02 07:00:00,10248.0
2022-03-02 07:01:00,10248.0
2022-03-02 07:05:00,10248.0
2022-03-02 07:07:00,10248.0
2022-03-02 07:11:00,10248.0
2022-03-02 07:17:00,10248.0
2022-03-02 07:18:00,10248.0
2022-03-02 07:19:00,10223.5
2022-03-02 07:26:00,10223.5
2022-03-02 07:29:00,10223.5
2022-03-02 07:30:00,10223.5
2022-03-02 07:30:00,10223.5
2022-03-02 07:30:00,10223.5
2022-03-02 07:30:00,10223.5
2022-03-02 07:31:00,10223.5
2022-03-02 07:32:00,10223.5
2022-03-02 07:33:00,10223.5
2022-03-02 07:34:00,10223.5
2022-03-02 07:35:00,10223.5
2022-03-02 07:40:00,10223.5
2022-03-02 07:42:00,10223.5
2022-03-02 07:45:00,10223.5
2022-03-02 07:51:00,10223.5
2022-03-02 07:55:00,10223.5
2022-03-02 08:00:00,10223.5
2022-03-02 08:00:00,10223.5
2022-03-02 08:00:00,10209.0
2022-03-02 08:02:00,10209.0
2022-03-02 08:03:00,10209.0
2022-03-02 08:04:00,10209.0
2022-03-02 08:07:00,10209.0
2022-03-02 08:08:00,10209.0
2022-03-02 08:09:00,10209.0
2022-03-02 08:11:00,10209.0
2022-03-02 08:13:00,10209.0
2022-03-02 08:14:00,10209.0
2022-03-02 08:17:00,10209.0
2022-03-02 08:17:00,10209.0
2022-03-02 08:17:00,10184.5
2022-03-02 08:18:00,10184.5
2022-03-02 08:19:00,10184.5
2022-03-02 08:20:00,10184.5
2022-03-02 08:21:00,10184.5
2022-03-02 08:21:00,10184.5
2022-03-02 08:22:00,10184.5
2022-03-02 08:23:00,10184.5
2022-03-02 08:25:00,10184.5
2022-03-02 08:26:00,10184.5
2022-03-02 08:27:00,10184.5
2022-03-02 08:28:00,10150.0
2022-03-02 08:29:00,10150.0
2022-03-02 08:30:00,10150.0
2022-03-02 08:30:00,10150.0
2022-03-02 08:30:00,10150.0
2022-03-02 08:31:00,10150.0
2022-03-02 08:32:00,10150.0
2022-03-02 08:33:00,10150.0
2022-03-02 08:34:00,10150.0
2022-03-02 08:35:00,10150.0
2022-03-02 08:35:00,10150.0
2022-03-02 08:36:00,10150.0
2022-03-02 08:37:00,10125.5
2022-03-02 08:37:00,10125.5
2022-03-02 08:38:00,10125.5
2022-03-02 08:39:00,10091.0
2022-03-02 08:40:00,10091.0
2022-03-02 08:41:00,10091.0
2022-03-02 08:42:00,10091.0
2022-03-02 08:43:00,10091.0
2022-03-02 08:43:00,10091.0
2022-03-02 08:44:00,10091.0
2022-03-02 08:45:00,10091.0
2022-03-02 08:46:00,10091.0
2022-03-02 08:48:00,10091.0
2022-03-02 08:52:00,10091.0
2022-03-02 08:52:00,10091.0
2022-03-02 08:54:00,10091.0
2022-03-02 08:56:00,10091.0
2022-03-02 08:59:00,10091.0
2022-03-02 09:00:00,10091.0
2022-03-02 09:02:00,10091.0
2022-03-02 09:02:00,10091.0
2022-03-02 09:03:00,10091.0
2022-03-02 09:04:00,10091.0
2022-03-02 09:04:00,10091.0
2022-03-02 09:08:00,10091.0
2022-03-02 09:09:00,10091.0
2022-03-02 09:10:00,10091.0
2022-03-02 09:11:00,10091.0
2022-03-02 09:13:00,10091.0
2022-03-02 09:16:00,10106.5
2022-03-02 09:19:00,10106.5
2022-03-02 09:20:00,10106.5
2022-03-02 09:20:00,10106.5
2022-03-02 09:26:00,10106.5
2022-03-02 09:27:00,10106.5
2022-03-02 09:29:00,10106.5
2022-03-02 09:29:00,10106.5
2022-03-02 09:30:00,10106.5
2022-03-02 09:31:00,10106.5
2022-03-02 09:32:00,10106.5
2022-03-02 09:33:00,10106.5
2022-03-02 09:34:00,10106.5
2022-03-02 09:35:00,10106.5
2022-03-02 09:36:00,10106.5
2022-03-02 09:36:00,10106.5
2022-03-02 09:36:00,10106.5
2022-03-02 09:36:00,10106.5
2022-03-02 09:37:00,10106.5
2022-03-02 09:38:00,10106.5
2022-03-02 09:40:00,10106.5
2022-03-02 09:42:00,10106.5
2022-03-02 09:42:00,10106.5
2022-03-02 09:42:00,10106.5
2022-03-02 09:43:00,10106.5
2022-03-02 09:44:00,10106.5
2022-03-02 09:45:00,10106.5
2022-03-02 09:45:00,10106.5
2022-03-02 09:47:00,10106.5
2022-03-02 09:47:00,10106.5
2022-03-02 09:48:00,10106.5
2022-03-02 09:48:00,10106.5
2022-03-02 09:50:00,10106.5
2022-03-02 09:51:00,10152.0
2022-03-02 09:51:00,10152.0
2022-03-02 09:52:00,10152.0
2022-03-02 09:54:00,10152.0
2022-03-02 09:55:00,10152.0
2022-03-02 09:56:00,10152.0
2022-03-02 09:58:00,10152.0
2022-03-02 10:00:00,10152.0
2022-03-02 10:00:00,10152.0
2022-03-02 10:01:00,10152.0
2022-03-02 10:02:00,10152.0
2022-03-02 10:03:00,10152.0
2022-03-02 10:03:00,10152.0
2022-03-02 10:04:00,10152.0
2022-03-02 10:07:00,10152.0
2022-03-02 10:07:00,10152.0
2022-03-02 10:08:00,10152.0
2022-03-02 10:10:00,10152.0
2022-03-02 10:10:00,10152.0
2022-03-02 10:15:00,10152.0
2022-03-02 10:17:00,10152.0
2022-03-02 10:22:00,10152.0
2022-03-02 10:23:00,10152.0
2022-03-02 10:26:00,10152.0
2022-03-02 10:28:00,10152.0
2022-03-02 10:28:00,10152.0
2022-03-02 10:28:00,10152.0
2022-03-02 10:29:00,10152.0
2022-03-02 10:29:00,10152.0
2022-03-02 10:30:00,10152.0
2022-03-02 10:30:00,10152.0
2022-03-02 10:30:00,10152.0
2022-03-02 10:30:00,10152.0
2022-03-02 10:30:00,10152.0
2022-03-02 10:31:00,10152.0
2022-03-02 10:31:00,10177.5
2022-03-02 10:31:00,10177.5
2022-03-02 10:31:00,10177.5
2022-03-02 10:32:00,10177.5
2022-03-02 10:35:00,10177.5
2022-03-02 10:35:00,10177.5
2022-03-02 10:36:00,10177.5
2022-03-02 10:37:00,10177.5
2022-03-02 10:37:00,10177.5
2022-03-02 10:39:00,10177.5
2022-03-02 10:42:00,10177.5
2022-03-02 10:43:00,10177.5
2022-03-02 10:44:00,10177.5
2022-03-02 10:44:00,10177.5
2022-03-02 10:48:00,10177.5
2022-03-02 10:50:00,10177.5
2022-03-02 10:51:00,10177.5
2022-03-02 10:52:00,10177.5
2022-03-02 10:55:00,10177.5
2022-03-02 10:55:00,10177.5
2022-03-02 10:58:00,10177.5
2022-03-02 11:00:00,10177.5
2022-03-02 11:01:00,10193.0
2022-03-02 11:02:00,10193.0
2022-03-02 11:02:00,10168.5
2022-03-02 11:03:00,10168.5
2022-03-02 11:03:00,10168.5
2022-03-02 11:04:00,10168.5
2022-03-02 11:04:00,10168.5
2022-03-02 11:05:00,10168.5
2022-03-02 11:06:00,10168.5
2022-03-02 11:08:00,10168.5
2022-03-02 11:10:00,10168.5
2022-03-02 11:10:00,10168.5
2022-03-02 11:10:00,10168.5
2022-03-02 11:12:00,10168.5
2022-03-02 11:12:00,10168.5
2022-03-02 11:13:00,10168.5
2022-03-02 11:13:00,10168.5
2022-03-02 11:15:00,10168.5
2022-03-02 11:18:00,10168.5
2022-03-02 11:19:00,10168.5
2022-03-02 11:21:00,10168.5
2022-03-02 11:26:00,10168.5
2022-03-02 11:27:00,10184.0
2022-03-02 11:30:00,10184.0
2022-03-02 11:31:00,10184.0
2022-03-02 11:31:00,10184.0
2022-03-02 11:31:00,10184.0
2022-03-02 11:31:00,10184.0
2022-03-02 11:32:00,10139.5
2022-03-02 11:33:00,10139.5
2022-03-02 11:34:00,10139.5
2022-03-02 11:35:00,10139.5
2022-03-02 11:36:00,10139.5
2022-03-02 11:36:00,10139.5
2022-03-02 11:37:00,10139.5
2022-03-02 11:38:00,10139.5
2022-03-02 11:39:00,10139.5
2022-03-02 11:39:00,10139.5
2022-03-02 11:39:00,10139.5
2022-03-02 11:40:00,10139.5
2022-03-02 11:41:00,10139.5
2022-03-02 11:42:00,10139.5
2022-03-02 11:43:00,10139.5
2022-03-02 11:44:00,10139.5
2022-03-02 11:45:00,10139.5
2022-03-02 11:48:00,10139.5
2022-03-02 11:49:00,10139.5
2022-03-02 11:51:00,10139.5
2022-03-02 11:55:00,10139.5
2022-03-02 11:57:00,10125.0
2022-03-02 12:00:00,10125.0
2022-03-02 12:01:00,10125.0
2022-03-02 12:02:00,10090.5
2022-03-02 12:03:00,10090.5
2022-03-02 12:03:00,10090.5
2022-03-02 12:09:00,10090.5
2022-03-02 12:11:00,10090.5
2022-03-02 12:14:00,10090.5
2022-03-02 12:15:00,10090.5
2022-03-02 12:16:00,10090.5
2022-03-02 12:18:00,10090.5
2022-03-02 12:25:00,10090.5
2022-03-02 12:32:00,10090.5
2022-03-02 12:33:00,10056.0
2022-03-02 12:38:00,10056.0
2022-03-02 12:40:00,10056.0
2022-03-02 12:41:00,10056.0
2022-03-02 12:41:00,10056.0
2022-03-02 12:48:00,10056.0
2022-03-02 12:49:00,10056.0
2022-03-02 12:53:00,10021.5
2022-03-02 13:02:00,10021.5
2022-03-02 13:07:00,10021.5
2022-03-02 13:09:00,10021.5
2022-03-02 13:21:00,9997.0
2022-03-02 13:23:00,9997.0
2022-03-02 13:26:00,9972.5
2022-03-02 13:29:00,9972.5
2022-03-02 13:29:00,9948.0
2022-03-02 13:46:00,9948.0
2022-03-02 13:48:00,9948.0
2022-03-02 13:57:00,9948.0
2022-03-02 13:59:00,9948.0
2022-03-02 14:00:00,9948.0
2022-03-02 14:02:00,9948.0
2022-03-02 14:02:00,9948.0
2022-03-02 14:16:00,9948.0
2022-03-02 14:19:00,9948.0
2022-03-02 14:22:00,9948.0
2022-03-02 14:29:00,9948.0
2022-03-02 14:40:00,9948.0
2022-03-02 14:42:00,9948.0
2022-03-02 14:51:00,9948.0
2022-03-02 14:52:00,9948.0
2022-03-02 14:53:00,9948.0
2022-03-02 14:55:00,9948.0
2022-03-02 15:00:00,9948.0
2022-03-02 15:00:00,9948.0
2022-03-02 15:03:00,9948.0
2022-03-02 15:05:00,9948.0
2022-03-02 15:05:00,9948.0
2022-03-02 15:05:00,9948.0
2022-03-02 15:06:00,9948.0
2022-03-02 15:10:00,9948.0
2022-03-02 15:11:00,9948.0
2022-03-02 15:13:00,9948.0
2022-03-02 15:17:00,9948.0
2022-03-02 15:22:00,9948.0
2022-03-02 15:28:00,9948.0
2022-03-02 15:29:00,9948.0
2022-03-02 15:30:00,9948.0
2022-03-02 15:33:00,9948.0
2022-03-02 15:34:00,9948.0
2022-03-02 15:35:00,9948.0
2022-03-02 15:38:00,9948.0
2022-03-02 15:47:00,10033.5
2022-03-02 15:50:00,10033.5
2022-03-02 15:53:00,10033.5
2022-03-02 15:54:00,10033.5
2022-03-02 15:58:00,10033.5
2022-03-02 16:00:00,10033.5
2022-03-02 16:01:00,10033.5
2022-03-02 16:07:00,10033.5
2022-03-02 16:30:00,10033.5
2022-03-02 16:39:00,10033.5
2022-03-02 16:41:00,10033.5
2022-03-02 16:47:00,10033.5
2022-03-02 16:54:00,10033.5
2022-03-02 16:58:00,10033.5
2022-03-02 18:00:00,10033.5
2022-03-02 18:01:00,10019.0
2022-03-02 18:04:00,10019.0
2022-03-02 18:05:00,10019.0
2022-03-02 18:08:00,10019.0
2022-03-02 18:27:00,10019.0
2022-03-02 18:31:00,10019.0
2022-03-02 18:56:00,10019.0
2022-03-02 19:11:00,10019.0
2022-03-02 19:55:00,10019.0
2022-03-02 20:01:00,10019.0
2022-03-02 20:03:00,10019.0
2022-03-02 20:07:00,9984.5
2022-03-02 20:15:00,9984.5
2022-03-02 20:20:00,9984.5
2022-03-02 20:32:00,9984.5
2022-03-02 20:36:00,9984.5
2022-03-02 20:46:00,9950.0
2022-03-02 20:51:00,9950.0
2022-03-02 20:59:00,9950.0
2022-03-02 21:05:00,9950.0
2022-03-02 21:16:00,9950.0
2022-03-02 21:25:00,9950.0
2022-03-02 21:40:00,9950.0
2022-03-02 22:15:00,9950.0
2022-03-02 22:38:00,9950.0
2022-03-02 22:48:00,9950.0
2022-03-02 23:02:00,9925.5
2022-03-02 23:39:00,9925.5
2022-03-02 23:43:00,9925.5
2022-03-03 00:08:00,9925.5
2022-03-03 00:09:00,9925.5
2022-03-03 00:17:00,9925.5
2022-03-03 00:31:00,9925.5
2022-03-03 00:36:00,9925.5
2022-03-03 01:15:00,9925.5
2022-03-03 01:20:00,9925.5
2022-03-03 01:27:00,9925.5
2022-03-03 01:33:00,9925.5
2022-03-03 01:40:00,9925.5
2022-03-03 01:41:00,9911.0
2022-03-03 01:43:00,9911.0
2022-03-03 01:57:00,9911.0
2022-03-03 02:01:00,9911.0
2022-03-03 02:10:00,9911.0
2022-03-03 02:15:00,9911.0
2022-03-03 02:17:00,9911.0
2022-03-03 02:18:00,9911.0
2022-03-03 02:20:00,9911.0
2022-03-03 02:26:00,9876.5
2022-03-03 02:34:00,9876.5
2022-03-03 02:36:00,9876.5
2022-03-03 02:41:00,9842.0
2022-03-03 02:42:00,9842.0
2022-03-03 02:44:00,9842.0
2022-03-03 02:46:00,9842.0
2022-03-03 02:47:00,9842.0
2022-03-03 02:48:00,9842.0
2022-03-03 02:51:00,9842.0
2022-03-03 02:52:00,9842.0
2022-03-03 02:55:00,9842.0
2022-03-03 03:00:00,9842.0
2022-03-03 03:01:00,9842.0
2022-03-03 03:03:00,9842.0
2022-03-03 03:04:00,9842.0
2022-03-03 03:04:00,9842.0
2022-03-03 03:08:00,9842.0
2022-03-03 03:10:00,9842.0
2022-03-03 03:13:00,9842.0
2022-03-03 03:16:00,9842.0
2022-03-03 03:17:00,9837.5
2022-03-03 03:18:00,9837.5
2022-03-03 03:33:00,9837.5
2022-03-03 03:35:00,9803.0
2022-03-03 03:37:00,9803.0
2022-03-03 03:40:00,9803.0
2022-03-03 03:44:00,9803.0
2022-03-03 03:49:00,9803.0
2022-03-03 03:52:00,9803.0
2022-03-03 04:00:00,9803.0
2022-03-03 04:02:00,9803.0
2022-03-03 04:04:00,9778.5
2022-03-03 04:10:00,9778.5
2022-03-03 04:20:00,9778.5
2022-03-03 04:20:00,9778.5
2022-03-03 04:25:00,9778.5
2022-03-03 04:27:00,9778.5
2022-03-03 04:27:00,9778.5
2022-03-03 04:31:00,9778.5
2022-03-03 04:32:00,9778.5
2022-03-03 04:41:00,9778.5
2022-03-03 04:51:00,9778.5
2022-03-03 05:00:00,9778.5
2022-03-03 05:03:00,9778.5
2022-03-03 05:07:00,9778.5
2022-03-03 05:08:00,9754.0
2022-03-03 05:15:00,9754.0
2022-03-03 05:16:00,9754.0
2022-03-03 05:17:00,9754.0
2022-03-03 05:25:00,9754.0
2022-03-03 05:30:00,9754.0
2022-03-03 05:30:00,9754.0
2022-03-03 05:35:00,9754.0
2022-03-03 05:35:00,9754.0
2022-03-03 05:41:00,9754.0
2022-03-03 05:43:00,9754.0
2022-03-03 05:56:00,9754.0
2022-03-03 05:57:00,9754.0
2022-03-03 06:03:00,9754.0
2022-03-03 06:06:00,9754.0
2022-03-03 06:31:00,9754.0
2022-03-03 06:32:00,9754.0
2022-03-03 06:32:00,9754.0
2022-03-03 06:32:00,9754.0
2022-03-03 06:33:00,9754.0
2022-03-03 06:35:00,9754.0
2022-03-03 06:50:00,9754.0
2022-03-03 06:54:00,9754.0
2022-03-03 06:55:00,9754.0
2022-03-03 06:59:00,9754.0
2022-03-03 07:01:00,9759.5
2022-03-03 07:11:00,9759.5
2022-03-03 07:14:00,9759.5
2022-03-03 07:15:00,9759.5
2022-03-03 07:16:00,9759.5
2022-03-03 07:17:00,9759.5
2022-03-03 07:18:00,9759.5
2022-03-03 07:25:00,9725.0
2022-03-03 07:32:00,9725.0
2022-03-03 07:35:00,9700.5
2022-03-03 07:36:00,9700.5
2022-03-03 07:38:00,9700.5
2022-03-03 07:39:00,9700.5
2022-03-03 07:47:00,9700.5
2022-03-03 07:51:00,9700.5
2022-03-03 07:55:00,9700.5
2022-03-03 08:02:00,9700.5
2022-03-03 08:05:00,9700.5
2022-03-03 08:09:00,9700.5
2022-03-03 08:09:00,9700.5
2022-03-03 08:16:00,9700.5
2022-03-03 08:19:00,9700.5
2022-03-03 08:20:00,9686.0
2022-03-03 08:20:00,9686.0
2022-03-03 08:21:00,9686.0
2022-03-03 08:21:00,9686.0
2022-03-03 08:21:00,9686.0
2022-03-03 08:23:00,9686.0
2022-03-03 08:24:00,9686.0
2022-03-03 08:24:00,9686.0
2022-03-03 08:25:00,9686.0
2022-03-03 08:30:00,9651.5
2022-03-03 08:31:00,9651.5
2022-03-03 08:32:00,9651.5
2022-03-03 08:34:00,9651.5
2022-03-03 08:35:00,9651.5
2022-03-03 08:36:00,9651.5
2022-03-03 08:39:00,9651.5
2022-03-03 08:40:00,9651.5
2022-03-03 08:43:00,9651.5
2022-03-03 08:45:00,9651.5
2022-03-03 08:50:00,9651.5
2022-03-03 08:53:00,9651.5
2022-03-03 08:54:00,9651.5
2022-03-03 08:55:00,9651.5
2022-03-03 08:57:00,9651.5
2022-03-03 08:59:00,9651.5
2022-03-03 08:59:00,9651.5
2022-03-03 09:01:00,9651.5
2022-03-03 09:02:00,9651.5
2022-03-03 09:03:00,9651.5
2022-03-03 09:04:00,9651.5
2022-03-03 09:05:00,9651.5
2022-03-03 09:06:00,9651.5
2022-03-03 09:07:00,9651.5
2022-03-03 09:08:00,9651.5
2022-03-03 09:09:00,9651.5
2022-03-03 09:14:00,9667.0
2022-03-03 09:17:00,9667.0
2022-03-03 09:17:00,9667.0
2022-03-03 09:18:00,9667.0
2022-03-03 09:19:00,9667.0
2022-03-03 09:19:00,9667.0
2022-03-03 09:22:00,9667.0
2022-03-03 09:26:00,9667.0
2022-03-03 09:26:00,9667.0
2022-03-03 09:31:00,9667.0
2022-03-03 09:33:00,9667.0
2022-03-03 09:34:00,9632.5
2022-03-03 09:35:00,9632.5
2022-03-03 09:36:00,9632.5
2022-03-03 09:38:00,9632.5
2022-03-03 09:39:00,9632.5
2022-03-03 09:40:00,9632.5
2022-03-03 09:41:00,9632.5
2022-03-03 09:42:00,9632.5
2022-03-03 09:43:00,9632.5
2022-03-03 09:44:00,9598.0
2022-03-03 09:45:00,9598.0
2022-03-03 09:47:00,9598.0
2022-03-03 09:50:00,9598.0
2022-03-03 09:51:00,9598.0
2022-03-03 09:52:00,9598.0
2022-03-03 09:53:00,9598.0
2022-03-03 09:56:00,9598.0
2022-03-03 09:57:00,9598.0
2022-03-03 09:57:00,9598.0
2022-03-03 09:57:00,9573.5
2022-03-03 10:00:00,9573.5
2022-03-03 10:00:00,9573.5
2022-03-03 10:00:00,9573.5
2022-03-03 10:01:00,9573.5
2022-03-03 10:02:00,9573.5
2022-03-03 10:04:00,9573.5
2022-03-03 10:04:00,9573.5
2022-03-03 10:05:00,9573.5
2022-03-03 10:06:00,9573.5
2022-03-03 10:12:00,9573.5
2022-03-03 10:13:00,9573.5
2022-03-03 10:18:00,9549.0
2022-03-03 10:19:00,9549.0
2022-03-03 10:20:00,9524.5
2022-03-03 10:21:00,9524.5
2022-03-03 10:23:00,9500.0
2022-03-03 10:24:00,9500.0
2022-03-03 10:27:00,9500.0
2022-03-03 10:28:00,9500.0
2022-03-03 10:29:00,9475.5
2022-03-03 10:30:00,9475.5
2022-03-03 10:31:00,9475.5
2022-03-03 10:33:00,9475.5
2022-03-03 10:35:00,9475.5
2022-03-03 10:36:00,9475.5
2022-03-03 10:40:00,9475.5
2022-03-03 10:42:00,9475.5
2022-03-03 10:43:00,9475.5
2022-03-03 10:45:00,9475.5
2022-03-03 10:47:00,9475.5
2022-03-03 10:51:00,9475.5
2022-03-03 10:58:00,9475.5
2022-03-03 11:04:00,9475.5
2022-03-03 11:06:00,9475.5
2022-03-03 11:08:00,9461.0
2022-03-03 11:10:00,9461.0
2022-03-03 11:10:00,9436.5
2022-03-03 11:14:00,9436.5
2022-03-03 11:15:00,9436.5
2022-03-03 11:19:00,9436.5
2022-03-03 11:20:00,9436.5
2022-03-03 11:21:00,9436.5
2022-03-03 11:22:00,9436.5
2022-03-03 11:23:00,9436.5
2022-03-03 11:24:00,9436.5
2022-03-03 11:26:00,9436.5
2022-03-03 11:28:00,9436.5
2022-03-03 11:36:00,9436.5
2022-03-03 11:37:00,9412.0
2022-03-03 11:37:00,9412.0
2022-03-03 11:39:00,9412.0
2022-03-03 11:48:00,9412.0
2022-03-03 11:50:00,9412.0
2022-03-03 11:52:00,9412.0
2022-03-03 11:56:00,9412.0
2022-03-03 11:58:00,9412.0
2022-03-03 11:59:00,9412.0
2022-03-03 12:00:00,9412.0
2022-03-03 12:10:00,9412.0
2022-03-03 12:15:00,9412.0
2022-03-03 12:19:00,9412.0
2022-03-03 12:26:00,9412.0
2022-03-03 12:31:00,9412.0
2022-03-03 12:31:00,9412.0
2022-03-03 12:31:00,9412.0
2022-03-03 12:32:00,9412.0
2022-03-03 12:34:00,9412.0
2022-03-03 12:34:00,9412.0
2022-03-03 12:35:00,9412.0
2022-03-03 12:35:00,9412.0
2022-03-03 12:36:00,9412.0
2022-03-03 12:36:00,9412.0
2022-03-03 12:37:00,9407.5
2022-03-03 12:39:00,9407.5
2022-03-03 12:43:00,9383.0
2022-03-03 12:45:00,9383.0
2022-03-03 12:46:00,9383.0
2022-03-03 13:05:00,9383.0
2022-03-03 13:14:00,9383.0
2022-03-03 13:17:00,9383.0
2022-03-03 13:25:00,9383.0
2022-03-03 13:26:00,9383.0
2022-03-03 13:29:00,9383.0
2022-03-03 13:31:00,9383.0
2022-03-03 13:39:00,9383.0
2022-03-03 13:40:00,9383.0
2022-03-03 13:58:00,9383.0
2022-03-03 14:00:00,9383.0
2022-03-03 14:04:00,9383.0
2022-03-03 14:05:00,9383.0
2022-03-03 14:09:00,9383.0
2022-03-03 14:12:00,9383.0
2022-03-03 14:18:00,9383.0
2022-03-03 14:23:00,9383.0
2022-03-03 14:27:00,9383.0
2022-03-03 14:44:00,9383.0
2022-03-03 15:02:00,9383.0
2022-03-03 15:04:00,9383.0
2022-03-03 15:05:00,9383.0
2022-03-03 15:06:00,9383.0
2022-03-03 15:16:00,9383.0
2022-03-03 15:18:00,9383.0
2022-03-03 15:18:00,9383.0
2022-03-03 15:18:00,9383.0
2022-03-03 15:19:00,9383.0
2022-03-03 15:20:00,9383.0
2022-03-03 15:24:00,9383.0
2022-03-03 15:25:00,9383.0
2022-03-03 15:28:00,9383.0
2022-03-03 15:36:00,9383.0
2022-03-03 15:44:00,9383.0
2022-03-03 15:46:00,9383.0
2022-03-03 15:47:00,9383.0
2022-03-03 15:48:00,9383.0
2022-03-03 15:53:00,9383.0
2022-03-03 15:55:00,9383.0
2022-03-03 15:57:00,9383.0
2022-03-03 15:59:00,9383.0
2022-03-03 16:01:00,9438.5
2022-03-03 16:11:00,9438.5
2022-03-03 16:24:00,9438.5
2022-03-03 16:45:00,9438.5
2022-03-03 16:49:00,9438.5
2022-03-03 16:52:00,9438.5
2022-03-03 16:59:00,9438.5
2022-03-03 18:00:00,9438.5
2022-03-03 18:20:00,9438.5
2022-03-03 18:45:00,9438.5
2022-03-03 18:51:00,9438.5
2022-03-03 19:09:00,9438.5
2022-03-03 19:09:00,9438.5
2022-03-03 19:10:00,9438.5
2022-03-03 19:11:00,9414.0
2022-03-03 19:12:00,9414.0
2022-03-03 19:13:00,9414.0
2022-03-03 19:16:00,9414.0
2022-03-03 19:16:00,9414.0
2022-03-03 19:17:00,9414.0
2022-03-03 19:19:00,9414.0
2022-03-03 19:23:00,9414.0
2022-03-03 19:25:00,9414.0
2022-03-03 19:29:00,9414.0
2022-03-03 19:31:00,9414.0
2022-03-03 19:31:00,9414.0
2022-03-03 19:32:00,9414.0
2022-03-03 19:33:00,9414.0
2022-03-03 19:36:00,9414.0
2022-03-03 19:36:00,9414.0
2022-03-03 19:37:00,9414.0
2022-03-03 19:37:00,9414.0
2022-03-03 19:38:00,9414.0
2022-03-03 19:38:00,9414.0
2022-03-03 19:39:00,9414.0
2022-03-03 19:40:00,9414.0
2022-03-03 19:40:00,9414.0
2022-03-03 19:41:00,9414.0
2022-03-03 19:41:00,9414.0
2022-03-03 19:42:00,9414.0
2022-03-03 19:43:00,9414.0
2022-03-03 19:43:00,9414.0
2022-03-03 19:44:00,9414.0
2022-03-03 19:44:00,9414.0
2022-03-03 19:44:00,9414.0
2022-03-03 19:44:00,9414.0
2022-03-03 19:45:00,9414.0
2022-03-03 19:45:00,9414.0
2022-03-03 19:46:00,9414.0
2022-03-03 19:47:00,9414.0
2022-03-03 19:47:00,9414.0
2022-03-03 19:48:00,9414.0
2022-03-03 19:49:00,9414.0
2022-03-03 19:49:00,9414.0
2022-03-03 19:50:00,9414.0
2022-03-03 19:53:00,9479.5
2022-03-03 19:53:00,9479.5
2022-03-03 19:53:00,9479.5
2022-03-03 19:54:00,9479.5
2022-03-03 19:55:00,9479.5
2022-03-03 19:55:00,9445.0
2022-03-03 19:57:00,9445.0
2022-03-03 19:57:00,9445.0
2022-03-03 19:58:00,9445.0
2022-03-03 20:00:00,9420.5
2022-03-03 20:02:00,9420.5
2022-03-03 20:03:00,9420.5
2022-03-03 20:03:00,9420.5
2022-03-03 20:04:00,9420.5
2022-03-03 20:07:00,9420.5
2022-03-03 20:07:00,9420.5
2022-03-03 20:08:00,9420.5
2022-03-03 20:09:00,9420.5
2022-03-03 20:10:00,9420.5
2022-03-03 20:11:00,9420.5
2022-03-03 20:13:00,9420.5
2022-03-03 20:14:00,9420.5
2022-03-03 20:16:00,9420.5
2022-03-03 20:17:00,9420.5
2022-03-03 20:23:00,9420.5
2022-03-03 20:24:00,9420.5
2022-03-03 20:24:00,9420.5
2022-03-03 20:25:00,9420.5
2022-03-03 20:26:00,9420.5
2022-03-03 20:28:00,9420.5
2022-03-03 20:30:00,9420.5
2022-03-03 20:35:00,9420.5
2022-03-03 20:38:00,9420.5
2022-03-03 20:41:00,9420.5
2022-03-03 20:50:00,9420.5
2022-03-03 20:50:00,9420.5
2022-03-03 20:50:00,9420.5
2022-03-03 20:51:00,9420.5
2022-03-03 20:52:00,9420.5
2022-03-03 20:52:00,9420.5
2022-03-03 20:52:00,9420.5
2022-03-03 20:52:00,9420.5
2022-03-03 20:52:00,9420.5
2022-03-03 20:53:00,9420.5
2022-03-03 20:53:00,9420.5
2022-03-03 20:53:00,9420.5
2022-03-03 20:54:00,9420.5
2022-03-03 20:54:00,9420.5
2022-03-03 20:54:00,9420.5
2022-03-03 20:54:00,9420.5
2022-03-03 20:55:00,9420.5
2022-03-03 20:57:00,9420.5
2022-03-03 20:57:00,9420.5
2022-03-03 20:59:00,9420.5
2022-03-03 21:00:00,9420.5
2022-03-03 21:01:00,9420.5
2022-03-03 21:11:00,9526.0
2022-03-03 21:17:00,9526.0
2022-03-03 21:18:00,9526.0
2022-03-03 21:23:00,9526.0
2022-03-03 21:30:00,9526.0
2022-03-03 21:31:00,9526.0
2022-03-03 21:36:00,9526.0
2022-03-03 21:46:00,9526.0
2022-03-03 21:48:00,9526.0
2022-03-03 21:53:00,9526.0
2022-03-03 22:04:00,9526.0
2022-03-03 22:06:00,9526.0
2022-03-03 22:17:00,9526.0
2022-03-03 22:30:00,9526.0
2022-03-03 22:34:00,9526.0
2022-03-03 22:35:00,9526.0
2022-03-03 22:36:00,9526.0
2022-03-03 22:37:00,9526.0
2022-03-03 22:37:00,9526.0
2022-03-03 22:39:00,9526.0
2022-03-03 22:40:00,9526.0
2022-03-03 22:54:00,9526.0
2022-03-03 23:16:00,9526.0
2022-03-03 23:22:00,9526.0
2022-03-04 00:39:00,9526.0
2022-03-04 00:42:00,9526.0
2022-03-04 00:43:00,9541.5
2022-03-04 00:56:00,9541.5
2022-03-04 01:01:00,9541.5
2022-03-04 01:11:00,9541.5
2022-03-04 01:15:00,9541.5
2022-03-04 01:20:00,9541.5
2022-03-04 01:29:00,9541.5
2022-03-04 01:33:00,9541.5
2022-03-04 01:41:00,9541.5
2022-03-04 01:56:00,9541.5
2022-03-04 02:02:00,9541.5
2022-03-04 02:04:00,9541.5
2022-03-04 02:07:00,9541.5
2022-03-04 02:13:00,9541.5
2022-03-04 02:16:00,9541.5
2022-03-04 02:19:00,9541.5
2022-03-04 02:41:00,9541.5
2022-03-04 02:46:00,9527.0
2022-03-04 02:50:00,9527.0
2022-03-04 03:00:00,9527.0
2022-03-04 03:01:00,9492.5
2022-03-04 03:05:00,9492.5
2022-03-04 03:09:00,9468.0
2022-03-04 03:11:00,9453.5
2022-03-04 03:12:00,9453.5
2022-03-04 03:14:00,9453.5
2022-03-04 03:15:00,9453.5
2022-03-04 03:23:00,9453.5
2022-03-04 03:23:00,9453.5
2022-03-04 03:37:00,9453.5
2022-03-04 03:38:00,9453.5
2022-03-04 03:38:00,9429.0
2022-03-04 03:41:00,9429.0
2022-03-04 03:49:00,9429.0
2022-03-04 03:51:00,9429.0
2022-03-04 03:53:00,9429.0
2022-03-04 03:59:00,9429.0
2022-03-04 04:03:00,9429.0
2022-03-04 04:06:00,9429.0
2022-03-04 04:07:00,9429.0
2022-03-04 04:10:00,9429.0
2022-03-04 04:14:00,9429.0
2022-03-04 04:17:00,9429.0
2022-03-04 04:19:00,9429.0
2022-03-04 04:21:00,9429.0
2022-03-04 04:27:00,9429.0
2022-03-04 04:30:00,9429.0
2022-03-04 04:34:00,9429.0
2022-03-04 04:38:00,9429.0
2022-03-04 04:39:00,9429.0
2022-03-04 04:40:00,9429.0
2022-03-04 04:43:00,9429.0
2022-03-04 04:48:00,9429.0
2022-03-04 04:50:00,9429.0
2022-03-04 05:01:00,9429.0
2022-03-04 05:04:00,9429.0
2022-03-04 05:05:00,9429.0
2022-03-04 05:06:00,9429.0
2022-03-04 05:08:00,9429.0
2022-03-04 05:09:00,9429.0
2022-03-04 05:14:00,9429.0
2022-03-04 05:16:00,9429.0
2022-03-04 05:18:00,9429.0
2022-03-04 05:29:00,9429.0
2022-03-04 05:37:00,9429.0
2022-03-04 05:40:00,9429.0
2022-03-04 05:45:00,9429.0
2022-03-04 05:55:00,9429.0
2022-03-04 06:04:00,9429.0
2022-03-04 06:05:00,9429.0
2022-03-04 06:08:00,9429.0
2022-03-04 06:10:00,9429.0
2022-03-04 06:17:00,9429.0
2022-03-04 06:18:00,9429.0
2022-03-04 06:21:00,9429.0
2022-03-04 06:32:00,9429.0
2022-03-04 06:41:00,9429.0
2022-03-04 06:48:00,9429.0
2022-03-04 06:55:00,9494.5
2022-03-04 06:57:00,9480.0
2022-03-04 06:59:00,9480.0
2022-03-04 07:03:00,9480.0
2022-03-04 07:11:00,9480.0
2022-03-04 07:25:00,9480.0
2022-03-04 07:34:00,9480.0
2022-03-04 07:37:00,9480.0
2022-03-04 07:43:00,9480.0
2022-03-04 07:53:00,9480.0
2022-03-04 07:55:00,9480.0
2022-03-04 07:56:00,9455.5
2022-03-04 07:59:00,9455.5
2022-03-04 08:00:00,9455.5
2022-03-04 08:00:00,9455.5
2022-03-04 08:01:00,9455.5
2022-03-04 08:04:00,9455.5
2022-03-04 08:05:00,9455.5
2022-03-04 08:07:00,9455.5
2022-03-04 08:12:00,9455.5
2022-03-04 08:14:00,9455.5
2022-03-04 08:18:00,9455.5
2022-03-04 08:20:00,9455.5
2022-03-04 08:21:00,9455.5
2022-03-04 08:22:00,9455.5
2022-03-04 08:23:00,9455.5
2022-03-04 08:25:00,9455.5
2022-03-04 08:26:00,9451.0
2022-03-04 08:29:00,9436.5
2022-03-04 08:30:00,9422.0
2022-03-04 08:31:00,9422.0
2022-03-04 08:31:00,9422.0
2022-03-04 08:31:00,9422.0
2022-03-04 08:32:00,9397.5
2022-03-04 08:32:00,9397.5
2022-03-04 08:32:00,9397.5
2022-03-04 08:33:00,9363.0
2022-03-04 08:34:00,9363.0
2022-03-04 08:34:00,9363.0
2022-03-04 08:35:00,9363.0
2022-03-04 08:35:00,9363.0
2022-03-04 08:36:00,9363.0
2022-03-04 08:36:00,9363.0
2022-03-04 08:37:00,9328.5
2022-03-04 08:43:00,9328.5
2022-03-04 08:46:00,9328.5
2022-03-04 08:48:00,9294.0
2022-03-04 08:50:00,9294.0
2022-03-04 08:52:00,9294.0
2022-03-04 08:54:00,9294.0
2022-03-04 08:57:00,9294.0
2022-03-04 08:58:00,9294.0
2022-03-04 08:59:00,9294.0
2022-03-04 09:01:00,9294.0
2022-03-04 09:02:00,9294.0
2022-03-04 09:03:00,9294.0
2022-03-04 09:05:00,9294.0
2022-03-04 09:06:00,9294.0
2022-03-04 09:08:00,9294.0
2022-03-04 09:10:00,9294.0
2022-03-04 09:14:00,9294.0
2022-03-04 09:20:00,9294.0
2022-03-04 09:26:00,9294.0
2022-03-04 09:28:00,9294.0
2022-03-04 09:29:00,9294.0
2022-03-04 09:30:00,9294.0
2022-03-04 09:32:00,9294.0
2022-03-04 09:32:00,9294.0
2022-03-04 09:33:00,9294.0
2022-03-04 09:33:00,9294.0
2022-03-04 09:34:00,9294.0
2022-03-04 09:35:00,9294.0
2022-03-04 09:36:00,9294.0
2022-03-04 09:37:00,9294.0
2022-03-04 09:38:00,9294.0
2022-03-04 09:38:00,9294.0
2022-03-04 09:38:00,9294.0
2022-03-04 09:42:00,9294.0
2022-03-04 09:43:00,9294.0
2022-03-04 09:43:00,9294.0
2022-03-04 09:44:00,9294.0
2022-03-04 09:44:00,9294.0
2022-03-04 09:45:00,9294.0
2022-03-04 09:46:00,9294.0
2022-03-04 09:46:00,9294.0
2022-03-04 09:49:00,9294.0
2022-03-04 09:50:00,9294.0
2022-03-04 09:51:00,9294.0
2022-03-04 09:53:00,9294.0
2022-03-04 09:57:00,9294.0
2022-03-04 09:57:00,9369.5
2022-03-04 09:59:00,9369.5
2022-03-04 09:59:00,9369.5
2022-03-04 10:00:00,9369.5
2022-03-04 10:00:00,9369.5
2022-03-04 10:01:00,9369.5
2022-03-04 10:01:00,9369.5
2022-03-04 10:01:00,9369.5
2022-03-04 10:02:00,9369.5
2022-03-04 10:02:00,9369.5
2022-03-04 10:02:00,9369.5
2022-03-04 10:02:00,9369.5
2022-03-04 10:02:00,9369.5
2022-03-04 10:02:00,9369.5
2022-03-04 10:03:00,9369.5
2022-03-04 10:03:00,9369.5
2022-03-04 10:03:00,9369.5
2022-03-04 10:03:00,9369.5
2022-03-04 10:04:00,9369.5
2022-03-04 10:06:00,9369.5
2022-03-04 10:07:00,9369.5
2022-03-04 10:07:00,9369.5
2022-03-04 10:07:00,9369.5
2022-03-04 10:08:00,9369.5
2022-03-04 10:09:00,9405.0
2022-03-04 10:10:00,9405.0
2022-03-04 10:12:00,9405.0
2022-03-04 10:12:00,9405.0
2022-03-04 10:12:00,9405.0
2022-03-04 10:15:00,9405.0
2022-03-04 10:16:00,9405.0
2022-03-04 10:16:00,9405.0
2022-03-04 10:20:00,9405.0
2022-03-04 10:23:00,9405.0
2022-03-04 10:25:00,9405.0
2022-03-04 10:26:00,9405.0
2022-03-04 10:26:00,9405.0
2022-03-04 10:30:00,9405.0
2022-03-04 10:31:00,9405.0
2022-03-04 10:32:00,9405.0
2022-03-04 10:34:00,9405.0
2022-03-04 10:36:00,9405.0
2022-03-04 10:40:00,9405.0
2022-03-04 10:44:00,9405.0
2022-03-04 10:45:00,9405.0
2022-03-04 10:46:00,9405.0
2022-03-04 10:46:00,9405.0
2022-03-04 10:47:00,9405.0
2022-03-04 10:48:00,9405.0
2022-03-04 10:50:00,9405.0
2022-03-04 11:05:00,9405.0
2022-03-04 11:06:00,9405.0
2022-03-04 11:08:00,9405.0
2022-03-04 11:10:00,9405.0
2022-03-04 11:11:00,9405.0
2022-03-04 11:13:00,9405.0
2022-03-04 11:17:00,9405.0
2022-03-04 11:20:00,9405.0
2022-03-04 11:21:00,9405.0
2022-03-04 11:22:00,9405.0
2022-03-04 11:24:00,9405.0
2022-03-04 11:25:00,9405.0
2022-03-04 11:26:00,9405.0
2022-03-04 11:27:00,9405.0
2022-03-04 11:33:00,9405.0
2022-03-04 11:33:00,9405.0
2022-03-04 11:34:00,9405.0
2022-03-04 11:35:00,9405.0
2022-03-04 11:36:00,9500.5
2022-03-04 11:37:00,9486.0
2022-03-04 11:44:00,9486.0
2022-03-04 11:48:00,9486.0
2022-03-04 11:50:00,9486.0
2022-03-04 11:52:00,9486.0
2022-03-04 11:53:00,9486.0
2022-03-04 11:55:00,9486.0
2022-03-04 11:56:00,9486.0
2022-03-04 11:57:00,9486.0
2022-03-04 12:00:00,9486.0
2022-03-04 12:01:00,9486.0
2022-03-04 12:07:00,9486.0
2022-03-04 12:14:00,9486.0
2022-03-04 12:17:00,9486.0
2022-03-04 12:17:00,9486.0
2022-03-04 12:23:00,9486.0
2022-03-04 12:25:00,9481.5
2022-03-04 12:29:00,9481.5
2022-03-04 12:30:00,9481.5
2022-03-04 12:33:00,9481.5
2022-03-04 12:39:00,9481.5
2022-03-04 12:44:00,9481.5
2022-03-04 12:45:00,9481.5
2022-03-04 13:04:00,9481.5
2022-03-04 13:06:00,9481.5
2022-03-04 13:08:00,9481.5
2022-03-04 13:09:00,9481.5
2022-03-04 13:26:00,9481.5
2022-03-04 13:29:00,9481.5
2022-03-04 13:31:00,9447.0
2022-03-04 13:34:00,9447.0
2022-03-04 13:37:00,9447.0
2022-03-04 13:44:00,9447.0
2022-03-04 13:51:00,9447.0
2022-03-04 13:52:00,9447.0
2022-03-04 13:56:00,9447.0
2022-03-04 13:57:00,9447.0
2022-03-04 14:00:00,9447.0
2022-03-04 14:01:00,9447.0
2022-03-04 14:01:00,9447.0
2022-03-04 14:07:00,9447.0
2022-03-04 14:14:00,9447.0
2022-03-04 14:17:00,9447.0
2022-03-04 14:23:00,9447.0
2022-03-04 14:28:00,9447.0
2022-03-04 14:29:00,9447.0
2022-03-04 14:30:00,9447.0
2022-03-04 14:34:00,9447.0
2022-03-04 14:36:00,9447.0
2022-03-04 14:39:00,9447.0
2022-03-04 14:40:00,9447.0
2022-03-04 14:46:00,9447.0
2022-03-04 14:47:00,9447.0
2022-03-04 14:49:00,9447.0
2022-03-04 14:55:00,9447.0
2022-03-04 14:56:00,9447.0
2022-03-04 15:00:00,9447.0
2022-03-04 15:02:00,9447.0
2022-03-04 15:08:00,9472.5
2022-03-04 15:12:00,9458.0
2022-03-04 15:21:00,9458.0
2022-03-04 15:29:00,9458.0
2022-03-04 15:36:00,9458.0
2022-03-04 15:46:00,9458.0
2022-03-04 15:56:00,9458.0
2022-03-04 16:06:00,9458.0
2022-03-04 16:08:00,9458.0
2022-03-04 16:09:00,9458.0
2022-03-04 16:13:00,9443.5
2022-03-04 16:13:00,9443.5
2022-03-04 16:19:00,9419.0
2022-03-04 16:22:00,9419.0
2022-03-04 16:35:00,9419.0
2022-03-04 16:40:00,9419.0
2022-03-04 16:43:00,9419.0
2022-03-04 16:45:00,9419.0
2022-03-04 16:49:00,9419.0
2022-03-04 16:50:00,9419.0
2022-03-04 16:52:00,9419.0
2022-03-04 16:55:00,9419.0
