dir,entry_i,sig_i,exit_i,entry_time,exit_time,entry,exit,pnl,adx,chop,er,atrr,bbw,sep,bbpos,distmid,runup,slope,rng20,htfstr,body,wick,hour,atr_pct,runup_signed,bbpos_side,side,idx,mins,consec,result,day
1,160949,160948,160954,2023-08-01 00:22:00,2023-08-01 00:27:00,1961.035,1960.835,-0.4000000000000455,20.87365081978919,44.74036419870323,0.23809523809524955,0.9091104906531785,1.01535444506752,0.0019841018496498906,0.6109503128120027,0.5531927118444417,-0.4167890294715801,0.05727258007845806,5.83504641260729,0.014622473148967377,1.02302761779474,0.0999999999999242,0,0.56,-0.4167890294715801,0.6109503128120027,LONG,1,,0,LOSS,2023-08-01
-1,160954,160953,160981,2023-08-01 00:27:00,2023-08-01 00:54:00,1960.835,1959.775,0.8599999999999455,17.28087648515395,43.72868223239495,0.01388888888887573,0.8081344245295811,0.578038295465663,0.0033720595384740958,0.4619967662378481,-0.12836773836580417,0.6756196756124063,0.14255426600594998,4.774379040991197,0.003912849771608313,0.36033049365940384,0.38461538461538464,0,0.37,-0.6756196756124063,0.5380032337621519,SHORT,2,0.0,1,WIN,2023-08-01
-1,160986,160985,160992,2023-08-01 00:59:00,2023-08-01 01:05:00,1959.455,1959.895,-0.6400000000000545,19.095826300133705,50.59518740100925,0.012706480304947084,0.9814588470107268,0.5152157746035977,0.04844836865349689,0.31909333275034396,-0.4353245901402085,-0.379743893065003,-0.09735061214221054,4.049450786952123,0.20291583581177072,0.5523547535487384,0.44827586206861403,0,0.65,0.379743893065003,0.680906667249656,SHORT,3,5.0,0,LOSS,2023-08-01
-1,161002,161001,161014,2023-08-01 01:15:00,2023-08-01 01:27:00,1959.355,1959.165,-0.009999999999945441,12.91550778792221,47.19846230844611,0.3255813953487573,1.0439950079362168,1.112910583505983,0.05542704147926407,0.367984122753706,-0.6221882055936592,-0.6997715759731834,-0.3448538164919797,4.867976180683045,0.162173231919873,0.6693467248439446,0.1538461538460193,1,0.818,0.6997715759731834,0.632015877246294,SHORT,4,10.0,1,LOSS,2023-08-01
-1,161028,161027,161049,2023-08-01 01:41:00,2023-08-01 02:02:00,1959.255,1958.735,0.3200000000002092,17.59058099098777,48.95625673417662,0.17037037037039532,0.8917776073815346,1.2623280551740919,0.06872892346969721,0.46845892900472064,-0.23438921449273203,1.2010025866612184,-0.9148833540562638,6.7023692739444245,0.13754698789782616,0.5423882649429804,0.0,1,0.486,-1.2010025866612184,0.5315410709952794,SHORT,5,14.0,2,WIN,2023-08-01
-1,161051,161050,161072,2023-08-01 02:04:00,2023-08-01 02:25:00,1958.378,1957.215,0.963000000000011,15.206842198962631,59.019789538040435,0.25623268698065804,0.991407597769026,0.6905562413724934,0.07607342394881013,0.1878648685512324,-1.1650251430363536,-2.5054304151337723,0.09688723026748232,4.552120050031422,0.1701483791618746,1.0939203221004126,0.0,2,0.578,2.5054304151337723,0.8121351314487676,SHORT,6,2.0,0,WIN,2023-08-01
-1,161092,161091,161104,2023-08-01 02:45:00,2023-08-01 02:57:00,1957.355,1957.885,-0.7299999999999727,21.053937344093445,66.1408461737846,0.06403940886702818,1.0364187799576112,0.6261949547932142,0.013210560526804697,0.23106222233196533,-0.7682447558786324,0.0,-0.28988499121429095,2.9632297726724075,0.20561518675018328,1.3718656354965775,0.15254237288123837,2,0.888,-0.0,0.7689377776680346,SHORT,7,20.0,0,LOSS,2023-08-01
-1,161108,161107,161132,2023-08-01 03:01:00,2023-08-01 03:25:00,1957.245,1956.895,0.14999999999990904,12.987276392916915,56.56481292659172,0.050691244239688314,0.9478376062887401,0.5873590439873112,0.053721038735993584,0.14269249614770949,-1.0958275113338205,-0.6998027648573686,0.45396670047745863,3.530823040870513,0.1392685558290848,0.9542764975332356,0.30232558139502913,3,0.684,0.6998027648573686,0.8573075038522905,SHORT,8,4.0,1,WIN,2023-08-01
-1,161142,161141,161155,2023-08-01 03:35:00,2023-08-01 03:48:00,1956.065,1955.925,-0.05999999999989997,14.539920739969158,46.08345782176271,0.31707317073172087,1.1661805533953364,1.210133195338609,0.015835959301829503,0.47985865138730055,-0.08034150420857926,1.1965349914164725,-0.18473473572747626,4.370119825109864,0.17625778138658396,0.29197743809690274,0.30454545454544985,3,0.964,-1.1965349914164725,0.5201413486126995,SHORT,9,10.0,0,LOSS,2023-08-01
-1,161156,161155,161160,2023-08-01 03:49:00,2023-08-01 03:53:00,1955.255,1955.755,-0.7,13.738489058688417,53.46556734014056,0.07359307359301565,1.0673395882326158,1.051866608589371,0.013885161734943557,0.24615388762947968,-1.0129476919569453,-2.042224698743613,0.4755847888871271,4.198966670314159,0.21159172973096974,1.4208624591463697,0.06944444444469446,3,0.942,2.042224698743613,0.7538461123705203,SHORT,10,1.0,1,LOSS,2023-08-01
-1,161162,161161,161167,2023-08-01 03:55:00,2023-08-01 04:00:00,1954.845,1955.435,-0.7899999999999181,13.063112232952967,56.419583923295775,0.15228426395936567,1.1873046147966488,0.9148871527378496,0.05900259757767524,0.1123718629008014,-1.1424037325592162,-1.018248831209824,0.039807613059996104,3.2512506540386346,0.23262875880312603,1.8578575165935056,0.15925626515772326,3,0.984,1.018248831209824,0.8876281370991986,SHORT,11,2.0,2,LOSS,2023-08-01
-1,161170,161169,161178,2023-08-01 04:03:00,2023-08-01 04:11:00,1955.095,1955.335,-0.4400000000000091,12.840268089704667,57.576055462935166,0.26356589147292353,1.1122927012797537,0.7553522228638306,0.032768704129668105,0.27495885174747764,-0.5791150861610944,-1.6761379729531778,0.04240228601656213,3.4276079896349585,0.202562417133991,0.7721534482142217,0.2115384615387138,4,0.948,1.6761379729531778,0.7250411482525223,SHORT,12,3.0,3,LOSS,2023-08-01
-1,161179,161178,161181,2023-08-01 04:12:00,2023-08-01 04:14:00,1954.965,1955.645,-0.8800000000000636,15.405965863606477,65.77495152640319,0.2258064516129235,1.001204506924581,0.6379396814584257,0.02972233668373038,0.27173393188721534,-0.5638407747949128,-0.3018650419550849,0.19385766712253114,3.3787322910234443,0.18592260954916962,0.7762243935985096,0.24999999999976316,4,0.896,0.3018650419550849,0.7282660681127846,SHORT,13,1.0,4,LOSS,2023-08-01
-1,161197,161196,161205,2023-08-01 04:30:00,2023-08-01 04:38:00,1955.715,1956.008,-0.49300000000012006,16.890519612552637,61.81060712068322,0.036231884058026534,0.9680893694942694,1.0126507697837517,0.006575128791037285,0.3484272582757463,-0.6441555856108433,-0.2765605376506268,-0.134859050981816,4.2175481991677355,0.05082051634228186,1.152335573543143,0.16666666666654034,4,0.838,0.2765605376506268,0.6515727417242537,SHORT,14,16.0,5,LOSS,2023-08-01
1,161219,161218,161224,2023-08-01 04:52:00,2023-08-01 04:57:00,1956.935,1955.988,-1.146999999999889,14.894130246129938,57.43771878708614,0.4476271911072458,1.0332254254367457,0.8069011553619391,0.14683137999683082,1.1238076937871155,2.009723548035469,2.1459594591545796,0.12106539252094009,4.638740649081791,0.00966121686860055,2.1026067428080624,0.09345794392534684,4,0.884,2.1459594591545796,1.1238076937871155,LONG,15,14.0,6,LOSS,2023-08-01
1,161231,161230,161232,2023-08-01 05:04:00,2023-08-01 05:05:00,1956.385,1956.048,-0.536999999999989,13.189604406211512,52.95915119922686,0.09769392033540802,0.9835926592281552,0.8401178071478872,0.02206855366739978,0.6183773592205464,0.42755002066245906,0.9857659763657324,0.17319092299006908,3.6475649710963087,0.028405257514812647,0.7156614816707016,0.42592592592623,5,0.802,0.9857659763657324,0.6183773592205464,LONG,16,7.0,7,LOSS,2023-08-01
1,161235,161234,161236,2023-08-01 05:08:00,2023-08-01 05:09:00,1956.174,1956.108,-0.26600000000003093,12.069209428709431,48.509660061693616,0.2503052503052778,0.939160785339565,0.8315938091853977,0.004508425553547474,0.5285352565349859,0.10914264004405932,-1.498859332722416,0.18491985725571566,3.901478987975983,0.026105303856541105,0.528428166726303,0.5180180180175936,5,0.75,-1.498859332722416,0.5285352565349859,LONG,17,3.0,8,LOSS,2023-08-01
1,161237,161236,161258,2023-08-01 05:10:00,2023-08-01 05:31:00,1956.418,1956.285,-0.33299999999981084,13.101383542107511,62.14368714487255,0.3584177520501623,0.9266364400756933,0.8279051460005526,0.06680990358218773,0.6470203621398177,0.572248313222194,-1.2520298339570204,0.1793866689678182,3.9883208420395637,0.026105303856541105,0.7825186462228507,0.1621621621625774,5,0.718,-1.2520298339570204,0.6470203621398177,LONG,18,1.0,9,LOSS,2023-08-01
1,161259,161258,161277,2023-08-01 05:32:00,2023-08-01 05:50:00,1956.725,1956.948,0.023000000000183707,23.73154100160503,65.77260808238216,0.0745650372824442,0.9138631889544803,0.42192455778924903,0.023383627846702608,0.7785903729435925,0.5714244164557913,1.0101770753338022,-0.16114630376133482,2.4772734817449016,0.0763380207397402,1.2661620017803936,0.0,5,0.62,1.0101770753338022,0.7785903729435925,LONG,19,1.0,10,WIN,2023-08-01
1,161292,161291,161295,2023-08-01 06:05:00,2023-08-01 06:08:00,1957.184,1956.394,-0.9899999999999636,12.243810077725215,57.423578427822825,0.44283413848612724,0.7864565701871099,0.4452664969360541,0.12098925739461,0.9758863440577666,1.3633246661798628,1.0698736169578056,0.40968174575495314,2.751103586463301,0.09640771541897493,1.4137615652662614,0.07499999999938893,6,0.09,1.0698736169578056,0.9758863440577666,LONG,20,15.0,0,LOSS,2023-08-01
-1,161350,161349,161374,2023-08-01 07:03:00,2023-08-01 07:27:00,1955.515,1954.165,1.1500000000001365,31.437338039561077,37.82781551351817,0.023569023569080277,1.0351847519277317,1.373097334242643,0.08970515622485445,0.4464493795163135,-0.35121719358530645,1.2500950958153882,-1.12118449658641,6.696938013295563,0.07333001234532757,0.3571700273754385,0.4782608695652174,7,0.51,-1.2500950958153882,0.5535506204836864,SHORT,21,55.0,1,WIN,2023-08-01
-1,161401,161400,161412,2023-08-01 07:54:00,2023-08-01 08:05:00,1953.655,1955.285,-1.830000000000109,14.012741388850861,59.14298290957147,0.016268980477210187,1.0669645307111635,0.993590860451801,0.012164200100755715,0.2937960755807682,-0.8058673707249875,-0.2805049586284676,0.36791931592214266,4.277700619079746,0.1659182171597606,0.8415148758843397,0.2800000000002001,7,0.746,0.2805049586284676,0.7062039244192317,SHORT,22,27.0,0,LOSS,2023-08-01
-1,161419,161418,161447,2023-08-01 08:12:00,2023-08-01 08:40:00,1953.565,1951.495,1.8700000000001638,13.673313637437865,36.773940883037106,0.0985915492957937,1.2936364401982257,1.953732810546308,0.03373519009486307,0.395677236562401,-0.5604646208005227,0.646386763792356,-0.5636924828737472,6.5111642303946855,0.06878044263640977,1.0720560960453867,0.09333333333355161,8,0.988,-0.646386763792356,0.6043227634375989,SHORT,23,7.0,1,WIN,2023-08-01
-1,161449,161448,161481,2023-08-01 08:42:00,2023-08-01 09:14:00,1950.218,1947.285,2.7329999999999925,18.09634916604638,59.36942500452204,0.012939001848416872,1.3551866513931414,1.620862697076769,0.041469463144986875,0.2941791946254699,-0.701802515538082,-1.8975997481114752,0.20082373169384352,3.1454778433366606,0.22012350792466184,0.44346081069999493,0.5113636363634984,8,0.998,1.8975997481114752,0.7058208053745301,SHORT,24,2.0,0,WIN,2023-08-01
-1,161488,161487,161494,2023-08-01 09:21:00,2023-08-01 09:27:00,1945.095,1947.885,-2.989999999999964,14.318483356292054,48.02043962438532,0.1074681238615514,1.088754075349756,1.2906613751622844,0.17479329425587842,0.041990416872937135,-1.64311187223488,-1.3536193339975862,-0.8232506050137651,3.776484192329413,0.3547938870952837,1.1602451434264285,0.14285714285719744,9,0.904,1.3536193339975862,0.9580095831270629,SHORT,25,7.0,0,LOSS,2023-08-01
-1,161502,161501,161515,2023-08-01 09:35:00,2023-08-01 09:48:00,1945.595,1947.115,-1.7199999999999818,14.579390427832825,45.763162195989075,0.13658367911479066,1.15388608069502,1.6061123139000044,0.116084764826527,0.1796995566427533,-1.353800207648839,-0.5040959962946613,-0.596553830501495,4.247512864778781,0.24908537712774026,1.109011191848163,0.31677018633551424,9,0.994,0.5040959962946613,0.8203004433572467,SHORT,26,8.0,1,LOSS,2023-08-01
-1,161535,161534,161551,2023-08-01 10:08:00,2023-08-01 10:24:00,1947.525,1946.985,0.340000000000191,20.68992527389634,41.52503350851733,0.0058630393996462376,1.2987631144247649,1.6754480943225798,0.06169502288506528,0.3115622624308958,-0.7317846713355501,-0.08041991492766605,-0.6591520496914419,5.709813959869609,0.01687190711090807,0.9211735709904605,0.1310344827586542,10,0.996,0.08041991492766605,0.6884377375691042,SHORT,27,20.0,2,WIN,2023-08-01
-1,161552,161551,161565,2023-08-01 10:25:00,2023-08-01 10:38:00,1946.575,1946.145,0.23000000000006365,10.006895078901588,69.13133002942642,0.24064171122995562,1.092012227672497,0.9812822505905122,0.017952565122525025,0.3601892482578822,-0.4066214828420368,-0.44188750486493256,0.30016531684729897,3.2631692666935046,0.052892130182771474,0.416393994968719,0.5420560747663193,10,0.952,0.44188750486493256,0.6398107517421179,SHORT,28,1.0,0,WIN,2023-08-01
-1,161575,161574,161583,2023-08-01 10:48:00,2023-08-01 10:56:00,1945.065,1945.595,-0.7299999999999727,12.945321054102838,39.98888944866072,0.367697594501686,0.853963851218804,1.1699398673590993,0.07940357467598193,0.4213259564248942,-0.41053292184808504,1.2757692675427272,-0.6074460446654651,4.489263554655322,0.08485458944737961,0.3129245373218062,0.18749999999986677,10,0.71,-1.2757692675427272,0.5786740435751059,SHORT,29,10.0,0,LOSS,2023-08-01
-1,161590,161589,161611,2023-08-01 11:03:00,2023-08-01 11:24:00,1944.785,1943.395,1.1900000000001,12.005702386811912,55.223447626313416,0.15789473684209265,0.8073483007674973,0.6029120597152368,0.12687869169563143,0.10033469280007096,-1.2791404977022902,-0.4345811324321592,-0.35773942087530053,2.901880464950964,0.06331046567193063,0.7149560565820524,0.3013698630137285,11,0.69,0.4345811324321592,0.899665307199929,SHORT,30,7.0,1,WIN,2023-08-01
-1,161618,161617,161620,2023-08-01 11:31:00,2023-08-01 11:33:00,1942.885,1944.165,-1.4799999999999727,21.295738473928466,41.641852738742244,0.10411622276030895,0.803150223234886,0.6566685914678372,0.04719193172237686,0.39605287100606035,-0.4305117552736051,1.3918801110344021,-0.33895966766657015,5.1790887852449625,0.17064085134247906,0.40461631134725695,0.2857142857141001,11,0.608,-1.3918801110344021,0.6039471289939397,SHORT,31,7.0,0,LOSS,2023-08-01
-1,161641,161640,161643,2023-08-01 11:54:00,2023-08-01 11:56:00,1943.605,1943.835,-0.4300000000000182,11.412528988612552,61.779017024505855,0.035573122529605906,0.7288308252760233,0.4812522340368607,0.007088355420772129,0.36969464026309806,-0.5100764830213599,-0.047923852571232606,0.20402722238309692,3.938090493911936,0.11837024720705032,0.29171040695619405,0.533333333333687,11,0.484,0.047923852571232606,0.6303053597369019,SHORT,32,21.0,1,LOSS,2023-08-01
-1,161651,161650,161669,2023-08-01 12:04:00,2023-08-01 12:22:00,1943.655,1942.825,0.6299999999999273,10.097123150770411,61.9732710763919,0.03409090909087386,0.7175869263665239,0.28348653667525425,0.03986364693447065,0.38311324453501594,-0.2945533342034442,0.342503876980085,-0.32262462430970185,2.9912005256286713,0.08761978344728007,0.0,1.0,12,0.39,-0.342503876980085,0.6168867554649841,SHORT,33,8.0,2,WIN,2023-08-01
-1,161715,161714,161733,2023-08-01 13:08:00,2023-08-01 13:26:00,1942.665,1942.245,0.22000000000007275,15.882041862055853,57.04961346961996,0.10000000000001137,0.7843711390014245,0.39522434802385054,0.045224195745174944,0.28183770105502187,-0.8702398766656924,-1.644647413651621,-0.26032035114345886,4.491152552664429,0.04395252288327429,0.9899512316791209,0.021875000000182075,13,0.124,1.644647413651621,0.7181622989449781,SHORT,34,46.0,0,WIN,2023-08-01
-1,161736,161735,161751,2023-08-01 13:29:00,2023-08-01 13:44:00,1941.765,1941.708,-0.14299999999998364,21.36116122718172,47.01674525587991,0.11788291900553276,0.7608062384322006,0.3919537109764406,0.060152634802178175,0.27909153925744645,-1.0121365007484173,-1.0231256278623118,0.5186347332685236,4.46006986664128,0.12082350936803213,0.49261604304484874,0.3809523809519685,13,0.058,1.0231256278623118,0.7209084607425535,SHORT,35,3.0,0,LOSS,2023-08-01
1,161811,161810,161812,2023-08-01 14:44:00,2023-08-01 14:45:00,1944.875,1944.495,-0.5800000000001091,22.9256771720263,46.118509008140336,0.052631578947318035,0.9607289806070342,0.5775746415436034,0.07400591046732274,0.5793345178649568,0.36883496202188193,0.27321108297913893,0.10586597520895223,5.269070886030688,0.2737884358405839,0.07806030942261112,0.9000000000001137,14,0.152,0.27321108297913893,0.5793345178649568,LONG,36,60.0,1,LOSS,2023-08-01
1,161814,161813,161817,2023-08-01 14:47:00,2023-08-01 14:50:00,1944.755,1944.385,-0.5700000000001182,19.85866416460797,48.477926820985175,0.009009009008999782,0.9992297084727497,0.5086703592828131,0.005433682066730257,0.5617231287346629,0.2352016609202674,-0.7778322644603091,0.44761281154451177,5.000350271534769,0.2520816903686588,1.1111889492306974,0.14285714285695725,14,0.202,-0.7778322644603091,0.5617231287346629,LONG,37,2.0,2,LOSS,2023-08-01
1,161831,161830,161853,2023-08-01 15:04:00,2023-08-01 15:26:00,1944.535,1944.665,-0.07000000000011825,17.159058773215808,65.24885081154875,0.0864197530864752,1.0300344323714035,0.39394542049832115,0.02100555052420184,0.6592205480167445,0.4230000565551928,0.03615385098760224,-0.1541923139881528,3.832308204689125,0.19079526313329165,0.5784616158024578,0.11111111111097076,15,0.234,0.03615385098760224,0.6592205480167445,LONG,38,14.0,3,LOSS,2023-08-01
1,161863,161862,161874,2023-08-01 15:36:00,2023-08-01 15:47:00,1945.115,1944.785,-0.5299999999999272,22.90016985170898,38.82716233592983,0.32867132867133314,0.9789295760894383,0.9608882842075087,0.10358433186016912,0.6835554322891753,1.112914093351739,0.12342855009431228,0.7164910372310482,5.266284804028668,0.13639917045771283,1.5634283011964931,0.149888143176711,15,0.15,0.12342855009431228,0.6835554322891753,LONG,39,10.0,4,LOSS,2023-08-01
1,161875,161874,161877,2023-08-01 15:48:00,2023-08-01 15:50:00,1944.795,1944.695,-0.30000000000013644,14.259682814074397,58.12069433750703,0.06666666666666667,0.8699553710502845,0.6919646799075175,0.008466421522707511,0.6336471336621494,0.6633775558415975,2.536443595861213,-0.38388156600761486,4.828998384428291,0.12636154446141748,0.39022209167061456,0.1111111111111111,15,0.002,2.536443595861213,0.6336471336621494,LONG,40,1.0,5,LOSS,2023-08-01
-1,161911,161910,161913,2023-08-01 16:24:00,2023-08-01 16:26:00,1944.175,1944.325,-0.35000000000009096,16.504555285653595,52.52990700746025,0.09375000000025535,0.6348745797255784,0.20653458285055662,0.03003313603530422,0.32692066165654904,-0.4081006435611999,-1.1533279057218722,0.4352400505923238,2.6615259362786055,0.04915299247683644,0.08871753120921962,0.0,16,0.002,1.1533279057218722,0.673079338343451,SHORT,41,34.0,6,LOSS,2023-08-01
-1,161928,161927,161948,2023-08-01 16:41:00,2023-08-01 18:01:00,1944.235,1949.555,-5.520000000000164,13.288087818373604,49.55130717312732,0.12285012285027865,0.6986348417953953,0.27683815784092325,0.020346868963337084,0.23231929056712508,-0.8293049991588934,-1.3798752065881028,0.49495774460390224,3.7440613938727627,0.06805168986236325,0.9199168043927658,0.3749999999994671,16,0.026,1.3798752065881028,0.7676807094328749,SHORT,42,15.0,7,LOSS,2023-08-01
1,161995,161994,162017,2023-08-01 18:48:00,2023-08-01 19:10:00,1949.775,1950.628,0.6529999999998382,13.15450460312539,63.29290674728591,0.13592233009706273,0.9104221738943598,0.42347961206915435,0.033833932450321534,0.882477850191019,0.7446335214426002,0.28055266113973865,0.3060566643239731,2.501594561831463,0.41986992352056246,1.1455900329883295,0.0,18,0.578,0.28055266113973865,0.882477850191019,LONG,43,47.0,8,WIN,2023-08-01
1,162030,162029,162043,2023-08-01 19:23:00,2023-08-01 19:36:00,1951.745,1951.665,-0.27999999999992725,17.471487720759896,47.711702641112495,0.39353003910419826,0.9280246333167449,1.1774791641652629,0.12208120085102107,0.7561172945423403,1.4930999392470705,1.0179685040044681,0.5408138075126243,5.354466651041285,0.3046356166194519,2.3363211567321174,0.0754716981133411,19,0.594,1.0179685040044681,0.7561172945423403,LONG,44,13.0,0,LOSS,2023-08-01
1,162048,162047,162056,2023-08-01 19:41:00,2023-08-01 19:49:00,1952.315,1951.965,-0.5500000000001364,17.251647180164337,54.89171621767745,0.05030959752326531,0.9116902120746054,0.9213903423574443,0.07194187353703062,0.651518610705123,0.7496136211803381,0.3024668276454333,-0.05714471243770767,5.613280209714527,0.3281502754145196,0.025205568970405018,0.9473684210526315,19,0.584,0.3024668276454333,0.651518610705123,LONG,45,5.0,1,LOSS,2023-08-01
1,162057,162056,162066,2023-08-01 19:50:00,2023-08-01 19:59:00,1952.455,1952.035,-0.6199999999998453,12.192162797993156,58.6330519073363,0.030612244897930775,0.9157380855329827,0.5479758560842511,0.05887038940511597,0.7640398418716521,0.7972583809343174,0.7914577944931693,0.14055225215084974,3.377230328293594,0.31574425756443986,1.2632388250867737,0.2575757575755801,19,0.596,0.7914577944931693,0.7640398418716521,LONG,46,1.0,2,LOSS,2023-08-01
-1,162128,162127,162135,2023-08-01 21:01:00,2023-08-01 21:08:00,1948.595,1949.065,-0.6700000000000272,19.421331968166808,57.614778365735184,0.1843971631205502,0.9888216420728989,0.654032726472937,0.037730643417266195,0.3257823416414335,-0.6785930636798782,0.7058941981741347,-0.23848868444728846,3.5835813475244094,0.18143090007849655,1.2297808330558355,0.3749999999999645,21,0.68,-0.7058941981741347,0.6742176583585665,SHORT,47,62.0,3,LOSS,2023-08-01
-1,162140,162139,162141,2023-08-01 21:13:00,2023-08-01 21:14:00,1948.855,1949.038,-0.38299999999999274,13.264830634126636,61.51345793289824,0.046511627906927554,0.9518299641471719,0.49527239723465,0.0017741342765813014,0.37600147047770965,-0.39320489404810455,-1.2238827827982617,0.2507106896347928,3.333127578684363,0.16137137043356806,0.18228041445973128,0.7878787878783912,21,0.656,1.2238827827982617,0.6239985295222903,SHORT,48,5.0,4,LOSS,2023-08-01
-1,162142,162141,162150,2023-08-01 21:15:00,2023-08-01 21:23:00,1948.245,1948.895,-0.8500000000000909,12.722434164197884,58.01439739802861,0.10924369747897233,0.9971882330168865,0.5567295928427862,0.131241474568087,0.0032714477913452977,-1.6694661906110997,-2.1802273068873608,-0.6095751973444883,3.3315833004120843,0.16137137043356806,1.967103963405164,0.0,21,0.7,2.1802273068873608,0.9967285522086548,SHORT,49,1.0,5,LOSS,2023-08-01
-1,162161,162160,162162,2023-08-01 21:34:00,2023-08-01 21:35:00,1948.445,1948.985,-0.7399999999999636,14.195156028929565,60.65914218433658,0.06109324758843055,1.1247149543127293,0.6238976480976614,0.034866900196339465,0.3628050285640395,-0.44900990783506994,-0.12321332938534012,-0.20014437395267126,3.9428265403346194,0.12289759887838804,0.451782207746714,0.40540540540552167,21,0.858,0.12321332938534012,0.6371949714359605,SHORT,50,11.0,6,LOSS,2023-08-01
-1,162172,162171,162195,2023-08-01 21:45:00,2023-08-01 22:08:00,1948.905,1948.105,0.5999999999999546,21.83731985697655,61.52203730026428,0.030042918455006822,1.0730763198228708,0.4768648001789611,0.03206792901825815,0.41774691097959993,-0.21497499457903568,-0.08434526516072037,-0.4058711336772103,2.9520842806280894,0.045602352021546465,0.10543158145090045,0.6875000000004441,21,0.826,0.08434526516072037,0.5822530890204001,SHORT,51,10.0,7,WIN,2023-08-01
-1,162214,162213,162229,2023-08-01 22:27:00,2023-08-01 22:42:00,1947.988,1948.235,-0.4469999999998436,21.825466168016963,55.540424954521534,0.2521562658549024,0.9695405226948052,0.7734454850336875,0.07334511471078334,0.17224226171816528,-1.216825299025197,-3.996274479897474,-0.07673175091321965,4.369780891274636,0.05244019812207589,1.4329951861330814,0.2346805736634645,22,0.67,3.996274479897474,0.8277577382818347,SHORT,52,19.0,0,LOSS,2023-08-01
-1,162231,162230,162236,2023-08-01 22:44:00,2023-08-01 22:49:00,1947.998,1948.545,-0.7470000000000254,11.323879117235347,63.6930792504315,0.08674101610909385,0.8869812822027574,0.5370991461403785,0.009230541887240349,0.3901709395328694,-0.31084209542874724,1.1303348924706222,0.0671318866705916,3.804541833193343,0.08737452255595171,0.26742069407220936,0.6655172413793374,22,0.48,-1.1303348924706222,0.6098290604671306,SHORT,53,2.0,1,LOSS,2023-08-01
-1,162242,162241,162244,2023-08-01 22:55:00,2023-08-01 22:57:00,1947.925,1948.305,-0.5800000000001091,9.434080711622864,60.823745495580475,0.18181818181819523,0.8847800047334501,0.3884648646571918,0.037111914537296196,0.3078633160752428,-0.4037760097489338,0.1423751797417581,-0.38899542407489074,2.6766533791476417,0.07477852680910688,0.5695007189676798,0.23076923076902897,22,0.448,-0.1423751797417581,0.6921366839247571,SHORT,54,6.0,2,LOSS,2023-08-01
-1,162248,162247,162268,2023-08-01 23:01:00,2023-08-01 23:21:00,1947.908,1947.305,0.4029999999998381,9.937639988913562,66.87563893256356,0.21886514369936022,0.9276438437630666,0.41566715288832684,0.03967040523108145,0.23531160075147325,-0.5562118139081877,-0.3455069717113141,0.15388862369622572,2.557295696127509,0.0707425868961489,0.5359438852525401,0.5979591836732393,23,0.484,0.3455069717113141,0.7646883992485267,SHORT,55,4.0,3,WIN,2023-08-01
-1,162342,162341,162343,2023-08-02 00:35:00,2023-08-02 00:36:00,1947.205,1947.415,-0.4100000000000364,25.153105355866472,58.722433209077664,0.28125000000015543,0.8312779498384315,0.4997129176280171,0.023370494764148413,0.30344005415184894,-0.625586434375274,-0.9113642124075533,0.4776032110035417,3.5152619621425742,0.11204332376438551,0.9113642124075533,0.19230769230752412,0,0.192,0.9113642124075533,0.6965599458481511,SHORT,56,74.0,0,LOSS,2023-08-02
-1,162347,162346,162368,2023-08-02 00:40:00,2023-08-02 01:01:00,1947.245,1946.325,0.7199999999998454,21.556233288052432,57.50871861680588,0.04255319148932053,0.8083542688461194,0.4396089987204351,0.04240882771089917,0.3623244019072353,-0.4010131915116719,-1.561792498444003,-0.010057825439522224,3.169520070369503,0.14287797255779122,0.13780522045180157,0.7272727272712239,0,0.154,1.561792498444003,0.6376755980927646,SHORT,57,4.0,1,WIN,2023-08-02
1,162395,162394,162397,2023-08-02 01:28:00,2023-08-02 01:30:00,1948.735,1948.335,-0.5999999999998635,31.21675439532864,48.20588928009396,0.31791907514452084,1.0414329032273522,0.9135092387664392,0.010806961272932134,0.6000985511414474,0.42518966433244837,1.0558401060593188,-0.2761234820770638,5.02237455855389,0.10603742945104584,0.17121731449600053,0.3333333333333333,1,0.334,1.0558401060593188,0.6000985511414474,LONG,58,27.0,0,LOSS,2023-08-02
1,162402,162401,162413,2023-08-02 01:35:00,2023-08-02 01:46:00,1948.895,1948.635,-0.4599999999999909,22.991451201253568,44.32737795294753,0.1910112359550313,1.1103517777663554,0.9955305524561067,0.017618641647219643,0.6675662462931247,0.7009791683835791,-0.3356438006989402,-0.3478602690765496,5.318663303387902,0.11442067886727403,1.1102064176976685,0.1224489795917231,1,0.538,-0.3356438006989402,0.6675662462931247,LONG,59,5.0,1,LOSS,2023-08-02
1,162415,162414,162424,2023-08-02 01:48:00,2023-08-02 01:57:00,1949.005,1949.155,-0.050000000000136435,17.028783061934927,58.21148677489098,0.0057142857142812595,1.0158128757674918,1.0230081968635936,0.02191564149223142,0.6433388459247612,0.691999145194651,3.553121904931939,-0.49149237738339147,5.243720230665438,0.1800226276175101,0.40115892475066395,0.36363636363598784,1,0.296,3.553121904931939,0.6433388459247612,LONG,60,2.0,2,LOSS,2023-08-02
1,162429,162428,162431,2023-08-02 02:02:00,2023-08-02 02:04:00,1949.915,1949.174,-0.9409999999999854,16.956443818358256,53.03853636465118,0.039682539682503876,1.1135798630824096,0.9415414215604572,0.11033693928178828,0.9254438736094686,1.6215932297640667,2.3868671211993844,0.04536726734204162,3.6418178756443638,0.18489282668750376,1.131916366754405,0.2203389830509781,2,0.616,2.3868671211993844,0.9254438736094686,LONG,61,5.0,3,LOSS,2023-08-02
1,162432,162431,162441,2023-08-02 02:05:00,2023-08-02 02:14:00,1949.564,1948.688,-1.0759999999999763,15.142972909416446,55.38920113511058,0.002329795495732578,1.181247428254387,0.9303103190031237,0.05781174217986667,0.6921747485484471,0.649928461756896,-0.29112883737420175,0.677505476245031,3.2890891550709207,0.18489282668750376,0.8667194395121435,0.09302325581385511,2,0.758,-0.29112883737420175,0.6921747485484471,LONG,62,1.0,4,LOSS,2023-08-02
1,162453,162452,162459,2023-08-02 02:26:00,2023-08-02 02:32:00,1949.605,1948.595,-1.2099999999999909,16.173216222847,43.60098302546854,0.46987951807231393,1.1588445751466943,1.7019071339129845,0.1695153432004529,0.7284977588184379,1.33447765139692,-1.0071529444502356,1.0176689322770094,5.035764722251178,0.06025598677651782,1.216976474543836,0.09375000000025535,2,0.826,-1.0071529444502356,0.7284977588184379,LONG,63,12.0,5,LOSS,2023-08-02
1,162460,162459,162468,2023-08-02 02:33:00,2023-08-02 02:41:00,1949.055,1948.955,-0.30000000000013644,13.728322062410264,53.247133180328746,0.07692307692307693,1.0994889397839624,0.9476220844936409,0.028419675324018248,0.747029468186971,0.8572998346553686,0.7518234299272187,-0.13017428318836874,3.9139043263841,0.04226453049701029,1.0392853296048885,0.05999999999994543,2,0.764,0.7518234299272187,0.747029468186971,LONG,64,1.0,6,LOSS,2023-08-02
1,162469,162468,162475,2023-08-02 02:42:00,2023-08-02 02:48:00,1949.855,1948.895,-1.1600000000000363,16.39406062193985,53.85011307033375,0.32407407407402156,1.2180680926870577,1.0243490521377763,0.08881857811086556,0.8997299677726496,1.2700177610045336,1.4439382750282634,0.07607029298551285,3.813478008408431,0.04462362567775913,1.6475705958658255,0.0,2,0.958,1.4439382750282634,0.8997299677726496,LONG,65,1.0,7,LOSS,2023-08-02
1,162477,162476,162484,2023-08-02 02:50:00,2023-08-02 02:57:00,1949.715,1949.125,-0.7899999999999181,13.343817396296519,54.763590028553836,0.2692885019513725,1.1275871297464184,0.8831667778051833,0.03540630740643144,0.7727519989993866,0.8199950854696341,0.4406422051862224,-0.07443361726488462,3.5872281340386367,0.055228521475193755,0.9814303660964827,0.09259259259251462,2,0.908,0.4406422051862224,0.7727519989993866,LONG,66,2.0,8,LOSS,2023-08-02
-1,162509,162508,162519,2023-08-02 03:22:00,2023-08-02 03:32:00,1948.775,1949.295,-0.7199999999999818,19.00347535644522,39.54791934267415,0.13011152416358385,1.0871315379419777,1.3676682262760795,0.042761286156840536,0.4885046138630884,-0.05570173341413648,0.18032935277941464,-0.5736926302998938,5.04922187781541,0.0057897350434901445,0.08014637901332627,0.8833819241976419,3,0.924,-0.18032935277941464,0.5114953861369116,SHORT,67,25.0,9,LOSS,2023-08-02
-1,162526,162525,162541,2023-08-02 03:39:00,2023-08-02 03:54:00,1948.455,1948.665,-0.4100000000000364,14.177856973779528,52.52250544121714,0.020408163265396087,0.9416255786607883,0.7721682308446166,0.06472281340396277,0.27087078987020713,-0.7793212166601335,0.4901391299745062,-0.3067254996692343,3.8720991268019427,0.008739411464593323,0.906757390453951,0.15909090909074466,3,0.574,-0.4901391299745062,0.7291292101297928,SHORT,68,7.0,10,LOSS,2023-08-02
-1,162544,162543,162549,2023-08-02 03:57:00,2023-08-02 04:02:00,1948.045,1948.535,-0.690000000000009,13.47848023345587,52.21067750208833,0.17374517374512427,1.0140714255406797,0.8677602547692795,0.01907758320549077,0.2491696500295738,-0.8925664912088676,-2.0728541509830856,0.7879638878834766,3.6725568109817646,0.05566123635439542,1.110779452646418,0.0,3,0.742,2.0728541509830856,0.7508303499704262,SHORT,69,3.0,11,LOSS,2023-08-02
-1,162557,162556,162561,2023-08-02 04:10:00,2023-08-02 04:14:00,1948.518,1949.005,-0.68700000000008,14.78228439621729,43.06672469215591,0.09651076466221853,1.0136687024369824,1.1222912813916557,0.04968604986373978,0.4649657758063246,-0.1642309294546322,-0.3482006201807548,-0.6508550884703899,5.165345505741058,0.02301633195957185,0.1042384022198224,0.7062499999999912,4,0.764,0.3482006201807548,0.5350342241936754,SHORT,70,8.0,12,LOSS,2023-08-02
1,162609,162608,162614,2023-08-02 05:02:00,2023-08-02 05:07:00,1951.075,1950.325,-0.95,15.187080257287684,56.442503062948894,0.18210862619809606,1.0386368640836734,0.7894173647847547,0.032039789849150034,0.7013662269742678,0.6654831908868868,0.01469057816492688,0.020853194744807176,3.9874426448598714,0.13107761310266006,0.6086096668470004,0.25641025641054044,5,0.846,0.01469057816492688,0.7013662269742678,LONG,71,48.0,13,LOSS,2023-08-02
1,162619,162618,162622,2023-08-02 05:12:00,2023-08-02 05:15:00,1950.795,1950.335,-0.6600000000000363,15.909506542385017,50.398853707012655,0.07031249999993755,0.9451791308659646,0.706571442037998,0.034874674469499184,0.7222295779653201,0.7233513101866256,0.8906488677833087,-0.022111538247854865,3.8514545633858313,0.09425154365329402,0.38514545633880204,0.38461538461504824,5,0.548,0.8906488677833087,0.7222295779653201,LONG,72,5.0,14,LOSS,2023-08-02
-1,162646,162645,162657,2023-08-02 05:39:00,2023-08-02 05:50:00,1949.375,1949.305,-0.13000000000006368,18.579300859286647,52.06113008229557,0.053435114503742595,0.8642151582023284,0.5690950563388801,0.029854029321369782,0.45667072016391574,-0.12935212157990214,-0.5007178899901661,-0.10762812622092467,3.393754587710001,0.021043108385096786,0.11127064221989635,0.8181818181820061,5,0.246,0.5007178899901661,0.5433292798360843,SHORT,73,24.0,15,LOSS,2023-08-02
-1,162671,162670,162692,2023-08-02 06:04:00,2023-08-02 06:25:00,1949.085,1949.745,-0.8599999999998544,11.392371556954753,56.82858717572792,0.27607361963187277,0.791128396126557,0.5182463753209466,0.11804625384037808,0.17016069599258202,-1.1106243925428958,-0.13948187033499282,-0.799390063852687,3.8706219018000154,0.06792435053717978,1.2902073005994765,0.11904761904755459,6,0.136,0.13948187033499282,0.829839304007418,SHORT,74,14.0,16,LOSS,2023-08-02
1,162748,162747,162763,2023-08-02 07:21:00,2023-08-02 07:36:00,1952.535,1952.408,-0.3270000000001801,23.734466189194894,50.64406114876351,0.561904761904821,1.2536232971133654,2.0715056890022385,0.07743711787496059,0.5417012531772929,0.3249976504406101,-1.6236091956941172,0.48630310328859566,7.373355464023912,0.21089772401197662,0.9009835853794993,0.18333333333319438,7,0.98,-1.6236091956941172,0.5417012531772929,LONG,75,56.0,17,LOSS,2023-08-02
-1,162787,162786,162788,2023-08-02 08:00:00,2023-08-02 08:01:00,1950.635,1951.095,-0.6600000000000363,29.24819482299963,59.56716018533625,0.05405405405400423,0.9239509980528957,0.5745081194359792,0.05190401510996,0.2537211323127278,-0.8018978655145373,-1.6247343961668403,0.31743540124350256,4.725777207773328,0.024147435749679286,0.7951391824631866,0.33333333333350174,7,0.402,1.6247343961668403,0.7462788676872723,SHORT,76,24.0,18,LOSS,2023-08-02
-1,162794,162793,162817,2023-08-02 08:07:00,2023-08-02 08:30:00,1950.655,1948.335,2.119999999999936,22.317836742940116,53.721808062970446,0.23720930232554205,1.0000682678211608,0.5192525859341847,0.03612611881124046,0.2572011909854784,-0.6396256757094719,0.45601830538446775,0.08882106801977709,3.5521425893096144,0.060596112895217956,1.0560423914164898,0.3623188405796815,8,0.52,-0.45601830538446775,0.7427988090145217,SHORT,77,6.0,19,WIN,2023-08-02
-1,162822,162821,162835,2023-08-02 08:35:00,2023-08-02 08:48:00,1946.895,1947.145,-0.45,24.21186056879191,53.42703930614284,0.011111111111101286,1.4869867365851632,1.9672577626343684,0.0009600172961002814,0.4202351558611517,-0.3160271498847163,-1.621592178447119,0.2978083078568399,4.50729295643424,0.2317757604803996,0.3224851865667892,0.46250000000009867,8,0.974,1.621592178447119,0.5797648441388483,SHORT,78,5.0,0,LOSS,2023-08-02
-1,162844,162843,162860,2023-08-02 08:57:00,2023-08-02 09:13:00,1946.265,1945.045,1.0200000000000273,15.191468538954025,33.1098232333932,0.05537609598517901,1.1053814897750456,1.7706016460528775,0.07448763297877106,0.43346341720500275,-0.34095957662298515,1.2620210176151356,-0.7523482341446227,5.3047663113311705,0.24767059777384973,0.4919742950022797,0.33333333333344317,8,0.924,-1.2620210176151356,0.5665365827949973,SHORT,79,9.0,1,WIN,2023-08-02
-1,162870,162869,162876,2023-08-02 09:23:00,2023-08-02 09:29:00,1944.535,1945.125,-0.7899999999999181,11.592035814273606,53.972639644861566,0.11728242003470564,0.9830178362782087,0.7796898404510832,0.026329116864800606,0.3520060426236979,-0.4198492368466492,0.2664555952873131,-0.1471230743678136,3.3549181770261858,0.25778185591970976,0.7024738421209229,0.1830985915491785,9,0.872,-0.2664555952873131,0.647993957376302,SHORT,80,10.0,0,LOSS,2023-08-02
-1,162878,162877,162880,2023-08-02 09:31:00,2023-08-02 09:33:00,1944.575,1945.745,-1.3699999999998453,9.066270624262522,55.50838942319895,0.33398821218073105,0.9004019205285202,0.5231729111252992,0.03566813588011828,0.179312559038184,-0.6946683821583038,-1.5520219190452385,-0.014896868874116887,2.9654704524615503,0.22104806275811903,0.7330532099776835,0.5834645669291307,9,0.856,1.5520219190452385,0.820687440961816,SHORT,81,2.0,1,LOSS,2023-08-02
-1,162889,162888,162892,2023-08-02 09:42:00,2023-08-02 09:45:00,1945.115,1946.525,-1.6100000000000818,9.83107182752216,54.81894889817901,0.03259005145798321,0.9833823576519851,0.853743719514355,0.0662371693204054,0.3821430989307442,-0.37987849174067945,-0.11222407436936092,-0.5332838481655042,3.52882367183969,0.15280433329436144,0.04987736638666616,0.9230769230765531,9,0.86,0.11222407436936092,0.6178569010692558,SHORT,82,9.0,2,LOSS,2023-08-02
-1,162900,162899,162947,2023-08-02 09:53:00,2023-08-02 10:40:00,1945.575,1936.795,8.579999999999973,11.321250156869368,57.619312838086266,0.04964539007091627,1.041410586903567,0.8874423821065873,0.031021704151454513,0.32118602311933975,-0.5610246983751028,-0.5501365785906243,-0.3986174825789684,3.209130041778468,0.08355467889598517,0.8939719402096993,0.0,9,0.888,0.5501365785906243,0.6788139768806603,SHORT,83,8.0,3,WIN,2023-08-02
-1,162949,162948,162967,2023-08-02 10:42:00,2023-08-02 11:00:00,1935.948,1935.675,0.07300000000013823,39.03899437236516,69.41943946905238,0.1457598419641461,1.1125318795565002,0.9450966306595472,0.009720465968737622,0.4237878112411591,-0.2687192173182012,-1.2634887868898674,0.25037692728726907,4.0677239608297135,0.4839902740719737,0.003837475434654466,0.9945280437757809,10,0.92,1.2634887868898674,0.576212188758841,SHORT,84,2.0,0,WIN,2023-08-02
-1,162969,162968,162973,2023-08-02 11:02:00,2023-08-02 11:06:00,1934.134,1935.325,-1.3910000000000309,18.798654957736293,69.15882378010663,0.10551181102362746,1.0629815864362038,0.6409606622054267,0.03539048827220119,0.1217516590971298,-0.939230692954241,-1.6251723321852567,0.11965759512862992,2.7647748821930067,0.41712860479020136,1.1495121373993389,0.11450381679379376,11,0.902,1.6251723321852567,0.8782483409028702,SHORT,85,2.0,0,LOSS,2023-08-02
-1,162979,162978,162992,2023-08-02 11:12:00,2023-08-02 11:25:00,1934.615,1935.075,-0.6600000000000363,15.649029726698826,55.662076051391715,0.1058823529411815,0.9502726338554093,0.7445970787798124,0.011431098481296491,0.3073181611316258,-0.6466449687023575,0.16234250088471838,0.15677297549835614,3.316425375213904,0.3472751014532417,1.090013934510965,0.050505050505004104,11,0.782,-0.16234250088471838,0.6926818388683742,SHORT,86,6.0,1,LOSS,2023-08-02
-1,162996,162995,163002,2023-08-02 11:29:00,2023-08-02 11:35:00,1933.675,1934.985,-1.5099999999999454,10.25927869811651,46.80186209845569,0.2448377581121328,0.8297382022297639,0.4905575209005932,0.13187034460804503,-0.03322395958511877,-1.4964287004922798,-1.5106376686627037,-0.19579759982681952,5.713500885437113,0.30592499679113877,1.271328731052986,0.4999999999999331,11,0.624,1.5106376686627037,1.0332239595851187,SHORT,87,4.0,2,LOSS,2023-08-02
-1,163013,163012,163017,2023-08-02 11:46:00,2023-08-02 11:50:00,1934.555,1935.125,-0.7699999999999363,9.796949364623492,52.673893190198015,0.0338983050847131,0.7935871961692779,0.5888492403904506,0.009743780217379545,0.4430694344480674,-0.2186559083658261,0.9737020919402706,-0.1274597514603371,5.073500373794655,0.20126804923934016,0.512474785231701,0.2307692307695447,11,0.576,-0.9737020919402706,0.5569305655519325,SHORT,88,11.0,3,LOSS,2023-08-02
-1,163070,163069,163081,2023-08-02 12:43:00,2023-08-02 12:54:00,1935.515,1935.775,-0.4599999999999909,14.43524266071397,49.19139728359364,0.1451612903226043,0.7758755254596841,0.43780111135306105,0.033309432791406024,0.315932882911109,-0.6663287202157973,-0.32486860814936735,-0.23645453488479093,3.6663742919745976,0.0015814995799236654,0.5569176139708717,0.256965944272108,12,0.284,0.32486860814936735,0.684067117088891,SHORT,89,53.0,4,LOSS,2023-08-02
-1,163090,163089,163092,2023-08-02 13:03:00,2023-08-02 13:05:00,1935.455,1936.235,-0.9799999999999727,10.896599269972814,58.03118991687944,0.03488372093018644,0.6934439934785188,0.3250889424280454,0.01495833759797492,0.4033125075069927,-0.3206548506246759,0.8094200112850467,-0.34015289133130927,3.1754169673490837,0.03263188817640896,1.3075246336145785,0.15999999999985448,13,0.156,-0.8094200112850467,0.5966874924930072,SHORT,90,9.0,5,LOSS,2023-08-02
1,163109,163108,163121,2023-08-02 13:22:00,2023-08-02 13:34:00,1937.645,1937.388,-0.45700000000006186,32.78855514158515,54.64040791928144,0.2803793716655942,0.809187435246296,0.7234772766793219,0.157964369467363,0.859147928717902,2.3149812183947063,3.136379884357197,-0.08621069617887078,6.2354560738418545,0.07475613223723085,2.2382216924051876,0.0,13,0.192,3.136379884357197,0.859147928717902,LONG,91,17.0,6,LOSS,2023-08-02
-1,163167,163166,163169,2023-08-02 14:20:00,2023-08-02 14:22:00,1936.075,1936.235,-0.3599999999998545,18.581610251799425,56.2790787547683,0.44517833553495584,0.6900891395916446,0.3342747255989847,0.010404585795966469,0.4325875148415017,-0.2730520062479285,-0.6686987908144393,0.1691744617170134,4.622937640493494,0.05367992107808092,0.22289959693780856,0.7058823529411765,14,0.002,0.6686987908144393,0.5674124851584983,SHORT,92,46.0,7,LOSS,2023-08-02
-1,163175,163174,163192,2023-08-02 14:28:00,2023-08-02 14:45:00,1935.975,1936.025,-0.2500000000001819,13.45985349561753,67.09615741042762,0.2190476190476933,0.7143671035341,0.23819038188619862,0.0241329252636686,0.3048889237812164,-0.5093061107365021,-0.18116713587818173,-0.02717823668393496,3.2474209106003165,0.08014541495995596,1.268169951142123,0.15151515151494271,14,0.008,0.18116713587818173,0.6951110762187835,SHORT,93,6.0,8,LOSS,2023-08-02
-1,163201,163200,163205,2023-08-02 14:54:00,2023-08-02 14:58:00,1935.845,1936.205,-0.5599999999998999,15.75131726440627,47.168160572992164,0.0,0.733150868661801,0.33969000555107404,0.028357776777020935,0.49634567403769947,-0.013570156808368412,1.0313319175075828,-0.4539330952883413,4.071047042791921,0.11169796252806892,0.43424501789740994,0.2,14,0.03,-1.0313319175075828,0.5036543259623005,SHORT,94,9.0,9,LOSS,2023-08-02
-1,163214,163213,163229,2023-08-02 15:07:00,2023-08-02 15:22:00,1935.845,1935.695,-0.04999999999990906,27.469153813935424,43.43171303409993,0.09554140127380233,0.9227141384660116,0.6120293024262968,0.09776845780408513,0.18565447504346774,-1.6028657825871397,-0.25981884899437435,-0.5491578927954712,4.473214516857773,0.038813386779182245,2.165157074955089,0.09090909090939157,15,0.096,0.25981884899437435,0.8143455249565322,SHORT,95,9.0,10,LOSS,2023-08-02
-1,163233,163232,163235,2023-08-02 15:26:00,2023-08-02 15:28:00,1935.575,1936.035,-0.6600000000000363,13.750602994878985,57.08642523089396,0.20000000000033072,0.763928430011256,0.2610379483869399,0.011709869838830073,0.4968357533284401,-0.008912489008498448,0.7129991207514775,0.24310216785118557,5.406909999027198,0.1172689421843485,0.17824978018753165,0.5714285714285714,15,0.014,-0.7129991207514775,0.5031642466715599,SHORT,96,4.0,11,LOSS,2023-08-02
-1,163242,163241,163269,2023-08-02 15:35:00,2023-08-02 16:02:00,1935.395,1935.365,-0.1700000000000273,17.87398589748767,41.77555193948811,0.13178294573649424,0.8662232347952552,0.30197988688936805,0.10908993091525318,-0.02743997893085945,-1.474503837311844,-1.4142665579896947,-0.3148577652264275,4.609461374188325,0.10275143160653012,1.623787529543547,0.0,15,0.072,1.4142665579896947,1.0274399789308595,SHORT,97,7.0,12,LOSS,2023-08-02
-1,163275,163274,163282,2023-08-02 16:08:00,2023-08-02 16:15:00,1935.195,1935.265,-0.2700000000001637,27.845069663548845,54.95307242650314,0.03448275862063558,0.8420779261148534,0.26775754267157825,0.00897238071014077,0.4671909954465974,-0.08478923369318203,0.1884205193145328,-0.20304345531879478,3.328762507892936,0.15417299074632318,0.5024547181735155,0.3846153846147119,16,0.014,-0.1884205193145328,0.5328090045534026,SHORT,98,6.0,13,LOSS,2023-08-02
-1,163285,163284,163289,2023-08-02 16:18:00,2023-08-02 16:22:00,1935.185,1935.275,-0.29000000000014553,21.5336793373086,53.60748630067275,0.016393442622938598,0.826940294960862,0.2098379356105217,0.0014451685399179692,0.4118153231735624,-0.16960051987387825,-1.0641601247008305,0.19946729946479919,3.458520405275809,0.136932284010253,0.0,1.0,16,0.002,1.0641601247008305,0.5881846768264376,SHORT,99,3.0,14,LOSS,2023-08-02
-1,163295,163294,163328,2023-08-02 16:28:00,2023-08-02 18:01:00,1935.085,1934.855,0.03000000000001818,14.931697879708096,42.08862106830217,0.288888888888305,0.7285666432626596,0.1991306575231762,0.10450230211224427,-0.05484627208519355,-1.1290396985746023,-0.9199582729134137,-0.38872005977443064,4.3488936537763045,0.12130233493837991,1.0035908431782694,0.4470046082951047,16,0.01,0.9199582729134137,1.0548462720851934,SHORT,100,6.0,15,WIN,2023-08-02
1,163362,163361,163364,2023-08-02 18:35:00,2023-08-02 18:37:00,1936.035,1935.655,-0.5800000000001091,18.579811774302676,69.02511786826604,0.026737967914405993,1.1538190844074436,0.6996762479825803,0.030613691754339704,0.8760556676366013,1.0756704812336146,1.8416148316837946,-0.3298444867549507,2.3020185396042674,0.17006579509490147,1.8834697142220196,0.08163265306114872,18,0.364,1.8416148316837946,0.8760556676366013,LONG,101,34.0,0,LOSS,2023-08-02
1,163371,163370,163387,2023-08-02 18:44:00,2023-08-02 19:00:00,1935.925,1936.215,0.08999999999996361,16.101290212317462,63.299048127884035,0.21874999999990563,0.9499143031102155,0.5983381202353366,0.03213823065352873,0.6309445527850978,0.3829276982035724,-0.6426758571233355,0.10591128329577182,2.8920413570519656,0.17591852634267885,0.4820068928415883,0.0,18,0.218,-0.6426758571233355,0.6309445527850978,LONG,102,7.0,1,WIN,2023-08-02
1,163401,163400,163412,2023-08-02 19:14:00,2023-08-02 19:25:00,1935.965,1935.775,-0.3899999999998272,26.899674421776155,47.803109859393594,0.33110367892948106,0.9507982227947964,1.7069997774263264,0.049189770108780194,0.5454497964763225,0.34646357714870174,-2.208737408079326,0.47899315349433463,6.574846238002461,0.09667197991234772,0.6163918348121833,0.14285714285714285,19,0.27,-2.208737408079326,0.5454497964763225,LONG,103,14.0,0,LOSS,2023-08-02
1,163415,163414,163417,2023-08-02 19:28:00,2023-08-02 19:30:00,1935.885,1935.735,-0.35000000000009096,15.389902256772418,48.459504768882375,0.20833333333333334,0.6687395915473459,0.5980214428525068,0.04094703200677642,0.7206744699676199,0.9958811700673947,1.0464600736272758,-0.19300421907085233,3.8980637742661624,0.06537492660296551,0.8720500613560631,0.0,19,0.036,1.0464600736272758,0.7206744699676199,LONG,104,3.0,1,LOSS,2023-08-02
1,163432,163431,163447,2023-08-02 19:45:00,2023-08-02 20:00:00,1935.915,1935.975,-0.14000000000005458,20.75162896390162,62.940098442924885,0.2727272727273197,0.7948587481466096,0.5483574136382502,0.09719124127650952,0.8611828060475594,1.311892007423694,1.7960426292098681,0.4056260487674206,3.1235523986245455,0.0046565266431687555,2.030309059106576,0.0,19,0.104,1.7960426292098681,0.8611828060475594,LONG,105,15.0,2,LOSS,2023-08-02
1,163455,163454,163471,2023-08-02 20:08:00,2023-08-02 20:24:00,1936.135,1936.265,-0.06999999999989087,18.716226152572876,50.89987856505328,0.04972375690602738,1.1688272521176406,1.2463384669849347,0.015403606693230282,0.5018396596791941,0.009461619620335086,-2.081556316523199,0.6296795294637573,4.541577417868408,0.07833420695885873,0.23654049051375545,0.7619047619050197,20,0.438,-2.081556316523199,0.5018396596791941,LONG,106,8.0,3,LOSS,2023-08-02
1,163486,163485,163489,2023-08-02 20:39:00,2023-08-02 20:42:00,1936.058,1935.668,-0.5900000000001,21.72207678543449,55.050181193582944,0.010474430067806453,1.1502089651161789,1.5776245793490014,0.06165884114165312,0.5164787643996902,0.09685582056508478,-0.8710801849561657,0.7705905183885581,5.172557098285782,0.023693501600201727,0.4148000880739155,0.6153846153849517,20,0.59,-0.8710801849561657,0.5164787643996902,LONG,107,15.0,4,LOSS,2023-08-02
1,163580,163579,163612,2023-08-02 22:13:00,2023-08-02 22:45:00,1937.225,1937.335,-0.08999999999987268,21.247406919059067,58.87232234330572,0.4316939890712134,1.2080045562912345,0.9887409440812038,0.08833834337939207,0.8933286601404068,1.2526001956785604,0.7645575965487877,0.49552474427131576,3.0072598797563246,0.09175487982224824,1.7584824720612848,0.24175824175806054,22,0.976,0.7645575965487877,0.8933286601404068,LONG,108,91.0,5,LOSS,2023-08-02
-1,163671,163670,163676,2023-08-02 23:44:00,2023-08-02 23:49:00,1936.075,1936.625,-0.7499999999999545,14.113176714872134,69.77119349538641,0.11504424778751803,0.8555811632439905,0.33374406194223477,0.05629770596144289,0.10110071056147085,-0.8760209074692148,-1.0052355620008737,-0.1961788242396044,2.3162302741097713,0.09384162993054719,0.8376963016675535,0.3333333333330807,23,0.62,1.0052355620008737,0.8988992894385291,SHORT,109,59.0,6,LOSS,2023-08-02
1,163697,163696,163712,2023-08-03 00:10:00,2023-08-03 00:25:00,1937.345,1937.135,-0.4100000000000364,19.47856284373256,37.016023191554716,0.06920415224919711,1.0462051596365396,0.6019898569449114,0.0866998855727633,0.8044427515907047,0.9683676202628959,1.5426808842287985,0.3360949520719159,5.734748504415419,0.05646838006902005,0.8618891027105767,0.3981264637002791,0,0.798,1.5426808842287985,0.8044427515907047,LONG,110,21.0,7,LOSS,2023-08-03
-1,163778,163777,163779,2023-08-03 01:31:00,2023-08-03 01:32:00,1934.355,1935.015,-0.8600000000000818,23.767085222232808,45.656827975121196,0.013953488372081218,1.226971526510564,1.022829129247732,0.05306267559681845,0.4561241838708291,-0.1880760183051564,0.0,-0.8559375723958231,4.678623722705973,0.17585836204421634,0.2793208192657755,0.887850467289815,1,1.0,-0.0,0.5438758161291709,SHORT,111,66.0,8,LOSS,2023-08-03
-1,163782,163781,163801,2023-08-03 01:35:00,2023-08-03 01:54:00,1934.235,1934.415,-0.3800000000000637,20.540133133926222,51.77746726053604,0.313333333333252,1.2844218194245494,0.8132786895413733,0.049057433510034124,0.2761311279390513,-0.6889724470483347,-0.4631039974050967,-0.13722199648538072,4.0416348864441325,0.17585836204421634,0.9262079948097148,0.44514501891581265,1,1.0,0.4631039974050967,0.7238688720609487,SHORT,112,3.0,9,LOSS,2023-08-03
-1,163822,163821,163838,2023-08-03 02:15:00,2023-08-03 02:31:00,1934.195,1934.185,-0.1900000000000091,26.195314164706797,42.935727542700725,0.3495440729482148,1.096191731707711,0.9108993182370819,0.16792122614231503,-0.04786146970203019,-1.9315833911945686,-2.3736152938777764,-0.5992986574197753,4.811965550315298,0.015792563235406912,2.1362537644897532,0.009999999999990905,2,0.952,2.3736152938777764,1.04786146970203,SHORT,113,21.0,10,LOSS,2023-08-03
-1,163839,163838,163840,2023-08-03 02:32:00,2023-08-03 02:33:00,1934.005,1934.225,-0.4199999999997999,20.552087574811956,47.33452104769664,0.2711111111111677,1.0437851776552007,0.9192715199719489,0.017859302729803357,0.38480965830266656,-0.4275189937770859,-0.7752935120317626,0.31693026933884144,4.806819774597834,0.050124024164996735,0.37657113441518286,0.5526315789476361,2,0.906,0.7752935120317626,0.6151903416973334,SHORT,114,1.0,11,LOSS,2023-08-03
-1,163841,163840,163842,2023-08-03 02:34:00,2023-08-03 02:35:00,1933.895,1934.385,-0.690000000000009,20.38239592408658,52.512467879344065,0.02857142857140736,1.0344323171253724,0.7074778911597345,0.037247637107285424,0.31557858287112117,-0.5327931006626007,-1.611811060827715,-0.14725180940656074,4.3429353583407915,0.050124024164996735,0.7835192656799059,0.25531914893640695,2,0.894,1.611811060827715,0.6844214171288788,SHORT,115,1.0,12,LOSS,2023-08-03
-1,163850,163849,163887,2023-08-03 02:43:00,2023-08-03 03:20:00,1933.905,1932.388,1.3170000000000528,14.858682849237418,58.707856437140244,0.10030395136776014,1.0676212896858681,0.6392410187639248,0.053686053600358,0.2369734436070832,-0.6573380616373576,-0.8031783389779674,-0.24173218806458732,3.0436231792841704,0.02892420615864833,0.8877234272913365,0.45454545454534717,2,0.958,0.8031783389779674,0.7630265563929168,SHORT,116,8.0,13,WIN,2023-08-03
1,163915,163914,163916,2023-08-03 03:48:00,2023-08-03 03:49:00,1935.845,1935.465,-0.5800000000001091,38.96810407996966,63.75547466235236,0.06312482147958283,1.1165740517058278,1.284218479738643,0.01030019481602628,0.5672085042777331,0.29606460157644,-1.0780835147068784,-0.2777597318140371,5.145398592918703,0.1657294639456216,0.4083649676919487,0.5370370370370059,3,0.974,-1.0780835147068784,0.5672085042777331,LONG,117,28.0,0,LOSS,2023-08-03
1,163952,163951,163957,2023-08-03 04:25:00,2023-08-03 04:30:00,1936.875,1935.915,-1.1600000000000363,22.43453609802441,47.54417379459545,0.07079646017697379,1.0523247269235831,0.9315980675598828,0.09230216627863813,0.7579673013230204,0.897768704935495,0.7462479296539974,0.7709565854310745,5.25618106973645,0.16682535817811348,0.6651340242569039,0.4675324675323487,4,0.948,0.7462479296539974,0.7579673013230204,LONG,118,36.0,1,LOSS,2023-08-03
1,163971,163970,163983,2023-08-03 04:44:00,2023-08-03 04:56:00,1936.214,1936.025,-0.38899999999985085,16.765329715359158,53.01691335144803,0.29723915381860516,1.0317176796669958,1.0778981853046992,0.08230350241943173,0.6224383139652242,0.5099581721348126,-0.23467396302548418,0.5631255637256035,4.776696977892216,0.051713373903319246,0.4976419499615364,0.6885416666667012,4,0.92,-0.23467396302548418,0.6224383139652242,LONG,119,14.0,2,LOSS,2023-08-03
1,163985,163984,163998,2023-08-03 04:58:00,2023-08-03 05:11:00,1936.765,1936.305,-0.6600000000000363,20.12338913501817,48.89843477411165,0.10204081632653902,0.987473818768663,1.0785354308350534,0.048869947398169286,0.7196209261518114,0.9616569808671537,1.5199871412346375,-0.1380389352767892,5.6734403760029295,0.08640546618331552,0.5302280725239538,0.28571428571397633,4,0.828,1.5199871412346375,0.7196209261518114,LONG,120,2.0,3,LOSS,2023-08-03
1,164007,164006,164008,2023-08-03 05:20:00,2023-08-03 05:21:00,1936.995,1936.715,-0.4799999999999727,12.71399380373431,52.21063358727137,0.0962343096234437,0.8563584102303143,0.5942980471194075,0.015704373399786784,0.5237732957071353,0.07333531943396758,-1.0269177150483932,0.2155450929602614,3.415617617443745,0.1014562788180558,0.1339457889192232,0.7931034482761865,5,0.592,-1.0269177150483932,0.5237732957071353,LONG,121,9.0,4,LOSS,2023-08-03
1,164012,164011,164015,2023-08-03 05:25:00,2023-08-03 05:28:00,1937.095,1936.435,-0.8600000000000818,11.038153312519457,63.309824471546946,0.11111111111114066,0.8003944115716513,0.5631464944535058,0.05636362944110058,0.6598017597567725,0.5178798031369921,0.8969772871271409,0.10795184793750026,3.637741220014431,0.09600267734756221,0.7723971083590733,0.0,5,0.518,0.8969772871271409,0.6598017597567725,LONG,122,4.0,5,LOSS,2023-08-03
1,164018,164017,164024,2023-08-03 05:31:00,2023-08-03 05:37:00,1937.135,1936.765,-0.5699999999998908,10.615449381771805,56.504039347940946,0.21025641025644734,0.8016513013206837,0.32108904162909085,0.044977489147314434,0.9420913543478447,0.8314093486236837,0.9766168546433462,-0.14949696704494211,2.724247015583148,0.0814809796238373,0.7196124192106099,0.5555555555556758,5,0.502,0.9766168546433462,0.9420913543478447,LONG,123,3.0,6,LOSS,2023-08-03
1,164030,164029,164031,2023-08-03 05:43:00,2023-08-03 05:44:00,1936.935,1936.515,-0.6199999999998453,8.662862026894802,60.88037969576455,0.02777777777774269,0.7686455322228285,0.39567315633613304,0.015804567051020308,0.5567332402776355,0.1461177460269277,1.4756445638346254,-0.03877327989494827,3.6746443060195704,0.059233644626304593,0.3761446927424819,0.7173913043474714,5,0.38,1.4756445638346254,0.5567332402776355,LONG,124,6.0,7,LOSS,2023-08-03
-1,164050,164049,164067,2023-08-03 06:03:00,2023-08-03 06:20:00,1935.875,1936.035,-0.36000000000008187,13.996243551928812,61.99793252742809,0.17777777777765708,0.8177877720543089,0.44738490727018954,0.03393479710249613,0.41925241999873664,-0.23240091291566095,-0.28995747088556556,-0.1319313627721441,4.813294016705004,0.047217452612876125,0.347948965063338,0.5384615384610676,6,0.35,0.28995747088556556,0.5807475800012634,SHORT,125,19.0,8,LOSS,2023-08-03
-1,164079,164078,164105,2023-08-03 06:32:00,2023-08-03 06:58:00,1935.525,1933.935,1.3900000000001456,22.975584245557553,42.04547865748104,0.2601880877742674,1.0120141804563692,1.2360328715685183,0.1850784717552775,0.24278566032574886,-1.6971014610264648,1.3744747512370659,-0.9859060471198771,6.047688905441271,0.013346622683864292,2.024226451821055,0.024096385542148872,6,0.514,-1.3744747512370659,0.7572143396742511,SHORT,126,12.0,9,WIN,2023-08-03
-1,164113,164112,164117,2023-08-03 07:06:00,2023-08-03 07:10:00,1933.445,1934.875,-1.6300000000000636,31.592413263059107,47.94613340137423,0.010309278350505798,1.1687113103184363,0.9356515554211745,0.016208898046313255,0.35713425093771944,-0.6091464810207103,-0.17479095581681306,-0.11962647085259343,4.389195112726191,0.23460154527514754,1.2041154734029949,0.3033707865167994,7,0.76,0.17479095581681306,0.6428657490622806,SHORT,127,8.0,0,LOSS,2023-08-03
-1,164200,164199,164201,2023-08-03 08:33:00,2023-08-03 08:34:00,1931.435,1931.725,-0.48999999999996363,33.06783144399986,45.54183270492359,0.053604436229199894,1.7457039682433853,1.762845428056659,0.0036503013217360756,0.3815309896577409,-0.3765265277777936,-0.945725954350385,0.4505990600744752,4.871239241058771,0.2752474760466858,0.1651267539342159,0.9246575342465678,8,1.0,0.945725954350385,0.6184690103422591,SHORT,128,83.0,1,LOSS,2023-08-03
-1,164215,164214,164228,2023-08-03 08:48:00,2023-08-03 09:01:00,1933.755,1934.255,-0.7,32.84242384811707,43.24725569090645,0.20895522388059998,1.4880278054774285,3.260406360209475,0.08917161186242296,0.42364476822330854,-0.4862401322074809,1.6284187741376268,-0.9238577632490071,5.968726182222922,0.0011029631194982314,0.3949629746045171,0.6506632975362217,8,0.984,-1.6284187741376268,0.5763552317766915,SHORT,129,14.0,2,LOSS,2023-08-03
-1,164230,164229,164237,2023-08-03 09:03:00,2023-08-03 09:10:00,1932.545,1932.915,-0.5699999999998908,21.639718385580174,55.34906831428406,0.07199999999999515,1.2770263837646758,2.189773645985372,0.0008558090202593562,0.37001314570129923,-0.6792114186539339,-0.8973440535950652,0.713366718350017,5.906864770187475,0.06397824519143304,0.3667406132084827,0.661870503597127,9,0.96,0.8973440535950652,0.6299868542987008,SHORT,130,2.0,3,LOSS,2023-08-03
-1,164239,164238,164248,2023-08-03 09:12:00,2023-08-03 09:21:00,1931.438,1932.615,-1.3769999999999072,14.34023127998292,60.002842668021756,0.3315485996705218,1.1447836878937552,1.0160560173841722,0.06260746559802442,0.22094455254906634,-0.7700388931604067,0.5297735575793089,0.002844484640065976,3.213380595153751,0.0839761370967916,1.1724496766102566,0.12734324499010174,9,0.922,-0.5297735575793089,0.7790554474509337,SHORT,131,2.0,4,LOSS,2023-08-03
1,164313,164312,164328,2023-08-03 10:26:00,2023-08-03 10:41:00,1936.785,1936.598,-0.3870000000001255,17.28998712717733,52.3758282431909,0.3782991202346051,1.0351013130419213,0.9790874766772163,0.16578063831821455,0.8918008812422924,1.483569540205382,0.9924140112863667,0.5986525811043544,3.790842709778127,0.06336102835707315,1.6450826853755403,0.03664921465965096,10,0.878,0.9924140112863667,0.8918008812422924,LONG,132,65.0,5,LOSS,2023-08-03
1,164350,164349,164360,2023-08-03 11:03:00,2023-08-03 11:13:00,1936.045,1935.415,-0.8300000000001091,20.89456308129547,48.30804080864134,0.4328358208954852,0.7830954253479429,0.5544846518667398,0.07026227186911752,0.6848100275841272,0.6623112587436423,-0.28890349345410027,0.4541823554187988,3.683519541538875,0.05183990339303617,0.5344714628901347,0.30188679245257116,11,0.68,-0.28890349345410027,0.6848100275841272,LONG,133,22.0,6,LOSS,2023-08-03
1,164361,164360,164373,2023-08-03 11:14:00,2023-08-03 11:26:00,1936.025,1936.645,0.41999999999989085,12.915578945124322,59.975570345121376,0.11768901569191069,0.7380587436944718,0.3816494068747823,0.053768714199615236,0.8065664428253,0.8710284575557076,2.1740174614991763,0.2341872868028286,2.9600083898868954,0.047341722277504515,1.0368390970227366,0.2873563218388552,11,0.572,2.1740174614991763,0.8065664428253,LONG,134,1.0,7,WIN,2023-08-03
1,164374,164373,164382,2023-08-03 11:27:00,2023-08-03 11:35:00,1937.275,1936.745,-0.7300000000002,20.3850268877113,37.31972917619401,0.12290502793296303,0.7920127095475532,0.8385933917616575,0.018989317991300263,0.661355725644422,0.9835571236547649,2.4841870982996044,-0.7744397883075436,5.621501533039464,0.09387862103085512,1.0364489218073056,0.04545454545449848,11,0.582,2.4841870982996044,0.661355725644422,LONG,135,1.0,0,LOSS,2023-08-03
-1,164454,164453,164456,2023-08-03 12:47:00,2023-08-03 12:49:00,1935.185,1935.475,-0.48999999999996363,26.119121247015077,60.348472776456845,0.11111111111114853,0.661407662437503,0.2260754628929772,0.001534115459102603,0.4136208457227898,-0.26885805333751234,-0.5237494545523789,0.05755453733912785,3.247246618223002,0.008144219469442326,0.41899956364206187,0.5862068965512646,12,0.008,0.5237494545523789,0.5863791542772102,SHORT,136,72.0,1,LOSS,2023-08-03
-1,164523,164522,164530,2023-08-03 13:56:00,2023-08-03 14:03:00,1934.285,1934.885,-0.799999999999909,20.119116322265384,43.10069770823197,0.20238095238089598,0.8257202119693147,0.40875812227811953,0.16141053515990586,0.1200455873333236,-1.6568947157011444,-0.7237011401907371,-0.8149516617602122,5.103997515034606,0.046017292659102926,1.180775544522595,0.08823529411758806,13,0.038,0.7237011401907371,0.8799544126666764,SHORT,137,67.0,2,LOSS,2023-08-03
-1,164537,164536,164551,2023-08-03 14:10:00,2023-08-03 14:24:00,1934.335,1934.555,-0.4200000000000273,18.786033747752942,40.65475680099207,0.18651946542707543,0.8263405023993555,0.47260597416528327,0.1296657457289905,0.13925697556579936,-1.7571544607422418,-0.8623318786297565,-0.4939592553275678,4.454700226097172,0.004316154492670563,1.1075447351119139,0.08754208754230665,14,0.036,0.8623318786297565,0.8607430244342007,SHORT,138,7.0,3,LOSS,2023-08-03
-1,164557,164556,164584,2023-08-03 14:30:00,2023-08-03 14:57:00,1934.438,1933.515,0.7230000000000019,11.284656457528769,48.37773682255564,0.1641791044775005,0.7433945030602698,0.20107813135054303,0.06404231857316137,0.29951556363352877,-0.46184919711985944,0.6901194899498813,-0.15035314109700124,3.7160280228041747,0.03549943588332329,0.10617222922287295,0.8863636363638419,14,0.012,-0.6901194899498813,0.7004844363664713,SHORT,139,6.0,4,WIN,2023-08-03
-1,164588,164587,164599,2023-08-03 15:01:00,2023-08-03 15:12:00,1932.985,1933.175,-0.3900000000000546,32.02598758683365,44.99680870195891,0.09090909090901575,0.9424120003634839,0.6768213321956371,0.05124498663114753,0.34531745546314824,-0.8451305044143113,-1.4159254524223779,0.21693035019165308,5.309720446581402,0.23447702244133828,0.3982290334942339,0.6399999999994179,15,0.104,1.4159254524223779,0.6546825445368518,SHORT,140,4.0,0,LOSS,2023-08-03
-1,164604,164603,164611,2023-08-03 15:17:00,2023-08-03 15:24:00,1932.758,1933.058,-0.49999999999995454,20.870694214222684,54.11875760818185,0.22413793103445911,0.8731401027770704,0.3155604927863989,0.10964878686845733,-0.07133726876216309,-1.61395271644515,-1.520761284213972,-0.15563994455726834,3.8915103569107936,0.2282917485348994,1.7921429275242635,0.019607843137429738,15,0.042,1.520761284213972,1.0713372687621632,SHORT,141,5.0,1,LOSS,2023-08-03
-1,164615,164614,164618,2023-08-03 15:28:00,2023-08-03 15:31:00,1932.788,1933.088,-0.49999999999995454,18.444712847067837,37.80021637572998,0.01538461538459924,0.8468287709808152,0.5118971486668654,0.054794217106978876,0.2742403992264535,-1.0351194551256309,-2.3764087864600527,0.17596006406746292,5.26678505464194,0.2225370646919269,0.718449167998791,0.07142857142857142,15,0.008,2.3764087864600527,0.7257596007735465,SHORT,142,4.0,2,LOSS,2023-08-03
-1,164638,164637,164643,2023-08-03 15:51:00,2023-08-03 15:56:00,1933.385,1933.835,-0.6500000000000454,25.899836280930177,32.412243669375144,0.3186274509804914,0.9061223473777489,0.8612084604761111,0.08845198241724446,0.3950039408886754,-0.7156959477489026,1.587976320096096,-1.1477057948646554,7.303584468734684,0.025685458296722148,1.1066037073841575,0.04761904761899606,15,0.042,-1.587976320096096,0.6049960591113246,SHORT,143,20.0,3,LOSS,2023-08-03
1,164678,164677,164680,2023-08-03 16:31:00,2023-08-03 16:33:00,1934.425,1934.215,-0.4100000000000364,18.97236135469584,58.124177247378434,0.19463087248334437,0.746072862609115,0.3214925140893563,0.040375539486927,0.6284983699946117,0.3853209351256646,0.294868140632631,0.12905803067399246,3.2674577745735913,0.19288453556675114,0.07969409206272633,0.9166666666666666,16,0.002,0.294868140632631,0.6284983699946117,LONG,144,35.0,4,LOSS,2023-08-03
1,164690,164689,164692,2023-08-03 16:43:00,2023-08-03 16:45:00,1934.288,1934.048,-0.4400000000000091,13.70628865265041,40.58118576354271,0.2673992673992491,0.6648496173880019,0.3201143965672483,0.019209898134263236,0.5220780957131299,0.07941605072618034,-0.5693980995508698,0.2762987449487509,4.395353750918278,0.15337952902165752,0.0,0.0,16,0.002,-0.5693980995508698,0.5220780957131299,LONG,145,10.0,5,LOSS,2023-08-03
1,164709,164708,164750,2023-08-03 18:02:00,2023-08-03 18:43:00,1934.625,1935.745,0.9199999999998909,22.579387298326484,38.91409822213976,0.4216543375925425,1.218893493113127,0.6508941390699111,0.18951973951538642,1.2677600791525436,2.5994836976946,3.78278664512063,0.5097636862607348,4.969635955027184,0.033051562401848575,2.5581094687626877,0.2589041095891418,18,0.284,3.78278664512063,1.2677600791525436,LONG,146,77.0,6,WIN,2023-08-03
1,164767,164766,164771,2023-08-03 19:00:00,2023-08-03 19:04:00,1935.318,1934.905,-0.6130000000000109,21.932703086313584,48.05464315995677,0.5084087968954593,0.9811964341346046,1.529324257005569,0.0753655961741962,0.614730754363345,0.7895773297891872,-0.15004808013487203,0.7187124781853425,7.595677137631348,0.14609356776562538,1.2166060551462903,0.20424403183025952,18,0.44,-0.15004808013487203,0.614730754363345,LONG,147,17.0,0,LOSS,2023-08-03
1,164776,164775,164784,2023-08-03 19:09:00,2023-08-03 19:17:00,1935.115,1935.005,-0.30999999999989997,14.686180219041123,45.81031007816009,0.03750997605747773,0.945631406245511,0.5683372638044499,0.0011904785385867592,0.730129182842817,0.6162217622018749,1.4151230447191219,-0.08874576795267744,3.516366353544987,0.08612613325831261,0.8019030586748841,0.0,19,0.412,1.4151230447191219,0.730129182842817,LONG,148,5.0,1,LOSS,2023-08-03
1,164791,164790,164793,2023-08-03 19:24:00,2023-08-03 19:26:00,1935.165,1934.935,-0.4300000000000182,9.673174270754082,51.24529862492216,0.14285714285695725,0.6433849351036002,0.3649127178670306,0.04525007640002284,0.7968330693015554,0.8742676563077448,0.458732482539485,0.11556836461175332,3.440493619047876,0.034551224879389456,0.91746496507897,0.29411764705882354,19,0.046,0.458732482539485,0.7968330693015554,LONG,149,7.0,2,LOSS,2023-08-03
1,164794,164793,164820,2023-08-03 19:27:00,2023-08-03 19:53:00,1935.095,1935.305,0.010000000000036369,9.771941000932737,56.55491290873403,0.11475409836048464,0.6606479854419178,0.3375112615207408,0.018443425764836752,0.6210151622195628,0.3256019320397161,-0.45591869130085094,0.2944081259624299,3.3434037362079683,0.025401707370608272,1.2917696253541389,0.05555555555548538,19,0.052,-0.45591869130085094,0.6210151622195628,LONG,150,1.0,3,WIN,2023-08-03
1,164823,164822,164834,2023-08-03 19:56:00,2023-08-03 20:07:00,1935.665,1935.395,-0.4699999999999818,16.038464230562962,62.91993222732316,0.06930693069300689,0.8204341767401508,0.4091024489828246,0.0560126668233599,0.8178588351066172,0.8796334677563624,1.9387839697494502,0.010014773205377293,3.1594998025552643,0.07245551284816565,0.6462613232492725,0.1,19,0.124,1.9387839697494502,0.8178588351066172,LONG,151,3.0,0,LOSS,2023-08-03
1,164851,164850,164876,2023-08-03 20:24:00,2023-08-03 20:49:00,1935.385,1935.545,-0.03999999999991816,18.00160601647318,55.20448495404171,0.11111111111104874,1.1048259895753971,0.7556734544603846,0.07887768179718044,0.8017460318535797,1.0463819683443818,1.026823426880458,0.5399083611997889,5.378598902705784,0.015469996377046614,1.5157869634896703,0.08823529411758806,20,0.45,1.026823426880458,0.8017460318535797,LONG,152,17.0,1,LOSS,2023-08-03
1,164880,164879,164894,2023-08-03 20:53:00,2023-08-03 21:07:00,1935.905,1936.015,-0.08999999999987268,12.232091559586767,51.13205568374952,0.03508771929821762,1.0724803920933512,0.8320979535631532,0.006896386023127098,0.6907892811270443,0.685941584540109,1.2128447693625124,-0.4709660635101515,4.058546699032639,0.10348574765456262,0.04719240347708628,0.8888888888888888,20,0.524,1.2128447693625124,0.6907892811270443,LONG,153,4.0,2,LOSS,2023-08-03
1,164898,164897,164901,2023-08-03 21:11:00,2023-08-03 21:14:00,1937.055,1936.245,-1.0100000000001728,23.85106731722814,51.362264201871874,0.09892827699917289,1.388105516441149,2.009239496508679,0.08006777533742637,0.8442393607854736,1.8741025369666167,3.0145726781438267,-0.42778613575564306,5.240231398492301,0.2082712118225166,1.9578886543819904,0.2765957446808253,21,0.892,3.0145726781438267,0.8442393607854736,LONG,154,4.0,3,LOSS,2023-08-03
1,164913,164912,164922,2023-08-03 21:26:00,2023-08-03 21:35:00,1936.195,1936.095,-0.29999999999990906,13.999379946243227,48.89506939584516,0.07182320441981732,1.2302683047626428,1.4391889779152298,0.0016492464131178356,0.5752163310137166,0.32202241372026447,-2.5250835024177243,0.17469121600634127,5.287821922709128,0.0909041689340193,0.4753098357487101,0.555555555556117,21,0.882,-2.5250835024177243,0.5752163310137166,LONG,155,12.0,4,LOSS,2023-08-03
1,164933,164932,164936,2023-08-03 21:46:00,2023-08-03 21:49:00,1936.785,1936.135,-0.8500000000000909,13.039295553438834,49.23284422622311,0.2890995260663936,1.252244148831581,1.5643903748969816,0.05384576815016555,0.5823909445137264,0.353944225453403,-2.1092089765928796,0.134260760751801,4.953086248404019,0.09917430421956304,0.6398723861574389,0.28947368421077824,21,0.96,-2.1092089765928796,0.5823909445137264,LONG,156,11.0,5,LOSS,2023-08-03
1,164945,164944,164952,2023-08-03 21:58:00,2023-08-03 22:05:00,1936.475,1935.885,-0.7899999999999181,9.867101739375656,54.12408283108231,0.03797468354436695,1.1348210979965545,0.9579680929837723,0.04370693126109521,0.6828673054472147,0.5362371720922997,0.6607661836207803,0.5376921532603496,3.253002750133117,0.03644736783211558,0.9657351914454891,0.24000000000023647,21,0.926,0.6607661836207803,0.6828673054472147,LONG,157,9.0,6,LOSS,2023-08-03
-1,164968,164967,164985,2023-08-03 22:21:00,2023-08-03 22:38:00,1935.565,1935.705,-0.3399999999998727,16.59427479317435,61.00100438532228,0.17857142857145034,1.0058835642115473,1.6133530933290559,0.02261102222518712,0.3590258460410152,-0.8038929910474266,-1.7344266587682302,0.5764268898184224,6.296244077148804,0.05014489251597117,0.35789756450747173,0.4583333333338465,22,0.866,1.7344266587682302,0.6409741539589848,SHORT,158,16.0,7,LOSS,2023-08-03
1,165026,165025,165042,2023-08-03 23:19:00,2023-08-03 23:35:00,1936.015,1935.955,-0.2600000000001728,16.600030090935057,56.30557142622147,0.2877237851662551,0.8997055084264226,1.4787345595771764,0.05816353999282047,0.7177152859379039,1.4012444333156588,2.6731740709504304,-0.32580003038788385,5.580250873107998,0.00046278778398723915,1.4268066603699174,0.0069767441858805,23,0.692,2.6731740709504304,0.7177152859379039,LONG,159,41.0,8,LOSS,2023-08-03
1,165043,165042,165044,2023-08-03 23:36:00,2023-08-03 23:37:00,1936.295,1935.965,-0.5300000000001546,17.85402911861663,72.11662322014712,0.06542056074758014,0.7866203640929988,0.5678757422514346,0.023133469740575452,0.7613932756991625,0.8637134291290731,1.299794475739933,-0.10392857981925192,3.3794656369216582,0.048706823819096745,1.3864474407891303,0.05882352941168603,23,0.614,1.299794475739933,0.7613932756991625,LONG,160,1.0,9,LOSS,2023-08-03
-1,165081,165080,165102,2023-08-04 00:14:00,2023-08-04 00:35:00,1934.795,1934.405,0.19000000000010003,26.971276177848267,51.57055657195339,0.18898240244847267,0.9632917501733931,0.5699782946767785,0.040092679733652936,0.25574236569134795,-0.7433454550850945,-1.1604731996492808,0.15888906254481508,4.562511895688821,0.1221704070145305,1.6140783591208756,0.02288329519449253,0,0.632,1.1604731996492808,0.744257634308652,SHORT,161,37.0,10,WIN,2023-08-04
-1,165110,165109,165113,2023-08-04 00:43:00,2023-08-04 00:46:00,1934.205,1934.925,-0.9200000000000272,21.993543284122275,26.82669329039665,0.05000000000009237,0.9406208092825354,1.0891165193982393,0.03209212263302406,0.4193163247982402,-0.497336145270863,1.4264680135682166,-0.6116349121849315,7.4407655842907054,0.18356671027084417,0.7325106015624837,0.23999999999978172,0,0.578,-1.4264680135682166,0.5806836752017598,SHORT,162,8.0,0,LOSS,2023-08-04
-1,165116,165115,165119,2023-08-04 00:49:00,2023-08-04 00:52:00,1934.365,1935.005,-0.8400000000001,19.495391966349864,51.41632662341886,0.1896454698930674,1.0197513282445763,0.9133128778257363,0.018243561529043252,0.4726249859577324,-0.12853458676406954,0.010379643614587951,0.2558217063578602,5.466612303812004,0.17662034494850284,0.162614416632478,0.0,0,0.636,-0.010379643614587951,0.5273750140422676,SHORT,163,3.0,1,LOSS,2023-08-04
-1,165126,165125,165133,2023-08-04 00:59:00,2023-08-04 01:06:00,1934.325,1934.655,-0.5299999999999272,19.95664393555077,51.181333334762854,0.004025764895325469,1.0836375589536078,0.8886628780229497,0.0992484133197071,0.3117241152256779,-0.7851579375570724,0.3833079036297947,-0.576344276432114,4.3005276992590895,0.10941423449502709,0.43628541876576404,0.31034482758562754,0,0.706,-0.3833079036297947,0.6882758847743221,SHORT,164,7.0,2,LOSS,2023-08-04
-1,165139,165138,165141,2023-08-04 01:12:00,2023-08-04 01:14:00,1934.325,1934.735,-0.6099999999998544,19.801567867197996,48.44405674027708,0.03432063939825415,1.0263514899248563,0.798198729263498,0.08092618365580713,0.21537103799216725,-1.117575089350567,-0.759663258819313,-0.1796410534139844,4.340454831225909,0.04410487153544471,0.30118807618347637,0.5774647887327101,1,0.626,0.759663258819313,0.7846289620078327,SHORT,165,6.0,3,LOSS,2023-08-04
-1,165142,165141,165143,2023-08-04 01:15:00,2023-08-04 01:16:00,1934.495,1934.958,-0.6630000000001928,19.732363510904165,52.190392501593955,0.01821762678485457,1.0280081849883347,0.6881110671165659,0.01695574335330041,0.4104169166398465,-0.3000471757628581,0.3097046320303095,-0.4850181563906427,4.319214061752658,0.04410487153544471,0.7892472880761168,0.336134453782294,1,0.642,-0.3097046320303095,0.5895830833601535,SHORT,166,1.0,4,LOSS,2023-08-04
1,165167,165166,165183,2023-08-04 01:40:00,2023-08-04 01:56:00,1936.215,1936.365,-0.04999999999990906,48.786655896143365,57.325856826029366,0.29682702149452617,1.148336885024939,1.293344810442253,0.0006180344867244347,0.6038881865583353,0.5187059418306184,1.398636711186722,-0.6552571783059246,4.760744190001075,0.19546912963789645,0.5917309162713995,0.24137931034463833,1,0.844,1.398636711186722,0.6038881865583353,LONG,167,24.0,5,LOSS,2023-08-04
-1,165210,165209,165211,2023-08-04 02:23:00,2023-08-04 02:24:00,1934.335,1934.475,-0.3399999999998727,33.120112273612335,44.65853676917759,0.23717948717948112,1.2495617529462661,1.7249112162164069,0.008187987297979715,0.4638517310830264,-0.19910515344992852,-0.3657033430715895,-0.11867692496449303,6.414030300425403,0.11057999611754005,0.3250696382854467,0.680000000000291,2,0.988,0.3657033430715895,0.5361482689169736,SHORT,168,27.0,6,LOSS,2023-08-04
-1,165212,165211,165234,2023-08-04 02:25:00,2023-08-04 02:47:00,1934.075,1933.075,0.8,32.41117159829405,44.70428939266434,0.07924528301889253,1.2085017807529055,1.5184947608933521,0.05383656031354908,0.40836012522747756,-0.4636949220997989,0.21077041913653363,-0.42843716766958384,6.654022132131131,0.11057999611754005,0.8009275927174859,0.15555555555547695,2,0.98,-0.21077041913653363,0.5916398747725224,SHORT,169,1.0,7,WIN,2023-08-04
-1,165239,165238,165244,2023-08-04 02:52:00,2023-08-04 02:57:00,1932.885,1933.125,-0.4400000000000091,32.399023130170484,65.15138873498559,0.08771929824554406,0.9509385860742174,0.5594854954566552,0.004930517493322773,0.40697051070845613,-0.24081659731491453,1.0579226240406685,0.09627689571020685,3.9254497365727703,0.2627065794492456,0.6403215882353913,0.361111111110883,2,0.718,-1.0579226240406685,0.5930294892915439,SHORT,170,5.0,0,LOSS,2023-08-04
-1,165246,165245,165253,2023-08-04 02:59:00,2023-08-04 03:06:00,1932.985,1933.115,-0.33000000000010915,25.941289935158238,63.88092156846416,0.17894736842088133,0.8464704292902473,0.2515915845942913,0.007043158429927891,0.3795324299774729,-0.16373240115693383,0.26461802207189583,0.00820879161494957,2.3815621986425497,0.265917551813551,0.49615879138339447,0.11764705882352941,2,0.494,-0.26461802207189583,0.6204675700225271,SHORT,171,2.0,1,LOSS,2023-08-04
-1,165265,165264,165278,2023-08-04 03:18:00,2023-08-04 03:31:00,1932.785,1933.135,-0.549999999999909,17.126555537618508,41.21377086363346,0.2060301507537183,0.9679098620468153,0.8372590327459417,0.05568117538253573,0.2511498584698948,-0.9298429675895183,0.40284083386216185,0.08646033608854238,4.546346553584451,0.1729035661849157,1.409942918516585,0.1694915254235982,3,0.676,-0.40284083386216185,0.7488501415301052,SHORT,172,12.0,2,LOSS,2023-08-04
-1,165332,165331,165334,2023-08-04 04:25:00,2023-08-04 04:27:00,1932.885,1933.215,-0.5299999999999272,21.107291425173972,49.34034023638463,0.36206896551749146,0.874340369053664,0.8663979783404787,0.038951183460034414,0.4327891167857317,-0.33523315082871447,-0.3801613050632233,-0.6377080957932083,4.976657084468729,0.03996372946119722,1.036803559264122,0.2500000000002842,4,0.294,0.3801613050632233,0.5672108832142684,SHORT,173,54.0,3,LOSS,2023-08-04
-1,165335,165334,165336,2023-08-04 04:28:00,2023-08-04 04:29:00,1933.105,1933.345,-0.4400000000000091,18.705625994498188,56.03997861497354,0.26388888888892176,0.8671896249945796,0.6321135431568017,0.0021355244588332125,0.4871645853513573,-0.04762089410665886,1.0582420912750377,-0.1407407796749279,4.4446167833558,0.04645870699339496,0.49384630926130996,0.3913043478266887,4,0.26,-1.0582420912750377,0.5128354146486427,SHORT,174,1.0,4,LOSS,2023-08-04
-1,165339,165338,165345,2023-08-04 04:32:00,2023-08-04 04:38:00,1932.915,1933.225,-0.5099999999999454,17.805474517248427,61.18166714519554,0.12048192771089783,0.8830561944633035,0.5283704403272055,0.05409329604476267,0.19114139695759425,-0.9376362195607547,-2.091381902365636,-0.09229683817190767,3.346211043785652,0.024629525800961612,0.8714091259858139,0.10714285714277014,4,0.266,2.091381902365636,0.8088586030424058,SHORT,175,3.0,5,LOSS,2023-08-04
1,165397,165396,165401,2023-08-04 05:30:00,2023-08-04 05:34:00,1934.085,1932.985,-1.3000000000001364,18.422856947011272,46.19215051174959,0.2020725388601488,1.0132408123998702,0.7121795120574479,0.1210386072801225,0.8941933301264561,1.5025036294407341,1.0637193836746486,0.23546851315832723,4.055430150260495,0.0516329874907558,1.3628904603336867,0.47435897435885105,5,0.334,1.0637193836746486,0.8941933301264561,LONG,176,52.0,6,LOSS,2023-08-04
1,165408,165407,165426,2023-08-04 05:41:00,2023-08-04 05:59:00,1933.545,1933.518,-0.22700000000004367,17.917048064144193,42.83583012271858,0.0336391437308541,1.1428590443713305,1.1457421385195063,0.04703814873058081,0.6162651338471525,0.5659192340865954,0.70233413299473,0.254229550226207,5.564647361419832,0.052923800746165206,0.48623132284269444,0.21739130434761117,5,0.744,0.70233413299473,0.6162651338471525,LONG,177,7.0,7,LOSS,2023-08-04
-1,165482,165481,165487,2023-08-04 06:55:00,2023-08-04 07:00:00,1931.715,1932.775,-1.2600000000001728,22.836392737416563,42.1480473555445,0.30735930735933037,1.062618925757985,1.5736379914396263,0.1993853209185967,0.23980800573928715,-1.7135614887168862,-0.3549750729923396,-1.2306320459718911,6.647715003303216,0.09350059673146262,1.5812525978731664,0.0,6,0.506,0.3549750729923396,0.7601919942607128,SHORT,178,56.0,8,LOSS,2023-08-04
-1,165536,165535,165540,2023-08-04 07:49:00,2023-08-04 07:53:00,1931.755,1932.435,-0.8799999999998362,17.166690551210536,50.062626438988424,0.061205273069710894,1.1304517607627145,0.9782198090722293,0.02374701737931473,0.08802504562513981,-1.5861113868600105,-1.4435496511273764,0.27920304316981925,4.3246715221126255,0.05894673226597804,2.9887156338030114,0.01960784313723742,7,0.712,1.4435496511273764,0.9119749543748602,SHORT,179,49.0,9,LOSS,2023-08-04
-1,165547,165546,165567,2023-08-04 08:00:00,2023-08-04 08:20:00,1932.205,1931.255,0.7499999999998181,12.406498124319292,46.98036316229625,0.17874875868913528,1.140955934258027,1.0446242972779425,0.02439547206021952,0.40725147295142616,-0.35868519461323006,-0.09204207948881378,-0.06744896183556559,4.964693984529266,0.04128114486590525,0.16734923543339975,0.8083067092654125,7,0.788,0.09204207948881378,0.5927485270485738,SHORT,180,7.0,10,WIN,2023-08-04
-1,165568,165567,165569,2023-08-04 08:21:00,2023-08-04 08:22:00,1930.865,1931.155,-0.48999999999996363,16.714204179527595,66.34707988564384,0.07258064516130881,1.247559180679912,0.74206078916338,0.010116039805528738,0.38406070087478317,-0.2522859563697805,1.1345648078750188,-0.0485399503444066,2.929240049422699,0.15224756814986354,0.8457664931434346,0.5287356321837549,8,0.976,-1.1345648078750188,0.6159392991252168,SHORT,181,1.0,0,LOSS,2023-08-04
1,165610,165609,165624,2023-08-04 09:03:00,2023-08-04 09:17:00,1941.255,1941.915,0.45999999999985447,12.25843948699979,72.34221643826454,0.042752867570396744,1.4039616073006826,1.5592131369730722,0.015495719842170744,0.7423385868770144,0.5070794528496319,0.6681389684038492,0.06183840129709879,2.113600590292063,0.33497663607634687,0.8908519578717166,0.23364485981309802,9,0.952,0.6681389684038492,0.7423385868770144,LONG,182,41.0,1,WIN,2023-08-04
1,165638,165637,165660,2023-08-04 09:31:00,2023-08-04 09:53:00,1942.345,1944.405,1.8599999999999455,10.90798380638011,57.74878945812107,0.10638297872339525,1.0199519861994728,1.1741572160485465,0.038991618604522486,0.6460236759713799,0.3824815304669922,0.29126850015516165,0.4029159748684401,3.2959330280707584,0.2799612954727509,0.45223267129352207,0.587412587412504,9,0.882,0.29126850015516165,0.6460236759713799,LONG,183,14.0,0,WIN,2023-08-04
1,165681,165680,165695,2023-08-04 10:14:00,2023-08-04 10:28:00,1942.605,1941.638,-1.1670000000000982,20.43966763780855,58.51223295302102,0.012158054711235277,0.8917270226665167,1.1860966781543791,0.0270959827878733,0.5527648590418639,0.20596302780942247,-0.4928234976927146,0.45585267490670733,4.2308432349093295,0.1256564818119627,0.08368700904208728,0.7567567567569062,10,0.798,-0.4928234976927146,0.5527648590418639,LONG,184,21.0,0,LOSS,2023-08-04
1,165700,165699,165705,2023-08-04 10:33:00,2023-08-04 10:38:00,1943.675,1942.555,-1.3199999999998908,12.890721479518758,54.628075890709205,0.1382765531062168,0.8266842061351947,0.6310357015802097,0.10341729497764184,0.8953589719510914,1.0289634959949323,0.9737295279442881,0.26539480909081814,2.8652271167099275,0.049717137693799617,0.7129490911500396,0.08608321377324961,10,0.77,0.9737295279442881,0.8953589719510914,LONG,185,5.0,1,LOSS,2023-08-04
1,165811,165810,165838,2023-08-04 12:24:00,2023-08-04 12:51:00,1941.485,1942.515,0.8300000000002001,26.605683620867143,58.05297337144793,0.185185185185105,0.6837859310527493,0.35640070675608315,0.005836577005590197,0.5777218622452989,0.3512285212338865,0.6676244618496617,0.17967204741088355,5.1958599422259,0.0201648675287611,0.4354072577280403,0.3478260869571665,12,0.424,0.6676244618496617,0.5777218622452989,LONG,186,106.0,2,WIN,2023-08-04
-1,165862,165861,165879,2023-08-04 13:15:00,2023-08-04 13:32:00,1941.495,1941.485,-0.1900000000000091,15.700665775546486,55.446139264796756,0.03546099290776711,0.702658432233101,0.20831474314432288,0.042708341787573115,0.27531739577512254,-0.6098121817680026,-0.5687788504166195,0.04700687592874251,3.587369463702525,0.010017658050685595,0.8531682756249291,0.3437500000009326,13,0.06,0.5687788504166195,0.7246826042248775,SHORT,187,24.0,0,LOSS,2023-08-04
-1,165880,165879,165884,2023-08-04 13:33:00,2023-08-04 13:37:00,1940.915,1941.615,-0.9000000000000454,31.381482517752637,63.87376503365884,0.0480349344978825,0.9927821561045486,0.35117677583919255,0.04310433536180192,0.2403321262202426,-0.7571412322349002,-0.5639785714969855,-0.20321979806763152,3.553065000430175,0.12375038607275105,1.6637367859154981,0.07812499999994449,13,0.442,0.5639785714969855,0.7596678737797574,SHORT,188,1.0,1,LOSS,2023-08-04
-1,165944,165943,165945,2023-08-04 14:37:00,2023-08-04 14:38:00,1940.265,1940.475,-0.409999999999809,32.281714289703615,54.77524270151195,0.0117647058823435,0.9128759830716882,0.49524103580780665,0.012417465778107921,0.37250113512967314,-0.5172242177013697,-1.5766686190169434,0.7222812211974374,4.383907867510035,0.17116766559284513,0.2691873251985905,0.6956521739123558,14,0.118,1.5766686190169434,0.6274988648703268,SHORT,189,60.0,2,LOSS,2023-08-04
1,165983,165982,165984,2023-08-04 15:16:00,2023-08-04 15:17:00,1941.345,1940.865,-0.6800000000000181,21.03911151472207,52.01899160647852,0.16853932584282294,0.8624438904706204,0.42201318075187516,0.006762917210675729,0.721124463856528,0.7502847615528007,-0.37750176681950504,-0.23073682741382961,4.57720892269079,0.013162370284185803,1.2740684630169024,0.37209302325594923,15,0.018,-0.37750176681950504,0.721124463856528,LONG,190,38.0,3,LOSS,2023-08-04
1,165988,165987,165994,2023-08-04 15:21:00,2023-08-04 15:27:00,1941.365,1940.995,-0.5700000000001182,16.67340156069431,54.17255570579173,0.030303030303002465,0.9764678030079983,0.4186118960708321,0.006383895064078078,0.7754236789980132,0.7693031561395992,0.686517252198617,-0.44981433139748705,3.1902860543332374,0.010359932757942072,1.4538012399489864,0.2941176470590071,15,0.11,0.686517252198617,0.7754236789980132,LONG,191,4.0,4,LOSS,2023-08-04
1,165997,165996,166012,2023-08-04 15:30:00,2023-08-04 15:45:00,1941.425,1941.565,-0.05999999999989997,14.791837443400748,53.34482697827608,0.2289156626505826,0.9835543359865471,0.5353477517594567,0.002144105720803836,0.7923661848872071,0.9902158961771517,1.2959880849746814,-0.5132788788995428,3.725965744303245,0.027182094897006417,1.9439821274624824,0.03999999999996362,15,0.122,1.2959880849746814,0.7923661848872071,LONG,192,3.0,5,LOSS,2023-08-04
1,166030,166029,166047,2023-08-04 16:03:00,2023-08-04 16:20:00,1941.478,1941.605,-0.0730000000000473,17.994942986533815,57.93696483960791,0.4488330341112974,1.0105080521533212,0.6221732410937953,0.09572872760527132,0.8208143450480657,1.0535314600307344,0.5819144887539002,0.6300500845382856,5.009028638488827,0.028437019112879897,1.1029751747620118,0.03333333333330807,16,0.238,0.5819144887539002,0.8208143450480657,LONG,193,18.0,6,LOSS,2023-08-04
1,166048,166047,166051,2023-08-04 16:21:00,2023-08-04 16:24:00,1941.818,1941.698,-0.31999999999989087,17.302361622531276,54.22433169005579,0.04683840749408783,0.7432387803519656,0.6275270665819409,0.03811084811282558,0.6866468803252808,0.9060868960293541,2.0210116640050417,-0.5392928940876065,6.063034992016518,0.09333879870602946,1.4269567203429454,0.0,16,0.004,2.0210116640050417,0.6866468803252808,LONG,194,1.0,7,LOSS,2023-08-04
1,166053,166052,166057,2023-08-04 16:26:00,2023-08-04 16:30:00,1941.788,1941.678,-0.30999999999989997,17.166134321023023,57.06789702500392,0.2207792207793205,0.7227054222646304,0.3128337994089539,0.00835278825215871,0.587231059596011,0.22280518662689078,0.0656274481963651,-0.11096645363303856,3.740764547195795,0.0961801956544826,0.5906470337672859,0.49152542372900954,16,0.004,0.0656274481963651,0.587231059596011,LONG,195,2.0,8,LOSS,2023-08-04
1,166059,166058,166061,2023-08-04 16:32:00,2023-08-04 16:34:00,1941.778,1941.698,-0.27999999999992725,16.52220159372822,67.46130958693375,0.14814814814814814,0.7475922707634601,0.2831443192957771,0.015445599088546324,0.6241110660935649,0.2813666706889179,-0.04601791343065401,0.00739679157157115,2.846536645042401,0.09218125263813659,1.728958747450199,0.0,16,0.014,-0.04601791343065401,0.6241110660935649,LONG,196,2.0,9,LOSS,2023-08-04
1,166063,166062,166083,2023-08-04 16:36:00,2023-08-04 16:56:00,1941.668,1942.115,0.2470000000001164,13.478618507986987,64.72581577525918,0.015873015873015872,0.7204536676195699,0.20355191789258625,0.010484182836700022,0.6486618991111328,0.2533740363438495,-0.28309948195091644,0.14539129054526392,2.923002151145948,0.09549813728185982,0.21232461146318735,0.7692307692307693,16,0.004,-0.28309948195091644,0.6486618991111328,LONG,197,2.0,10,WIN,2023-08-04
1,166095,166094,166118,2023-08-06 18:08:00,2023-08-06 18:31:00,1942.995,1944.514,1.3190000000000055,25.605929514778023,55.12232906275362,0.30666666666666664,1.3649055957689906,1.0608364474482714,0.09591547482584754,0.8627250865057065,1.0802334862011735,-0.3152282771124346,0.34920730745252515,4.4849551621670605,0.16946495018248264,1.3839290214685998,0.14285714285703974,18,0.582,-0.3152282771124346,0.8627250865057065,LONG,198,2952.0,0,WIN,2023-08-06
1,166147,166146,166149,2023-08-06 19:00:00,2023-08-06 19:02:00,1943.544,1943.174,-0.5700000000001182,21.2908952900282,50.76637056281829,0.017802865827155016,0.9455225495297932,0.6287462884978724,0.02200567670201358,0.7110257305355413,0.5844709524716702,0.523101502462281,0.29761927849848857,3.79906119106486,0.05428968151743809,0.818259333460737,0.03448275862063558,18,0.532,0.523101502462281,0.7110257305355413,LONG,199,29.0,0,LOSS,2023-08-06
1,166150,166149,166152,2023-08-06 19:03:00,2023-08-06 19:05:00,1943.454,1942.978,-0.6759999999998854,19.156088985207376,52.290055234899874,0.06984003121335815,0.9328943650660779,0.6088654612678714,0.04719194077859752,0.668279024872825,0.46246636767775484,-0.06279853683295726,0.45607871358332763,3.4359770867240265,0.04255947559035155,0.8672178895996,0.09374999999993339,19,0.508,-0.06279853683295726,0.668279024872825,LONG,200,1.0,1,LOSS,2023-08-06
1,166154,166153,166159,2023-08-06 19:07:00,2023-08-06 19:12:00,1943.438,1943.118,-0.5200000000001637,18.910573457919227,61.217228728944626,0.11123919308362863,0.9432666042090251,0.632238072901252,0.008057294983899024,0.6690080954432868,0.4785473099076624,0.26643524832437837,-0.008821721090895828,3.401490003602064,0.007575356719445169,0.6039198962014756,0.2554744525544053,19,0.53,0.26643524832437837,0.6690080954432868,LONG,201,2.0,2,LOSS,2023-08-06
-1,166159,166158,166165,2023-08-06 19:12:00,2023-08-06 19:18:00,1943.118,1943.335,-0.41700000000009824,17.84661477318446,61.92099378389623,0.09795630725855312,0.8775983270813295,0.5925907096445883,0.04156951127619615,0.35896157536776174,-0.41702315773089677,-0.4294099841984411,-0.02640012061974994,3.3361852618524312,0.0019877826891662987,0.3303153724603393,0.5,19,0.448,0.4294099841984411,0.6410384246322383,SHORT,202,0.0,3,LOSS,2023-08-06
-1,166167,166166,166183,2023-08-06 19:20:00,2023-08-06 19:36:00,1943.095,1942.925,-0.02999999999992725,18.372270777527227,66.23107772062684,0.2535364526658572,0.7701552916164732,0.3388367785985842,0.041101484415013614,0.1206546035220587,-0.7711697615338324,0.24817386153374768,-0.04913887918941122,3.15709699261859,0.013338956560090246,1.2327324597461111,0.13428571428582195,19,0.216,-0.24817386153374768,0.8793453964779413,SHORT,203,2.0,4,LOSS,2023-08-06
-1,166205,166204,166206,2023-08-06 19:58:00,2023-08-06 19:59:00,1942.924,1943.795,-1.0710000000000945,16.00424942988274,58.02612804646902,0.15465268676271368,0.815371895506408,0.41594971062673547,0.00801914463125942,0.029272977564670954,-1.3682072551340803,-1.8835644885353695,0.008734004373336709,3.3974107485526046,0.017047026158961576,2.2482865247774755,0.0,19,0.126,1.8835644885353695,0.970727022435329,SHORT,204,22.0,5,LOSS,2023-08-06
1,166216,166215,166234,2023-08-06 20:09:00,2023-08-06 20:27:00,1943.558,1944.158,0.39999999999990904,14.17193973021952,49.423258286059585,0.12056737588654998,1.0008285645274488,0.6956344965489302,0.06101185869794869,0.7590280882461886,0.9720254400552755,1.5430807658821637,0.26997451816319573,4.583065317120689,0.008463322523166391,1.2313861473369359,0.31914893617038775,20,0.418,1.5430807658821637,0.7590280882461886,LONG,205,10.0,6,WIN,2023-08-06
1,166252,166251,166262,2023-08-06 20:45:00,2023-08-06 20:55:00,1944.095,1944.125,-0.1700000000000273,13.25306917777178,50.04667026061227,0.009708737864060525,0.8863485684789467,0.5798168458523207,0.016545843320430693,0.6086131204439262,0.43071038071601686,1.508928690816374,0.36431823742616104,6.37744273147661,0.08769528012188745,0.5325630673472522,0.0,20,0.194,1.508928690816374,0.6086131204439262,LONG,206,18.0,0,LOSS,2023-08-06
1,166263,166262,166268,2023-08-06 20:56:00,2023-08-06 21:01:00,1944.485,1943.905,-0.7799999999999272,16.05620710513569,55.23765280667719,0.1489361702126699,0.988888506316071,0.6816741289677121,0.09782328284840627,0.9087664470693045,1.6393940118115997,2.9092363758764255,-0.18377617341901753,4.481796579054587,0.08997553040562187,1.4546181879382127,0.35087719298257514,20,0.406,2.9092363758764255,0.9087664470693045,LONG,207,1.0,1,LOSS,2023-08-06
-1,166295,166294,166320,2023-08-06 21:28:00,2023-08-06 21:53:00,1942.358,1941.975,0.1830000000000382,20.221396213658856,55.87522360067524,0.09040880503144219,1.2267459762168003,0.7334795724659781,0.09921970747127398,-0.009062072694264131,-1.4785040775711402,-1.2064775382799122,0.08447785257109323,3.4322641917096433,0.10021313914838528,1.231770568432503,0.09310986964609182,21,0.924,1.2064775382799122,1.009062072694264,SHORT,208,27.0,2,WIN,2023-08-06
-1,166333,166332,166349,2023-08-06 22:06:00,2023-08-06 22:22:00,1942.025,1941.235,0.590000000000191,17.552312450180285,46.744627601205906,0.05208333333340858,0.9666927633727189,0.8600515589972122,0.07294373444096666,0.4260481859280278,-0.3418429122806043,1.130860295821103,-0.6460800172613262,5.492750008275503,0.1914028247332542,0.03231029416629624,0.941176470588314,22,0.682,-1.130860295821103,0.5739518140719722,SHORT,209,13.0,0,WIN,2023-08-06
-1,166354,166353,166374,2023-08-06 22:27:00,2023-08-06 22:47:00,1940.695,1940.675,-0.1800000000000182,27.36027026322364,45.01509005305006,0.1568762957842733,0.8760378729213653,0.7176758712808106,0.09547581692607238,0.2751031264324751,-0.952978147603749,-0.12427693685454669,-0.17451642239444484,6.014250550179753,0.267993958897322,0.7155338788569164,0.0,22,0.502,0.12427693685454669,0.724896873567525,SHORT,210,5.0,0,LOSS,2023-08-06
-1,166375,166374,166376,2023-08-06 22:48:00,2023-08-06 22:49:00,1940.425,1940.805,-0.5800000000001091,18.321759553981835,55.287750345195036,0.009144701452421394,1.0018402268631115,0.582342772663497,0.006592182026762919,0.358921118187265,-0.37121336227478835,0.03356359514229346,-0.1510549431208765,3.3899231093746924,0.30990125232732535,0.8055262834158063,0.03999999999996362,22,0.612,-0.03356359514229346,0.641078881812735,SHORT,211,1.0,1,LOSS,2023-08-06
-1,166383,166382,166386,2023-08-06 22:56:00,2023-08-06 22:59:00,1940.434,1940.688,-0.4540000000001328,15.682184227402328,50.90593868378128,0.13325517780385518,1.1154592936739853,0.6910117312164535,0.0440147365392969,0.36201684163748976,-0.3618642834900723,0.01702223207283663,-0.10572658975670257,4.1420764711543185,0.24078988880092325,0.4255558018312368,0.6249999999998579,22,0.828,-0.01702223207283663,0.6379831583625102,SHORT,212,7.0,2,LOSS,2023-08-06
-1,166406,166405,166411,2023-08-06 23:19:00,2023-08-06 23:24:00,1940.945,1941.335,-0.5900000000001,26.721148707178507,49.45443736164754,0.07457898957503552,0.8471970573174837,0.701602854847093,0.04478866005371296,0.3559461023056561,-0.5895164669028848,0.34550415642611,-0.3554603465211211,4.00352941259079,0.05934683019007348,0.8205723715129932,0.13636363636349544,23,0.234,-0.34550415642611,0.644053897694344,SHORT,213,20.0,3,LOSS,2023-08-06
-1,166414,166413,166415,2023-08-06 23:27:00,2023-08-06 23:28:00,1941.115,1941.295,-0.3800000000000637,20.83370862612599,44.423108951314745,0.07368421052620998,0.737737437897425,0.4057666363457884,0.028600217573434446,0.28843316098422345,-0.626021597129741,-1.414464605196845,0.01797632806608947,3.81851661479132,0.020922830240301143,0.3226915449116325,0.45454545454545453,23,0.096,1.414464605196845,0.7115668390157766,SHORT,214,3.0,4,LOSS,2023-08-06
-1,166417,166416,166461,2023-08-06 23:30:00,2023-08-07 00:14:00,1941.135,1938.405,2.530000000000018,20.171391418551288,56.07382615468526,0.010101010100996182,0.7626658735424169,0.39671438319611346,0.046801734552500154,0.22681300164090124,-0.770335498031308,-2.522244468314828,-0.3306339252605626,3.7308199427157325,0.020922830240301143,0.6305611170781096,0.4285714285720473,23,0.116,2.522244468314828,0.7731869983590988,SHORT,215,2.0,5,WIN,2023-08-07
-1,166465,166464,166479,2023-08-07 00:18:00,2023-08-07 00:32:00,1938.058,1938.265,-0.40700000000010733,31.08495409861602,52.52990700743871,0.19591576260368246,1.0294254883174982,0.9928065951159615,0.07996188265151341,0.28814623407929985,-1.0734405217093297,-0.801937205202495,-0.10813374123820556,6.174236872255505,0.3698939365909046,0.7373744641056938,0.2517241379306019,0,0.586,0.801937205202495,0.7118537659207002,SHORT,216,4.0,0,LOSS,2023-08-07
-1,166486,166485,166493,2023-08-07 00:39:00,2023-08-07 00:46:00,1937.825,1938.345,-0.7199999999999818,21.79202632037898,53.01509056530567,0.09251101321587579,1.010824363490361,0.6137905701192437,0.035598280112032706,0.33009466245050084,-0.5154496864785091,0.10580561474075709,-0.2658354626923173,3.4210482099543538,0.3593820377520511,0.4584909972099474,0.48000000000047294,0,0.538,-0.10580561474075709,0.6699053375494992,SHORT,217,7.0,1,LOSS,2023-08-07
-1,166509,166508,166528,2023-08-07 01:02:00,2023-08-07 01:21:00,1938.135,1937.745,0.19000000000010003,15.674290653031843,58.59971456198302,0.21855486173064978,1.024919524504812,0.7220432531793671,0.01713977188587141,0.2664896195674231,-0.8351534880596608,-1.19458218738044,-0.11445422395533618,4.142389408594066,0.13737919063922527,1.827008051288108,0.05454545454540945,1,0.538,1.19458218738044,0.7335103804325769,SHORT,218,16.0,2,WIN,2023-08-07
-1,166543,166542,166564,2023-08-07 01:36:00,2023-08-07 01:57:00,1938.008,1936.965,0.8430000000001201,20.14187385676288,48.87156289613218,0.17627944760340508,1.0134270958646245,0.9553750315741099,0.020108770854587156,0.43522047764917643,-0.29742311330438687,0.7145194319605596,-0.4171596378364333,4.867883617741897,0.06943607673200702,0.8341926373131457,0.024691358025962055,1,0.508,-0.7145194319605596,0.5647795223508236,SHORT,219,15.0,0,WIN,2023-08-07
-1,166567,166566,166576,2023-08-07 02:00:00,2023-08-07 02:09:00,1936.495,1937.225,-0.9300000000000181,35.65844377218425,59.40259356875883,0.07482993197271967,1.052937664567478,0.5153093825758894,0.04803856432938565,0.1897312207590496,-0.7506466842073068,-1.5002931729654627,0.40473998294854446,4.167481036016859,0.2494167562102483,0.9001759037795809,0.15624999999988898,1,0.584,1.5002931729654627,0.8102687792409504,SHORT,220,3.0,0,LOSS,2023-08-07
-1,166593,166592,166605,2023-08-07 02:26:00,2023-08-07 02:38:00,1937.045,1937.155,-0.30999999999989997,20.843106240363937,53.29323131519014,0.16256157635466437,1.227753228575238,1.4152788305108512,0.006735193250965401,0.43517117145932427,-0.2807500293610093,0.06580078813146317,-0.11216390182114107,4.8692583217327625,0.07084806901192399,0.5264063050522041,0.3333333333331228,2,0.942,-0.06580078813146317,0.5648288285406757,SHORT,221,17.0,1,LOSS,2023-08-07
-1,166618,166617,166620,2023-08-07 02:51:00,2023-08-07 02:53:00,1936.825,1937.425,-0.799999999999909,11.353877598495703,62.24154743885552,0.17460317460319752,0.9798557589904938,0.5200792162666222,0.021792691625531182,0.284491248049674,-0.451022616811521,0.08200411214749277,-0.05862891824693881,4.100205607378368,0.04960862559762967,0.8473758255247135,0.20512820512808555,2,0.824,-0.08200411214749277,0.715508751950326,SHORT,222,13.0,2,LOSS,2023-08-07
-1,166623,166622,166636,2023-08-07 02:56:00,2023-08-07 03:09:00,1936.985,1937.075,-0.29000000000014553,11.080330714565449,56.05521374947421,0.0842105263158386,0.9390796931019849,0.42453211350133846,0.0006634698072549797,0.35539598036569797,-0.2618375838449447,-0.14546532435859663,0.20575001630883338,2.9093064871613485,0.03782015377769702,0.3491167784597058,0.5714285714281074,2,0.746,0.14546532435859663,0.644604019634302,SHORT,223,3.0,3,LOSS,2023-08-07
-1,166682,166681,166684,2023-08-07 03:55:00,2023-08-07 03:57:00,1936.435,1937.135,-0.9000000000000454,17.91731125856864,56.7090414276241,0.20720720720724228,1.0394299905268258,1.3769010066878822,0.0754911622149394,0.45599355863620455,-0.2384832173035511,2.309143577974177,-0.4987625070530912,5.054458720677646,0.051453024554771715,0.0513143017327206,0.75,3,0.87,-2.309143577974177,0.5440064413637955,SHORT,224,46.0,4,LOSS,2023-08-07
-1,166687,166686,166726,2023-08-07 04:00:00,2023-08-07 04:39:00,1936.705,1934.978,1.5269999999998618,18.834849000969342,59.000684449642364,0.12903225806455754,1.002977268909085,0.698800862252907,0.010059613398450795,0.43242014832914066,-0.19325214502698973,-0.5099709382665997,0.12877395513853446,5.287593412552246,0.05639546189444582,0.18788402988808006,0.7666666666660856,3,0.822,0.5099709382665997,0.5675798516708593,SHORT,225,3.0,5,WIN,2023-08-07
-1,166729,166728,166730,2023-08-07 04:42:00,2023-08-07 04:43:00,1934.735,1935.425,-0.8900000000000545,19.04791402326942,62.316331515588566,0.03255208333345053,0.9078265522552191,0.6449791711668599,0.026587568043628315,0.35494416076885965,-0.4606775167086195,-0.5654412070065046,0.11830774673085746,3.73819464631963,0.22360145500633902,0.34554740428203057,0.5217391304342668,4,0.494,0.5654412070065046,0.6450558392311403,SHORT,226,3.0,0,LOSS,2023-08-07
-1,166752,166751,166756,2023-08-07 05:05:00,2023-08-07 05:09:00,1935.705,1936.265,-0.7600000000001728,16.289281520352915,49.95517763889938,0.19230769230770073,0.8698084315621173,0.4239238260965062,0.09081683365909303,0.011195434790960314,-1.1853516250812677,-0.4505722551480992,-0.22352789825288258,3.5352592326974395,0.03032903981416721,0.6931880848428051,0.5652173913042834,5,0.34,0.4505722551480992,0.9888045652090397,SHORT,227,22.0,1,LOSS,2023-08-07
-1,166816,166815,166820,2023-08-07 06:09:00,2023-08-07 06:13:00,1934.295,1934.915,-0.8199999999998908,29.495000875902125,50.67105549866105,0.05617977528085103,1.1300179350002675,0.8291202237855503,0.07643686900030908,0.2815187042997802,-0.8141917170560355,-0.9048010826156097,-0.19545134446888676,3.6450557899669005,0.15545254273324485,0.3877718925492951,0.37500000000059214,6,0.856,0.9048010826156097,0.7184812957002198,SHORT,228,60.0,2,LOSS,2023-08-07
-1,166827,166826,166838,2023-08-07 06:20:00,2023-08-07 06:31:00,1934.345,1934.275,-0.13000000000006368,17.501617805105447,58.64073096667447,0.03111111111108596,1.0613804460842016,0.751695497403566,0.05749275163473288,0.20459313431120735,-1.0442435160403643,-2.982369423040656,-0.23466536383620615,3.8936489689702336,0.15095156769972162,1.3254975213515423,0.14285714285702686,6,0.774,2.982369423040656,0.7954068656887927,SHORT,229,7.0,3,LOSS,2023-08-07
-1,166839,166838,166853,2023-08-07 06:32:00,2023-08-07 06:46:00,1933.985,1933.955,-0.1700000000000273,16.24897632528115,53.56005288562985,0.1827956989247969,1.0832175724772277,0.8777272932175461,0.06105743529587206,0.21575997479310322,-1.103333952359531,-2.4430017717706103,0.1435473779239214,3.9300463285002847,0.17531327513590877,0.7435222783654409,0.5757575757573252,6,0.824,2.4430017717706103,0.7842400252068968,SHORT,230,1.0,4,LOSS,2023-08-07
-1,166855,166854,166856,2023-08-07 06:48:00,2023-08-07 06:49:00,1933.665,1933.865,-0.4000000000000455,23.02947226059112,76.04999795823092,0.06077348066305561,0.9926647074909967,0.7004306514145376,0.025710159156190154,0.3048675377365597,-0.6509888693101297,-0.26338052703017967,0.32609390265947513,3.1020373183587764,0.2154922324569089,0.4389675450509648,0.6511627906973301,6,0.614,0.26338052703017967,0.6951324622634403,SHORT,231,2.0,5,LOSS,2023-08-07
-1,166870,166869,166874,2023-08-07 07:03:00,2023-08-07 07:07:00,1934.375,1935.065,-0.8900000000000545,22.56397070122296,42.03520120477848,0.6642335766425587,0.983407948748379,1.4146578152794393,0.12290278454158021,0.38200696410596624,-0.8321237882629211,2.058564075493495,-0.9760293247761667,6.543914251251701,0.022280479424053538,0.9365016850486703,0.29321663019689953,7,0.612,-2.058564075493495,0.6179930358940338,SHORT,232,14.0,6,LOSS,2023-08-07
-1,166877,166876,166890,2023-08-07 07:10:00,2023-08-07 07:23:00,1934.655,1934.965,-0.5099999999999454,18.439890663862887,48.4696454272731,0.2620320855614856,0.9526769999067081,0.7106934871360796,0.02088228428014118,0.2955934962096566,-0.773131986450911,-2.1085417812267253,0.4150570069503989,3.657861611780342,0.0246770483579225,0.2444686123165952,0.7894736842100539,7,0.464,2.1085417812267253,0.7044065037903434,SHORT,233,3.0,7,LOSS,2023-08-07
-1,166891,166890,166904,2023-08-07 07:24:00,2023-08-07 07:37:00,1934.145,1934.635,-0.690000000000009,10.558473414230194,55.795379692471776,0.24944567627498915,0.9397206764752715,0.4732606940456413,0.06701261255579179,-0.03195964306489494,-1.4049792694523302,-1.7958136142204466,0.052422791888609106,3.3304179754622125,0.019283634299010935,2.416185590041286,0.11904761904752237,7,0.39,1.7958136142204466,1.031959643064895,SHORT,234,1.0,8,LOSS,2023-08-07
1,166935,166934,166937,2023-08-07 08:08:00,2023-08-07 08:10:00,1935.995,1935.198,-0.996999999999798,26.60465933396216,38.17603638690527,0.03733665214682422,1.1285384055583176,1.4074708741868576,0.028526444927838804,0.6737581275379596,1.0589131474049525,0.04866328802461992,0.32036877269535735,4.7957670347761425,0.10594184401511508,1.6058885047958602,0.0,8,0.916,0.04866328802461992,0.6737581275379596,LONG,235,31.0,9,LOSS,2023-08-07
1,166965,166964,167008,2023-08-07 08:38:00,2023-08-07 09:21:00,1936.695,1939.415,2.520000000000027,21.95535826196827,55.7370771899393,0.046217250515142465,1.2872040764958168,2.0530392796526478,0.05201548102536114,0.7119675879335253,1.446078485036578,3.024657595419061,-0.5385191756827183,5.8894895338073265,0.10186452109995163,1.0139477166460271,0.2625000000000604,8,1.0,3.024657595419061,0.7119675879335253,LONG,236,28.0,10,WIN,2023-08-07
1,167010,167009,167019,2023-08-07 09:23:00,2023-08-07 09:32:00,1940.085,1939.935,-0.35000000000009096,21.188253392153086,56.529140454867395,0.20870602265952198,1.0661402753301736,1.2617820040538061,0.015289568356548908,0.6466329376935802,0.7198180047097196,2.3484198939687824,-0.16896315770196219,5.02634676530846,0.39661959272310426,0.7828066313230655,0.02272727272724924,9,0.938,2.3484198939687824,0.6466329376935802,LONG,237,2.0,0,LOSS,2023-08-07
1,167027,167026,167032,2023-08-07 09:40:00,2023-08-07 09:45:00,1940.395,1939.478,-1.1169999999999163,20.758733907724118,41.50706478537774,0.07942973523423494,1.1562453454971662,1.563608740510267,0.052114867301239494,0.6272489465433907,0.6634836780642644,-0.8064358430772622,0.4579600585330207,5.0531574242635005,0.3054300457643194,0.6086308249641412,0.1304347826085667,9,0.988,-0.8064358430772622,0.6272489465433907,LONG,238,8.0,1,LOSS,2023-08-07
-1,167083,167082,167109,2023-08-07 10:36:00,2023-08-07 11:02:00,1935.538,1934.535,0.8029999999999291,20.263134624520674,47.17682068459634,0.13804004214963136,0.9110869581716037,0.5904272702509363,0.0061975947758031525,0.382354180785105,-0.38595606852400377,0.1523269314670972,-0.08967308847149104,3.4686494032835986,0.1362520292006986,0.0,1.0,10,0.794,-0.1523269314670972,0.617645819214895,SHORT,239,51.0,2,WIN,2023-08-07
-1,167112,167111,167114,2023-08-07 11:05:00,2023-08-07 11:07:00,1933.715,1934.615,-1.100000000000091,18.951699190955082,56.06160691942425,0.19457013574652907,0.9094284671233313,0.6739089365651412,0.0625382371568216,0.2752685844312278,-0.925763775817178,-1.9908684973086013,0.12520257938369367,4.789596893324952,0.18250265069683033,0.714568952174714,0.18181818181799392,11,0.714,1.9908684973086013,0.7247314155687722,SHORT,240,3.0,0,LOSS,2023-08-07
-1,167131,167130,167152,2023-08-07 11:24:00,2023-08-07 11:45:00,1933.974,1933.445,0.32899999999999635,9.597262066344696,51.4030969998606,0.36359382311650984,0.8519259327409779,0.49305565967272774,0.05195245944051307,0.2621524305893702,-0.8241987456218637,-0.7800271777739537,-0.12235175585119075,3.956333812340722,0.13685596134173533,1.4544022594228418,0.06231884057987921,11,0.638,0.7800271777739537,0.7378475694106298,SHORT,241,17.0,1,WIN,2023-08-07
-1,167154,167153,167157,2023-08-07 11:47:00,2023-08-07 11:50:00,1933.015,1933.305,-0.48999999999996363,17.54930354819966,67.58085796579212,0.17714285714282596,0.7971350194546009,0.3185576109039712,0.06103147023252962,0.20883939830316917,-0.7900759066652219,-0.6886794294105588,0.15680601101714117,3.8653153745550948,0.1696734067277977,0.9799391090424331,0.2340425531912629,11,0.424,0.6886794294105588,0.7911606016968309,SHORT,242,2.0,0,LOSS,2023-08-07
-1,167159,167158,167170,2023-08-07 11:52:00,2023-08-07 12:03:00,1933.065,1933.325,-0.4599999999999909,16.20855785956271,66.31875665312852,0.025641025640995744,0.7688292228840667,0.20409985174181555,0.02396494262160493,0.32224793216718856,-0.32653451842574893,-0.4978553195725354,0.07731283260460961,2.3135629556626034,0.16309152899403742,0.5564265336405584,0.36666666666686876,11,0.256,0.4978553195725354,0.6777520678328115,SHORT,243,2.0,1,LOSS,2023-08-07
1,167220,167219,167227,2023-08-07 12:53:00,2023-08-07 13:00:00,1934.495,1934.355,-0.3399999999998727,19.6270590847846,58.20410683170332,0.26605504587149076,0.7394981652564889,0.18044528545520996,0.04439234013589446,0.7645638548642499,0.5728133753021144,0.5495626478922958,-0.1908436705020158,3.001457538491576,0.09024710462970281,0.5495626478922958,0.27777777777869006,12,0.004,0.5495626478922958,0.7645638548642499,LONG,244,50.0,2,LOSS,2023-08-07
1,167229,167228,167241,2023-08-07 13:02:00,2023-08-07 13:14:00,1934.545,1934.535,-0.20999999999999092,17.147959246784495,45.93255285742298,0.17241379310347532,0.7639427785230993,0.2566651799968729,0.005150174803775407,0.6829306855710684,0.5624155382631711,0.21466241918445372,-0.47134103130175764,4.164450932182307,0.1098901965307129,0.7298522252281189,0.41379310344795145,13,0.008,0.21466241918445372,0.6829306855710684,LONG,245,2.0,3,LOSS,2023-08-07
1,167249,167248,167274,2023-08-07 13:22:00,2023-08-07 13:47:00,1934.865,1935.945,0.8799999999999273,15.497308719953201,48.46404685080444,0.022222222222199765,0.8326190075284116,0.376171374775836,0.07837031027793272,0.702242303840943,0.8232598350427233,-0.1701829116363087,0.5590445348425517,5.360761716548561,0.1080158163459133,1.2763718372732826,0.26829268292708625,13,0.032,-0.1701829116363087,0.702242303840943,LONG,246,8.0,4,WIN,2023-08-07
1,167283,167282,167301,2023-08-07 13:56:00,2023-08-07 14:14:00,1936.134,1936.048,-0.28600000000001274,21.681131398491228,35.194632923769255,0.13706140350880092,0.9017447873698969,0.7237224851167023,0.07331742246109149,0.5717787116241021,0.5201743047295776,-2.7418372537197957,0.6785070813664635,6.000190159632258,0.24002202200869055,0.946945362352407,0.31249999999977796,13,0.052,-2.7418372537197957,0.5717787116241021,LONG,247,9.0,0,LOSS,2023-08-07
1,167339,167338,167367,2023-08-07 14:52:00,2023-08-07 15:20:00,1936.348,1936.988,0.44000000000010003,12.007501349128296,67.57858671265362,0.22616822429913003,0.9924347386981457,0.7021043562143979,0.07202323794556116,0.671092460214196,0.7227266999541142,0.6393728743156639,0.31952223492237997,4.707039565513954,0.0827079652418114,0.9178727152748866,0.040983606557354134,14,0.204,0.6393728743156639,0.671092460214196,LONG,248,38.0,1,WIN,2023-08-07
1,167369,167368,167373,2023-08-07 15:22:00,2023-08-07 15:26:00,1937.428,1936.928,-0.7,20.06222121101815,53.97049970548276,0.06930693069300689,0.9037927148335609,0.389287392201274,0.03699118653470647,0.832983309855775,0.8657255970912715,2.637684082540881,-0.1668443097617523,3.3442066046505428,0.20581656094766507,1.3659435427443467,0.2750000000002558,15,0.022,2.637684082540881,0.832983309855775,LONG,249,2.0,0,LOSS,2023-08-07
-1,167410,167409,167429,2023-08-07 16:03:00,2023-08-07 16:22:00,1936.095,1935.995,-0.09999999999986359,18.203078086067,47.66066666251052,0.31199999999989814,0.9471920589928089,0.6585751521020426,0.14176402692485074,0.17117177766759392,-1.3949608791950592,-0.4458326673559291,-0.4140593723938878,4.443465584651143,0.011269492803050096,1.436571928148009,0.06451612903221074,16,0.06,0.4458326673559291,0.828828222332406,SHORT,250,37.0,1,LOSS,2023-08-07
-1,167437,167436,167444,2023-08-07 16:31:00,2023-08-07 16:38:00,1935.798,1935.898,-0.29999999999990906,21.838070544475077,43.1035617207833,0.104536489152033,0.660668338925279,0.35637496785816974,0.07998113816607891,0.34574335043965015,-0.6065064081724695,0.1857600025035903,-0.3777612415354326,4.244616057211895,0.1477431100443998,0.02786400037490499,0.9769230769236016,16,0.006,-0.1857600025035903,0.6542566495603499,SHORT,251,9.0,2,LOSS,2023-08-07
-1,167463,167462,167464,2023-08-07 16:57:00,2023-08-07 16:58:00,1936.158,1936.365,-0.40700000000010733,22.432659165340272,61.33891907907301,0.20000000000033072,0.7855800043827073,0.4616785940169408,0.025211431820292472,0.4842961833642335,-0.07555252017045452,0.36192824033440224,-0.4169945980137007,4.705067124351344,0.049931632957056035,0.09048206008360056,0.7872340425535003,16,0.048,-0.36192824033440224,0.5157038166357665,SHORT,252,19.0,3,LOSS,2023-08-07
-1,167466,167465,167468,2023-08-07 18:00:00,2023-08-07 18:02:00,1936.515,1936.495,-0.17999999999979083,23.365374276950025,42.42151435116415,0.4080000000000669,1.059933895975077,0.49643753002735114,0.21118407975284725,-0.32687810445295523,-2.8873607124821064,-2.203624881265948,-0.8153971685102925,4.6337334308845035,0.049931632957056035,2.9810147699346947,0.26986506746639616,16,0.102,2.203624881265948,1.3268781044529552,SHORT,253,62.0,4,LOSS,2023-08-07
1,167497,167496,167514,2023-08-07 18:31:00,2023-08-07 18:48:00,1936.555,1936.465,-0.29000000000014553,13.228308895435399,50.63611071716266,0.3220338983052219,0.9911849285234619,0.7233666275620316,0.1923488625638333,0.8553218707251137,1.80431183373023,1.3133638997686858,0.9709102283906766,4.502961942063456,0.01385955716407864,2.0013164186958172,0.030303030302988546,18,0.11,1.3133638997686858,0.8553218707251137,LONG,254,29.0,5,LOSS,2023-08-07
1,167543,167542,167553,2023-08-07 19:17:00,2023-08-07 19:27:00,1936.795,1936.865,-0.13000000000006368,17.36076822309917,33.17353994282147,0.008547008546998582,1.156509623571681,1.8948599563763124,0.047525386967050456,0.5569811355157217,0.46563833079155553,-0.41074752515632396,0.43995788158729665,8.577155138954042,0.0721272656481727,0.2987254728418119,0.6521739130428336,19,0.62,-0.41074752515632396,0.5569811355157217,LONG,255,29.0,6,LOSS,2023-08-07
1,167572,167571,167573,2023-08-07 19:46:00,2023-08-07 19:47:00,1937.145,1936.615,-0.7299999999999727,9.180019841509711,59.85973628887329,0.16000000000011824,0.8401061356566418,0.4043136687590048,0.08460650015405842,0.8610492882734229,0.9107012673762972,0.1077752979141952,0.33049856640025155,3.6104724801292147,0.09011296074599702,0.5927641385280735,0.312500000000977,19,0.2,0.1077752979141952,0.8610492882734229,LONG,256,19.0,7,LOSS,2023-08-07
1,167577,167576,167582,2023-08-07 19:51:00,2023-08-07 19:56:00,1937.095,1936.805,-0.48999999999996363,10.381924549312101,58.23546166855104,0.09210526315797543,0.9771529503322791,0.5353222520244088,0.01582645779466444,0.7699626969995205,0.7353578262474444,0.4887574675982041,-0.4973152224726025,2.5770848291508606,0.07667804570839164,0.8442174440325269,0.18454935622275714,19,0.374,0.4887574675982041,0.7699626969995205,LONG,257,4.0,8,LOSS,2023-08-07
1,167588,167587,167589,2023-08-07 20:02:00,2023-08-07 20:03:00,1936.925,1936.548,-0.5769999999999527,12.681974132680411,47.337833458033046,0.12857142857148657,0.9924751703127116,0.6784341865340567,0.0036453566898709744,0.5724375551306022,0.24931928004412704,1.3027493912175159,-0.36124781109284265,3.683636209650725,0.034806115735230986,0.3593791424045502,0.8181818181820061,20,0.386,1.3027493912175159,0.5724375551306022,LONG,258,6.0,9,LOSS,2023-08-07
-1,167639,167638,167646,2023-08-07 20:53:00,2023-08-07 21:00:00,1935.445,1935.595,-0.35000000000009096,16.53795197824549,48.88239254281753,0.31428571428572666,0.9349611302442651,0.6739838510960048,0.05871924522720984,0.297082532927662,-0.7307921837311959,0.725952500394244,-0.05406849795156156,4.113730835570683,0.1976101954680344,0.8227461671145768,0.4333333333330049,20,0.322,-0.725952500394244,0.7029174670723379,SHORT,259,50.0,10,LOSS,2023-08-07
-1,167647,167646,167661,2023-08-07 21:01:00,2023-08-07 21:15:00,1935.178,1935.055,-0.07699999999995272,14.750910319178665,56.455490567205175,0.3333333333333333,1.0078626976941791,0.6981675423511277,0.0963678919381073,0.045072079031016565,-1.5449116322748733,-1.1460114818586034,-0.0644128905835821,3.922885457130949,0.17156685112109057,1.8071719521620677,0.06818181818174772,21,0.476,1.1460114818586034,0.9549279209689834,SHORT,260,1.0,11,LOSS,2023-08-07
-1,167664,167663,167712,2023-08-07 21:18:00,2023-08-07 22:06:00,1934.325,1932.065,2.0599999999999907,21.982309083818834,55.84892482692106,0.027522935779793548,1.294062775227071,1.3287108476175762,0.08505347609500316,0.16088722032293876,-1.4155200122520633,-1.780127846427362,-0.09467465426736271,5.093989482778316,0.19309432979971652,1.3011820961444336,0.01467505241102838,21,0.974,1.780127846427362,0.8391127796770612,SHORT,261,3.0,12,WIN,2023-08-07
1,167755,167754,167768,2023-08-07 22:49:00,2023-08-07 23:02:00,1934.655,1934.455,-0.4000000000000455,39.369561928195154,59.482324935720754,0.018867924528285698,1.023757774180358,1.0417497488369385,0.0476812329326169,0.6751713284807341,0.7548498423776467,0.746847900585844,-0.13585378785796898,4.747818796581827,0.12003168171378871,0.2667313930661563,0.583333333333728,22,0.874,0.746847900585844,0.6751713284807341,LONG,262,43.0,0,LOSS,2023-08-07
1,167797,167796,167801,2023-08-07 23:31:00,2023-08-07 23:35:00,1934.515,1933.935,-0.7800000000001546,16.29470028571447,54.4317127757644,0.08860759493686916,0.8173862611100625,0.4882440905152473,0.005519720733551687,0.5390851721528087,0.10237240759114806,-1.2205940905064678,0.15833498730779325,4.52801033575006,0.10291482399991521,0.6299840467134489,0.0,23,0.564,-1.2205940905064678,0.5390851721528087,LONG,263,29.0,1,LOSS,2023-08-07
1,167809,167808,167810,2023-08-07 23:43:00,2023-08-07 23:44:00,1934.505,1934.108,-0.5970000000001618,16.090366488198732,55.602279399507026,0.06122448979584734,0.8346172530288,0.47895048693597436,0.01508479298587341,0.7500180193483029,0.6434617158252951,0.0,0.16455001924600424,2.9853396220111845,0.05900343767757774,1.089245537761668,0.3414634146337676,23,0.514,0.0,0.7500180193483029,LONG,264,8.0,2,LOSS,2023-08-07
1,167811,167810,167812,2023-08-07 23:45:00,2023-08-07 23:46:00,1934.428,1934.265,-0.3630000000000109,14.093888217454001,61.765810019441275,0.2556053811658979,0.8922681700792608,0.5109279564322075,0.015443869825595199,0.6440818799468437,0.3656217590394729,0.3462609326950308,0.10574812086067621,2.755194518216349,0.05900343767757774,1.2659001840458757,0.1282051282049787,23,0.634,0.3462609326950308,0.6440818799468437,LONG,265,1.0,3,LOSS,2023-08-07
-1,167842,167841,167849,2023-08-08 00:16:00,2023-08-08 00:23:00,1932.795,1933.005,-0.4100000000000364,33.76472879026562,59.68375202553858,0.22875816993468714,0.8984947124348962,0.30481195332068084,0.03054909526385477,0.14648801766369862,-0.6075866090665694,-0.4455635133154842,0.038370588569206485,3.1189445932111526,0.1887300637882767,1.0126443484452032,0.038461538461504824,0,0.516,0.4455635133154842,0.8535119823363013,SHORT,266,30.0,4,LOSS,2023-08-08
1,167902,167901,167903,2023-08-08 01:16:00,2023-08-08 01:17:00,1934.225,1933.855,-0.5699999999998908,19.14555973424484,60.06297820359219,0.01944298476079999,1.043762054097073,0.8144291712903055,0.050823766182620154,0.6165634270297873,0.5100545767905449,-1.143089855249756,0.747096100834822,4.178190505392693,0.06703887461083916,1.813177011773528,0.11538461538495173,1,0.55,-1.143089855249756,0.6165634270297873,LONG,267,53.0,5,LOSS,2023-08-08
-1,167926,167925,167929,2023-08-08 01:40:00,2023-08-08 01:43:00,1933.145,1933.955,-1.0099999999999454,24.665737450654518,56.01563200713848,0.02197802197800001,1.1084996539234182,0.7696962194225817,0.005915565770246898,0.43840610615899495,-0.20936868218586643,-0.10381918124901439,0.39093229669467633,4.568043974960567,0.05974035187800449,0.20763836249802878,0.7272727272730092,1,0.704,0.10381918124901439,0.561593893841005,SHORT,268,23.0,6,LOSS,2023-08-08
1,167947,167946,167950,2023-08-08 02:01:00,2023-08-08 02:04:00,1934.425,1933.675,-0.95,24.12402021695182,54.156301534100734,0.02500000000011724,1.1909116697325608,1.0567942732929052,0.007632696255145424,0.7605057257472201,0.9704756432687172,1.0715897533264536,-0.6064133916542478,5.184845806481696,0.06628126201529418,1.511216318794085,0.3452380952380856,2,0.83,1.0715897533264536,0.7605057257472201,LONG,269,18.0,7,LOSS,2023-08-08
1,167961,167960,167974,2023-08-08 02:15:00,2023-08-08 02:28:00,1933.805,1933.645,-0.36000000000008187,16.142198996041497,42.37478930742228,0.09526938239156793,1.2141556185881863,1.3628878104423798,0.023679521115019413,0.5574834848746512,0.24124327207592827,-0.26183285573055437,0.21732067163032737,5.498489970346513,0.03449729771361594,0.49986272457705405,0.4750000000000284,2,0.968,-0.26183285573055437,0.5574834848746512,LONG,270,11.0,8,LOSS,2023-08-08
-1,167984,167983,168005,2023-08-08 02:38:00,2023-08-08 02:59:00,1933.345,1933.345,-0.2,10.513643116298942,59.487418331545314,0.13675213675211434,1.1191360861762965,0.9808207973683665,0.049893783322750906,0.1642933482040096,-0.9658908002146414,-1.3697170198342152,0.021992711016534668,3.0998858869934827,4.798971958967545e-06,1.1053856651295777,0.458823529411664,2,0.938,1.3697170198342152,0.8357066517959904,SHORT,271,10.0,9,LOSS,2023-08-08
-1,168006,168005,168010,2023-08-08 03:00:00,2023-08-08 03:04:00,1933.015,1933.585,-0.7699999999999363,11.787377040320479,58.514320391949454,0.028449502133687816,0.8998260766502615,0.6922507976810165,0.04322182768719354,0.2224721305639369,-0.723549634933698,-1.1502665867793769,-0.15937521620956488,3.578607158869818,0.06484611111092381,0.8946517897174545,0.0,2,0.584,1.1502665867793769,0.7775278694360631,SHORT,272,1.0,10,LOSS,2023-08-08
-1,168012,168011,168018,2023-08-08 03:06:00,2023-08-08 03:12:00,1933.008,1933.308,-0.49999999999995454,15.191207333538783,49.31490370715739,0.01914486279512969,1.1996123001804302,0.8014304980174058,0.004208230692025881,0.3202055536230923,-0.3562149067994965,-0.20984677867400692,0.40523667664617347,3.9598087135819937,0.06336200123625567,0.5309123500455715,0.6101694915256018,3,1.0,0.20984677867400692,0.6797944463769077,SHORT,273,2.0,11,LOSS,2023-08-08
-1,168019,168018,168020,2023-08-08 03:13:00,2023-08-08 03:14:00,1932.828,1933.395,-0.7670000000000072,14.362814349534155,54.71947080338692,0.11118231336110053,1.1358720643096032,0.9622772240845543,0.023920482143411248,0.2649464699994965,-0.5836689688251226,-0.8935612951355315,-0.04481643299371051,4.142875095629009,0.07790055287625594,1.0538315028627765,0.07692307692300965,3,0.986,0.8935612951355315,0.7350535300005034,SHORT,274,1.0,12,LOSS,2023-08-08
-1,168032,168031,168049,2023-08-08 03:26:00,2023-08-08 03:43:00,1933.035,1932.435,0.4000000000001364,12.21853787708799,53.803558543923735,0.04852243706669519,1.0651836398080863,1.3658451567472674,0.04230762874931375,0.2956140239106949,-0.7659078214862742,-0.39958399613128676,-0.13472341619054548,3.510795804159729,0.020330044284372826,1.2541856063540089,0.0,3,0.934,0.39958399613128676,0.7043859760893051,SHORT,275,12.0,13,WIN,2023-08-08
-1,168052,168051,168070,2023-08-08 03:46:00,2023-08-08 04:04:00,1932.055,1931.575,0.2800000000000182,27.33145587281671,59.50159474034269,0.1551724137931474,1.0030328900486465,1.1534732885189876,0.029560047690752263,0.3745662249382633,-0.46403115665245315,-1.305087628084887,0.12661897513292064,4.253618935980637,0.13415694173707032,0.5800389458155664,0.33333333333354387,3,0.838,1.305087628084887,0.6254337750617367,SHORT,276,3.0,0,WIN,2023-08-08
1,168137,168136,168138,2023-08-08 05:11:00,2023-08-08 05:12:00,1934.755,1934.338,-0.6170000000001437,45.662568625064935,45.62797944158855,0.24163568773237093,1.0057149973769022,0.8497658208857156,0.003361300387519756,0.6419631823068053,0.49304348277872856,0.6604899049883384,-0.1300631630875187,4.501116389550817,0.2603135780070451,0.9540409738717971,0.26415094339642875,5,0.756,0.6604899049883384,0.6419631823068053,LONG,277,67.0,0,LOSS,2023-08-08
1,168156,168155,168171,2023-08-08 05:30:00,2023-08-08 05:45:00,1933.705,1933.645,-0.25999999999994544,20.78750953209308,62.017989160189714,0.2170212765957702,1.0182167622171234,1.185406091316483,0.027469609242906288,0.6084499390528191,0.5346989586028544,-0.7252183726805225,0.12028005625155047,5.313481146370264,0.12771559827809076,0.9334493905782437,0.17021276595776588,5,0.796,-0.7252183726805225,0.6084499390528191,LONG,278,18.0,1,LOSS,2023-08-08
1,168180,168179,168192,2023-08-08 05:54:00,2023-08-08 06:06:00,1933.985,1933.845,-0.3399999999998727,14.51941304744083,42.34930228120388,0.0180940892641608,0.8985221438955234,0.7643866838579565,0.06485422383764783,0.6803462908553345,0.6541272597607892,0.0,0.31787077145097714,4.4639311457466135,0.049749869548737544,0.3495849692449294,0.4583333333338465,5,0.458,0.0,0.6803462908553345,LONG,279,9.0,2,LOSS,2023-08-08
-1,168242,168241,168256,2023-08-08 06:56:00,2023-08-08 07:10:00,1931.755,1931.715,-0.15999999999980902,29.138457639982835,42.230444383219336,0.09489051094896084,0.8711768063049385,0.6992362227435006,0.02720797253200915,0.48007269033479116,-0.08531841826907496,1.8540650747317238,-0.2531067884867414,4.210927457863975,0.1965217214517656,0.06284966355015527,0.9459459459459791,6,0.33,-1.8540650747317238,0.5199273096652088,SHORT,280,50.0,3,LOSS,2023-08-08
-1,168341,168340,168343,2023-08-08 08:35:00,2023-08-08 08:37:00,1926.005,1927.635,-1.8299999999998817,23.42590857315124,58.36696332841924,0.30565881866999733,1.2510334336587292,1.2410021949010483,0.019370150024108752,0.4321045014982153,-0.2730768515107859,0.7892038156101367,0.040916334352224644,4.513259320521469,0.35491678451034,0.39460190780534876,0.3469387755098821,8,0.976,-0.7892038156101367,0.5678954985017848,SHORT,281,85.0,4,LOSS,2023-08-08
-1,168349,168348,168370,2023-08-08 08:43:00,2023-08-08 09:04:00,1926.475,1925.865,0.40999999999989994,22.948172237290724,51.0162515838418,0.07994757536043018,1.3927587791169869,1.366858351468107,0.06296271581343747,0.34576427123099673,-0.5451028840353829,0.41233923851725196,-0.31198514682655903,3.8079049212851914,0.22452538396786784,0.2109642615670726,0.8417266187050277,8,1.0,-0.41233923851725196,0.6542357287690033,SHORT,282,6.0,5,WIN,2023-08-08
-1,168371,168370,168374,2023-08-08 09:05:00,2023-08-08 09:08:00,1925.045,1925.655,-0.8099999999998999,11.837169031332559,54.50968152643029,0.023965141612227417,1.1843435479015068,0.8135607828145441,0.02035053679264076,0.31227541491354466,-0.45629848312817906,-1.3704890412931006,0.06435538246220021,3.5802698210525037,0.2208312349982422,0.8499156845228287,0.38461538461539807,9,0.97,1.3704890412931006,0.6877245850864553,SHORT,283,1.0,0,LOSS,2023-08-08
-1,168386,168385,168404,2023-08-08 09:20:00,2023-08-08 09:38:00,1926.595,1926.435,-0.03999999999991816,15.266818360147917,37.78928357153503,0.28648648648648584,1.0621000712634479,1.868205660329661,0.07867304013311854,0.47361654272060955,-0.17165554528940263,1.7692824121972028,-1.0166724199129453,6.19834699372397,0.04934411684445478,0.15232232687776726,0.833333333333479,9,0.92,-1.7692824121972028,0.5263834572793904,SHORT,284,12.0,1,LOSS,2023-08-08
-1,168413,168412,168417,2023-08-08 09:47:00,2023-08-08 09:51:00,1924.715,1926.755,-2.240000000000191,17.7506589147683,45.947378175988455,0.07482993197281479,1.1769842372998678,1.5777228599839754,0.0844291976668692,0.37576920895729876,-0.6131398963448836,1.5289565644252945,-0.256330866823897,4.586869693276313,0.04488560453632019,0.3303301219438875,0.717741935483763,9,1.0,-1.5289565644252945,0.6242307910427012,SHORT,285,9.0,2,LOSS,2023-08-08
-1,168432,168431,168440,2023-08-08 10:06:00,2023-08-08 10:14:00,1925.225,1926.425,-1.4000000000000454,9.005583713864663,54.85225336519639,0.6170212765956777,0.9181983658597883,0.926362129313488,0.11642117477103378,0.2540655303238701,-1.0254410822407656,-2.078640405927516,-0.4536189377456007,4.557515921070493,0.029391140683349654,1.1103296578247124,0.13131313131301067,10,0.798,2.078640405927516,0.7459344696761299,SHORT,286,15.0,3,LOSS,2023-08-08
-1,168508,168507,168519,2023-08-08 11:22:00,2023-08-08 11:33:00,1927.038,1926.478,0.3599999999999454,22.28077757154279,47.72903922695861,0.11764705882349663,0.7393403550643126,0.41834801774281816,0.01762264469895417,0.46974201374625474,-0.1019158208659927,0.027630983759045043,-0.16565469526795634,4.159525785906211,0.026419016109183197,0.08501841156673855,0.7687861271678428,11,0.552,-0.027630983759045043,0.5302579862537453,SHORT,287,68.0,4,WIN,2023-08-08
-1,168526,168525,168535,2023-08-08 11:40:00,2023-08-08 11:49:00,1926.218,1926.278,-0.25999999999994544,30.58781280617698,47.96070516270959,0.010445299615175097,0.7762933803406112,0.5113383877758921,0.02884337565563061,0.4380719800151311,-0.2574462672676452,0.408199198939326,0.04832127566218632,4.904869739633908,0.09086898615918812,0.18142186619531056,0.5578947368419163,11,0.508,-0.408199198939326,0.5619280199848689,SHORT,288,7.0,0,LOSS,2023-08-08
-1,168536,168535,168542,2023-08-08 11:50:00,2023-08-08 11:56:00,1925.738,1926.035,-0.4970000000000255,28.494267691330766,59.953043015965314,0.15138282387189492,0.84604700454521,0.34860946985177066,0.055586015686684156,0.14630642236199684,-0.9299283793365025,-1.2883009983119051,-0.18447700786124405,2.7279262408701404,0.10294206867012692,1.1042579985531944,0.13322632423768438,11,0.554,1.2883009983119051,0.8536935776380031,SHORT,289,1.0,1,LOSS,2023-08-08
-1,168543,168542,168565,2023-08-08 11:57:00,2023-08-08 12:19:00,1925.835,1925.995,-0.3599999999998545,27.29330122000907,57.92199316231153,0.06818181818185146,0.8025266560856326,0.2878739529713305,0.0017071823212965079,0.4069137472428299,-0.22206784619501896,0.5340444398594842,0.2880124692576877,3.2380669201593473,0.11183485238667916,0.4056033720451844,0.3793103448277755,11,0.412,-0.5340444398594842,0.5930862527571701,SHORT,290,1.0,2,LOSS,2023-08-08
-1,168657,168656,168679,2023-08-08 13:51:00,2023-08-08 14:13:00,1925.585,1924.975,0.4100000000001273,30.08895723668421,57.57698624882148,0.12643678160924346,0.9234278053495575,0.4357833896063934,0.07852057388216807,0.2734550425772999,-0.8083225422839755,-1.2388084939226136,-0.48738298966251303,3.530604207680963,0.03314116989273338,0.18582127408828641,0.7391304347828666,13,0.09,1.2388084939226136,0.7265449574227001,SHORT,291,92.0,3,WIN,2023-08-08
-1,168684,168683,168688,2023-08-08 14:18:00,2023-08-08 14:22:00,1924.665,1924.965,-0.49999999999995454,14.43529952409709,47.367819467131866,0.08450704225343994,0.9023063401231111,0.5475492460916749,0.029213425405321854,0.40293367186470574,-0.44148272893494445,0.16786415548847045,0.09283934194276895,4.978850851792385,0.09128462819826166,0.0,1.0,14,0.03,-0.16786415548847045,0.5970663281352943,SHORT,292,5.0,0,LOSS,2023-08-08
1,168729,168728,168734,2023-08-08 15:03:00,2023-08-08 15:08:00,1925.545,1925.245,-0.5000000000001819,16.59219486592144,34.07263223970675,0.22314049586774684,0.8015416984682183,0.5563729952446085,0.00334434820256675,0.5707808830245029,0.3659373895215785,0.19259862606375822,0.04209400616299752,5.729809125402281,0.01830424105960889,0.048149656515939554,0.9166666666668246,15,0.006,0.19259862606375822,0.5707808830245029,LONG,293,41.0,1,LOSS,2023-08-08
1,168770,168769,168772,2023-08-08 15:44:00,2023-08-08 15:46:00,1925.625,1925.075,-0.7499999999999545,18.351598383670833,43.93694023783145,0.48000000000023646,0.8043140803592063,0.8257843767355192,0.11028156193619448,0.5860591290219549,0.710402490288619,-1.3639727813542002,0.8490294385794805,8.18383668812391,0.013360020089360058,1.1366439844620488,0.1304347826085667,15,0.016,-1.3639727813542002,0.5860591290219549,LONG,294,36.0,2,LOSS,2023-08-08
1,168774,168773,168778,2023-08-08 15:48:00,2023-08-08 15:52:00,1925.705,1925.065,-0.8399999999998726,15.24278212853831,53.478959218055266,0.2638036809815506,0.9888372199369745,0.5333209560748241,0.10485248309683896,0.8525842773225935,1.4414597063144878,1.4873939306436041,0.4794304667714891,4.680916193496897,0.009227147424540014,1.531140810956622,0.0,15,0.132,1.4873939306436041,0.8525842773225935,LONG,295,2.0,3,LOSS,2023-08-08
-1,168812,168811,168831,2023-08-08 16:26:00,2023-08-08 16:45:00,1924.965,1924.948,-0.18300000000017463,12.435206657225825,46.09203864859208,0.23076923076967923,0.6851671419681845,0.20873862848650446,0.03906246396444319,0.39330995353905107,-0.2921286380988866,-0.3947684298644277,-0.4704644030390753,4.105591670574968,0.07028620382113321,0.157907371945053,0.7500000000007105,16,0.002,0.3947684298644277,0.6066900464609489,SHORT,296,34.0,4,LOSS,2023-08-08
-1,168832,168831,168843,2023-08-08 16:46:00,2023-08-08 16:57:00,1924.675,1924.815,-0.34000000000010006,10.420461406471526,49.45342383223772,0.35523613963016965,0.6490433244516121,0.19500021577163365,0.17063161750765862,-0.26749336599646584,-2.196526813220536,-2.6317832785145585,-0.3891277739197568,3.8160857538480664,0.0729661233555733,2.7633724424417827,0.05862068965531571,16,0.014,2.6317832785145585,1.2674933659964658,SHORT,297,1.0,5,LOSS,2023-08-08
-1,168858,168857,168860,2023-08-08 18:12:00,2023-08-08 18:14:00,1924.705,1925.075,-0.5700000000001182,23.51593402223156,46.37168802241542,0.560975609756341,0.7973522378137083,0.42134383768005834,0.12051446621116173,0.24421428845742568,-1.23761521631495,-1.9117263363474843,-0.528972954378868,4.888557345802321,0.05562088518182517,1.638622574012425,0.14285714285698817,18,0.056,1.9117263363474843,0.7557857115425743,SHORT,298,75.0,6,LOSS,2023-08-08
-1,168861,168860,168862,2023-08-08 18:15:00,2023-08-08 18:16:00,1924.585,1924.955,-0.5699999999998908,23.979759653151408,49.159480566957775,0.21153846153844894,1.000027405237905,0.34938967051217634,0.08524144830956006,-0.03551077177557632,-1.5915515426487299,-2.8609101130446173,-0.38851165974016016,3.9303455600629835,0.05562088518182517,2.929027020497987,0.0,18,0.106,2.8609101130446173,1.0355107717755763,SHORT,299,1.0,7,LOSS,2023-08-08
-1,168865,168864,168869,2023-08-08 18:19:00,2023-08-08 18:23:00,1924.745,1924.945,-0.4000000000000455,26.402265375470964,49.76730045129684,0.03546099290776711,1.1167528523391066,0.3200526750689389,0.0010572827901833494,0.3560356782047567,-0.3223703318358123,-0.11513226136974598,-0.17983723023583498,3.684232363835798,0.07342376911940554,0.17269839205461898,0.8125000000002665,18,0.132,0.11513226136974598,0.6439643217952433,SHORT,300,3.0,8,LOSS,2023-08-08
-1,168878,168877,168879,2023-08-08 18:33:00,2023-08-08 18:34:00,1924.935,1925.145,-0.4100000000000364,20.117123895400784,32.260427851305224,0.11111111111094268,0.9091283853716153,0.5210789471002174,0.03661103375038324,0.46419728304672375,-0.15611815545571392,-0.30240804930294535,-0.812314151236457,6.577375072345937,0.014394881966406288,0.09828261602466053,0.8433734939742864,18,0.096,0.30240804930294535,0.5358027169532762,SHORT,301,10.0,9,LOSS,2023-08-08
1,168914,168913,168928,2023-08-08 19:09:00,2023-08-08 19:24:00,1925.138,1925.225,-0.11300000000001093,24.096177673879332,34.36898035181048,0.028692879915036443,0.838759997405172,1.0669874635183514,0.08493842708329344,0.5449709376613389,0.45547186000609635,-1.8382272376862785,1.2218705385869864,8.067775098730998,0.021723069040238508,1.0212373542688646,0.0,19,0.066,-1.8382272376862785,0.5449709376613389,LONG,302,35.0,10,LOSS,2023-08-08
1,168932,168931,168933,2023-08-08 19:30:00,2023-08-08 19:31:00,1925.345,1925.155,-0.3900000000000546,13.57367459271152,44.15605716821856,0.19230769230735595,0.7504195476064147,0.4988809951039629,0.03842471291619059,0.6072993799958115,0.5980678811875587,1.3893868411961212,-0.17565009206459037,6.315394732702331,0.07717858321474726,0.8841552625775222,0.0,19,0.014,1.3893868411961212,0.6072993799958115,LONG,303,6.0,11,LOSS,2023-08-08
1,168940,168939,168953,2023-08-08 19:38:00,2023-08-08 19:51:00,1925.345,1925.208,-0.3369999999999436,10.856410656678834,48.60129097051915,0.09523809523804368,0.8672146156833725,0.45389921853964843,0.09498266413209258,0.7577110024589956,1.087008311649573,0.43480332466081784,0.1374181551191875,4.565434908941059,0.06059657305806188,1.304409973984925,0.07692307692294238,19,0.068,0.43480332466081784,0.7577110024589956,LONG,304,7.0,12,LOSS,2023-08-08
1,168957,168956,168959,2023-08-08 19:55:00,2023-08-08 19:57:00,1925.435,1925.225,-0.4100000000000364,13.722942628479311,51.54096475618304,0.013440860215043083,1.0414430658731368,0.5364848745714853,0.015166862313921094,0.6103355278632877,0.42209816070129436,1.493375386458701,-0.44715562977129814,4.30443493744378,0.07985356558147036,0.0,1.0,19,0.2,1.493375386458701,0.6103355278632877,LONG,305,4.0,13,LOSS,2023-08-08
1,168963,168962,168980,2023-08-08 20:01:00,2023-08-08 20:18:00,1925.625,1925.698,-0.12699999999990724,13.748375304092846,54.97785259510901,0.4765539803707067,1.1506651264073515,0.6251920614309426,0.154363291650172,0.9850118829889836,1.8023384045864244,1.5843075134511648,0.12065882521240405,3.674084566908145,0.09382224307905142,1.8106371582296577,0.1999999999998484,20,0.26,1.5843075134511648,0.9850118829889836,LONG,306,4.0,14,LOSS,2023-08-08
1,169071,169070,169078,2023-08-08 21:49:00,2023-08-08 21:56:00,1928.055,1927.845,-0.4100000000000364,30.05969877810249,45.1157757744498,0.22211720226842155,1.2888377617710864,1.5952398434178392,0.01691847709211991,0.5240360708931827,0.1091438616186525,0.3431366870706276,0.08451065404206788,5.648557771773546,0.37962304322210044,0.21116103819754012,0.5999999999993179,21,0.958,0.3431366870706276,0.5240360708931827,LONG,307,91.0,15,LOSS,2023-08-08
1,169094,169093,169141,2023-08-08 22:12:00,2023-08-08 22:59:00,1927.895,1929.635,1.5400000000000091,16.79492736435745,65.76646595518393,0.2807017543858844,0.9652115485756533,1.00993777335737,0.07695550440506814,0.6217316443484379,0.5210710461769605,-0.4434647201515165,0.33913454037747864,4.1390040547430065,0.2578406495310223,0.22173236007533814,0.6250000000005329,22,0.686,-0.4434647201515165,0.6217316443484379,LONG,308,16.0,16,WIN,2023-08-08
1,169144,169143,169149,2023-08-08 23:02:00,2023-08-08 23:07:00,1930.415,1929.365,-1.2499999999999545,34.17546407064381,51.86993703260592,0.19708029197080534,1.1328909739057527,1.3266043403733554,0.11799610251700371,0.9065918588131479,1.977024633275179,3.3126715201318175,-0.1325301262502239,4.565362431106103,0.33047900976355515,2.004305457558731,0.0,23,0.964,3.3126715201318175,0.9065918588131479,LONG,309,3.0,0,LOSS,2023-08-08
1,169161,169160,169174,2023-08-08 23:19:00,2023-08-08 23:32:00,1929.655,1929.465,-0.3900000000000546,24.146150705001705,42.6736059208614,0.14062499999995143,1.2882005873389761,1.560843491797516,0.058381505494908746,0.5384821007262054,0.1794298576705662,-1.5930185324104187,0.24325219910041163,5.037382926811086,0.19921811703286396,0.5597092140901206,0.037037037037005845,23,0.998,-1.5930185324104187,0.5384821007262054,LONG,310,12.0,1,LOSS,2023-08-08
1,169178,169177,169191,2023-08-08 23:36:00,2023-08-08 23:49:00,1929.875,1929.765,-0.30999999999989997,13.157635372115838,61.357371937327144,0.05027932960888745,0.9773732361860878,0.590189202901981,0.0033528853242515665,0.6679448660567766,0.4348893111566044,-0.18057687660508837,-0.322163070287764,6.711440580495276,0.13099507208843925,1.0533651135303663,0.054054054054020834,23,0.862,-0.18057687660508837,0.6679448660567766,LONG,311,4.0,2,LOSS,2023-08-08
1,169193,169192,169202,2023-08-08 23:51:00,2023-08-09 00:00:00,1930.065,1930.035,-0.22999999999997273,16.327802709391037,50.347404523046556,0.254237288135541,0.766421310708949,0.6024770510955476,0.008116985273736908,0.6995231612143299,0.7826451906777535,0.7914389568649306,-0.2562398964304045,4.704664910250699,0.1312200433114455,0.8793766187387007,0.1304347826085667,23,0.628,0.7914389568649306,0.6995231612143299,LONG,312,2.0,3,LOSS,2023-08-09
1,169210,169209,169224,2023-08-09 00:08:00,2023-08-09 00:22:00,1930.325,1930.165,-0.36000000000008187,21.246440220246033,45.646024894866336,0.2855153203343344,0.9138310767448178,0.6469003228102068,0.11859893751513162,0.8412138396359571,1.221544911258797,1.1093188236049276,0.6716921143080765,5.1028665885838445,0.11811292733477433,1.1721802236094114,0.26279069767451085,0,0.704,1.1093188236049276,0.8412138396359571,LONG,313,8.0,4,LOSS,2023-08-09
1,169239,169238,169240,2023-08-09 00:37:00,2023-08-09 00:38:00,1930.145,1930.055,-0.28999999999991816,19.04647621288325,65.305145360436,0.07692307692302311,0.8753590292267646,0.4246551155124981,0.006946965201628242,0.5919100999136506,0.25288511613402825,0.3518401615781263,-0.10459288689417486,3.2105414744034024,0.07375148951451822,0.13194006059179736,0.8,0,0.6,0.3518401615781263,0.5919100999136506,LONG,314,15.0,5,LOSS,2023-08-09
1,169243,169242,169252,2023-08-09 00:41:00,2023-08-09 00:50:00,1930.165,1930.028,-0.3369999999999436,15.661634763702981,61.41189313211123,0.07317073170729002,0.7937174372110951,0.327815094586312,0.011754594249957262,0.643755234151598,0.3506154863427066,1.1687182878097924,0.17179840622795015,2.6931334458222134,0.06356750416862014,0.6097660632045062,0.3333333333333333,0,0.478,1.1687182878097924,0.643755234151598,LONG,315,3.0,6,LOSS,2023-08-09
1,169255,169254,169262,2023-08-09 00:53:00,2023-08-09 01:00:00,1930.425,1930.155,-0.4699999999999818,19.27317198746598,43.26862806104789,0.10709504685400803,0.86928941158305,0.6888309895005009,0.003425481674831091,0.7008376321573511,0.9615830393442019,1.9083761634212573,-1.0171686357000682,5.248034449409814,0.06588288941573636,0.7013282400572388,0.13529411764665758,0,0.518,1.9083761634212573,0.7008376321573511,LONG,316,3.0,7,LOSS,2023-08-09
1,169267,169266,169285,2023-08-09 01:05:00,2023-08-09 01:23:00,1930.775,1931.058,0.08299999999990176,16.36318414728424,55.93248557626589,0.22066198595779643,1.013020924980103,0.6394942550140216,0.13041687319680706,0.9064400448633262,1.4668665488125467,2.889801663686232,0.38099124623618874,3.655578952529525,0.058260766987354884,1.612162713353287,0.047619047619537426,1,0.652,2.889801663686232,0.9064400448633262,LONG,317,5.0,8,WIN,2023-08-09
1,169291,169290,169293,2023-08-09 01:29:00,2023-08-09 01:31:00,1931.625,1931.335,-0.48999999999996363,25.89122145957018,49.8757833949351,0.14616935483866347,1.061766472610986,0.7462784946017431,0.012282621977287815,0.5897062592959721,0.3363997428557573,0.2620810461865708,0.06981032080019552,3.818895244436294,0.22603040122782164,0.7862431385605636,0.0,1,0.692,0.2620810461865708,0.5897062592959721,LONG,318,6.0,0,LOSS,2023-08-09
1,169297,169296,169301,2023-08-09 01:35:00,2023-08-09 01:39:00,1931.735,1931.075,-0.8599999999998544,19.88376275010275,63.46260379182191,0.2395833333331964,1.1154121174723681,0.8220051474356737,0.040835006523192593,0.7290015913125676,0.8483102061769743,-0.13802077790212908,-0.08992539773197056,3.5195298364874232,0.22554335674303624,1.7597649182437116,0.12068965517266388,1,0.736,-0.13802077790212908,0.7290015913125676,LONG,319,4.0,1,LOSS,2023-08-09
1,169317,169316,169325,2023-08-09 01:55:00,2023-08-09 02:03:00,1931.185,1930.965,-0.4200000000000273,11.214590420882757,62.06976632745918,0.14018691588767174,1.0068331171167064,0.6875216942700021,0.03188208420867316,0.6211156459877193,0.38137131331507745,1.946202877210353,0.22113298308287713,4.606397342509323,0.10812804252318604,0.460639734250496,0.6363636363638869,1,0.636,1.946202877210353,0.6211156459877193,LONG,320,16.0,2,LOSS,2023-08-09
1,169328,169327,169333,2023-08-09 02:06:00,2023-08-09 02:11:00,1931.535,1930.975,-0.7600000000001728,13.451840050756397,66.9165726280023,0.18435754189940445,1.0696942172224209,0.5691414375002035,0.08188778856853492,1.0220432460851243,1.209329147361536,1.740041938650421,0.10280507360463953,2.5056603916559097,0.07624865621112872,1.1484276795090245,0.029411764705862684,2,0.708,1.740041938650421,1.0220432460851243,LONG,321,3.0,3,LOSS,2023-08-09
-1,169368,169367,169385,2023-08-09 02:46:00,2023-08-09 03:03:00,1930.265,1930.495,-0.4299999999997908,20.274700137817817,65.34478312648538,0.38333333333324704,1.044943134577806,1.2123558678658466,0.01293184008488172,0.41602180836844505,-0.4152738555126952,0.517380398952637,-0.19650909056602758,4.604685550676255,0.06754665623253145,1.034760797904582,0.0,2,0.794,-0.517380398952637,0.583978191631555,SHORT,322,35.0,4,LOSS,2023-08-09
-1,169391,169390,169399,2023-08-09 03:09:00,2023-08-09 03:17:00,1929.805,1930.425,-0.8199999999998908,18.79258077127618,45.598486992372784,0.09072880515617678,1.1212718883513195,0.863389464081444,0.03323011837856044,0.29965483509723617,-0.6163865632704054,0.0,-0.028744576426888952,4.483793580323113,0.0661546383274753,0.540216094015003,0.31034482758596355,3,0.916,-0.0,0.7003451649027639,SHORT,323,6.0,5,LOSS,2023-08-09
-1,169400,169399,169403,2023-08-09 03:18:00,2023-08-09 03:21:00,1929.835,1930.825,-1.190000000000009,16.488499606787677,58.253172497648706,0.0931174089068975,1.1344535414382133,0.8136676857559907,0.027071643045541924,0.19770599264067884,-0.8168793145889295,-1.682152873379698,0.23117096740558965,4.295959645862523,0.07006070805327108,1.5786357734794814,0.03174603174600883,3,0.95,1.682152873379698,0.8022940073593212,SHORT,324,1.0,6,LOSS,2023-08-09
-1,169407,169406,169414,2023-08-09 03:25:00,2023-08-09 03:32:00,1930.075,1930.375,-0.49999999999995454,20.20288062679385,59.56019404538447,0.014925373134314177,1.1970864364557272,0.8900329813200107,0.012723897537329531,0.44032655471450954,-0.1536127558478671,0.5519021168201088,0.2568741989207757,3.1274453286474575,0.0760186199888511,0.006898776460087964,0.9880000000002838,3,0.982,-0.5519021168201088,0.5596734452854905,SHORT,325,4.0,7,LOSS,2023-08-09
-1,169416,169415,169421,2023-08-09 03:34:00,2023-08-09 03:39:00,1929.755,1930.095,-0.5399999999999181,18.514799666693378,54.51862713275217,0.14011720831112962,1.1057560743260482,0.8410096522720237,0.028554706490595345,0.22967327949375488,-0.7014585253536417,-0.6982168044759641,0.13584828037254654,3.6905745379447867,0.07277343653281917,0.7730257478126138,0.08823529411758806,3,0.948,0.6982168044759641,0.7703267205062452,SHORT,326,2.0,8,LOSS,2023-08-09
-1,169423,169422,169434,2023-08-09 03:41:00,2023-08-09 03:52:00,1929.805,1929.815,-0.20999999999999092,16.013889754694965,47.95903291406139,0.3731343283582951,0.9858814805816418,0.5299862521352067,0.044387903464068366,0.1497517849593382,-0.666507026911893,0.08682245248529442,-0.042472848245890885,4.283240989278473,0.053434759790667585,0.8971653423487004,0.11428571428564004,3,0.772,-0.08682245248529442,0.8502482150406618,SHORT,327,2.0,9,LOSS,2023-08-09
-1,169482,169481,169497,2023-08-09 04:40:00,2023-08-09 04:55:00,1928.415,1928.425,-0.20999999999999092,36.50167385300711,51.93378087429973,0.1413043478260534,0.97351780699304,0.9260452643411988,0.024781985087333213,0.43296820010675935,-0.2818452242073677,0.7562085389582368,-0.03354889716855433,5.378533233340593,0.20211146220466028,0.031508689123230016,0.941176470588314,4,0.6,-0.7562085389582368,0.5670317998932406,SHORT,328,48.0,10,LOSS,2023-08-09
-1,169500,169499,169528,2023-08-09 04:58:00,2023-08-09 05:26:00,1927.615,1927.905,-0.48999999999996363,36.93989725876817,44.71015411713641,0.08089631598935144,1.023652443443863,0.8936258270992041,0.10259102267738637,0.10072255305678751,-1.6028703432001123,-2.8260649975934515,0.2732391808996423,4.085507007389987,0.23597689388428733,0.8908248361977537,0.38297872340436856,4,0.642,2.8260649975934515,0.8992774469432125,SHORT,329,3.0,11,LOSS,2023-08-09
-1,169537,169536,169538,2023-08-09 05:35:00,2023-08-09 05:36:00,1927.505,1927.805,-0.49999999999995454,19.44509345980338,50.811624223028524,0.12499999999988158,0.9031734848283497,0.6781598208122455,0.05464574400224822,0.3747041669302611,-0.46124376125605665,0.5444698699475639,-0.2636518057447208,3.7723983846393456,0.24144845383255759,0.7000326899334665,0.0,5,0.21,-0.5444698699475639,0.6252958330697389,SHORT,330,9.0,12,LOSS,2023-08-09
-1,169574,169573,169581,2023-08-09 06:12:00,2023-08-09 06:19:00,1925.745,1925.985,-0.4400000000000091,52.14384718838349,56.24772054756641,0.25203252032515516,0.9897263651335684,0.6668199735939446,0.019941899186028105,0.3563269555859657,-0.49357042237400334,-1.6666465194491376,0.43537269785047167,4.44439071853077,0.3383947924483801,0.6249924447936239,0.14285714285698817,6,0.448,1.6666465194491376,0.6436730444140343,SHORT,331,36.0,13,LOSS,2023-08-09
-1,169583,169582,169590,2023-08-09 06:21:00,2023-08-09 06:28:00,1925.595,1925.925,-0.5299999999999272,43.22119542390305,60.28910266873248,0.21142857142850907,0.9761270124449339,0.49966669284413157,0.031096278611086377,0.29864478102502556,-0.5146815057649612,-0.3913927800497785,0.30529312890588917,2.7041682985281694,0.33534178958667976,0.9251102073911945,0.037037037037005845,6,0.422,0.3913927800497785,0.7013552189749744,SHORT,332,2.0,14,LOSS,2023-08-09
-1,169601,169600,169623,2023-08-09 06:39:00,2023-08-09 07:01:00,1925.805,1925.115,0.49000000000005456,22.735273987973596,41.22369708845284,0.14285714285702686,0.8562289257677917,0.7644407838735547,0.010173645382306256,0.4320586066484445,-0.3009362627077046,0.4042427409526295,-0.013483966265440381,4.2220908499420835,0.25118017824382,0.359326880845874,0.5,6,0.098,-0.4042427409526295,0.5679413933515556,SHORT,333,11.0,15,WIN,2023-08-09
-1,169624,169623,169650,2023-08-09 07:02:00,2023-08-09 07:28:00,1924.935,1924.485,0.25000000000004546,25.46405083558377,47.87774044477413,0.19759277833478953,0.9460229662846816,1.375895763660286,0.0025920942541852406,0.374976656049841,-0.8980509461949269,-2.7524891763506396,0.8207345373248696,6.026718838366559,0.2778683593463158,0.7394747040943829,0.24999999999976316,7,0.208,2.7524891763506396,0.625023343950159,SHORT,334,1.0,0,WIN,2023-08-09
1,169762,169761,169766,2023-08-09 09:20:00,2023-08-09 09:24:00,1925.225,1923.795,-1.6299999999998362,19.035789769966556,43.87403243146386,0.09090909090906814,1.0942920039282977,1.1566491081364827,0.025784872695239835,0.6232156141683606,0.4861824761565512,0.17447169880615093,-0.004578443915074274,4.154944579807603,0.039850611150301654,0.5216164191104012,0.709999999999809,9,0.936,0.17447169880615093,0.6232156141683606,LONG,335,112.0,0,LOSS,2023-08-09
1,169772,169771,169777,2023-08-09 09:30:00,2023-08-09 09:35:00,1924.915,1923.825,-1.289999999999918,15.209056394793977,46.01318768180965,0.10396039603962291,1.0975165752660296,1.363250456884465,0.016125278471446357,0.6245702213623229,0.587361395029641,1.3357111317259496,-0.039481744301837554,4.604688375160374,0.016907500452300106,0.9314827629141123,0.018518518518502922,9,0.938,1.3357111317259496,0.6245702213623229,LONG,336,6.0,1,LOSS,2023-08-09
-1,169792,169791,169804,2023-08-09 09:50:00,2023-08-09 10:02:00,1922.985,1923.605,-0.8200000000001182,13.241169131064458,54.370207141373264,0.3065015479875468,1.1221983782250855,1.2697588433892584,0.15467711904445314,0.06338058380329058,-1.845829085458173,-1.3277071688512485,-0.5255803496953884,4.346660374215821,0.008303771676341136,1.628021885615337,0.046296296296458095,9,0.984,1.3277071688512485,0.9366194161967094,SHORT,337,15.0,2,LOSS,2023-08-09
-1,169877,169876,169894,2023-08-09 11:15:00,2023-08-09 11:32:00,1917.345,1916.855,0.2900000000000091,36.81536783036364,61.026055989419596,0.05487804878051528,0.9412318044066567,0.4641202796486814,0.03697606107719809,0.35856761242298085,-0.3116768529060241,0.19611127823295382,0.16026408048266244,3.768138131765259,0.3565579994239527,0.2381351235689053,0.6599999999998545,11,0.86,-0.19611127823295382,0.6414323875770191,SHORT,338,73.0,3,WIN,2023-08-09
-1,169895,169894,169900,2023-08-09 11:33:00,2023-08-09 11:38:00,1916.605,1916.845,-0.4400000000000091,35.7607803539212,45.18155952221672,0.07894736842111955,0.8337704276070774,0.4941968526194506,0.011888086693857831,0.3839949658782429,-0.3367955699617402,-0.2564433273823356,0.40362529828910787,4.427921452799226,0.3750584159842619,0.37611688016057754,0.24137931034463833,11,0.718,0.2564433273823356,0.6160050341217571,SHORT,339,1.0,0,LOSS,2023-08-09
-1,169902,169901,169905,2023-08-09 11:40:00,2023-08-09 11:43:00,1916.335,1917.335,-1.2,30.90870960505503,53.36354541555386,0.16430412371133507,0.8497409836723857,0.5403397782695193,0.00010862222098569601,0.3587305385314373,-0.4498846683875092,0.24058003657103813,0.4384502267902411,4.021123468399014,0.38086199016807337,0.8076615513450978,0.32857142857143323,11,0.706,-0.24058003657103813,0.6412694614685627,SHORT,340,2.0,1,LOSS,2023-08-09
-1,169919,169918,169925,2023-08-09 11:57:00,2023-08-09 12:03:00,1916.685,1917.575,-1.0900000000001,16.837809342903885,65.3744694591637,0.030508474576317692,0.8225294201971347,0.41892263133879176,0.010462295234600875,0.33919663790366034,-0.44448751454266855,0.1739298969947853,-0.17572907754856573,3.150063690019743,0.25859774680749925,1.2368348230753472,0.25581395348836594,11,0.594,-0.1739298969947853,0.6608033620963396,SHORT,341,14.0,2,LOSS,2023-08-09
-1,169938,169937,169943,2023-08-09 12:16:00,2023-08-09 12:21:00,1916.825,1917.595,-0.9699999999999818,22.036101404480455,56.60279749617044,0.11877394636012656,0.7964926330769208,0.5577409803551721,0.05699741509279145,0.31674075280403186,-0.7389064807916829,0.8222417981750735,-0.06459154466803858,3.933426980457838,0.13562778936767939,1.1333603164030972,0.07272727272721259,12,0.518,-0.8222417981750735,0.6832592471959682,SHORT,342,13.0,3,LOSS,2023-08-09
-1,169948,169947,169955,2023-08-09 12:26:00,2023-08-09 12:33:00,1917.155,1917.635,-0.6800000000000181,17.219550178550296,49.40592526266806,0.1538461538461118,0.7672251938851694,0.41738011017002424,0.01784925053478135,0.3282315163433866,-0.573531187013235,-0.3708175778101892,0.23869264610322008,3.4362428877059172,0.10367850794780645,0.02472117185397514,0.9736842105263316,12,0.486,0.3708175778101892,0.6717684836566133,SHORT,343,5.0,4,LOSS,2023-08-09
-1,169956,169955,169965,2023-08-09 12:34:00,2023-08-09 12:43:00,1916.795,1917.225,-0.6299999999998362,12.664298837115918,59.23199528878941,0.3070866141732495,0.8015519307461637,0.41323607060042633,0.04709064565905163,0.225424763986819,-0.8978079367178171,-0.19704975291461818,0.1632845486652109,2.9803775128364003,0.09153100925490526,1.9951287482621893,0.035714285714256715,12,0.486,0.19704975291461818,0.774575236013181,SHORT,344,1.0,5,LOSS,2023-08-09
-1,169971,169970,169987,2023-08-09 12:49:00,2023-08-09 13:05:00,1916.815,1916.635,-0.019999999999936346,9.822115016240991,42.16042416118369,0.03829787234038848,0.7009319214935905,0.4118280539153645,0.014830812509832493,0.3672499612792305,-0.5435212126393997,0.12979611048091855,-0.1279890716275226,3.828985259190786,0.05919831889899877,0.6165315247851009,0.09523809523799212,12,0.314,-0.12979611048091855,0.6327500387207695,SHORT,345,6.0,6,LOSS,2023-08-09
-1,170039,170038,170061,2023-08-09 13:57:00,2023-08-09 14:19:00,1915.975,1915.935,-0.1600000000000364,27.20943748053205,61.53851580374485,0.22388059701503682,0.7887769217190034,0.3604040668624903,0.11015601912116459,0.12421842209714545,-1.428495814285449,-1.1520127534564861,0.14692761623017953,3.916843361749608,0.07347719409218488,0.6528072269585591,0.05555555555548538,13,0.134,1.1520127534564861,0.8757815779028546,SHORT,346,52.0,7,LOSS,2023-08-09
-1,170064,170063,170069,2023-08-09 14:22:00,2023-08-09 14:27:00,1915.518,1915.835,-0.5170000000000072,17.249654124385835,58.841751693663426,0.013742926434967483,0.8474221418479728,0.3827608749308951,0.055292586505411905,0.21758972721690203,-0.972440783172214,-1.0833142848934167,0.4195597474162329,3.871773075972287,0.1434453232124674,0.6140084575023785,0.5382352941177553,14,0.114,1.0833142848934167,0.7824102727830979,SHORT,347,3.0,8,LOSS,2023-08-09
-1,170078,170077,170094,2023-08-09 14:36:00,2023-08-09 14:52:00,1915.715,1915.745,-0.22999999999997273,14.736837919154766,47.08745983231157,0.02479338842973343,0.856434160188675,0.44833873039631067,0.011953635205665118,0.38444506179447296,-0.4274612735583863,0.04118124022713088,-0.08735360497150432,3.747492860671719,0.13248743225800155,0.9059872849978157,0.4883720930232681,14,0.068,-0.04118124022713088,0.615554938205527,SHORT,348,9.0,9,LOSS,2023-08-09
-1,170114,170113,170131,2023-08-09 15:12:00,2023-08-09 15:29:00,1915.895,1915.745,-0.04999999999990906,11.61684312308894,68.709586353365,0.22500000000009238,0.7500492313633198,0.4467842043646424,0.025281180585013933,0.4227364391554753,-0.28241149782464103,1.141663501844003,-0.2433943624317492,3.7855158219020013,0.049367054339877724,0.3004377636427991,0.5833333333341228,15,0.002,-1.141663501844003,0.5772635608445247,SHORT,349,20.0,10,LOSS,2023-08-09
-1,170187,170186,170208,2023-08-09 16:25:00,2023-08-09 16:46:00,1915.135,1914.715,0.22000000000007275,25.915420155998248,35.787839780603115,0.06849315068488884,0.8215974126155051,0.6185689400180334,0.06111085356824795,0.45095048987259223,-0.2454326075404075,2.8418512451914326,-0.27506967032579377,5.425352377183355,0.1593212968236771,0.48877048443060395,0.3,16,0.034,-2.8418512451914326,0.5490495101274078,SHORT,350,56.0,11,WIN,2023-08-09
-1,170211,170210,170220,2023-08-09 16:49:00,2023-08-09 16:58:00,1914.438,1914.675,-0.4369999999998527,35.29746284297432,42.769450559445595,0.06849315068517897,1.0367849484189868,0.7686587265664697,0.024659788448467796,0.4389358231016195,-0.27670277558368267,0.10324730432342592,0.1469773104138158,6.55620382446888,0.2653869371056836,0.15487095648455199,0.7692307692294238,16,0.19,-0.10324730432342592,0.5610641768983805,SHORT,351,3.0,0,LOSS,2023-08-09
-1,170222,170221,170224,2023-08-09 18:00:00,2023-08-09 18:02:00,1914.655,1914.575,-0.12000000000007277,29.946397271016263,37.500214401125824,0.3976133651550575,1.2657351569895794,0.8785802220558718,0.2728769049334471,-0.435837211555973,-3.453724918097868,-3.886711483678386,-0.8475587460674061,5.141355763207434,0.27148316197125233,3.721727679336184,0.0934579439253667,16,0.366,3.886711483678386,1.435837211555973,SHORT,352,62.0,1,LOSS,2023-08-09
1,170241,170240,170242,2023-08-09 18:19:00,2023-08-09 18:20:00,1915.665,1915.288,-0.5769999999999527,17.361727098351427,58.3752624308093,0.10126582278482288,1.1456389634569923,2.125826929141957,0.02021249314072554,0.6510203934497951,1.345366011137702,2.8603905924215707,-0.5970523345600485,8.804108428456416,0.0048269420536165885,1.4358631771727475,0.04999999999997158,18,0.384,2.8603905924215707,0.6510203934497951,LONG,353,17.0,2,LOSS,2023-08-09
1,170246,170245,170260,2023-08-09 18:24:00,2023-08-09 18:38:00,1915.695,1915.948,0.05300000000015642,14.164577395654847,57.12005281460857,0.006522829904739718,1.1974707149956711,0.7870743282839502,0.049561244558666256,0.6785305081379587,0.5302023285461099,-0.44699288398882114,-0.1103758640880445,3.187403103518073,0.024156042398478773,0.7220654279814607,0.34375000000022204,18,0.436,-0.44699288398882114,0.6785305081379587,LONG,354,4.0,3,WIN,2023-08-09
1,170261,170260,170264,2023-08-09 18:39:00,2023-08-09 18:42:00,1916.005,1915.895,-0.31000000000012734,24.535541317339774,53.169742203929616,0.15000000000003552,0.9939439202087407,1.2081683561850014,0.013569555527767037,0.6239845994458452,0.7137726048333244,1.380104130189586,-0.5136571412860126,6.253596839918559,0.15925095370425174,0.2889593022583281,0.6473684210526945,18,0.298,1.380104130189586,0.6239845994458452,LONG,355,1.0,0,LOSS,2023-08-09
1,170269,170268,170280,2023-08-09 18:47:00,2023-08-09 18:59:00,1916.035,1916.025,-0.20999999999999092,21.613602755391128,55.16648989094602,0.15789473684216826,0.8308304825221736,0.5861144949273442,0.006996162674522797,0.5196615376425142,0.06978576868373748,-1.7306870633186076,0.010343104770358897,3.8521744312585287,0.1891010600990864,0.11165722989271057,0.5999999999972715,18,0.142,-1.7306870633186076,0.5196615376425142,LONG,356,5.0,1,LOSS,2023-08-09
1,170283,170282,170291,2023-08-09 19:02:00,2023-08-09 19:10:00,1916.348,1916.285,-0.2629999999998745,18.446239342632737,56.80001988027272,0.13681592039807608,0.7188448547689709,0.5521969203835347,0.08835679162509501,0.8682238808240219,1.5576888328668375,3.0004811908661626,-0.1889760347778669,3.4615307397055624,0.20963778765305283,1.536831829467994,0.014084507041922751,19,0.04,3.0004811908661626,0.8682238808240219,LONG,357,3.0,2,LOSS,2023-08-09
1,170292,170291,170311,2023-08-09 19:11:00,2023-08-09 19:31:00,1916.315,1916.475,-0.04000000000014553,18.75317405438999,49.39325948073379,0.16096579476863423,0.708102639235809,0.36079990804805134,0.022903207177648516,0.6578187199945538,0.468942222917668,0.31900831490958353,-0.05871730129425379,3.5888435427364413,0.20167622278864858,0.07975207872739588,0.0,19,0.018,0.31900831490958353,0.6578187199945538,LONG,358,1.0,3,LOSS,2023-08-09
1,170326,170325,170327,2023-08-09 19:46:00,2023-08-09 19:47:00,1916.545,1916.395,-0.35000000000009096,15.209073131491618,61.77024267447245,0.14621131270023413,0.9442614082313106,0.6382524888981994,0.02086402794208109,0.5773250680058717,0.33494747963791976,0.41055870844501635,0.4323729252039739,4.44771934147549,0.15706942129806098,1.7106612851826415,0.07407407407401169,19,0.146,0.41055870844501635,0.5773250680058717,LONG,359,15.0,4,LOSS,2023-08-09
1,170331,170330,170332,2023-08-09 19:51:00,2023-08-09 19:52:00,1916.475,1916.355,-0.31999999999989087,13.7870112728225,65.23238258348371,0.04761904761899606,0.970378461839663,0.33661702329453097,0.0011202948391972987,0.6887292079130185,0.4126843247920629,0.5088341554671555,-0.18835361710388315,2.8415413876742135,0.1348202158995271,0.5947412206753692,0.03225806451778524,19,0.162,0.5088341554671555,0.6887292079130185,LONG,360,4.0,5,LOSS,2023-08-09
1,170333,170332,170341,2023-08-09 19:53:00,2023-08-09 20:01:00,1916.475,1916.258,-0.41699999999987086,12.882187952179475,67.50686526683936,0.03157894736839082,0.9727936094522502,0.3319509560500897,0.02769783966139416,0.7162933899475754,0.463883491386161,1.603466406929399,0.17364200033830735,2.837409691272732,0.1348202158995271,0.8116311442479734,0.35263157894730546,19,0.166,1.603466406929399,0.7162933899475754,LONG,361,1.0,6,LOSS,2023-08-09
1,170343,170342,170347,2023-08-09 20:03:00,2023-08-09 20:07:00,1916.655,1916.178,-0.6769999999998617,12.985538868215956,58.37569986774454,0.1390507910074742,1.1447536226141912,0.51046699313295,0.008038958666444452,0.8411270896523603,0.8901050406610642,1.6236102536308221,-0.3288875966723361,3.0377224100191116,0.13454147580558737,1.4664866806989225,0.257294429708202,20,0.352,1.6236102536308221,0.8411270896523603,LONG,362,2.0,7,LOSS,2023-08-09
-1,170371,170370,170381,2023-08-09 20:31:00,2023-08-09 20:41:00,1915.845,1915.985,-0.3399999999998727,20.767761924125622,50.63228030845943,0.15662650602401057,1.0663197674698723,0.6452870280215467,0.03613632612590272,0.3321584879855449,-0.5488675450623643,-1.3895380887601767,0.4484259648973835,3.705434903360861,0.08999401567784644,0.10292874731548196,0.875,20,0.386,1.3895380887601767,0.6678415120144551,SHORT,363,24.0,8,LOSS,2023-08-09
-1,170423,170422,170424,2023-08-09 21:23:00,2023-08-09 21:24:00,1915.978,1916.335,-0.5569999999999709,20.564961756547614,46.19209053586899,0.03639326453014371,1.384341962560028,1.276819620469021,0.001197446022875455,0.4022056049889747,-0.3217153999171747,0.5635142355244592,0.1574430932726914,4.269901048268681,0.012357889777981265,0.37652996646385606,0.8323831242874088,21,0.936,-0.5635142355244592,0.5977943950110254,SHORT,364,42.0,9,LOSS,2023-08-09
1,170473,170472,170500,2023-08-09 22:13:00,2023-08-09 22:40:00,1917.865,1918.305,0.24000000000005456,15.818792252616836,54.23010839838627,0.28787878787883486,0.9614395512899812,0.6307541066300172,0.018902544657720323,0.7219298034569265,0.546383794183904,0.47704228990312936,-0.05080116059589633,3.192775897421233,0.1811752765164789,0.511116739181869,0.3478260869561779,22,0.762,0.47704228990312936,0.7219298034569265,LONG,365,49.0,10,WIN,2023-08-09
1,170516,170515,170517,2023-08-09 22:56:00,2023-08-09 22:57:00,1917.995,1917.745,-0.45,18.343472052917246,60.98533345120547,0.3465346534653287,0.8441815469054474,1.0786547051541135,0.034905941116336464,0.5277778084126474,0.1549330262809523,-0.5468224456952846,0.39243466229454343,5.1036761598268,0.06626576918456273,0.4101168342724995,0.6399999999994179,22,0.544,-0.5468224456952846,0.5277778084126474,LONG,366,16.0,0,LOSS,2023-08-09
1,170567,170566,170585,2023-08-09 23:47:00,2023-08-10 00:05:00,1918.585,1918.365,-0.4200000000000273,15.303036651482412,37.41726387498128,0.6078431372548933,0.8493711944177544,0.43131065459918194,0.15723543062268241,1.3375798943078798,2.3378128504456823,1.9880695606345173,0.332215173099734,4.02845674128448,0.04787017470587673,2.9821043409505865,0.25974025974032494,23,0.422,1.9880695606345173,1.3375798943078798,LONG,367,50.0,1,LOSS,2023-08-10
1,170600,170599,170609,2023-08-10 00:20:00,2023-08-10 00:29:00,1918.525,1918.368,-0.3570000000001528,16.563436065833667,60.84168517346031,0.09529025191669739,0.7514419957560124,0.464723148270621,0.06492002386227214,0.6337981383205611,0.5597523359189265,0.5700851288797174,0.657963467356417,4.1331171843811925,0.07581596175434635,0.7126064110996468,0.0,0,0.136,0.5700851288797174,0.6337981383205611,LONG,368,15.0,2,LOSS,2023-08-10
-1,170673,170672,170684,2023-08-10 01:33:00,2023-08-10 01:44:00,1916.918,1917.465,-0.7470000000000254,23.315688215597987,40.68778622495859,0.3953764078244898,1.0124232292776132,1.2215740973844442,0.19068376039048598,0.2375036172761391,-1.70991122634403,0.2636104423329948,-1.3077015273498946,5.481423483442806,0.08739373171509103,2.121436416874777,0.10582010582000823,1,0.604,-0.2636104423329948,0.7624963827238609,SHORT,369,64.0,3,LOSS,2023-08-10
-1,170719,170718,170725,2023-08-10 02:19:00,2023-08-10 02:25:00,1916.555,1916.698,-0.3430000000000291,24.31428461850878,49.214385680020676,0.03852276345108421,1.222236265788933,2.4682457418826016,0.020864716351165134,0.3693070122382518,-1.0348747201588093,-2.7212540845837583,0.5676966457666414,7.981680174765346,0.08126460942351856,0.6759485398003263,0.30512820512808553,2,0.966,2.7212540845837583,0.6306929877617482,SHORT,370,35.0,4,LOSS,2023-08-10
1,170764,170763,170782,2023-08-10 03:04:00,2023-08-10 03:22:00,1918.945,1919.785,0.6400000000001456,30.42522310548237,41.137505101118464,0.25187032418950234,1.22566110736765,1.1595579510227265,0.09465459178902937,1.0008364856485141,1.6942950456345067,1.1046924997107144,-0.12314600304621666,4.650538817409557,0.09669330424790427,1.5812265191938353,0.35398230088500204,3,0.998,1.1046924997107144,1.0008364856485141,LONG,371,39.0,5,WIN,2023-08-10
1,170783,170782,170786,2023-08-10 03:23:00,2023-08-10 03:26:00,1920.045,1919.705,-0.5400000000001455,34.92593313724933,62.81723860687355,0.02173913043488738,1.0729613350148228,1.120210101774152,0.017667783957004645,0.584575462218671,0.3309193627914852,0.06964279820279758,-0.3744765006908667,5.316066929445202,0.26644109745833805,0.5107138534838392,0.18518518518502924,3,0.952,0.06964279820279758,0.584575462218671,LONG,372,1.0,0,LOSS,2023-08-10
1,170787,170786,170788,2023-08-10 03:27:00,2023-08-10 03:28:00,1920.395,1919.568,-1.0269999999999981,32.97885343550527,64.5773534705793,0.17073170731713178,1.1149486903043533,0.603282039064899,0.06787993647147056,0.9125597093658857,0.8145593043191294,1.3517847127353078,0.28223944666730266,2.3329187784310568,0.27350588159219186,1.5044055673993553,0.28124999999980016,3,0.962,1.3517847127353078,0.9125597093658857,LONG,373,1.0,1,LOSS,2023-08-10
1,170814,170813,170826,2023-08-10 03:54:00,2023-08-10 04:06:00,1918.785,1918.985,-1.819100425848319e-13,15.076883012883794,53.405057180781135,0.09933774834444666,0.9116197031328495,0.6571188110732239,0.013484575524971917,0.7970985272808422,0.9110153855277549,1.5848667781779306,-0.3604666500787948,3.0282275940174315,0.06512594012817392,0.8207345815560722,0.2368421052630162,3,0.736,1.5848667781779306,0.7970985272808422,LONG,374,26.0,2,LOSS,2023-08-10
1,170827,170826,170852,2023-08-10 04:07:00,2023-08-10 04:32:00,1919.385,1919.505,-0.07999999999988178,16.187126195822678,45.18650688134097,0.05325443786977949,0.9521028327320022,0.9165949825688336,0.02699930939932527,0.6949601474877994,0.8308210119520479,2.8801795081029518,-0.3406667690787566,4.874149936789756,0.07268138382835673,1.1077613492706566,0.2727272727270472,4,0.76,2.8801795081029518,0.6949601474877994,LONG,375,1.0,3,LOSS,2023-08-10
1,170872,170871,170874,2023-08-10 04:52:00,2023-08-10 04:54:00,1919.995,1919.445,-0.7499999999999545,23.159007057452783,44.38721123701946,0.045643153527017935,1.1231548443096238,0.8027767841249004,0.03147328877291626,0.7496416432212617,0.835709777746327,1.6189739214187158,-0.11222231554111523,4.492082570698271,0.0542890436311816,0.06840734879281476,0.9491525423725548,4,0.934,1.6189739214187158,0.7496416432212617,LONG,376,20.0,4,LOSS,2023-08-10
1,170884,170883,170885,2023-08-10 05:04:00,2023-08-10 05:05:00,1919.565,1919.455,-0.31000000000012734,16.215784670006588,41.95990576674373,0.07692307692316662,0.8977745280445711,0.600663848261487,0.008410177422125535,0.5248936784202365,0.08490311485523029,1.790683876937677,0.26195819872534504,5.588168650442484,0.01642987968635078,0.2161170196308571,0.29999999999931787,5,0.542,1.790683876937677,0.5248936784202365,LONG,377,10.0,5,LOSS,2023-08-10
1,170888,170887,170892,2023-08-10 05:08:00,2023-08-10 05:12:00,1919.675,1919.145,-0.7299999999999727,14.384133857337721,59.95340624929264,0.1823899371068265,0.8577614727446692,0.5959940258536017,0.016460489627220524,0.6821883971867243,0.6631759954365238,-0.6980799951966591,-0.010148495149120411,6.01678472050407,0.008066430862016033,1.0637409450611799,0.0,5,0.49,-0.6980799951966591,0.6821883971867243,LONG,378,3.0,6,LOSS,2023-08-10
1,170895,170894,170906,2023-08-10 05:15:00,2023-08-10 05:26:00,1919.785,1919.445,-0.5400000000001455,12.599615564436116,57.82581099583285,0.17391304347833608,0.8254314243367094,0.4124469973713224,0.09649152068306761,0.9245644187638201,1.1544893473626205,1.6956562289368748,-0.01318949909136727,2.8501455762978547,0.006971532300445769,0.18038896052584524,0.49999999999886313,5,0.4,1.6956562289368748,0.9245644187638201,LONG,379,3.0,7,LOSS,2023-08-10
1,170911,170910,170915,2023-08-10 05:31:00,2023-08-10 05:35:00,1919.945,1919.435,-0.7099999999999909,12.235610065676875,53.08962646311473,0.11494252873565772,0.8247257883042308,0.5730517693881042,0.07811858059987493,0.7553050268432142,1.032763455757454,0.5508071764043333,0.36105675892752526,4.445800780981411,0.022820427543984573,0.7475240251201667,0.4062500000004219,5,0.314,0.5508071764043333,0.7553050268432142,LONG,380,5.0,8,LOSS,2023-08-10
1,170919,170918,170941,2023-08-10 05:39:00,2023-08-10 06:01:00,1920.155,1920.225,-0.13000000000006368,11.30569778053347,57.15666124390937,0.2670157068062665,0.8509604957739999,0.5223654746262855,0.13373527697413737,0.8978494018641129,1.4422000777028638,1.4051205087230938,0.21648537268598236,3.317645645596761,0.004783277980539125,1.2880271329962434,0.0,5,0.326,1.4051205087230938,0.8978494018641129,LONG,381,4.0,9,LOSS,2023-08-10
1,170953,170952,170990,2023-08-10 06:13:00,2023-08-10 06:50:00,1920.775,1921.835,0.8599999999999455,18.920647249472594,48.584993496026144,0.37313432835833726,0.9945606566212933,1.134779059690428,0.144779546589848,0.6276183247329483,0.894543483533545,-1.421285906794905,1.299308438297711,5.962467706556446,0.12208511197590936,1.7332754960919627,0.0,6,0.524,-1.421285906794905,0.6276183247329483,LONG,382,12.0,10,WIN,2023-08-10
1,170992,170991,170996,2023-08-10 06:52:00,2023-08-10 06:56:00,1922.295,1921.818,-0.6770000000000891,30.602628074179627,51.94347468686026,0.15966386554631803,0.8570017266719242,0.3400034754246253,0.12626891356705333,1.08299207295304,1.6030299466640399,1.4249155081452134,-0.0034565934946985,4.037260606412698,0.28592949540950663,1.6149042425655111,0.0,6,0.126,1.4249155081452134,1.08299207295304,LONG,383,2.0,0,LOSS,2023-08-10
1,171003,171002,171011,2023-08-10 07:03:00,2023-08-10 07:11:00,1922.135,1920.818,-1.5170000000000072,19.064589548627293,61.18003522727754,0.026315789473660593,0.8969646679902166,0.41006977799167216,0.033992671794217645,0.7345902333835835,0.7384959002836562,0.9692758691219708,-0.005396695427796607,3.0462955886689014,0.25756376373459455,0.7384959002836562,0.11111111111097076,7,0.152,0.9692758691219708,0.7345902333835835,LONG,384,7.0,1,LOSS,2023-08-10
1,171018,171017,171023,2023-08-10 07:18:00,2023-08-10 07:23:00,1922.055,1921.595,-0.6600000000000363,24.57025918949936,44.456759735582665,0.0623145400593684,1.2114878246933805,1.2281038439436278,0.07942574608212641,0.6324828039031506,0.7245058938144938,-0.02869330272526835,0.6868135622595032,5.394340912355669,0.15214005071552392,0.5164794490554827,0.33333333333305265,7,0.712,-0.02869330272526835,0.6324828039031506,LONG,385,7.0,2,LOSS,2023-08-10
1,171027,171026,171028,2023-08-10 07:27:00,2023-08-10 07:28:00,1921.805,1921.565,-0.4400000000000091,16.737704311806517,42.68292940096954,0.06474820143880655,1.0755081611925434,1.0060981642867455,0.011786173321234513,0.5616245000754825,0.31397469993608346,2.0712467116227256,-0.18640690683919592,6.016478543284527,0.10302717277229029,0.230138523513387,0.65,7,0.586,2.0712467116227256,0.5616245000754825,LONG,386,4.0,3,LOSS,2023-08-10
1,171046,171045,171059,2023-08-10 07:46:00,2023-08-10 07:59:00,1921.585,1921.655,-0.13000000000006368,17.303315465500013,61.888206451088315,0.036585365853617956,1.0595292269295078,0.5848604959619152,0.05791436918455902,0.7067533994360758,0.5468144575438483,0.6637632143588202,0.2040873776670091,3.9414891824057223,0.03485782926229094,0.03160777211229055,0.9375000000000888,7,0.586,0.6637632143588202,0.7067533994360758,LONG,387,18.0,4,LOSS,2023-08-10
1,171062,171061,171067,2023-08-10 08:02:00,2023-08-10 08:07:00,1922.045,1921.805,-0.4400000000000091,17.028444197919875,54.56814141722053,0.034090909090896244,1.0317004042207674,0.7885216912262335,0.03529646323696524,0.7451082191202756,0.8992091092438668,1.5184882167845744,-0.1654462455468914,4.390411583311335,0.06493772796530017,0.9242971754339256,0.3777777777779013,8,0.556,1.5184882167845744,0.7451082191202756,LONG,388,3.0,5,LOSS,2023-08-10
1,171068,171067,171082,2023-08-10 08:08:00,2023-08-10 08:22:00,1922.015,1922.105,-0.11000000000008187,21.946214874048813,56.6462950746362,0.14553990610325332,1.1473298069285043,0.599160645216382,0.021210863892364585,0.6592616186304201,0.36987842853749003,-0.3896386756590538,-0.1494230311071735,3.3954227450320618,0.07964889022581732,0.7514460173430938,0.3720930232556172,8,0.75,-0.3896386756590538,0.6592616186304201,LONG,389,1.0,6,LOSS,2023-08-10
1,171090,171089,171102,2023-08-10 08:30:00,2023-08-10 08:42:00,1923.835,1925.158,1.1229999999998654,24.860285667555743,56.044544092041036,0.2897415818323876,1.5537528311181044,1.4957850220173223,0.11263427911030412,1.0548902395017241,1.596396969867421,0.8913361489337414,0.4732099706973996,3.7185429963321557,0.07622061061882056,2.3355792527527663,0.11597258829721008,8,1.0,0.8913361489337414,1.0548902395017241,LONG,390,8.0,7,WIN,2023-08-10
-1,171171,171170,171208,2023-08-10 09:51:00,2023-08-10 10:28:00,1921.795,1917.085,4.510000000000036,22.976748053801902,48.81044932775847,0.35278413424866883,1.0173695034803394,2.44141041488055,0.06238677030355896,0.41366487132996094,-0.6102434973150159,0.9276950707648438,-0.48736534778602064,6.1246807222943405,0.046937456754565274,0.965560175693986,0.3855421686746559,9,0.88,-0.9276950707648438,0.5863351286700391,SHORT,391,69.0,0,WIN,2023-08-10
-1,171211,171210,171222,2023-08-10 10:31:00,2023-08-10 10:42:00,1916.305,1917.025,-0.9200000000000272,40.14335946687401,52.849322617984825,0.09799833194329076,0.9284782759380488,0.7508348331600628,0.01158102664236288,0.334447662797427,-0.5240345646593217,-0.5478309725283881,0.4259498253584792,4.496779232837078,0.31920613398608166,0.70761500618235,0.21518987341782353,10,0.776,0.5478309725283881,0.665552337202573,SHORT,392,3.0,0,LOSS,2023-08-10
-1,171227,171226,171228,2023-08-10 10:47:00,2023-08-10 10:48:00,1916.155,1916.945,-0.9899999999999636,19.761217802442495,68.78230110353762,0.06143667296785887,0.8732665547775632,0.4736487537862535,0.0026701370413290556,0.24498977861073118,-0.586752765712661,0.0,0.053636108162358295,2.71790705147544,0.30622258488392395,1.0809117646020265,0.29059829059825903,10,0.732,-0.0,0.7550102213892689,SHORT,393,5.0,1,LOSS,2023-08-10
-1,171229,171228,171257,2023-08-10 10:49:00,2023-08-10 11:17:00,1915.805,1914.275,1.3299999999999728,19.414726293148554,72.21379702625958,0.14594162335066474,0.9092933357927708,0.3858195551946884,0.06039950166080204,0.05980991257574098,-0.7882105421065332,-0.9440391017271568,-0.20306374085692613,2.592381059611302,0.30622258488392395,1.3291076826947497,0.13709677419360605,10,0.748,0.9440391017271568,0.940190087424259,SHORT,394,1.0,2,WIN,2023-08-10
1,171335,171334,171352,2023-08-10 12:35:00,2023-08-10 12:52:00,1920.205,1920.225,-0.1800000000000182,19.706473302345994,67.02641998383767,0.1181818181818116,0.7264217039523418,0.18471363993692794,0.06231776665763126,0.8822960851433442,0.8210452344398612,1.0502657300163862,0.4074191182849326,2.363097892537914,0.19103072793254344,0.8139559407628337,0.031249999999977796,12,0.422,1.0502657300163862,0.8822960851433442,LONG,395,78.0,0,LOSS,2023-08-10
1,171361,171360,171363,2023-08-10 13:01:00,2023-08-10 13:03:00,1920.835,1919.925,-1.1100000000000818,19.23278261485238,42.31724134081321,0.09727626459143349,0.7583803543826351,0.5156031371390962,0.1640730637669504,0.7285293331651115,1.316787602150722,-0.09884893282718192,1.1045553859728452,4.412256910753577,0.15285594512152337,1.2880315489642737,0.08510638297864107,13,0.352,-0.09884893282718192,0.7285293331651115,LONG,396,9.0,1,LOSS,2023-08-10
-1,171410,171409,171427,2023-08-10 13:50:00,2023-08-10 14:07:00,1914.765,1914.545,0.020000000000027274,43.07100775753698,44.71834353998159,0.13962264150943687,1.2328897852224405,0.9726817012468455,0.014781415818030861,0.36891838916855,-0.6761308575035512,-0.8056231702582561,0.4297696869819541,4.965073216303923,0.34112345722981474,0.5765891476996671,0.2653061224491974,13,0.628,0.8056231702582561,0.63108161083145,SHORT,397,47.0,2,WIN,2023-08-10
-1,171432,171431,171443,2023-08-10 14:12:00,2023-08-10 14:23:00,1913.855,1914.085,-0.4300000000000182,23.032531370695196,45.37377304565176,0.26063829787236165,1.0450596557030583,0.7891474189579468,0.006119686985244043,0.4002788471502139,-0.4675676917994211,-0.43249776438356985,-0.06400635018840961,4.964322165097735,0.35946499144228394,0.601736020011756,0.11111111111104094,14,0.51,0.43249776438356985,0.5997211528497861,SHORT,398,5.0,0,LOSS,2023-08-10
-1,171451,171450,171463,2023-08-10 14:31:00,2023-08-10 14:43:00,1913.855,1914.095,-0.4400000000000091,13.861330522839971,49.534776645795525,0.14754098360658996,0.8351899791273889,0.472911758751721,0.03650797101366054,0.4527550101196874,-0.16570854064926202,0.6098074295893324,-0.3196137190950636,3.3141708129852403,0.30287281748294465,0.05302673300771562,0.9285714285714866,14,0.29,-0.6098074295893324,0.5472449898803127,SHORT,399,8.0,1,LOSS,2023-08-10
-1,171490,171489,171491,2023-08-10 15:10:00,2023-08-10 15:11:00,1914.495,1914.575,-0.2800000000001546,16.95409502861679,54.603560318222584,0.2405063291140042,0.7356358147072181,0.25959620346800305,0.004777582027714755,0.2695706905344654,-0.5942382919833202,-0.5942382919833202,0.07713810221559239,3.1692708905765072,0.09278948536563583,0.8319336087762881,0.27586206896530097,15,0.038,0.5942382919833202,0.7304293094655345,SHORT,400,27.0,2,LOSS,2023-08-10
-1,171492,171491,171496,2023-08-10 15:12:00,2023-08-10 15:16:00,1914.285,1914.625,-0.5399999999999181,15.372900817975042,55.2703045261981,0.052631578947321185,0.7419688861434367,0.26917339802550555,0.08428317595522283,0.06037366368376676,-1.1718768814435923,-2.2245798427413277,0.011900179600226254,3.1779712039172145,0.07648141085693727,1.0725652813217437,0.06896551724132524,15,0.036,2.2245798427413277,0.9396263363162333,SHORT,401,1.0,3,LOSS,2023-08-10
-1,171500,171499,171554,2023-08-10 15:20:00,2023-08-10 16:14:00,1914.335,1913.195,0.9400000000001001,12.406848767862417,59.62306428476679,0.10769230769219468,0.7550223356550069,0.23933550922646904,0.013713405406544008,0.1270021610515895,-0.8916458959198698,-0.2869664952380538,0.21695696295752406,3.3616075156495016,0.05778927210330669,1.7217989714301871,0.0,15,0.02,0.2869664952380538,0.8729978389484105,SHORT,402,4.0,4,WIN,2023-08-10
-1,171572,171571,171602,2023-08-10 16:32:00,2023-08-10 18:02:00,1913.195,1912.605,0.38999999999991813,16.258939597388615,48.178381243923475,0.0884229717410955,0.7503402356564828,0.2124380206745795,0.008615832728278604,0.16248726571010005,-0.8156425728643586,-0.9607328382303247,0.2022201884344537,5.685969858908678,0.15415540629210273,0.6339529612804058,0.6407407407407907,16,0.03,0.9607328382303247,0.8375127342898999,SHORT,403,18.0,0,WIN,2023-08-10
-1,171621,171620,171644,2023-08-10 18:21:00,2023-08-10 18:44:00,1912.885,1912.895,-0.20999999999999092,17.180752947599878,42.62059765731876,0.08333333333325438,0.9862412254010184,0.7268228537476322,0.03462569350030667,0.4862293918117071,-0.07471820189597692,0.9641058309176345,-0.7211504678901525,4.772323863041249,0.07255016265472054,0.19282116618330766,0.0,18,0.122,-0.9641058309176345,0.5137706081882929,SHORT,404,19.0,0,LOSS,2023-08-10
-1,171650,171649,171656,2023-08-10 18:50:00,2023-08-10 18:57:00,1912.395,1912.805,-0.6100000000000818,28.515188811183123,49.18976028961221,0.05590062111796505,0.9733052712174936,0.6248229929895814,0.1032633430865158,0.20185300641336912,-1.1332931294070907,-1.8173074680900712,-0.5381004613931967,4.0384610401985,0.04240914693031363,1.009615260049912,0.09090909090899696,18,0.14,1.8173074680900712,0.7981469935866309,SHORT,405,6.0,1,LOSS,2023-08-10
-1,171660,171659,171672,2023-08-10 19:01:00,2023-08-10 19:13:00,1911.655,1912.155,-0.7,23.157874290958883,37.16589412457729,0.32765957446809,1.1438166821502467,1.166690995610119,0.26054060566665743,-0.15329447578367278,-3.4214273442652514,-5.131138840843277,-0.392324337132615,5.371660974007591,0.06418700879910683,3.218987882185788,0.024301336573486702,19,0.322,5.131138840843277,1.1532944757836727,SHORT,406,4.0,2,LOSS,2023-08-10
-1,171673,171672,171677,2023-08-10 19:14:00,2023-08-10 19:18:00,1911.805,1911.955,-0.3499999999998636,27.731902153257536,42.459908740068755,0.15555555555559297,1.1990667634772032,1.6220387748088871,0.004161359128843384,0.3490552392549087,-0.8566140512197025,-2.8951170717180954,0.5055381913754309,7.428529804021126,0.13372524101788424,1.2261672303745133,0.2653061224491974,19,0.39,2.8951170717180954,0.6509447607450913,SHORT,407,1.0,3,LOSS,2023-08-10
-1,171706,171705,171727,2023-08-10 19:47:00,2023-08-10 20:11:00,1912.355,1912.355,-0.2,18.161145163449156,59.53704309422626,0.06493506493498824,0.6862717366707919,0.3557847613930861,0.03581955833162332,0.2503870472454201,-0.6797180065351119,0.4045940515083381,-0.37089968716025234,2.670320739956871,0.01190171669018396,0.4855128618100057,0.0,19,0.004,-0.4045940515083381,0.7496129527545798,SHORT,408,29.0,4,LOSS,2023-08-10
1,171794,171793,171799,2023-08-10 21:18:00,2023-08-10 21:23:00,1915.265,1914.515,-0.95,34.746992007187416,54.97293342442552,0.11794871794876578,1.3386675470527023,1.1977101184115346,0.07000362235102342,0.7591925768751536,0.9859681638758903,1.1322122455997004,0.28661380322120755,3.7425904785113326,0.40886190405584694,1.0378612251331183,0.0,21,0.68,1.1322122455997004,0.7591925768751536,LONG,409,67.0,5,LOSS,2023-08-10
1,171812,171811,171838,2023-08-10 21:36:00,2023-08-10 22:02:00,1914.825,1915.145,0.11999999999993632,22.97741813208624,63.5490764860454,0.29927007299273467,1.2283321726512662,1.1386042241370844,0.03737708447568483,0.6149409771506393,0.4291031789905402,-0.28086753533891434,0.2555166361731548,3.776107975115618,0.24207477049659892,0.9674326217236366,0.26190476190462014,21,0.708,-0.28086753533891434,0.6149409771506393,LONG,410,13.0,6,WIN,2023-08-10
1,171839,171838,171840,2023-08-10 22:03:00,2023-08-10 22:04:00,1915.285,1915.235,-0.2500000000001819,21.859667631084484,65.63967646231642,0.12448132780086185,1.0413907222687928,0.6006895272953919,0.00905666627060037,0.6520548920070025,0.3493999695158863,0.46658444824962136,0.05427795286499854,2.835397800899034,0.24160395822717706,0.6460400052683926,0.21739130434761117,22,0.586,0.46658444824962136,0.6520548920070025,LONG,411,1.0,0,LOSS,2023-08-10
1,171841,171840,171853,2023-08-10 22:05:00,2023-08-10 22:17:00,1915.295,1914.835,-0.6600000000000363,20.315916644608254,64.76948755878294,0.020604395604371793,1.0089059086713235,0.5277046799057155,0.01057758981279325,0.614973925994674,0.24098882203301053,1.1234910118029504,-0.21888403842072643,2.647693817816423,0.24160395822717706,0.26214790275467453,0.5333333333325249,22,0.566,1.1234910118029504,0.614973925994674,LONG,412,1.0,1,LOSS,2023-08-10
-1,171960,171959,171964,2023-08-11 00:04:00,2023-08-11 00:08:00,1914.115,1914.545,-0.6300000000000636,24.05886455711361,38.94939122142272,0.05970149253727291,0.8137449733695639,0.8713238578680295,0.09131304156119764,0.31779004343025563,-0.9511584070780918,0.4677828231527531,-0.7180450879302468,4.573876493053868,0.05243409916523528,0.7796380385891036,0.16666666666645613,0,0.322,-0.4677828231527531,0.6822099565697444,SHORT,413,107.0,2,LOSS,2023-08-11
-1,171968,171967,172007,2023-08-11 00:12:00,2023-08-11 00:51:00,1914.145,1913.165,0.7800000000000182,16.914649846123343,40.389910786341495,0.29323308270680803,0.7737140189062846,0.7060851049931497,0.11642963078515518,0.17523752554746888,-1.5346913818506407,-3.0618725103732083,-0.009288741391887574,4.96832143192733,0.04145157452259098,0.9243388710565834,0.04191616766500492,0,0.24,3.0618725103732083,0.8247624744525311,SHORT,414,4.0,3,WIN,2023-08-11
-1,172021,172020,172022,2023-08-11 01:05:00,2023-08-11 01:06:00,1913.075,1913.215,-0.3399999999998727,21.829720638123884,58.73626360404705,0.07142857142851343,0.9536200407821879,0.8539512281807273,0.025402883757155402,0.4984393919165258,-0.007803603173611005,0.15607206346393987,-0.6048925280512154,5.306450157778687,0.19799306777350575,0.6763122750104061,0.43478260869621094,1,0.406,-0.15607206346393987,0.5015606080834742,SHORT,415,14.0,0,LOSS,2023-08-11
-1,172023,172022,172030,2023-08-11 01:07:00,2023-08-11 01:14:00,1913.155,1913.075,-0.12000000000007277,19.394677664517147,57.206457682915236,0.023255813953471975,0.9330465100873337,0.6495050457532758,0.009735719864524366,0.4656523563838562,-0.1343017910024045,-0.805810746011984,-0.06652536425903453,5.425792356477354,0.19554636796080474,0.537207164007175,0.0,1,0.35,0.805810746011984,0.5343476436161438,SHORT,416,1.0,1,LOSS,2023-08-11
-1,172031,172030,172035,2023-08-11 01:15:00,2023-08-11 01:19:00,1912.975,1913.225,-0.45,15.066043568615857,50.156500022721865,0.11764705882367366,0.8910044712149746,0.5191918663240251,0.04090501189834193,0.27109212702298796,-0.7494540343191314,-2.4213130339567384,0.35784243084150846,4.150822343925276,0.1981841423309705,0.6341534136559605,0.0,1,0.28,2.4213130339567384,0.728907872977012,SHORT,417,1.0,2,LOSS,2023-08-11
1,172144,172143,172146,2023-08-11 03:08:00,2023-08-11 03:10:00,1916.965,1915.865,-1.299999999999909,22.4371387888847,47.4700929925665,0.37959183673465524,1.1806447900527521,0.8695125457747179,0.1492776839149186,1.118683389233746,1.91522405158135,2.146858818882812,0.3897197861353322,4.011236214228665,0.12076407175142387,1.6101441141619484,0.31325301204820927,3,0.972,2.146858818882812,1.118683389233746,LONG,418,109.0,3,LOSS,2023-08-11
1,172158,172157,172160,2023-08-11 03:22:00,2023-08-11 03:24:00,1916.225,1915.825,-0.5999999999998635,11.885080630914672,53.233809320000006,0.21593030491595344,1.0973294047423665,0.8229643065499953,0.007006864802455877,0.6125835139157244,0.3342421721855265,-0.2598859222187657,-0.07257686471447979,4.158174755493686,0.0067217587222420565,0.5197718444362184,0.4545454545462062,3,0.938,-0.2598859222187657,0.6125835139157244,LONG,419,12.0,4,LOSS,2023-08-11
1,172161,172160,172177,2023-08-11 03:25:00,2023-08-11 03:41:00,1916.375,1916.738,0.16300000000005638,10.41255514474312,69.36090250360978,0.18454935622319105,1.1366643049866776,0.8385894232910416,0.04176660525534782,0.7056020609368938,0.5806787463622062,1.279807787995033,0.3043584439543969,3.9211132227932137,0.0067217587222420565,1.4704174585473002,0.18181818181805653,3,0.962,1.279807787995033,0.7056020609368938,LONG,420,1.0,5,WIN,2023-08-11
1,172178,172177,172216,2023-08-11 03:42:00,2023-08-11 04:20:00,1916.895,1917.988,0.8930000000000746,10.583612303506687,48.81720219952935,0.2995391705069443,1.0853435331089845,1.2585952521701198,0.009964379946259077,0.6096330516453919,0.4578927172686046,0.6525786944445157,-0.4058275677783535,4.785577092592909,0.09409190485997361,0.34532289247674786,0.39523809523842524,3,0.944,0.6525786944445157,0.6096330516453919,LONG,421,1.0,0,WIN,2023-08-11
1,172222,172221,172228,2023-08-11 04:26:00,2023-08-11 04:32:00,1918.295,1917.705,-0.7900000000001455,29.979485376870983,55.33231127898816,0.11288711288691909,0.7988878293193183,0.6020400687651158,0.023449126128712274,0.7385668443464785,0.7787699286246366,1.0309144118585563,-0.08753908649737448,4.424341017559352,0.22696415602115927,1.67523591927052,0.0,4,0.392,1.0309144118585563,0.7385668443464785,LONG,422,6.0,0,LOSS,2023-08-11
1,172235,172234,172250,2023-08-11 04:39:00,2023-08-11 04:54:00,1917.925,1918.228,0.10300000000011095,28.650416290405623,31.28940370999569,0.09549756237456825,1.1289100396560294,1.359484234745897,0.007606718059997608,0.5172052602505366,0.08019176597971064,-0.11649479517416063,0.7320210800980639,7.260605838740925,0.14956001961518586,0.10836725132439946,0.8571428571429731,4,0.924,-0.11649479517416063,0.5172052602505366,LONG,423,7.0,1,WIN,2023-08-11
1,172254,172253,172269,2023-08-11 04:58:00,2023-08-11 05:13:00,1918.985,1918.895,-0.28999999999991816,17.88694376083567,47.9079484355535,0.0,0.9774148443603664,1.2679478794779626,0.12613670695961354,0.8340512308377017,1.811601836209869,4.115665441806185,0.08065568743209911,5.188896915669096,0.1613497209636534,1.28916693556942,0.0,4,0.704,4.115665441806185,0.8340512308377017,LONG,424,4.0,0,LOSS,2023-08-11
-1,172319,172318,172327,2023-08-11 06:03:00,2023-08-11 06:11:00,1917.655,1917.568,-0.11300000000001093,10.919705113951485,56.11818305128607,0.21627731725699695,0.8529015087480792,0.5884101388471348,0.007591722102319933,0.4196301079897973,-0.2781090246135985,-1.3555961595784753,0.327655495149696,4.477703564608612,0.05681648413563779,0.0,1.0,6,0.298,1.3555961595784753,0.5803698920102027,SHORT,425,50.0,1,LOSS,2023-08-11
-1,172328,172327,172337,2023-08-11 06:12:00,2023-08-11 06:21:00,1917.305,1917.435,-0.3299999999998818,13.979970954161786,60.02448128904612,0.26435045317212297,0.8741086986971156,0.46151145278917277,0.08385906232275508,0.1100871748640964,-1.0461729503294626,-0.7184383015793852,0.0917416757805358,2.8188138067872095,0.07750087973642418,1.1959884667475313,0.034129692832745966,6,0.302,0.7184383015793852,0.8899128251359036,SHORT,426,1.0,2,LOSS,2023-08-11
-1,172355,172354,172361,2023-08-11 06:39:00,2023-08-11 06:45:00,1917.565,1918.245,-0.8799999999998362,23.035692391787688,50.74214685374075,0.2763157894736271,0.9233839164187497,0.7923392767240691,0.11614775051117086,0.23528108115780827,-1.189872626107366,0.28548421109872335,-1.0025553192002603,4.09052003962321,0.03539898185808835,1.7043833498423582,0.3333333333337123,6,0.326,-0.28548421109872335,0.7647189188421917,SHORT,427,18.0,3,LOSS,2023-08-11
-1,172369,172368,172376,2023-08-11 06:53:00,2023-08-11 07:00:00,1917.575,1917.825,-0.45,13.81238964068087,51.937137736995005,0.06141248720567038,0.9148481333283617,0.6402502655179233,0.10999162949685329,0.15549975364989865,-1.3068917475122166,-1.8788106587538704,-0.38361481470822856,3.7128877303966124,0.0032690497151014507,1.476208374735402,0.0,6,0.29,1.8788106587538704,0.8445002463501013,SHORT,428,8.0,4,LOSS,2023-08-11
-1,172393,172392,172396,2023-08-11 07:17:00,2023-08-11 07:20:00,1917.475,1917.825,-0.5500000000001364,8.86244736704399,44.96490833400201,0.2158273381295572,0.9089426586761054,0.31117766188171436,0.02876601580728599,0.21300753335215403,-0.513564476827513,-0.13924025580585006,-0.018239806368785135,4.270034511350205,0.03405995004483355,0.7890281162282254,0.22727272727249237,7,0.222,0.13924025580585006,0.786992466647846,SHORT,429,17.0,5,LOSS,2023-08-11
-1,172403,172402,172405,2023-08-11 07:27:00,2023-08-11 07:29:00,1917.525,1917.865,-0.5399999999999181,8.697478749795104,63.291280921089886,0.00970873786429199,0.916732947680599,0.3591993158309903,0.04448996705616307,0.24693019413537198,-0.5203771629956593,-0.8031240826981472,-0.26032421664722794,4.3463185651931955,0.022634289869895748,1.086579641297493,0.4651162790703331,7,0.21,0.8031240826981472,0.753069805864628,SHORT,430,7.0,6,LOSS,2023-08-11
-1,172407,172406,172409,2023-08-11 07:31:00,2023-08-11 07:33:00,1917.435,1917.975,-0.7399999999999636,11.252713594519735,67.76988600486001,0.26241134751788375,0.9627730680433122,0.3799969711840557,0.05676025315890846,0.04595707471813002,-0.9225879563241008,-0.8913893297805014,-0.21484639662661958,2.273042790939721,0.022140264953576145,0.8913893297805014,0.2592592592590409,7,0.256,0.8913893297805014,0.95404292528187,SHORT,431,2.0,7,LOSS,2023-08-11
1,172433,172432,172455,2023-08-11 07:57:00,2023-08-11 08:19:00,1918.795,1918.998,0.002999999999974523,17.798179539529276,63.980796930646,0.13916500994044548,1.0002522901295707,0.5760626446849841,0.03228622616180809,0.7420834516045135,0.7040201508141083,0.6433324558156537,-0.0733707581189757,4.6319936818705605,0.1651018552754274,1.3767314554452648,0.02727272727275859,7,0.348,0.6433324558156537,0.7420834516045135,LONG,432,24.0,8,WIN,2023-08-11
1,172459,172458,172467,2023-08-11 08:23:00,2023-08-11 08:31:00,1919.765,1916.215,-3.750000000000182,25.53147904963313,44.19236032298145,0.0316472815796498,1.5267168222058964,1.622411962704999,0.007878770634563641,0.7254811551438641,0.9132935016377673,1.6895243411042378,-0.6737746277745278,4.998880144242367,0.20199484857454253,0.12671432558270979,0.8333333333334386,8,0.998,1.6895243411042378,0.7254811551438641,LONG,433,4.0,0,LOSS,2023-08-11
-1,172508,172507,172517,2023-08-11 09:12:00,2023-08-11 09:21:00,1915.415,1916.235,-1.0199999999999363,15.945864297431338,58.3931218204966,0.11224489795919551,1.1636090397975054,1.3738478689414688,0.03472185817456216,0.44342466218058424,-0.1661811132323566,0.6814621190108154,-0.46789918928566904,3.7420639166739735,0.17397110755340794,0.10759928194899027,0.8333333333334737,9,0.918,-0.6814621190108154,0.5565753378194158,SHORT,434,41.0,1,LOSS,2023-08-11
-1,172524,172523,172530,2023-08-11 09:28:00,2023-08-11 09:34:00,1914.935,1916.275,-1.5400000000001455,13.404946951771848,51.16931858594943,0.1957671957671996,0.9864564083812621,1.240270786608155,0.03597275347550975,0.30738118818608146,-0.6379069910013354,-0.42429593438175645,-0.2613890073678213,3.526045523653084,0.15559588624406126,0.8046991858961707,0.2028985507244371,9,0.888,0.42429593438175645,0.6926188118139185,SHORT,435,7.0,2,LOSS,2023-08-11
-1,172532,172531,172535,2023-08-11 09:36:00,2023-08-11 09:39:00,1914.165,1916.725,-2.7599999999999456,16.869350091613303,50.611660339683134,0.25697548944042126,1.1378791515279292,1.6450939056514524,0.02902390627799901,0.13280371220067155,-1.3347142531449552,-2.4510174697313123,0.4141556611299931,3.463834605984187,0.115193547960867,2.4188456312858566,0.13873568095036157,9,0.918,2.4510174697313123,0.8671962877993284,SHORT,436,2.0,3,LOSS,2023-08-11
-1,172543,172542,172552,2023-08-11 09:47:00,2023-08-11 09:56:00,1915.085,1915.785,-0.9000000000000454,11.838167769925123,46.993035108508444,0.20000000000001159,1.2388613508519657,2.244135536052799,0.00993993757082874,0.36262241000196904,-0.5910186148457726,0.6500574110594413,0.015211420614283978,4.763853564628978,0.023787085784484796,1.1574902856624159,0.15985915492963204,9,0.97,-0.6500574110594413,0.637377589998031,SHORT,437,8.0,4,LOSS,2023-08-11
1,172584,172583,172591,2023-08-11 10:28:00,2023-08-11 10:35:00,1918.625,1917.335,-1.4899999999999636,37.645960062781725,48.964341291107445,0.19999999999997473,0.9614811830119366,0.9522519263029617,0.019556313069483605,0.6639585653564054,0.4551730917310042,1.1765570778417385,-0.1946207925728662,4.183314054548343,0.08598800000170007,0.3446480329030891,0.38297872340436856,10,0.826,1.1765570778417385,0.6639585653564054,LONG,438,32.0,5,LOSS,2023-08-11
1,172597,172596,172610,2023-08-11 10:41:00,2023-08-11 10:54:00,1918.785,1918.835,-0.15000000000004549,26.960951211712157,49.20823083259071,0.03422053231936205,0.9142419757189302,0.97376321180865,0.04630910686499487,0.6832728742050607,0.5810052796129421,1.1516585720612407,0.40996078810574554,3.623195507607931,0.10035588497369001,0.2976196309821084,0.5818181818181142,10,0.78,1.1516585720612407,0.6832728742050607,LONG,439,6.0,6,LOSS,2023-08-11
1,172619,172618,172627,2023-08-11 11:03:00,2023-08-11 11:11:00,1919.295,1918.355,-1.1400000000000545,14.95256548955629,56.50166193989032,0.211428571428564,0.7239750135478317,0.4505593483669553,0.05521621468412806,0.6779679069871795,0.4101390722255323,-0.34659639906437895,0.19784260766354414,2.6572390594924045,0.1322595396975861,0.23106426604262742,0.7142857142860236,11,0.694,-0.34659639906437895,0.6779679069871795,LONG,440,9.0,7,LOSS,2023-08-11
-1,172680,172679,172682,2023-08-11 12:04:00,2023-08-11 12:06:00,1913.735,1914.105,-0.5700000000001182,20.626571337011146,48.688557672133285,0.031055900621228538,0.7842720282586652,0.4157990922165584,0.029183052093394668,0.4830441311232842,-0.050572484179152194,1.8619869175110886,-0.09737629176601292,3.7009863422123788,0.2955433330536806,0.06896247842678185,0.8571428571419291,12,0.556,-1.8619869175110886,0.5169558688767157,SHORT,441,53.0,8,LOSS,2023-08-11
-1,172699,172698,172707,2023-08-11 12:23:00,2023-08-11 12:31:00,1914.408,1914.885,-0.6770000000000891,13.67096593319339,56.551853004965906,0.14586709886551186,0.6939079123628409,0.4549092260702875,0.0073289197127852715,0.44453427200097795,-0.23829750856451634,0.5426129227267008,-0.14592148589463932,4.8533711421714,0.18642688362585028,0.8832532575507394,0.0330033003299909,12,0.474,-0.5426129227267008,0.555465727999022,SHORT,442,17.0,9,LOSS,2023-08-11
-1,172714,172713,172738,2023-08-11 12:38:00,2023-08-11 13:02:00,1914.375,1914.445,-0.26999999999993635,12.908090124475313,46.45659553051201,0.0937500000000407,0.7171660636189391,0.35874832300595977,0.03936825034628214,0.3194499568057391,-0.6179330829193729,-0.29224370710789593,0.05763761745571579,3.8316397154175883,0.12576411271638147,0.0974145690359653,0.8695652173914333,12,0.426,0.29224370710789593,0.6805500431942608,SHORT,443,7.0,10,LOSS,2023-08-11
-1,172756,172755,172799,2023-08-11 13:20:00,2023-08-11 14:03:00,1914.795,1913.515,1.0799999999999728,20.71337737021963,57.481919190941944,0.07272727272724266,0.7293640673965974,0.40067249865238486,0.059492368601189574,0.3981343710818175,-0.4136522841227154,-0.12926633878853225,-0.4446816043725755,5.558452567911786,0.01602567744323977,0.30162145717324196,0.36363636363636365,13,0.164,0.12926633878853225,0.6018656289181825,SHORT,444,18.0,11,WIN,2023-08-11
-1,172807,172806,172818,2023-08-11 14:11:00,2023-08-11 14:22:00,1913.155,1913.175,-0.21999999999998182,24.244185355647247,46.22279856496604,0.013513513513505208,0.7791961447564498,0.3788843599683744,0.07526394191709174,0.3395549881606365,-0.5793016130094389,-0.3572785278471237,-0.08447395937984672,3.82798422693695,0.19825320543838706,0.0,1.0,14,0.02,0.3572785278471237,0.6604450118393634,SHORT,445,8.0,0,LOSS,2023-08-11
-1,172834,172833,172839,2023-08-11 14:38:00,2023-08-11 14:43:00,1913.165,1913.295,-0.33000000000010915,17.7438162585334,66.57086166365262,0.16666666666672983,0.7363626750677527,0.37089277893187766,0.028123883434585766,0.46496697583852215,-0.1347868737436777,-0.626915691830164,-0.3201905275489247,6.331848487475962,0.15345632839936504,0.37614941509724314,0.5384615384623457,14,0.002,0.626915691830164,0.5350330241614778,SHORT,446,16.0,1,LOSS,2023-08-11
-1,172840,172839,172841,2023-08-11 14:44:00,2023-08-11 14:45:00,1913.145,1913.265,-0.32000000000011825,15.238798990874125,63.945397197744114,0.28813559322039123,0.7138113880091066,0.16332230174526585,0.020439340967101996,0.16692676809191687,-0.5916143469402882,-0.5440131925869225,-0.0009265568291367483,2.4480593666426977,0.14889034003679544,0.9520230870286606,0.1764705882350581,14,0.004,0.5440131925869225,0.8330732319080831,SHORT,447,1.0,2,LOSS,2023-08-11
-1,172842,172841,172843,2023-08-11 14:46:00,2023-08-11 14:47:00,1913.185,1913.225,-0.23999999999996363,13.502501615977407,63.558646461665965,0.0,0.7434162576786519,0.15106672043793762,0.017784217883057802,0.18331484453029953,-0.4945469088155688,-0.5895261164672033,0.09846738738954477,2.423607367699992,0.13097066246223094,0.7205319201280712,0.08333333333317544,14,0.01,0.5895261164672033,0.8166851554697004,SHORT,448,1.0,3,LOSS,2023-08-11
-1,172845,172844,172851,2023-08-11 14:49:00,2023-08-11 14:55:00,1913.135,1913.175,-0.23999999999996363,11.386792863463363,69.74269231454178,0.014925373134308098,0.7193344938880128,0.15483586164616037,0.01591938218473268,0.25340856442469717,-0.4110130997982925,-1.114611796068616,0.025571594559914174,2.5775397784065954,0.13097066246223094,0.6966323725434789,0.16666666666635088,14,0.002,1.114611796068616,0.7465914355753028,SHORT,449,2.0,4,LOSS,2023-08-11
-1,172857,172856,172874,2023-08-11 15:01:00,2023-08-11 15:18:00,1912.805,1912.855,-0.24999999999995454,15.781608285259844,39.27689817093876,0.3653846153845944,0.8135430939419039,0.32833481559611555,0.19445478687686168,-0.3469634524661392,-2.603417308856408,-2.201895236346692,-0.49513703095877165,4.662836971088411,0.09744798428566939,2.97903473152883,0.021276595744660266,15,0.044,2.201895236346692,1.3469634524661391,SHORT,450,6.0,5,LOSS,2023-08-11
-1,172898,172897,172904,2023-08-11 15:42:00,2023-08-11 15:48:00,1912.895,1913.085,-0.3900000000000546,15.903407820415092,43.05903490229987,0.01999999999998181,0.9176897530082704,0.650046980286561,0.07964127350309212,0.28584749626193734,-0.9500901358236525,-1.062212574214271,-0.722410987844522,4.602921154926719,0.04734822449626331,1.1389279267959134,0.0,15,0.074,1.062212574214271,0.7141525037380627,SHORT,451,24.0,6,LOSS,2023-08-11
-1,172908,172907,172909,2023-08-11 15:52:00,2023-08-11 15:53:00,1912.948,1913.205,-0.4569999999998345,13.854726472916159,57.21900995854698,0.06583072100328077,0.9059796018092512,0.5937130789764599,0.04549278033750221,0.2584279620753771,-0.9099673172698282,-2.1831877168376264,0.012490403407456429,4.4642213817679,0.02364150136317449,0.18346115267527888,0.7,15,0.058,2.1831877168376264,0.7415720379246229,SHORT,452,4.0,7,LOSS,2023-08-11
1,172943,172942,172948,2023-08-11 16:27:00,2023-08-11 16:32:00,1913.328,1912.838,-0.690000000000009,11.955088967037677,57.907332755216565,0.2812500000000555,0.8099378137789741,0.476949430909713,0.054279222433700515,0.7845567045631051,0.9528473746379149,1.733134805589383,0.3296755875136312,5.071303148528546,0.013893052313608741,2.358570409346133,0.030959752321944374,16,0.014,1.733134805589383,0.7845567045631051,LONG,453,34.0,8,LOSS,2023-08-11
1,172980,172979,172983,2023-08-13 18:04:00,2023-08-13 18:07:00,1913.848,1913.445,-0.60300000000002,30.58805901161379,41.54392532607697,0.015042511445328649,1.501754161960115,1.024099693783199,0.07198415461252128,0.8811396038423156,1.0497222485506128,1.9700669650666827,0.024483727719239436,5.683790214141435,0.049118347751624596,0.6880532385456113,0.11363636363630492,18,0.562,1.9700669650666827,0.8811396038423156,LONG,454,2972.0,9,LOSS,2023-08-13
1,172984,172983,173006,2023-08-13 18:08:00,2023-08-13 18:30:00,1913.785,1914.595,0.6099999999999455,35.48991720567622,42.38586756224014,0.04367555303459543,1.4099240089864058,0.8844353049477186,0.035896236531772784,0.700976627557919,0.4977526350379081,0.0,0.29778052983259307,5.935569670139212,0.06759424101377128,0.8597824664453304,0.09677419354831612,18,0.552,0.0,0.700976627557919,LONG,455,1.0,10,WIN,2023-08-13
-1,173098,173097,173145,2023-08-13 20:02:00,2023-08-13 20:49:00,1913.245,1911.015,2.0299999999997906,19.930315868176464,46.71104415301968,0.2534562211981007,1.1602997997693103,1.4051098200827066,0.031246508006113657,0.3505578900496051,-0.8432636396420448,-1.3994507587675376,-0.13712742719543256,5.094757221781737,0.040654493663649066,0.7942828630841618,0.27586206896530097,20,0.65,1.3994507587675376,0.6494421099503949,SHORT,456,92.0,0,WIN,2023-08-13
-1,173148,173147,173152,2023-08-13 20:52:00,2023-08-13 20:56:00,1910.645,1911.155,-0.7099999999999909,37.822754080216505,63.767670452030266,0.08051529790668509,1.003653913055022,0.5336222898140548,0.08934451177171016,0.029424625661331968,-1.1346063901615935,-1.1182060349809029,-0.07382423829736422,2.911063044400535,0.39552907939514487,1.077205147031719,0.2394736842103232,20,0.672,1.1182060349809029,0.970575374338668,SHORT,457,3.0,0,LOSS,2023-08-13
-1,173158,173157,173159,2023-08-13 21:02:00,2023-08-13 21:03:00,1910.754,1911.355,-0.8010000000001127,24.142288892225277,56.81735409430122,0.08555657773697789,1.043354214589249,0.550254498329835,0.07137129121315255,0.20954271590535345,-0.6804051038977698,-0.944712234740457,-0.37100425556106864,2.9756666270279686,0.34155946256466274,0.5908874277211464,0.6446808510640284,21,0.742,0.944712234740457,0.7904572840946466,SHORT,458,6.0,1,LOSS,2023-08-13
-1,173163,173162,173164,2023-08-13 21:07:00,2023-08-13 21:08:00,1910.775,1911.465,-0.8899999999998272,21.285110237200936,46.10509146240659,0.19130434782605343,1.267669553412702,0.8248990516513768,0.018300750379066054,0.25185703902559164,-0.6347900021884654,0.3612626028719375,0.4145989606534431,4.438369120994988,0.24677137469176222,0.6193073192086166,0.6190476190476706,21,0.946,-0.3612626028719375,0.7481429609744084,SHORT,459,4.0,2,LOSS,2023-08-13
-1,173174,173173,173188,2023-08-13 21:18:00,2023-08-13 21:32:00,1910.705,1910.865,-0.36000000000008187,14.717243872641033,52.79769835640938,0.6093749999995587,1.2290942601071486,1.0946892556720096,0.1254142407944345,0.031078931739371936,-1.5688699369599304,-1.6837143324731245,-0.5594540782475084,4.322371122169411,0.14612085618132775,2.0104051731019057,0.058823529411969264,21,0.966,1.6837143324731245,0.9689210682606281,SHORT,460,10.0,3,LOSS,2023-08-13
-1,173190,173189,173199,2023-08-13 21:34:00,2023-08-13 21:43:00,1910.425,1911.175,-0.95,16.301405848031706,64.226078682029,0.08571428571431046,1.1699183743522548,1.204328623429314,0.04714487010528983,0.27920076181513964,-0.837769911227517,0.29013676579272724,0.04003784706656534,4.572071867621403,0.1626160232315823,0.9429444888274631,0.3809523809523294,21,0.984,-0.29013676579272724,0.7207992381848604,SHORT,461,2.0,4,LOSS,2023-08-13
1,173236,173235,173243,2023-08-13 22:20:00,2023-08-13 22:27:00,1911.365,1911.005,-0.5599999999998999,20.252952816927493,47.47009299256603,0.0048309178743908285,0.9437950073162469,0.8114978350136538,0.01869594722571512,0.556139154927757,0.19955130052412837,-0.44675664296317275,0.5649618451340979,3.8718909056783475,0.0009506132523865141,0.20848643338249792,0.6500000000003979,22,0.826,-0.44675664296317275,0.556139154927757,LONG,462,37.0,5,LOSS,2023-08-13
-1,173243,173242,173248,2023-08-13 22:27:00,2023-08-13 22:32:00,1911.005,1911.365,-0.5599999999998999,15.99895364719475,48.330409609956625,0.04419191919187732,0.854188940709446,0.7041398277318603,0.07197918204371881,0.33740945192197935,-0.5745288609857644,0.0,-0.5207288552959485,4.508828972422908,0.003876043904760363,0.5549327966054111,0.3043478260876442,22,0.71,-0.0,0.6625905480780206,SHORT,463,0.0,6,LOSS,2023-08-13
1,173321,173320,173329,2023-08-13 23:45:00,2023-08-13 23:53:00,1912.565,1912.465,-0.30000000000013644,16.992907560359747,72.27434802317111,0.3333333333335205,0.7709482989553066,0.41167011608797344,0.04776027916549193,0.6702543770008156,0.49511054183358844,0.0,0.23266138168363845,3.658452279558994,0.11642321739258504,0.6341317284574247,0.2777777777774269,23,0.394,0.0,0.6702543770008156,LONG,464,73.0,7,LOSS,2023-08-13
1,173336,173335,173344,2023-08-14 00:00:00,2023-08-14 00:08:00,1912.645,1912.465,-0.3800000000000637,13.520973562753676,45.83600849770525,0.16788321167885878,0.8091597525579161,0.5340663272284905,0.06216477022947152,0.7542041583438626,0.9395541163719195,0.5934025998131338,0.4439791030575794,4.351619065299688,0.10552451107075655,0.989004333023014,0.23076923076902897,23,0.368,0.5934025998131338,0.7542041583438626,LONG,465,7.0,8,LOSS,2023-08-14
1,173351,173350,173367,2023-08-14 00:15:00,2023-08-14 00:31:00,1912.615,1912.525,-0.28999999999991816,11.976303228680123,47.680411672204954,0.12280701754393664,0.852009124425302,0.5994953644359152,0.03286675850460951,0.6834760309955761,0.7177958304644373,-0.349292374921721,-0.13152064169497332,3.8422161241423343,0.07007329703896491,0.14969673210930898,0.7857142857142857,0,0.346,-0.349292374921721,0.6834760309955761,LONG,466,7.0,9,LOSS,2023-08-14
-1,173388,173387,173391,2023-08-14 00:52:00,2023-08-14 00:55:00,1911.978,1912.335,-0.5569999999999709,19.035476115324748,53.17368559189328,0.2778101339545491,1.0202074055644204,0.6008411580403075,0.09329181829355382,0.03535246352659397,-1.5544693600198576,-2.353024135374517,0.10259534278271693,3.9737978756817567,0.021648310229056427,2.30837472104106,0.15384615384658323,0,0.43,2.353024135374517,0.9646475364734061,SHORT,467,21.0,10,LOSS,2023-08-14
-1,173398,173397,173411,2023-08-14 01:02:00,2023-08-14 01:15:00,1912.095,1912.225,-0.3299999999998818,18.232950914319105,54.493402012888794,0.09428359316998963,1.005214635623257,0.5768626058248086,0.06373159561000619,0.23440157356760044,-0.879141515871683,-0.7800316163786197,-0.18967169797639824,4.037810720081734,0.025289478213721503,1.284757956389358,0.0,1,0.408,0.7800316163786197,0.7655984264323996,SHORT,468,7.0,11,LOSS,2023-08-14
-1,173418,173417,173420,2023-08-14 01:22:00,2023-08-14 01:24:00,1911.965,1912.395,-0.6300000000000636,18.191310249831616,55.56291075372328,0.029126213592421613,0.9331864745677498,0.48802661956964566,0.06196426666699306,0.3460253391103075,-0.4734795195726086,0.41624573149146715,-0.39595562218750247,3.1218429861883696,0.07068933978086978,0.1560921493104832,0.6999999999984083,1,0.232,-0.41624573149146715,0.6539746608896926,SHORT,469,7.0,12,LOSS,2023-08-14
1,173439,173438,173443,2023-08-14 01:43:00,2023-08-14 01:47:00,1913.335,1913.095,-0.4400000000000091,30.4195527506865,41.987766949717056,0.16754680748917752,1.246304647819958,1.682942125417076,0.04000430258267437,0.5980577250675421,0.6311399493689998,0.5482876008032279,0.308653740559408,7.919709789377573,0.13471809212473038,0.8224314012044955,0.15624999999988898,1,0.79,0.5482876008032279,0.5980577250675421,LONG,470,19.0,13,LOSS,2023-08-14
1,173444,173443,173451,2023-08-14 01:48:00,2023-08-14 01:55:00,1913.235,1913.155,-0.27999999999992725,27.94607544146551,51.90909899896439,0.3873643905551806,1.142666979283344,1.3652007145746359,0.03551557741374466,0.5056755837897504,0.03263035813220608,-1.4094969131233763,0.10918580858278858,6.482340218591371,0.15174485516687986,0.6391513448534657,0.13636363636349544,1,0.676,-1.4094969131233763,0.5056755837897504,LONG,471,1.0,14,LOSS,2023-08-14
1,173470,173469,173482,2023-08-14 02:14:00,2023-08-14 02:26:00,1912.485,1912.748,0.06300000000014733,14.716312107356133,57.204415630856964,0.23300970873782764,1.1841099817100043,1.6300484860972067,0.02381787916296943,0.5836977719518198,0.46050646392672134,-1.6386119575332778,0.401928457339275,5.000591663505343,0.003217429918334827,0.9605656302776411,0.3061224489794498,2,0.854,-1.6386119575332778,0.5836977719518198,LONG,472,19.0,15,WIN,2023-08-14
-1,173546,173545,173547,2023-08-14 03:30:00,2023-08-14 03:31:00,1911.995,1912.615,-0.8200000000001182,21.86212228039215,59.716094088631934,0.26342451874366124,1.0606123569783499,0.8468834791049693,0.04201435632052587,0.34683441002890925,-0.4346465466756837,0.16990267577177762,-0.21632884174695824,3.2712604738143756,0.04591109529888687,0.3296619082141378,0.5666666666662372,3,0.86,-0.16990267577177762,0.6531655899710908,SHORT,473,64.0,0,LOSS,2023-08-14
1,173572,173571,173576,2023-08-14 03:56:00,2023-08-14 04:00:00,1914.975,1914.445,-0.7299999999999727,27.109149520034883,52.54645507590236,0.05102040816321982,1.1614882022684667,1.3293276351871701,0.09595001000751427,0.7178724296732754,0.8872171717697699,0.11984023031550786,0.21400477258012854,4.993342929817369,0.2526713310048885,0.23968046063101572,0.6923076923078717,3,0.986,0.11984023031550786,0.7178724296732754,LONG,474,25.0,1,LOSS,2023-08-14
1,173578,173577,173579,2023-08-14 04:02:00,2023-08-14 04:03:00,1914.628,1914.458,-0.3699999999998454,25.131003876105638,48.33861914799926,0.3086328269729698,1.203885644239365,1.101311282003904,0.003537844303055873,0.5308177385029529,0.09671928982470196,-0.1590657507516548,-0.28447919836742647,4.325857083660462,0.22904961558721265,0.5174207754334291,0.6069444444445957,4,1.0,-0.1590657507516548,0.5308177385029529,LONG,475,2.0,2,LOSS,2023-08-14
1,173581,173580,173588,2023-08-14 04:05:00,2023-08-14 04:12:00,1914.735,1914.255,-0.6799999999997908,24.302604692602763,41.564850773700854,0.04016064257036868,1.1199555078462688,1.0425073058926235,0.02429387839125588,0.6394867304688653,0.4577015776644128,0.7359320000127214,0.037186481420768996,4.744455346131525,0.22904961558721265,0.8823162942929264,0.08333333333372808,4,0.968,0.7359320000127214,0.6394867304688653,LONG,476,2.0,3,LOSS,2023-08-14
1,173591,173590,173605,2023-08-14 04:15:00,2023-08-14 04:29:00,1915.055,1915.268,0.012999999999965428,22.913497471809247,59.18415724651542,0.13265306122456794,0.99960628313827,0.6791545278889192,0.04663318236552508,0.7806091241678077,0.709175190051772,1.4670181242256937,-0.287109675093497,4.142579750788971,0.2520909427985523,0.5821500492958093,0.26470588235276415,4,0.858,1.4670181242256937,0.7806091241678077,LONG,477,3.0,4,WIN,2023-08-14
1,173616,173615,173624,2023-08-14 04:40:00,2023-08-14 04:48:00,1915.595,1914.908,-0.8870000000001255,16.60987627066358,47.40385924353866,0.2800726282341252,0.8801182318157971,0.8910123431950988,0.13679193387588637,0.8074327277249522,1.3300051633468568,-0.21141072819678258,0.7729546842913121,4.480169815342636,0.21319661034465318,1.824503544709957,0.0,4,0.624,-0.21141072819678258,0.8074327277249522,LONG,478,11.0,0,LOSS,2023-08-14
-1,173652,173651,173660,2023-08-14 05:16:00,2023-08-14 05:24:00,1913.484,1913.885,-0.6010000000000673,23.51823064254643,61.38393000014738,0.07749689183584638,0.8820687878266157,0.4427011878069059,0.13997862415361018,-0.1428513746576092,-1.6976776584486786,-2.196483303664751,-0.329585687138147,2.9085851966344136,0.054169396816238134,1.9591160060087032,0.1201201201200217,5,0.45,2.196483303664751,1.1428513746576092,SHORT,479,28.0,1,LOSS,2023-08-14
-1,173661,173660,173677,2023-08-14 05:25:00,2023-08-14 05:41:00,1913.505,1913.305,4.546363285840016e-14,26.984373983431563,58.33586672628195,0.3033061811212698,0.8570182206386746,0.5520689854560241,0.06447174202385167,0.1733640801137071,-1.163466320059811,-0.8264275899128795,0.22867351858807722,3.1260521879345946,0.09135016229380229,1.36540210507427,0.0,5,0.336,0.8264275899128795,0.8266359198862929,SHORT,480,1.0,2,WIN,2023-08-14
-1,173689,173688,173690,2023-08-14 05:53:00,2023-08-14 05:54:00,1913.025,1913.355,-0.5299999999999272,14.161977200773762,54.189689921848945,0.21153846153827655,0.8133255689034409,0.7214641413794131,0.05536580811121195,0.4586198571044925,-0.21259165163803226,0.6611207825519553,-0.3992009579334007,5.855050930472413,0.17830095894171674,0.5784806847321389,0.4166666666672193,5,0.222,-0.6611207825519553,0.5413801428955075,SHORT,481,12.0,0,LOSS,2023-08-14
-1,173700,173699,173709,2023-08-14 06:04:00,2023-08-14 06:13:00,1913.315,1913.695,-0.5799999999998817,15.908349465101086,53.1890775025402,0.02333722287045798,0.9747506105855103,0.6619432309377871,0.03934001907667908,0.39676454977661807,-0.3967027096977867,0.7449816144557893,-0.31235012489254543,3.5217312683358983,0.09786791160960544,0.4842380493963015,0.5794117647056954,6,0.488,-0.7449816144557893,0.6032354502233819,SHORT,482,10.0,1,LOSS,2023-08-14
1,173724,173723,173737,2023-08-14 06:28:00,2023-08-14 06:41:00,1914.015,1914.145,-0.07000000000011825,13.418040977808918,52.230258439591175,0.07692307692303207,0.8327038494682487,0.6789281975520208,0.021373656904223774,0.6534424357226974,0.7433432175241397,1.3948934469274539,-0.5190905439450144,4.634645968820769,0.010639898537015326,0.35997250243338635,0.4557823129247176,6,0.206,1.3948934469274539,0.6534424357226974,LONG,483,15.0,2,LOSS,2023-08-14
1,173749,173748,173756,2023-08-14 06:53:00,2023-08-14 07:00:00,1914.415,1914.238,-0.37699999999990724,12.42689912739434,60.2702059362359,0.35416666666665186,0.8151457717303257,0.4261860107648836,0.07473551601972278,0.7656912438861353,0.8803730421446064,0.15006358672911674,0.2641411203779964,3.501483690349469,0.09504725995831452,1.3005510849868156,0.16129032258052686,6,0.104,0.15006358672911674,0.7656912438861353,LONG,484,12.0,3,LOSS,2023-08-14
1,173757,173756,173758,2023-08-14 07:01:00,2023-08-14 07:02:00,1914.395,1914.135,-0.4599999999999909,12.927021995238741,59.96826431732825,0.2177554438861383,0.9288258793911214,0.3640592128160142,0.02254216785518407,0.7531477633124416,0.6150332050708799,1.088939810679455,-0.09246085618533609,3.049031469902672,0.09276081201828636,0.7274117935335115,0.5717948717951962,7,0.258,1.088939810679455,0.7531477633124416,LONG,485,1.0,4,LOSS,2023-08-14
1,173761,173760,173762,2023-08-14 07:05:00,2023-08-14 07:06:00,1914.375,1914.104,-0.4709999999999582,10.530150445576446,59.05220665381518,0.03044140030438977,0.9496407326139336,0.3243816805244133,0.017490944325564316,0.6161167914460721,0.24256123834379248,0.6360871634871997,0.03038693256950167,3.222841628333153,0.09276081201828636,0.2544348653944942,0.3333333333333333,7,0.284,0.6360871634871997,0.6161167914460721,LONG,486,3.0,5,LOSS,2023-08-14
-1,173789,173788,173795,2023-08-14 07:33:00,2023-08-14 07:39:00,1913.395,1913.665,-0.4699999999999818,15.792629865572476,63.10563134679078,0.1142857142857839,0.9253512927487471,0.47218885455958043,0.047535026443967864,0.12506047580341928,-1.1063829965096632,-1.6309231422659156,0.16259066267527295,3.7026363229805344,0.046026323845124714,1.6750021461108862,0.025641025640995744,7,0.258,1.6309231422659156,0.8749395241965807,SHORT,487,27.0,6,LOSS,2023-08-14
-1,173856,173855,173857,2023-08-14 08:40:00,2023-08-14 08:41:00,1907.395,1908.265,-1.0700000000001182,40.887290977085755,52.80808993192271,0.037473233404718656,1.3986808028385873,1.5807134665775529,0.0001395061203302416,0.4780261346263323,-0.0770758524488031,0.7501299508386062,0.47293382150286706,4.113212563765602,0.5571496533938455,0.15002599016760754,0.7600000000002183,8,0.99,-0.7501299508386062,0.5219738653736676,SHORT,488,61.0,7,LOSS,2023-08-14
-1,173882,173881,173921,2023-08-14 09:06:00,2023-08-14 09:45:00,1909.595,1905.905,3.4900000000000544,26.139999056031023,52.54259204404806,0.36212624584715,1.1118406959511224,1.4291830266028982,0.03797119197106575,0.3106012253187956,-0.7414688152242834,-0.6593824309617989,-0.19492735838629038,5.557651918106634,0.10699127049231007,1.3591352148395888,0.0,9,0.918,0.6593824309617989,0.6893987746812045,SHORT,489,25.0,8,WIN,2023-08-14
-1,173924,173923,173942,2023-08-14 09:48:00,2023-08-14 10:06:00,1903.825,1904.835,-1.2099999999999909,36.787385719153,65.75625927008778,0.1285403050108777,1.1779277187800623,0.998470803657917,0.11650249664808755,-0.03663644283143541,-1.548810162313546,-1.4878212972324214,-0.057518730482329646,3.1055317553342228,0.31529950884296504,1.7239834079042897,0.033112582781427036,9,0.966,1.4878212972324214,1.0366364428314354,SHORT,490,3.0,0,LOSS,2023-08-14
1,173965,173964,173966,2023-08-14 10:29:00,2023-08-14 10:30:00,1908.345,1907.925,-0.6200000000000727,34.50259926239071,47.76357296548161,0.21527777777773172,0.9921737275425039,1.6481970187512716,0.012013946535478987,0.5856996208976942,0.5620073567962034,1.352494339953812,-0.3186943906275958,7.313974246158402,0.027680842617102065,0.6959436894907791,0.14516129032247418,10,0.824,1.352494339953812,0.5856996208976942,LONG,491,23.0,1,LOSS,2023-08-14
1,173971,173970,173983,2023-08-14 10:35:00,2023-08-14 10:47:00,1908.525,1908.665,-0.06000000000012734,28.758496660876922,61.800067012439506,0.006024096385536392,0.9487821429742188,0.6434971296571497,0.011789747804335058,0.5386746791819267,0.1071047017227244,-0.7000307302127531,-0.0431620480725483,4.270187454298049,0.05481639042903494,0.7140313448169955,0.05555555555550877,10,0.782,-0.7000307302127531,0.5386746791819267,LONG,492,5.0,2,LOSS,2023-08-14
1,174000,173999,174001,2023-08-14 11:04:00,2023-08-14 11:05:00,1908.895,1908.515,-0.5799999999998817,15.183764727321691,52.24349356392741,0.18892794376104433,0.7998218749062583,0.48661523732851836,0.01436258728654447,0.5421558511904185,0.13040185465488988,-0.2068378372322628,0.4223285996088299,6.097955510395328,0.14667122843213432,0.07521375899339464,0.8555956678701901,11,0.646,-0.2068378372322628,0.5421558511904185,LONG,493,17.0,3,LOSS,2023-08-14
1,174002,174001,174003,2023-08-14 11:06:00,2023-08-14 11:07:00,1908.955,1908.545,-0.6099999999998544,13.887300054284111,55.598012486806866,0.18596787827563052,0.8292746568252791,0.3898385271457932,0.009038093309040325,0.6202885219178876,0.2878377907789378,0.19932110157789418,0.30453026535844835,3.0079366238147416,0.1259410189642244,0.7429241058816539,0.24074074074095908,11,0.658,0.19932110157789418,0.6202885219178876,LONG,494,1.0,4,LOSS,2023-08-14
1,174005,174004,174028,2023-08-14 11:09:00,2023-08-14 11:32:00,1909.165,1909.765,0.4000000000001364,12.511003292825588,64.32677529448148,0.33070866141732497,0.8242672134041413,0.404221388955045,0.053728614667355894,0.8148952398246784,0.800920729472665,-0.29639717061565735,0.07975809382924501,3.0751206451360233,0.1259410189642244,1.0744397434810735,0.20547945205466653,11,0.646,-0.29639717061565735,0.8148952398246784,LONG,495,2.0,5,WIN,2023-08-14
1,174033,174032,174045,2023-08-14 11:37:00,2023-08-14 11:49:00,1910.125,1910.268,-0.05699999999997091,14.854024961424734,62.79024191320515,0.10701107011066573,0.7666315566161598,0.27317061997063485,0.01882795600077669,0.5642137618393904,0.14313594647540323,0.301338834685531,0.024298275296032578,3.516392401679336,0.1651987765478821,0.20861919324382916,0.7692307692310383,11,0.486,0.301338834685531,0.5642137618393904,LONG,496,5.0,0,LOSS,2023-08-14
1,174051,174050,174074,2023-08-14 11:55:00,2023-08-14 12:18:00,1910.785,1911.325,0.3399999999999636,17.265645372527747,48.24932426744396,0.12258064516114647,0.7427126633562586,0.33770556342234104,0.04727633360857221,0.6297562060311728,0.41602091663377616,-0.4582024996926678,0.3017634717444445,3.9621039679343926,0.1876901871929316,0.3530854556460779,0.5037878787873601,11,0.436,-0.4582024996926678,0.6297562060311728,LONG,497,6.0,1,WIN,2023-08-14
1,174084,174083,174090,2023-08-14 12:28:00,2023-08-14 12:34:00,1912.205,1911.628,-0.7769999999999981,19.37246750765122,51.8765144225998,0.3368083400160172,0.8664193351477241,0.4034713518959324,0.12836790509857432,0.8864703169218207,1.2531404972164777,0.9557636404019957,0.32421897468748667,5.171771422865467,0.19997268327831946,1.0140728280125089,0.130434782609061,12,0.494,0.9557636404019957,0.8864703169218207,LONG,498,10.0,0,LOSS,2023-08-14
1,174094,174093,174111,2023-08-14 12:38:00,2023-08-14 12:55:00,1912.085,1911.785,-0.49999999999995454,13.636287053081094,47.626673042513445,0.09791921664617691,0.8461277279768333,0.4364518480914678,0.04086713639896317,0.7589592195951472,0.9325154169202581,1.2218137650730654,-0.12420300429580387,4.2899238862559095,0.18174732356865372,0.6244825910373308,0.04166666666662719,12,0.454,1.2218137650730654,0.7589592195951472,LONG,499,4.0,1,LOSS,2023-08-14
1,174118,174117,174127,2023-08-14 13:02:00,2023-08-14 13:11:00,1912.455,1912.098,-0.5569999999999709,14.957785655119913,57.573929266234536,0.0487804878049299,0.8509854471880334,0.4354416112845071,0.02821999031642644,0.6571486433891617,0.5622647341762885,0.9567918901164577,0.08006856862364627,3.318871868841824,0.1454174924672185,0.6876941710213952,0.28125000000031086,13,0.412,0.9567918901164577,0.6571486433891617,LONG,500,7.0,2,LOSS,2023-08-14
1,174142,174141,174154,2023-08-14 13:26:00,2023-08-14 13:38:00,1912.135,1912.035,-0.29999999999990906,20.664412538623505,43.24780128630275,0.016121152906648117,0.843156412883578,0.633133446961969,0.04143001022486561,0.5785531652610363,0.4348639489739038,0.1387503650420207,0.6371156813098955,5.956113231080798,0.05659770374588961,1.049088125928825,0.06060606060601885,13,0.32,0.1387503650420207,0.5785531652610363,LONG,501,15.0,3,LOSS,2023-08-14
-1,174193,174192,174270,2023-08-14 14:17:00,2023-08-14 15:34:00,1909.915,1907.815,1.899999999999909,38.553214718069256,55.242756492889086,0.2857142857141987,0.7888398350908153,0.3160456734357062,0.06881211392434328,0.15479682684889387,-1.1275264521529804,-1.4124521430864287,0.20852297692755786,3.652893473499843,0.22295679463902784,1.8507993599071186,0.0,14,0.046,1.4124521430864287,0.8452031731511062,SHORT,502,39.0,4,WIN,2023-08-14
-1,174283,174282,174288,2023-08-14 15:47:00,2023-08-14 15:52:00,1907.575,1907.825,-0.45,15.897659169558803,51.697075281045045,0.007518796992473491,0.9663621968404508,0.6381035641860118,0.03108649836598805,0.39759338355800805,-0.43249590573744484,0.3017413295850882,-0.46805456915040544,4.878151494945014,0.29436604109088826,1.4081262047262189,0.06666666666661614,15,0.124,-0.3017413295850882,0.6024066164419919,SHORT,503,13.0,0,LOSS,2023-08-14
-1,174290,174289,174308,2023-08-14 15:54:00,2023-08-14 16:12:00,1907.545,1907.615,-0.26999999999993635,14.400494726747946,50.43451333880952,0.1973684210525745,0.989007124299046,0.5215253629289291,0.04306577641314197,0.2544151467802002,-0.8137393917782846,-1.376719212679356,0.24791086520893882,3.8843149214883823,0.2825473543499247,0.8850337795788672,0.37931034482807285,15,0.158,1.376719212679356,0.7455848532197997,SHORT,504,2.0,1,LOSS,2023-08-14
-1,174320,174319,174324,2023-08-14 16:24:00,2023-08-14 16:28:00,1907.435,1907.735,-0.49999999999995454,13.909059609464315,53.34482697827379,0.1428571428573116,0.7874088431109106,0.589791838616882,0.013766705474514005,0.4848550056296163,-0.07236117211815479,1.6183237508081583,-0.04018409155259301,4.04224478726342,0.16901554569713834,0.5703343615197433,0.0,16,0.002,-1.6183237508081583,0.5151449943703836,SHORT,505,12.0,2,LOSS,2023-08-14
-1,174329,174328,174335,2023-08-14 16:33:00,2023-08-14 16:40:00,1907.485,1907.538,-0.25300000000011097,15.83168439363179,52.44622868525042,0.059967585089200734,0.7133376411006622,0.32708847476651925,0.014296916918718408,0.3554674804536321,-0.4445371532108699,0.11124125104529516,0.16699527172297868,3.166097145098506,0.11766885482517328,0.0,0.0,16,0.002,-0.11124125104529516,0.6445325195463679,SHORT,506,5.0,3,LOSS,2023-08-14
-1,174336,174335,174358,2023-08-14 16:41:00,2023-08-14 18:03:00,1907.398,1907.215,-0.017000000000007287,12.288775583465362,49.67172603375027,0.43731778425654333,0.7935703253920442,0.3283061291617068,0.10123581209069057,0.023832358676284658,-1.314616958669651,-0.5503779133170771,-0.20291476388232768,3.435930687424648,0.0876169001184185,1.2815942838681593,0.29130434782609554,16,0.026,0.5503779133170771,0.9761676413237154,SHORT,507,1.0,4,LOSS,2023-08-14
-1,174359,174358,174362,2023-08-14 18:04:00,2023-08-14 18:07:00,1907.035,1907.385,-0.549999999999909,26.438800726010214,50.85924643596346,0.14522363335168323,1.2195265167981315,0.5059594528726153,0.06637579716640354,0.13204220900041544,-0.8141920025117102,-1.0531181924166046,-0.33417604887455143,4.300232619034386,0.17013670618589882,0.8775984936796724,0.0,18,0.348,1.0531181924166046,0.8679577909995846,SHORT,508,1.0,5,LOSS,2023-08-14
-1,174375,174374,174376,2023-08-14 18:20:00,2023-08-14 18:21:00,1907.285,1907.455,-0.3699999999998454,14.103096881899972,55.7567337756408,0.052631578947305434,0.9212905053573367,0.6498287574586858,0.007844341283081669,0.39597812929924275,-0.4040085389349175,1.7445107604850718,-0.08553425910359136,6.738723876240511,0.08165137593112819,0.9446809172291751,0.25000000000085265,18,0.076,-1.7445107604850718,0.6040218707007572,SHORT,509,13.0,6,LOSS,2023-08-14
-1,174378,174377,174380,2023-08-14 18:23:00,2023-08-14 18:25:00,1907.375,1907.475,-0.29999999999990906,14.006985717448897,64.1347499408261,0.1351351351350521,0.8870621964372218,0.6430515801498052,0.02311749040652535,0.4897475130991686,-0.041014154809996296,-1.0670349219375028,-0.37170615586812505,4.048063735098136,0.06892497494502918,0.3334484131049958,0.375,18,0.052,1.0670349219375028,0.5102524869008314,SHORT,510,2.0,7,LOSS,2023-08-14
-1,174390,174389,174398,2023-08-14 18:35:00,2023-08-14 18:43:00,1907.455,1907.565,-0.31000000000012734,10.844780257928296,50.23269954870368,0.05084745762704026,0.7496628503934524,0.39824057171870975,0.0035549082984042174,0.4511509676371669,-0.1489406425751715,1.4894064257656594,-0.33686181544205224,3.7673221357641817,0.004129623522440594,0.43806071346248016,0.0,18,0.008,-1.4894064257656594,0.5488490323628331,SHORT,511,10.0,8,LOSS,2023-08-14
1,174398,174397,174404,2023-08-14 18:43:00,2023-08-14 18:50:00,1907.565,1907.515,-0.24999999999995454,9.663774181125092,39.60215611799643,0.20000000000022738,0.6416876715077567,0.3499466686411705,0.056127030291817745,0.7916130629432296,0.9755681633476906,0.11343815852868126,0.005226826747973531,3.63002107292038,0.005004514027944163,1.2478197438180731,0.08333333333317544,18,0.004,0.11343815852868126,0.7916130629432296,LONG,512,0.0,9,LOSS,2023-08-14
1,174406,174405,174412,2023-08-14 18:52:00,2023-08-14 18:58:00,1907.575,1907.378,-0.3970000000001164,9.825213629188545,45.86500191086285,0.22448979591851886,0.6604322557901373,0.3792022030030531,0.0018245015294972508,0.6811527856611509,0.6572640669726924,1.2910544172683602,-0.7826641714773681,3.638426085024163,0.040873036008016075,1.1736858338805702,0.33333333333282805,18,0.008,1.2910544172683602,0.6811527856611509,LONG,513,2.0,10,LOSS,2023-08-14
-1,174443,174442,174461,2023-08-14 19:29:00,2023-08-14 19:47:00,1907.185,1907.185,-0.2,18.098162882349367,42.72103961334569,0.543859649122737,0.970149862464035,0.9218419026698544,0.07494976926230848,0.35316842014369954,-0.6911127931232003,0.7609578532203315,-0.7290025126448665,5.272350840174383,0.015918441008537513,0.10870826474576165,0.7142857142857143,19,0.254,-0.7609578532203315,0.6468315798563005,SHORT,514,31.0,11,LOSS,2023-08-14
-1,174500,174499,174518,2023-08-14 20:26:00,2023-08-14 20:44:00,1906.515,1905.535,0.7800000000000182,21.6402751208909,53.33787617239449,0.25581395348843355,0.9903658128845121,0.9482422858269342,0.004009637476717928,0.35731176095008166,-0.704419449535863,0.21591400752162906,0.4685152420468159,5.343871686134852,0.119649762933903,0.9716130338418079,0.18181818181902742,20,0.332,-0.21591400752162906,0.6426882390499183,SHORT,515,39.0,12,WIN,2023-08-14
-1,174540,174539,174552,2023-08-14 21:06:00,2023-08-14 21:18:00,1905.975,1906.405,-0.6300000000000636,22.211648954824906,43.892943405622574,0.0,1.3561059415521894,1.6167852900590165,0.053616932064487526,0.4845422496284081,-0.08583840005525051,1.097755737816219,-0.9783512134863419,5.458285474143161,0.10538200703368232,0.36591857927253524,0.33333333333291226,21,0.824,-1.097755737816219,0.5154577503715919,SHORT,516,22.0,0,LOSS,2023-08-14
-1,174555,174554,174559,2023-08-14 21:21:00,2023-08-14 21:25:00,1905.015,1907.095,-2.2799999999999274,18.885125449663345,47.00324127812896,0.2768079800499234,1.4673239880993152,1.2799607578183845,0.1080190958720784,-0.1912569310901086,-2.4335587124468434,-2.3719349132301746,0.19268594357305582,4.069496174659686,0.0525593139757758,3.5579023698452623,0.019230769230752412,21,0.988,2.3719349132301746,1.1912569310901087,SHORT,517,3.0,1,LOSS,2023-08-14
-1,174614,174613,174618,2023-08-14 22:20:00,2023-08-14 22:24:00,1905.095,1905.635,-0.7399999999999636,32.90924919665073,59.78329948279541,0.0780141843971128,0.948911812800255,0.6173393937386982,0.013644724166616657,0.33383688709560694,-0.4754446788052962,-0.39723837393693934,0.31625117030519045,3.6496275605438306,0.06807281883211963,0.5039961869321707,0.45135135135125837,22,0.882,0.39723837393693934,0.666163112904393,SHORT,518,55.0,2,LOSS,2023-08-14
1,174650,174649,174652,2023-08-14 22:56:00,2023-08-14 22:58:00,1906.385,1905.905,-0.6800000000000181,12.310254696143243,48.46296162410671,0.1111111111110309,0.8566282673617385,0.46820032686408997,0.07939841492550251,0.688586411369761,0.5659180832622319,0.12861774619572916,0.2637572126278809,3.6334513300330045,0.04775996198207752,0.28938992894112175,0.6999999999996969,22,0.772,0.12861774619572916,0.688586411369761,LONG,519,32.0,3,LOSS,2023-08-14
1,174655,174654,174656,2023-08-14 23:01:00,2023-08-14 23:02:00,1906.265,1906.075,-0.3900000000000546,11.273745083475244,58.58572154278863,0.1864406779662149,0.8594415508688811,0.4605317141166494,0.004617504385821383,0.5845800441994657,0.25427568107779425,-0.06519889258382174,-0.176367469869422,3.6837374309896345,0.03949388059737601,0.8475856035904239,0.21212121212160884,23,0.766,-0.06519889258382174,0.5845800441994657,LONG,520,3.0,4,LOSS,2023-08-14
1,174658,174657,174659,2023-08-14 23:04:00,2023-08-14 23:05:00,1906.145,1906.015,-0.3299999999998818,9.641708369197994,55.230228035778374,0.1657754010694992,0.7987535982762076,0.39492554643050903,0.00388967727764131,0.5306885227859676,0.08715747668153917,0.14526246113644908,0.06138004709276761,3.1957741450051826,0.03949388059737601,0.07263123056822454,0.8666666666668688,23,0.722,0.14526246113644908,0.5306885227859676,LONG,521,2.0,5,LOSS,2023-08-14
1,174672,174671,174704,2023-08-14 23:18:00,2023-08-14 23:50:00,1906.195,1906.815,0.4200000000001182,16.854904202482523,52.78507509741712,0.11688311688304785,0.7827849975728742,0.294675259531474,0.009574412309912265,0.8542024226720385,0.7767459611542071,0.2446443972137921,-0.1453608702822002,3.3842474947944994,0.02163931381359402,1.5086404494859784,0.07499999999995736,23,0.702,0.2446443972137921,0.8542024226720385,LONG,522,13.0,6,WIN,2023-08-14
1,174710,174709,174718,2023-08-14 23:56:00,2023-08-15 00:04:00,1907.005,1906.645,-0.5600000000001273,8.198063259122764,68.40254924750536,0.0,0.7524775368852141,0.2153419660383343,0.08603264803456044,1.0009943887086317,0.934396982374415,0.7847953657735439,0.363660550660716,2.908647824397075,0.11923565191655881,1.0300439175774279,0.0,23,0.456,0.7847953657735439,1.0009943887086317,LONG,523,6.0,0,LOSS,2023-08-15
1,174725,174724,174743,2023-08-15 00:11:00,2023-08-15 00:29:00,1906.925,1906.835,-0.28999999999991816,12.783233036766262,46.06824441346803,0.12380952380941657,0.7381722528558851,0.4591169809389555,0.04106392793759517,0.6401406409591918,0.6081292453840054,-0.6053775293434802,0.39437704752542174,4.221132409144944,0.08763048864319807,0.6053775293422289,0.08333333333333333,0,0.286,-0.6053775293434802,0.6401406409591918,LONG,524,7.0,1,LOSS,2023-08-15
1,174761,174760,174767,2023-08-15 00:47:00,2023-08-15 00:53:00,1906.815,1906.765,-0.24999999999995454,12.352773479090308,53.97556586207379,0.03225806451611326,0.7384104981570302,0.291032439506334,0.06626843423298741,0.64053423648941,0.4649678079949501,-0.871814639988673,0.46597450316850003,3.632560999956108,0.03517598864388829,0.29060487999622436,0.7647058823532559,0,0.144,-0.871814639988673,0.64053423648941,LONG,525,18.0,2,LOSS,2023-08-15
-1,174782,174781,174791,2023-08-15 01:08:00,2023-08-15 01:17:00,1906.345,1906.415,-0.26999999999993635,28.668427194996777,48.92766954446478,0.1034482758620767,1.1647620244133197,0.7085246602396774,0.019362697206423498,0.33864931787936314,-0.7292793184846283,-1.6206207077457735,0.46130164216980063,5.16039751676714,0.03317290351444585,0.6397187004261674,0.5161290322576859,1,0.626,1.6206207077457735,0.6613506821206369,SHORT,526,15.0,3,LOSS,2023-08-15
-1,174827,174826,174830,2023-08-15 01:53:00,2023-08-15 01:56:00,1904.318,1904.905,-0.786999999999989,31.014697648277572,48.34166114230646,0.046715841236402926,1.365532487711613,1.4727893553420612,0.03328943133639844,0.250109636908207,-1.1481660706028984,-1.3700040317995086,0.1547754764551571,4.364408074045961,0.2963392789233166,1.463360354238915,0.15270270270277703,1,0.888,1.3700040317995086,0.749890363091793,SHORT,527,36.0,4,LOSS,2023-08-15
-1,174846,174845,174854,2023-08-15 02:12:00,2023-08-15 02:20:00,1905.185,1905.755,-0.7700000000001637,22.048380625308322,51.72713662190758,0.16413214472998258,1.2393967500548253,1.4519144294457034,0.03018452878524039,0.4178531829275259,-0.3110753035409008,0.49790154077143955,-0.2280129429653439,4.752696525545279,0.12198590593256786,0.54316531720516,0.5796847635725993,2,0.876,-0.49790154077143955,0.5821468170724742,SHORT,528,16.0,5,LOSS,2023-08-15
-1,174895,174894,174897,2023-08-15 03:01:00,2023-08-15 03:03:00,1904.495,1904.865,-0.5700000000001182,12.260733591567956,68.06195705334599,0.14162561576357577,0.9607330463912791,0.49559263125811304,0.014738376021821063,0.09345207756877497,-0.7011374458232119,-0.7668484227371121,0.06046193035577636,2.9113797014956995,0.10278021804978967,1.4014816001748258,0.13114754098383266,3,0.728,0.7668484227371121,0.9065479224312251,SHORT,529,41.0,6,LOSS,2023-08-15
-1,174905,174904,174915,2023-08-15 03:11:00,2023-08-15 03:21:00,1904.195,1904.855,-0.8600000000000818,11.711449847307058,56.52226118919873,0.10701107011068625,1.0254135992951006,0.8659291296658188,0.15714008288265283,-0.08950808922483623,-1.6339549591895726,-1.2118630565823574,-0.6254614545392356,3.053894902587518,0.08309703873839915,1.2603375788456075,0.018867924528285698,3,0.768,1.2118630565823574,1.0895080892248363,SHORT,530,8.0,7,LOSS,2023-08-15
-1,174917,174916,174937,2023-08-15 03:23:00,2023-08-15 03:43:00,1904.715,1904.585,-0.07000000000011825,9.49775258535612,59.095574199641035,0.03846153846148801,0.9310072192110266,0.8268404703764913,0.00036125664476265376,0.41811481960394603,-0.2513131035968119,-0.5247196668499343,0.02339217504923363,3.4797198959511717,0.07837394015080451,0.0828504737136763,0.8571428571419291,3,0.654,0.5247196668499343,0.581885180396054,SHORT,531,2.0,8,LOSS,2023-08-15
-1,174951,174950,174964,2023-08-15 03:57:00,2023-08-15 04:10:00,1904.455,1904.775,-0.5200000000001637,19.3289774081383,61.83688205530179,0.3068181818182919,0.9322879019261635,1.4629975372712611,0.044651877338125284,0.46069896436109603,-0.22862032093999085,2.463988149126608,-0.610890587139462,5.186320038804483,0.03349420725274543,0.5833568335024918,0.08695652173904447,3,0.598,-2.463988149126608,0.539301035638904,SHORT,532,14.0,9,LOSS,2023-08-15
-1,174970,174969,174988,2023-08-15 04:16:00,2023-08-15 04:34:00,1904.125,1904.025,-0.10000000000009096,12.84676399164184,59.91770744155842,0.0031887755102009835,1.0713064472367722,0.949183097997537,0.030412073195738593,0.36050593250565266,-0.4575261370654939,0.06856036019948586,-0.21006380706436426,3.0235118847997686,0.02355613627440748,1.0512588563931557,0.18871252204580163,4,0.808,-0.06856036019948586,0.6394940674943473,SHORT,533,6.0,10,LOSS,2023-08-15
-1,175010,175009,175021,2023-08-15 04:56:00,2023-08-15 05:07:00,1904.275,1904.575,-0.49999999999995454,15.270663145347324,61.29979432787211,0.0,0.8679772020316762,0.5701069219270568,0.02338634867202802,0.3462724339610535,-0.43346481367032996,0.12167433366179847,-0.06992519930333368,3.589392843026513,0.027265525444406864,0.1520929170772481,0.7619047619050197,4,0.404,-0.12167433366179847,0.6537275660389466,SHORT,534,22.0,11,LOSS,2023-08-15
-1,175027,175026,175040,2023-08-15 05:13:00,2023-08-15 05:26:00,1904.285,1903.985,0.10000000000018189,12.230224878835486,47.21144135230112,0.19463087248328906,0.8095604916579204,0.6232075080679882,0.016872309668081432,0.46953755378411166,-0.11063461995557305,1.4632320703935882,-0.08833437513199159,4.139876101600025,0.01725063287763472,0.2855086966626584,0.5999999999993179,5,0.284,-1.4632320703935882,0.5304624462158883,SHORT,535,6.0,12,WIN,2023-08-15
1,175075,175074,175080,2023-08-15 06:01:00,2023-08-15 06:06:00,1904.735,1903.825,-1.1099999999998544,15.46719670426787,63.06214458674188,0.0,0.8931660759830824,0.49838021313248165,0.05622383804232697,0.8734465842526722,0.9827706671158493,0.06872522147661096,-0.07268639546767339,3.4603149013507215,0.031235201458275585,1.340141818794695,0.17021276595736445,6,0.3,0.06872522147661096,0.8734465842526722,LONG,536,35.0,0,LOSS,2023-08-15
-1,175117,175116,175120,2023-08-15 06:43:00,2023-08-15 06:46:00,1902.905,1903.265,-0.5600000000001273,15.408923765082239,62.17221449305992,0.10126582278485202,0.9775189159659224,0.5932140264534611,0.020354040334303696,0.36300216685635883,-0.3475882294485786,0.562137298300792,0.20889336384164217,3.247904390181091,0.14703852348729798,0.43721789867855154,0.3913043478257001,6,0.422,-0.562137298300792,0.6369978331436412,SHORT,537,37.0,1,LOSS,2023-08-15
-1,175121,175120,175128,2023-08-15 06:47:00,2023-08-15 06:54:00,1902.955,1903.255,-0.5000000000001819,12.887757006186249,66.9536156066044,0.07352941176478701,0.9487555748460055,0.56682434417194,0.008856359980230063,0.4289152379557635,-0.17644640731904948,0.6208299516739545,-0.1593811990336304,3.13682501898642,0.15212894432568663,0.9802578184340457,0.0,6,0.36,-0.6208299516739545,0.5710847620442365,SHORT,538,1.0,2,LOSS,2023-08-15
-1,175136,175135,175162,2023-08-15 07:02:00,2023-08-15 07:28:00,1902.908,1902.685,0.022999999999956333,17.693419025068348,44.93502437689341,0.08910891089113146,0.9669249658876269,0.9765341172418933,0.050943816748216825,0.23040289269750305,-1.157320247491338,-0.26631848065364977,-0.2841659745660148,3.8949077795634124,0.07757109210976103,1.4314618335148812,0.3064516129032554,7,0.368,0.26631848065364977,0.769597107302497,SHORT,539,8.0,3,WIN,2023-08-15
1,175211,175210,175215,2023-08-15 08:17:00,2023-08-15 08:21:00,1903.755,1901.418,-2.5370000000002166,19.204435797430452,40.69414331176212,0.04411764705878419,1.2643266434957903,1.9845158176862605,0.01860937364601404,0.5914566015987447,0.49956249155185506,-0.2209564699259428,0.5311107861216341,5.704694314457095,0.015537174361195068,1.4060866268028245,0.0410958904109205,8,0.994,-0.2209564699259428,0.5914566015987447,LONG,540,49.0,0,LOSS,2023-08-15
1,175251,175250,175254,2023-08-15 08:57:00,2023-08-15 09:00:00,1904.465,1903.315,-1.3499999999998635,14.066555167315096,58.67625016141948,0.28070175438596956,1.3310892393384957,2.6574531340314826,0.04526313109052438,0.7176413608954959,0.9499709567932165,0.48038022456933976,-0.44174294492794824,4.679513393939063,0.001707579369840503,0.8616343710528767,0.23129251700674275,8,0.956,0.48038022456933976,0.7176413608954959,LONG,541,36.0,1,LOSS,2023-08-15
-1,175317,175316,175320,2023-08-15 10:03:00,2023-08-15 10:06:00,1902.765,1904.355,-1.789999999999918,12.125937928853821,59.341822063893744,0.2110726643598529,1.0062425168382998,1.0721871115713253,0.029508813219299133,0.32484077959970736,-0.572798850524469,0.324225764447918,-0.43309641548651534,3.3798079687888882,0.014911592055153222,1.080752548159131,0.4086021505376515,10,0.84,-0.324225764447918,0.6751592204002926,SHORT,542,63.0,2,LOSS,2023-08-15
1,175361,175360,175375,2023-08-15 10:47:00,2023-08-15 11:01:00,1909.065,1909.435,0.16999999999989085,40.2526701393682,55.05298992845205,0.030409872190407937,0.9561004644084081,1.2005669229814226,0.026871826928319586,0.7544763053375598,1.2383950712868221,2.2160395585702664,-0.30380236347391565,4.243721428086495,0.21975713704024943,1.4784943905872179,0.1136054421769664,10,0.774,2.2160395585702664,0.7544763053375598,LONG,543,41.0,3,WIN,2023-08-15
1,175378,175377,175381,2023-08-15 11:04:00,2023-08-15 11:07:00,1910.655,1909.498,-1.3569999999999254,34.72850527510306,63.91521518751487,0.042168674698793325,1.0396794489861687,1.1091951325296676,0.008179930738139909,0.6652366263782235,0.7111178620041876,0.6810394575991423,-0.5784004287822111,4.647566165596085,0.3006172374051422,0.573401020430607,0.4910714285715391,11,0.81,0.6810394575991423,0.6652366263782235,LONG,544,3.0,0,LOSS,2023-08-15
1,175405,175404,175406,2023-08-15 11:31:00,2023-08-15 11:32:00,1907.624,1907.185,-0.6390000000000782,17.956114224186358,63.74486113140011,0.1847672778561137,0.8349936395740173,0.45464950990003344,0.010394495217586447,0.5323114952378034,0.08361372037154036,-0.27568038348610796,0.24207539479594112,3.41451845535899,0.06982408627650316,0.02798785619144105,0.9659284497444938,11,0.626,-0.27568038348610796,0.5323114952378034,LONG,545,24.0,1,LOSS,2023-08-15
1,175410,175409,175411,2023-08-15 11:36:00,2023-08-15 11:37:00,1907.684,1907.254,-0.6300000000000636,15.023554747340503,55.78225908356385,0.24837133550480903,0.7677258575679702,0.26098519610181214,0.010402727591510442,0.8164353687215239,0.5374513310313344,0.6767135378071595,-0.1589714117816341,2.799642295892492,0.043422494450524825,0.7567033176897294,0.23709677419348452,11,0.612,0.6767135378071595,0.8164353687215239,LONG,546,4.0,2,LOSS,2023-08-15
1,175419,175418,175432,2023-08-15 11:45:00,2023-08-15 11:58:00,1907.745,1907.518,-0.42699999999986177,12.287781147028769,62.143954855835574,0.143064985451045,0.7859802601028887,0.31988239263093093,0.07703144897087887,0.9479282838495071,0.9502436231818926,0.2293889253307143,0.5354721805082686,2.8345917201561166,0.013193408802949879,0.9781799173023856,0.25094102885826736,11,0.606,0.2293889253307143,0.9479282838495071,LONG,547,8.0,3,LOSS,2023-08-15
-1,175459,175458,175476,2023-08-15 12:25:00,2023-08-15 12:42:00,1906.405,1905.245,0.9600000000000819,16.65307401252708,60.53243182644931,0.09243697478991436,0.7051684847001779,0.2535045932089969,0.07050990712267886,0.2318069026919628,-0.684537201455821,-0.7494932862656923,-0.2947158214163381,3.6475339931603465,0.05709436879869255,0.3497635335909594,0.7021276595742725,12,0.424,0.7494932862656923,0.7681930973080372,SHORT,548,27.0,4,WIN,2023-08-15
-1,175477,175476,175504,2023-08-15 12:43:00,2023-08-15 13:10:00,1904.505,1903.955,0.3500000000001819,41.27332765958691,48.442892975882984,0.06367041198504424,0.8022300259370947,0.7994397992689126,0.02630466910225893,0.33932788765881483,-1.1711735576112403,-2.87727759828391,0.6107103471342913,7.818948237259391,0.19338613094216164,1.756879527700935,0.09012345679049946,12,0.478,2.87727759828391,0.6606721123411852,SHORT,549,1.0,0,WIN,2023-08-15
-1,175507,175506,175508,2023-08-15 13:13:00,2023-08-15 13:14:00,1903.565,1903.735,-0.3699999999998454,36.90151452263204,58.43344205712555,0.031446540880476166,0.6701033202735217,0.1984142853297057,0.007827880478806464,0.38736202434408157,-0.273373016764027,-1.0793488749040487,0.39460949532555756,2.9030762842249453,0.28642851957743587,0.037218926720800086,0.9230769230770576,13,0.01,1.0793488749040487,0.6126379756559184,SHORT,550,3.0,0,LOSS,2023-08-15
-1,175522,175521,175535,2023-08-15 13:28:00,2023-08-15 13:41:00,1904.045,1903.985,-0.1399999999998272,21.256587905665,59.027463709587074,0.18682399213363796,0.9076030692808402,0.4932060451393535,0.03125145545846378,0.45358332422991715,-0.19263414384339053,1.2230739291665713,-0.18134564594479421,3.724816057007228,0.17071969560059544,0.3613627517994728,0.7833333333332007,13,0.4,-1.2230739291665713,0.5464166757700828,SHORT,551,14.0,1,LOSS,2023-08-15
-1,175560,175559,175584,2023-08-15 14:06:00,2023-08-15 14:30:00,1904.178,1903.525,0.45300000000002,19.700233614126397,51.677510766833706,0.18980427856171073,1.0036470118875314,0.49725198966705353,0.07736172377150213,0.06482103492551756,-1.469632588855693,-2.735197957544404,0.2552538712394839,3.915087272562854,0.017995394169899252,1.0189953175166264,0.34482758620688303,14,0.426,2.735197957544404,0.9351789650744824,SHORT,552,25.0,2,WIN,2023-08-15
-1,175595,175594,175620,2023-08-15 14:41:00,2023-08-15 15:06:00,1903.174,1902.975,-0.0009999999999308895,18.18512514187652,48.99409230214695,0.2778094694808171,0.8759861143539749,0.5308060238439258,0.1414068655194453,0.21324304906287592,-1.2060237079949454,-0.03571287260866198,-0.7468494594860482,3.928415986956066,0.10152054232857158,1.4178010425649363,0.031707317072986775,14,0.07,0.03571287260866198,0.786756950937124,SHORT,553,11.0,0,LOSS,2023-08-15
-1,175622,175621,175625,2023-08-15 15:08:00,2023-08-15 15:11:00,1902.568,1902.815,-0.44700000000007095,28.10532317628528,65.89485939821921,0.026485325697954414,0.8875235549811624,0.575949690745244,0.05746580249626938,0.23873572230274673,-1.0977857727289333,-1.5846781273606776,0.029286759884552243,4.318247897057441,0.1875029961257234,1.1885085955200578,0.11764705882345074,15,0.05,1.5846781273606776,0.7612642776972532,SHORT,554,2.0,1,LOSS,2023-08-15
-1,175626,175625,175627,2023-08-15 15:12:00,2023-08-15 15:13:00,1902.778,1903.205,-0.6269999999999072,26.63447813002461,65.0647398929633,0.1545595054096063,0.8553151132410881,0.3205429646569564,0.011986196449137444,0.4772291819413699,-0.055215469416155405,0.5900889861310509,-0.24277964233513777,2.992594143953205,0.18176093895282736,0.29504449306648384,0.6111111111103391,15,0.018,-0.5900889861310509,0.5227708180586301,SHORT,555,1.0,2,LOSS,2023-08-15
-1,175631,175630,175637,2023-08-15 15:17:00,2023-08-15 15:23:00,1902.688,1902.955,-0.4669999999998254,20.78846429493941,57.0037732641478,0.12091898428054318,0.8852643135744516,0.3970474174592341,0.0635754513382601,0.3229151044186066,-0.4951087873153612,-1.1733792069296238,0.05628149015335367,3.270743433949591,0.1702422565972998,0.20442146462260474,0.7652582159615492,15,0.03,1.1733792069296238,0.6770848955813934,SHORT,556,4.0,3,LOSS,2023-08-15
-1,175657,175656,175679,2023-08-15 15:43:00,2023-08-15 16:05:00,1902.705,1903.215,-0.7099999999999909,12.989352787396587,48.62055903230479,0.21787709497209967,1.0690533035701004,0.5588056981545214,0.11595298847175449,0.037182277901238125,-1.344560442793357,-1.3474237181949509,-0.23269593724061075,3.840157596854308,0.046715669823015234,0.7410830450071464,0.33333333333310367,15,0.2,1.3474237181949509,0.9628177220987619,SHORT,557,20.0,4,LOSS,2023-08-15
-1,175682,175681,175733,2023-08-15 16:08:00,2023-08-15 16:59:00,1902.515,1901.595,0.7200000000000728,11.022502517950517,57.825810995841024,0.13407525172227697,1.163312305137134,0.529816759686287,0.019893008221270866,0.1908806362749963,-0.6381474393498242,-0.6765770137298803,0.21766508335615986,3.193443504804592,0.05741449861873501,0.4600723693359002,0.527777777778076,16,0.422,0.6765770137298803,0.8091193637250037,SHORT,558,3.0,5,WIN,2023-08-15
-1,175750,175749,175755,2023-08-15 18:16:00,2023-08-15 18:21:00,1901.865,1902.175,-0.5099999999999454,16.901808993459223,40.71111449667055,0.3932584269660453,0.8359062929467687,1.119723508300514,0.05891033613193121,0.4472777113135849,-0.37627651531086126,1.0490467778321366,-0.850331125697131,9.275782035566053,0.09932479370308601,0.22085195322755394,0.2,18,0.044,-1.0490467778321366,0.5527222886864152,SHORT,559,77.0,0,LOSS,2023-08-15
-1,175761,175760,175782,2023-08-15 18:27:00,2023-08-15 18:48:00,1901.828,1901.705,-0.07699999999995272,12.481805398126891,58.85997353492415,0.0971690895179596,0.9018158500203756,0.5408035693783195,0.10028411276475796,0.03346088790023216,-1.481893882085526,-1.858549502563879,-0.3699942755412734,3.383913660129877,0.04810396562950133,0.9735259299151455,0.2807692307687229,18,0.072,1.858549502563879,0.9665391120997678,SHORT,560,6.0,1,LOSS,2023-08-15
-1,175821,175820,175823,2023-08-15 19:28:00,2023-08-15 19:30:00,1901.325,1901.395,-0.26999999999993635,12.07582143271144,60.38225995492297,0.12500000000022204,0.8641523881260148,0.619963176291423,0.020737599786312306,0.3932351375556739,-0.39991046464424873,0.3528621746870457,-0.2778299194178856,5.116501532967511,0.09259294216569058,0.6469139869275877,0.15384615384588476,19,0.044,-0.3528621746870457,0.606764862444326,SHORT,561,40.0,2,LOSS,2023-08-15
-1,175824,175823,175828,2023-08-15 19:31:00,2023-08-15 19:35:00,1901.315,1901.348,-0.23299999999990179,11.133170107311308,62.713621455385024,0.09589041095878464,0.8363797843095534,0.327323164620803,0.0028488689734881075,0.42963602685419183,-0.14586710689297164,-0.1862133279482042,-0.41740029805374523,3.724266558968318,0.0747098816403511,0.3103555465803403,0.4444444444444444,19,0.024,0.1862133279482042,0.5703639731458081,SHORT,562,1.0,3,LOSS,2023-08-15
-1,175829,175828,175830,2023-08-15 19:36:00,2023-08-15 19:37:00,1901.335,1901.435,-0.29999999999990906,11.755125390956444,59.31026212900023,0.14999999999991473,0.7997581861197195,0.29228343883733526,0.017315157790149333,0.23930314733499825,-0.515237717818606,-0.8082160279511148,-0.13221900216569757,2.4919994195190003,0.05924075116529473,0.35696207901128296,0.41111111111186904,19,0.022,0.8082160279511148,0.7606968526650018,SHORT,563,1.0,4,LOSS,2023-08-15
1,175849,175848,175854,2023-08-15 19:56:00,2023-08-15 20:01:00,1901.695,1901.295,-0.5999999999998635,15.442475772054088,59.801102129142556,0.08045977011485841,0.9364088060265885,0.47376401783841393,0.04484620931831069,0.8341483645894697,0.8941010883793907,0.6534958121040938,-0.20121204729448972,3.2674790605231703,0.006949238680512759,1.0693567834430626,0.33333333333389475,19,0.09,0.6534958121040938,0.8341483645894697,LONG,564,19.0,5,LOSS,2023-08-15
-1,175854,175853,175864,2023-08-15 20:01:00,2023-08-15 20:11:00,1901.295,1901.425,-0.3299999999998818,15.341544192917624,42.57043887024635,0.1533742331288241,1.1667611631130337,0.7045282476320524,0.07236564328001845,0.15687790402220075,-0.989393226408055,-1.2230909642129977,0.012620611089437836,4.630272935949418,0.007723135565453585,0.08736364030085747,0.951219512195149,20,0.288,1.2230909642129977,0.8431220959777992,SHORT,565,0.0,6,LOSS,2023-08-15
1,175915,175914,175918,2023-08-15 21:02:00,2023-08-15 21:05:00,1902.095,1901.618,-0.6770000000000891,12.69540222960932,55.77820859523742,0.013333333333322555,1.1549337361946754,0.8326315163202693,0.018462320493521273,0.6272807285039553,0.41623541099307726,0.0,0.10328080068285626,3.423244501626664,0.10504727568805816,1.6727217451130694,0.0,21,0.536,0.0,0.6272807285039553,LONG,566,51.0,7,LOSS,2023-08-15
1,175956,175955,175970,2023-08-15 21:43:00,2023-08-15 21:57:00,1902.885,1902.675,-0.4100000000000364,24.308303767783272,56.75707894669384,0.13744075829381333,1.1936969956847854,1.6247152907698768,0.05294856140726825,0.6908994460082689,0.9613731660750939,1.6929672100256883,-0.25277593868876985,5.697226177279589,0.11925506851899964,0.8910353736976014,0.4761904761904934,21,0.91,1.6929672100256883,0.6908994460082689,LONG,567,38.0,8,LOSS,2023-08-15
1,175977,175976,176003,2023-08-15 22:04:00,2023-08-15 22:30:00,1903.205,1903.735,0.3299999999999727,18.43659387895611,45.6763966218804,0.38383838383833163,1.1155120176870574,1.344436279839161,0.0012567742004575614,0.5149841934761915,0.06648036288844232,0.3687372354514795,0.17656017316624242,4.440995901425001,0.1850016479535268,0.34989664677860194,0.5666666666673236,22,0.932,0.3687372354514795,0.5149841934761915,LONG,568,7.0,9,WIN,2023-08-15
1,176004,176003,176009,2023-08-15 22:31:00,2023-08-15 22:36:00,1904.185,1903.668,-0.7170000000000527,19.077328981987357,58.22937992258276,0.12230215827344484,0.8507170510565578,0.8291576417958022,0.06916300216297637,0.8177013668057963,1.3179298279512557,1.7333406794158202,-0.13247863401552132,5.278810250948098,0.23587064239523464,1.5757642540145447,0.06976744186039133,22,0.528,1.7333406794158202,0.8177013668057963,LONG,569,1.0,0,LOSS,2023-08-15
1,176011,176010,176019,2023-08-15 22:38:00,2023-08-15 22:46:00,1904.305,1904.125,-0.3800000000000637,19.687643627495493,55.71514677717329,0.2883435582821658,0.8885170892087714,0.5051404549772398,0.12403994071996248,1.0473995133210428,1.3384920877474251,1.6059610822853865,0.05998144616480836,2.7033678218470096,0.22719927451995744,0.9176920470200967,0.38461538461551914,22,0.568,1.6059610822853865,1.0473995133210428,LONG,570,2.0,1,LOSS,2023-08-15
1,176021,176020,176025,2023-08-15 22:48:00,2023-08-15 22:52:00,1904.335,1904.145,-0.3900000000000546,20.434031230080688,50.63071232936946,0.013947001394689967,0.9126531050909403,0.7658444150043543,0.047143352880322245,0.7259334987793024,0.8235080384431684,0.8726415519095516,-0.4772861524441863,3.74477048580317,0.213467352664272,0.4552912444749612,0.14285714285691084,22,0.59,0.8726415519095516,0.7259334987793024,LONG,571,2.0,2,LOSS,2023-08-15
1,176028,176027,176031,2023-08-15 22:55:00,2023-08-15 22:58:00,1904.365,1904.085,-0.4799999999999727,16.43988921042668,54.81410780070005,0.3584603047313766,0.8919991839588312,0.6406396186005752,0.05534671566713185,0.711303004639035,0.6710384268765851,0.07955405179315848,-0.07355067593522009,3.9259924559962602,0.213536202514676,0.5171013366564345,0.49999999999956274,22,0.522,0.07955405179315848,0.711303004639035,LONG,572,3.0,3,LOSS,2023-08-15
1,176041,176040,176062,2023-08-15 23:08:00,2023-08-15 23:29:00,1904.235,1904.695,0.26000000000003637,14.969476039339005,45.151076139111744,0.09523809523799212,0.8609443735188921,0.8293090392163747,0.0975252312112061,0.6702282042518147,0.7470751538439006,0.7448843176151724,0.9375930743303027,3.9435052109068423,0.14434547300218778,0.8763344913119674,0.5833333333335307,23,0.374,0.7448843176151724,0.6702282042518147,LONG,573,10.0,4,WIN,2023-08-15
1,176081,176080,176092,2023-08-15 23:48:00,2023-08-15 23:59:00,1904.355,1904.048,-0.5070000000000163,20.007283800567308,56.57794425309681,0.305263157894757,0.8008359309574934,0.7150987939101184,0.02386943542211427,0.6360757424996423,0.6929468853571258,0.11313418536416621,0.45013409647142505,5.317306712120956,0.08816332678738219,1.6970127804637793,0.06249999999995559,23,0.142,0.11313418536416621,0.6360757424996423,LONG,574,19.0,0,LOSS,2023-08-15
1,176099,176098,176105,2023-08-16 00:06:00,2023-08-16 00:12:00,1904.345,1904.075,-0.4699999999999818,12.047863697437169,45.15982515362291,0.09756097560964788,0.7489323944178335,0.4468843343481612,0.08778416556436629,0.7047435825424039,0.7875988677213729,0.06857630541773399,0.5803360863891616,3.908849408813956,0.022359536499709346,0.6857630541788992,0.16666666666635088,0,0.028,0.06857630541773399,0.7047435825424039,LONG,575,7.0,1,LOSS,2023-08-16
-1,176130,176129,176141,2023-08-16 00:37:00,2023-08-16 00:48:00,1903.165,1903.315,-0.35000000000009096,24.426793991343445,41.394649184797906,0.15038232795251857,0.8891675811794804,0.7704047169924445,0.21892973489321405,0.03034618412742729,-2.9126785375186826,-3.7821796193123487,-0.3070506294641233,5.6499226411947845,0.13315010682180195,2.114551921202869,0.0,0,0.108,3.7821796193123487,0.9696538158725727,SHORT,576,25.0,2,LOSS,2023-08-16
1,176180,176179,176201,2023-08-16 01:27:00,2023-08-16 01:48:00,1904.205,1904.545,0.1400000000001455,24.627614367807446,36.32655113118637,0.11111111111104506,1.045654967432356,1.229361681480542,0.10875129830900712,0.6029769272756828,0.7668422952684999,-0.6515653489214094,0.9000050064483485,7.7686637755946695,0.02501052096485556,1.553732755118706,0.0,1,0.404,-0.6515653489214094,0.6029769272756828,LONG,577,39.0,3,WIN,2023-08-16
1,176210,176209,176211,2023-08-16 01:57:00,2023-08-16 01:58:00,1904.805,1904.455,-0.5500000000001364,17.757912738608223,52.876066991411996,0.18147684605755415,1.0929915874288476,1.007408443309595,0.052387153716924234,0.539961800841411,0.19309657819740947,-0.838638776103265,0.36982164045090415,4.318989696930719,0.13316550076161063,0.3480350920821733,0.4575163398702912,1,0.684,-0.838638776103265,0.539961800841411,LONG,578,9.0,0,LOSS,2023-08-16
1,176212,176211,176221,2023-08-16 01:59:00,2023-08-16 02:08:00,1905.335,1904.795,-0.7399999999999636,17.78824565082431,52.03481523623454,0.375874125874043,1.2617253173098841,1.0280912822696493,0.20561720569045994,1.0507292741994736,2.167051515019909,1.2113012117177568,1.1030045883767652,3.4993146116299254,0.13316550076161063,3.0955475410575946,0.038662486938380786,1,0.862,1.2113012117177568,1.0507292741994736,LONG,579,1.0,1,LOSS,2023-08-16
1,176224,176223,176260,2023-08-16 02:11:00,2023-08-16 02:47:00,1905.035,1905.918,0.6829999999998109,11.943372000350248,64.62563244384967,0.28089887640439104,1.2754185237753604,1.0662341583161488,0.015888656608679778,0.6255074840908742,0.44027494093157044,0.3231914814978345,-0.16522248207621937,3.340624676932675,0.1663556743011818,0.23504835018042547,0.7333333333329797,2,0.878,0.3231914814978345,0.6255074840908742,LONG,580,3.0,2,WIN,2023-08-16
1,176278,176277,176282,2023-08-16 03:05:00,2023-08-16 03:09:00,1905.535,1904.935,-0.8000000000001364,24.92317678357287,67.99938146176943,0.24498886414255233,1.1741042866245484,1.2200195915236285,0.02535572027235059,0.6879452806012539,0.7395556498294946,0.37031843577067247,0.10510588948242493,4.505991477583281,0.0984912021264083,1.6488631081742733,0.164383561643682,3,0.922,0.37031843577067247,0.6879452806012539,LONG,581,18.0,0,LOSS,2023-08-16
-1,176336,176335,176347,2023-08-16 04:03:00,2023-08-16 04:14:00,1904.055,1904.315,-0.4599999999999909,19.00206995556972,51.57055657196129,0.325714285714207,0.9826007298163794,0.8956313790137977,0.07032830294546626,0.27689618136463223,-0.8387517358764744,-1.0014946100014526,-0.1982069632804589,4.631912571256985,0.11345022108404164,0.37556047875027787,0.5000000000004737,4,0.686,1.0014946100014526,0.7231038186353678,SHORT,582,54.0,1,LOSS,2023-08-16
-1,176349,176348,176359,2023-08-16 04:16:00,2023-08-16 04:26:00,1903.805,1904.175,-0.5699999999998908,14.69611181580939,61.3445050329598,0.19402985074622814,0.9928915178979657,0.6663745529615481,0.05499631545317077,0.0968166161900997,-1.1436961084946236,-2.1903892638769946,0.06775035806704156,2.8787973182383766,0.08143922040460289,1.4393986591191883,0.2203389830509781,4,0.686,2.1903892638769946,0.9031833838099003,SHORT,583,2.0,2,LOSS,2023-08-16
1,176429,176428,176433,2023-08-16 05:36:00,2023-08-16 05:40:00,1907.025,1906.498,-0.7270000000000436,19.378901219772672,65.36529547239374,0.044943820224806655,0.9890087643724218,0.49323746729677187,0.054340104053811004,0.9334406105244791,1.0224336417714806,0.7759766956182746,-0.09545845426665532,2.564096907260152,0.29941321113718944,1.2145722192289372,0.2340425531912629,5,0.524,0.7759766956182746,0.9334406105244791,LONG,584,70.0,3,LOSS,2023-08-16
1,176449,176448,176471,2023-08-16 05:56:00,2023-08-16 06:18:00,1906.235,1906.088,-0.3469999999999345,20.046521865441704,52.96477406499145,0.2820512820513269,0.9740313977012433,1.2432132015644148,0.10274885778990621,0.6046826124333908,0.6550595797177765,-0.5475231668765751,0.9804980948633425,6.083590743081465,0.08136706050280779,1.4314331160194553,0.06976744186039133,5,0.486,-0.5475231668765751,0.6046826124333908,LONG,585,16.0,4,LOSS,2023-08-16
1,176479,176478,176488,2023-08-16 06:26:00,2023-08-16 06:35:00,1906.495,1906.115,-0.5799999999998817,13.084290531438477,44.30674890014588,0.03280839895025302,0.9258602261398846,0.5745597452777238,0.07930433361741608,0.7903700525592332,0.9251127575065199,0.4114355159023196,0.15098762158282103,4.307729851501309,0.06951657703048636,0.8640145833948711,0.0,6,0.376,0.4114355159023196,0.7903700525592332,LONG,586,8.0,5,LOSS,2023-08-16
1,176494,176493,176495,2023-08-16 06:41:00,2023-08-16 06:42:00,1906.405,1906.235,-0.37000000000007277,11.212727584464284,56.92609078222659,0.04761904761900637,0.8480425036397412,0.6502605815912504,0.004752809873235981,0.6006780216299957,0.41891879818116207,-0.4787643407775378,0.03223185439025579,5.49142698872304,0.06000554670802977,0.3830114726220303,0.2727272727272727,6,0.23,-0.4787643407775378,0.6006780216299957,LONG,587,6.0,6,LOSS,2023-08-16
1,176510,176509,176518,2023-08-16 06:57:00,2023-08-16 07:05:00,1906.315,1905.938,-0.5769999999999527,21.526830917996072,54.7141555236297,0.1095890410959608,0.9853827197023364,0.5364965775872951,0.07128728105445345,0.8113749034846713,0.8841143283431404,0.5707908967857305,0.34512388056304366,3.3839746023698303,0.014943400812489351,1.263894128595849,0.3404255319147289,6,0.444,0.5707908967857305,0.8113749034846713,LONG,588,15.0,7,LOSS,2023-08-16
-1,176518,176517,176579,2023-08-16 07:05:00,2023-08-16 08:06:00,1905.938,1903.605,2.1330000000000835,16.183584273134645,55.57558165105873,0.06929691451691322,1.0483884800604788,0.7186203584010369,0.035038120215582065,0.2785124825700431,-0.7489438149183454,-0.4745116712131724,0.18513831717949444,3.437407382018234,0.003042358139288132,0.6351731031983936,0.4333333333341923,7,0.558,0.4745116712131724,0.7214875174299569,SHORT,589,0.0,8,WIN,2023-08-16
-1,176580,176579,176585,2023-08-16 08:07:00,2023-08-16 08:12:00,1902.795,1903.775,-1.1800000000000181,38.73257893599033,57.4971481825948,0.24879304795621973,1.377071683157465,0.991458165083149,0.11760915482902955,-0.07761953082815601,-1.5881070854540495,-1.9719133412695617,0.14022090832031436,3.4314582577518853,0.41029251758929863,1.9507605163929753,0.06741573033726524,8,1.0,1.9719133412695617,1.077619530828156,SHORT,590,1.0,0,LOSS,2023-08-16
-1,176594,176593,176606,2023-08-16 08:21:00,2023-08-16 08:33:00,1902.335,1902.285,-0.15000000000004549,24.71172667226461,50.530846515373256,0.17548746518100733,1.3731886770078006,1.3844806103093301,0.18341124674153403,-0.15909853185167022,-2.248938360806959,-2.5839258967007397,-0.5936987936859695,3.691322709572419,0.3068665123803568,2.2353009741298533,0.09917355371893372,8,1.0,2.5839258967007397,1.1590985318516702,SHORT,591,9.0,1,LOSS,2023-08-16
-1,176614,176613,176620,2023-08-16 08:41:00,2023-08-16 08:47:00,1901.625,1902.635,-1.2099999999999909,22.369679916920624,48.782653158198045,0.09640831758034335,1.4966882886059802,2.483270089000564,0.09119392576930574,0.3609247954581926,-0.6078697114101115,0.9671956048819444,-0.7290428177690295,4.445281905069516,0.22000147400170322,0.7635754775382706,0.17012448132787653,8,0.996,-0.9671956048819444,0.6390752045418073,SHORT,592,8.0,2,LOSS,2023-08-16
-1,176623,176622,176630,2023-08-16 08:50:00,2023-08-16 08:57:00,1900.915,1902.065,-1.350000000000091,16.963456277888127,44.53556652818505,0.3299748110831647,1.3460739969999516,2.026680267951379,0.16388595062164305,0.0006828965897036076,-1.981160173826792,-3.5894738700937046,-0.47991666741966604,4.632580374448157,0.18875037359748156,1.8757025110640808,0.07947019867542489,8,0.978,3.5894738700937046,0.9993171034102964,SHORT,593,3.0,3,LOSS,2023-08-16
-1,176633,176632,176639,2023-08-16 09:00:00,2023-08-16 09:06:00,1900.665,1901.605,-1.1400000000000545,18.008294314799365,49.45208679447502,0.050656660412759576,1.2747038335533052,1.762667044239215,0.11656749573481424,0.09655144044987951,-1.4595448022602464,-2.6006434658452555,0.01809548585453991,4.31229146122292,0.1996077281401072,1.0747557180277938,0.0,8,0.976,2.6006434658452555,0.9034485595501205,SHORT,594,3.0,4,LOSS,2023-08-16
-1,176645,176644,176650,2023-08-16 09:12:00,2023-08-16 09:17:00,1900.805,1902.255,-1.6500000000000454,13.957668102261993,55.19161669583755,0.061728395061742256,1.1399087466220856,1.2398498187648728,0.0680345443116054,0.14911569312239356,-1.0226750332354453,-1.8301271174573377,-0.09283583997735997,3.264946777543917,0.17519742672091382,1.1273583043536934,0.28703703703700584,9,0.93,1.8301271174573377,0.8508843068776064,SHORT,595,6.0,5,LOSS,2023-08-16
-1,176668,176667,176669,2023-08-16 09:35:00,2023-08-16 09:36:00,1902.645,1903.285,-0.8400000000001,9.787908200434343,62.85510360900421,0.1303911735205627,1.1129458728559507,1.4713605469220694,0.01582581937452231,0.41072413445196937,-0.30506094770490605,0.17512882844624067,-0.3360543099289704,6.695309825977617,0.02022350422579511,0.9025870389145807,0.09459459459450739,9,0.928,-0.17512882844624067,0.5892758655480306,SHORT,596,18.0,6,LOSS,2023-08-16
1,176700,176699,176704,2023-08-16 10:07:00,2023-08-16 10:11:00,1905.615,1903.975,-1.8400000000001,14.448497150976385,59.65202572592932,0.31456953642383223,1.1326854046817125,1.7988343509415465,0.1274532545912747,0.7492942098761198,1.0720851181482571,-0.4048300090742728,0.7367086948289097,3.929232441013265,0.11540075164694233,0.8811006079848157,0.2210526315789751,10,0.998,-0.4048300090742728,0.7492942098761198,LONG,597,31.0,7,LOSS,2023-08-16
1,176713,176712,176726,2023-08-16 10:20:00,2023-08-16 10:33:00,1904.405,1904.338,-0.2670000000000073,8.971617344145962,47.73565566108715,0.39627488760433865,0.9685051319012714,1.0161248287209197,0.046808582220052394,0.662576567570457,0.503098027832555,0.9110427063359008,0.2387756641567061,4.063539690165574,0.07853724045024296,0.1301489580478919,0.7692307692309037,10,0.8,0.9110427063359008,0.662576567570457,LONG,598,9.0,8,LOSS,2023-08-16
1,176736,176735,176740,2023-08-16 10:43:00,2023-08-16 10:47:00,1904.415,1903.595,-1.0199999999999363,10.202952994319226,48.443875848013896,0.03510676800578747,0.8422835257353626,0.7936578867848221,0.010976463197558637,0.6223767370020804,0.3934909938358372,-0.8660302837878963,0.3125961511332089,3.9063493651705086,0.04592309564846275,1.1055705750481464,0.2207792207793205,10,0.728,-0.8660302837878963,0.6223767370020804,LONG,599,10.0,9,LOSS,2023-08-16
1,176750,176749,176762,2023-08-16 10:57:00,2023-08-16 11:09:00,1904.125,1903.515,-0.8099999999998999,7.415560838746231,54.650310115774055,0.23636363636364763,0.7820391884444926,0.5253920642887672,0.04151171973274663,0.6861960788418459,0.4767422110349951,0.6298644246015261,0.2702032484608388,3.1927610488426783,0.025341436202819825,0.6733033504360801,0.20512820512808555,10,0.688,0.6298644246015261,0.6861960788418459,LONG,600,10.0,10,LOSS,2023-08-16
1,176773,176772,176776,2023-08-16 11:20:00,2023-08-16 11:23:00,1904.015,1903.535,-0.6800000000000181,10.921189728624183,49.35567194534457,0.09363295880151153,0.8184932002438404,0.6345292536217909,0.04471145985849092,0.6008260839138431,0.3336191626033512,-1.2735291823989217,0.2830392014630726,4.0093427653009,0.004257046016767683,0.13644955525686112,0.7857142857144597,11,0.638,-1.2735291823989217,0.6008260839138431,LONG,601,11.0,11,LOSS,2023-08-16
1,176778,176777,176780,2023-08-16 11:25:00,2023-08-16 11:27:00,1904.065,1903.445,-0.8200000000001182,8.958406694386722,53.03659311902513,0.18918918918929548,0.7866752540255364,0.5182543952894046,0.060542783292173476,0.7616671416586789,0.7644488758877656,0.8102396950156521,0.15584392509837908,4.328644188823819,0.0012618299233206499,0.8347924130463956,0.10526315789461087,11,0.606,0.8102396950156521,0.7616671416586789,LONG,602,2.0,12,LOSS,2023-08-16
-1,176812,176811,176853,2023-08-16 11:59:00,2023-08-16 12:40:00,1901.965,1899.865,1.899999999999909,18.48261971035876,39.08886016840406,0.22340425531908076,0.8156961774360105,0.726640996201817,0.0020561590281029476,0.3789208091388353,-0.5595759271710916,-1.1191518543428038,0.36927774887155657,5.186313471343293,0.15868649058756001,0.48860532177419413,0.4735294117646744,11,0.532,1.1191518543428038,0.6210791908611647,SHORT,603,32.0,13,WIN,2023-08-16
-1,176861,176860,176886,2023-08-16 12:48:00,2023-08-16 13:13:00,1899.768,1898.655,0.9130000000000564,20.686367701129868,38.537989619958495,0.12917271407841374,0.9087833273607094,0.7790669771917064,0.06590623876194997,0.42175997014413874,-0.38379930403797147,-0.601411475669407,-0.5974790167844979,5.279056286434544,0.2987512717132946,0.29053694476773373,0.5238095238095238,12,0.48,0.601411475669407,0.5782400298558612,SHORT,604,8.0,0,WIN,2023-08-16
-1,176900,176899,176918,2023-08-16 13:27:00,2023-08-16 13:45:00,1898.395,1897.955,0.24000000000005456,13.211207286042027,61.77478530088576,0.45251396648031067,0.9471359507961242,0.7676281476325104,0.08055857677567567,0.362017145571643,-0.6015478545347153,-1.4008648667243286,-0.33220421095323366,4.587145740057752,0.24597884084094124,0.576826709827775,0.19230769230752412,13,0.468,1.4008648667243286,0.637982854428357,SHORT,605,14.0,0,WIN,2023-08-16
-1,176919,176918,176921,2023-08-16 13:46:00,2023-08-16 13:48:00,1897.585,1897.895,-0.5099999999999454,24.980718474377134,52.20459637360836,0.15412186379932055,1.0441690833339583,0.857013767485157,0.005662928716257671,0.3779861155172082,-0.49071006420704916,-1.4422044502774727,0.4536217648119287,4.663127722564666,0.2726322982717888,0.8893594110043139,0.3728813559323014,13,0.566,1.4422044502774727,0.6220138844827918,SHORT,606,1.0,0,LOSS,2023-08-16
-1,176924,176923,176929,2023-08-16 13:51:00,2023-08-16 13:56:00,1897.545,1897.775,-0.4300000000000182,19.196345271796794,55.78476336736095,0.08888888888895907,0.9598156109250435,0.6973090737623878,0.010619588218115249,0.38841054457426527,-0.39876650381712064,-1.323370043148295,0.08170085897079359,4.18617054465257,0.26373973810609774,0.3240906228115266,0.5000000000004737,13,0.454,1.323370043148295,0.6115894554257347,SHORT,607,3.0,1,LOSS,2023-08-16
-1,176936,176935,176949,2023-08-16 14:03:00,2023-08-16 14:16:00,1896.695,1897.285,-0.7900000000001455,15.583728382970737,45.21850755325626,0.18840579710145883,1.2466902941255689,0.7716893926806052,0.13271140637535897,-0.24358913341087177,-1.9607220356140764,-2.241910854674305,-0.447776938703499,3.9708421070075093,0.20751109326429473,2.849886679670573,0.10714285714277014,14,0.72,2.241910854674305,1.2435891334108717,SHORT,608,7.0,2,LOSS,2023-08-16
-1,176966,176965,176998,2023-08-16 14:33:00,2023-08-16 15:05:00,1897.708,1895.145,2.3630000000001017,19.11749104588501,51.9970509309267,0.35305343511451814,1.1514585821513912,1.4279698227956334,0.029250605457465943,0.42288694253141007,-0.349849164333793,-0.4416048357648972,-0.08251930185829288,6.084333292756136,0.0730198587411172,0.32711469315900404,0.6551724137929817,14,0.694,0.4416048357648972,0.5771130574685899,SHORT,609,17.0,3,WIN,2023-08-16
-1,176999,176998,177016,2023-08-16 15:06:00,2023-08-16 15:23:00,1894.825,1894.665,-0.03999999999991816,34.364870168489865,68.62931579195694,0.09604519774017976,0.8963258772719062,0.7056331330935126,0.04343220714387393,0.29681343244792097,-0.7300070834272967,-0.9490333568868428,0.14865543010122623,3.8878974671445916,0.25820183102263145,0.8451951015528856,0.23913043478286658,15,0.45,0.9490333568868428,0.703186567552079,SHORT,610,1.0,0,LOSS,2023-08-16
-1,177019,177018,177028,2023-08-16 15:26:00,2023-08-16 15:35:00,1893.685,1893.855,-0.37000000000007277,30.094486925151198,51.337738852850386,0.07878787878788797,1.0173553548507595,1.0150511692185826,0.04682488395192999,0.3295627380953047,-0.7995496450059593,-1.4734248200665696,0.5499761272690828,4.398606448139435,0.34177942756776564,0.17334409647873875,0.8620689655169576,15,0.57,1.4734248200665696,0.6704372619046953,SHORT,611,3.0,1,LOSS,2023-08-16
-1,177030,177029,177056,2023-08-16 15:37:00,2023-08-16 16:03:00,1893.135,1892.525,0.40999999999989994,19.398375771040975,47.41017628248793,0.1790201005024943,1.0719365992058114,0.9206134907398223,0.027228393897061533,0.26870562811195203,-0.9116360873481222,-2.3678859411620614,0.5823356221131687,4.437298864530419,0.314814101049441,1.2933830771054495,0.044117647058779276,15,0.626,2.3678859411620614,0.731294371888048,SHORT,612,2.0,2,WIN,2023-08-16
-1,177087,177086,177100,2023-08-16 16:34:00,2023-08-16 16:47:00,1893.028,1892.978,-0.15000000000004549,13.657788579191353,42.45210574352541,0.175015460729732,0.6496107155017918,0.5377232841601808,0.03537310888524431,0.4221436214143888,-0.41330868856399694,1.2720911069894782,-0.5234050491930451,4.74011134923989,0.12426514674681292,0.42080580345286844,0.2926829268283215,16,0.002,-1.2720911069894782,0.5778563785856112,SHORT,613,31.0,0,LOSS,2023-08-16
-1,177101,177100,177116,2023-08-16 16:48:00,2023-08-16 18:03:00,1892.788,1894.125,-1.536999999999989,16.04915700745706,55.34123659657186,0.19406150583239848,0.6944630259263609,0.5346960845858618,0.019670878850981153,0.35700511151241593,-0.7735773241215915,-1.5856709456620393,0.23314311266175808,5.802455195482818,0.10750257502432041,0.9003809786096576,0.27999999999974534,16,0.014,1.5856709456620393,0.642994888487584,SHORT,614,1.0,1,LOSS,2023-08-16
1,177137,177136,177140,2023-08-16 18:24:00,2023-08-16 18:27:00,1894.598,1894.345,-0.45299999999992907,27.61279975814695,58.88889610805056,0.06223358908788803,0.9138574070915061,0.37894353382804075,0.03384494867205084,0.5987411897772755,0.2666616568330807,-0.0572379818960746,-0.22195612491409925,3.6699647215601785,0.1327586183164985,0.0,1.0,18,0.096,-0.0572379818960746,0.5987411897772755,LONG,615,21.0,2,LOSS,2023-08-16
1,177147,177146,177150,2023-08-16 18:34:00,2023-08-16 18:37:00,1894.575,1894.275,-0.49999999999995454,20.016707121072432,57.77915514980642,0.006776379477308257,0.7932854980412757,0.2847047307014372,0.016957433115691152,0.720811790942936,0.5512451309675449,0.46607966492202146,-0.11002002492292325,3.207475512232642,0.17078350831660366,0.9321593298430795,0.333333333333563,18,0.064,0.46607966492202146,0.720811790942936,LONG,616,7.0,3,LOSS,2023-08-16
1,177158,177157,177159,2023-08-16 18:45:00,2023-08-16 18:46:00,1894.365,1894.205,-0.36000000000008187,11.690053139906514,42.60606460294617,0.2876712328765758,0.5954878281822329,0.24751108024212382,0.026664993030467963,0.6985226268658409,0.640054358474835,0.6995486859718351,0.16242821191965465,3.8377110155660863,0.17413484528644263,0.6537838186648496,0.0,18,0.004,0.6995486859718351,0.6985226268658409,LONG,617,8.0,4,LOSS,2023-08-16
1,177160,177159,177167,2023-08-16 18:47:00,2023-08-16 18:54:00,1894.415,1894.285,-0.3299999999998818,11.318463429832562,46.32960881970946,0.2285714285711316,0.6288997385704784,0.2511118748423434,0.07296354020580943,0.7249930141218058,0.6992083212366322,1.5600364150788473,0.5655747435415386,3.6629655026050654,0.17629605971655346,1.372832045269556,0.04347826086952224,18,0.008,1.5600364150788473,0.7249930141218058,LONG,618,1.0,5,LOSS,2023-08-16
-1,177212,177211,177217,2023-08-16 19:39:00,2023-08-16 19:44:00,1892.855,1893.235,-0.5799999999998817,50.422851119091625,53.73293878542059,0.07602339181280485,1.037183886256781,0.7296014248427871,0.07381662681839923,0.2568932200256727,-1.1020811340256362,-2.2272022917603427,0.4728366122938828,4.800004939139272,0.12420258438516177,0.46080047415695097,0.0,19,0.196,2.2272022917603427,0.7431067799743273,SHORT,619,45.0,6,LOSS,2023-08-16
-1,177261,177260,177263,2023-08-16 20:28:00,2023-08-16 20:30:00,1892.175,1892.775,-0.8000000000001364,20.485924963577155,56.861522699887054,0.3035819142688392,1.007053480588994,0.7243551026145264,0.11441645534971664,0.13619793983717052,-1.447961873943186,-1.472890643228031,-0.26218609046479546,3.767859785002524,0.13718347664574643,1.5223675898994764,0.09706546275422492,20,0.25,1.472890643228031,0.8638020601628295,SHORT,620,44.0,7,LOSS,2023-08-16
-1,177265,177264,177266,2023-08-16 20:32:00,2023-08-16 20:33:00,1892.545,1892.725,-0.3799999999998363,20.800454338964727,60.20962950524197,0.029999999999972715,1.0085763455484988,0.5035559792630393,0.008130035197535024,0.3815412119564295,-0.3214712628080421,-0.7190057673171525,-0.32038169411473966,3.519344018972661,0.11752909354325881,0.22705445283672382,0.6,20,0.258,0.7190057673171525,0.6184587880435706,SHORT,621,2.0,8,LOSS,2023-08-16
-1,177272,177271,177290,2023-08-16 20:39:00,2023-08-16 20:57:00,1892.415,1892.025,0.18999999999987266,20.37494195706004,58.47709317101137,0.13043478260875296,0.9957266053428514,0.5074249636002659,0.07059879334666462,0.17201447911433498,-0.8880891623319611,-1.3102638975615848,-0.1999112207582131,3.044436703158393,0.11665082758936665,0.7322062956965664,0.26070038910502397,20,0.23,1.3102638975615848,0.827985520885665,SHORT,622,6.0,9,WIN,2023-08-16
-1,177297,177296,177310,2023-08-16 21:04:00,2023-08-16 21:17:00,1891.595,1892.025,-0.6300000000000636,24.268010017768837,38.81182420237794,0.00828500414249536,1.2532384937419145,1.239037173453377,0.06412229869216553,0.4096349268999515,-0.4118899079207476,-0.2419718780207954,-0.14235404148257752,5.503515936766942,0.13868181032774785,0.32262917069439384,0.7777777777779649,21,0.648,0.2419718780207954,0.5903650731000485,SHORT,623,7.0,0,LOSS,2023-08-16
-1,177315,177314,177331,2023-08-16 21:22:00,2023-08-16 21:38:00,1891.185,1890.775,0.20999999999985447,15.719446831141275,42.12700351247341,0.08417508417507696,1.2424503842694135,1.0216266657845023,0.03191468309144943,0.31704466859146124,-0.633547613080659,-1.0786849257899098,-0.05978597323408878,4.650330568960605,0.1547571722798547,0.4794155225733538,0.41176470588247094,21,0.778,1.0786849257899098,0.6829553314085388,SHORT,624,5.0,1,WIN,2023-08-16
-1,177345,177344,177350,2023-08-16 21:52:00,2023-08-16 21:57:00,1891.658,1892.365,-0.9070000000001073,19.5730476283365,37.93991061126613,0.42690058479520965,1.1023852623622223,2.1351647063098773,0.045670990029774046,0.49304796780659316,-0.05571121965371092,2.530217892593766,-0.8954433296091416,6.430003268335057,0.035683494403574226,0.7892422784241406,0.209302325581174,21,0.782,-2.530217892593766,0.5069520321934069,SHORT,625,14.0,0,LOSS,2023-08-16
1,177365,177364,177368,2023-08-16 22:12:00,2023-08-16 22:15:00,1893.005,1892.465,-0.740000000000191,12.294949431882824,54.969988983517155,0.11999999999990645,0.9831711138029494,0.8456364472588892,0.032187979587214956,0.8520781003594945,1.245560193472655,1.6158618726126115,-0.4569925251792424,4.632137368156316,0.06215943108925086,1.5889308414024217,0.21333333333344248,22,0.558,1.6158618726126115,0.8520781003594945,LONG,626,15.0,1,LOSS,2023-08-16
1,177372,177371,177387,2023-08-16 22:19:00,2023-08-16 22:34:00,1892.805,1892.655,-0.35000000000009096,9.842578701355647,55.332093888721744,0.16262975778547095,0.9438253012963432,0.7720727193297215,0.051026859149532075,0.6647490051943781,0.5264890703472225,0.11414397189098972,-0.08417455617885883,3.253103198896451,0.06655193934184704,0.2568239367553757,0.5499999999993748,22,0.474,0.11414397189098972,0.6647490051943781,LONG,627,4.0,2,LOSS,2023-08-16
1,177397,177396,177420,2023-08-16 22:44:00,2023-08-16 23:07:00,1892.755,1893.265,0.3099999999999909,9.961017493658213,48.66787906995626,0.07326178254790044,0.902045669270296,0.6919106549228845,0.004894915639728939,0.5065602595512458,0.022243049699778465,-0.5520172918016376,0.4839271680805493,4.4486099398168895,0.1024074241281642,0.552017291802376,0.29166666666639035,22,0.416,-0.5520172918016376,0.5065602595512458,LONG,628,10.0,3,WIN,2023-08-16
1,177424,177423,177425,2023-08-16 23:11:00,2023-08-16 23:12:00,1893.518,1893.165,-0.5530000000000654,25.285662904614586,64.52371597865196,0.025304592314942337,0.8649367272360688,0.4236085205416998,0.014421188483053071,0.6314542439894386,0.31734913633996853,1.3724200330983871,-0.21238800244801317,2.9067341183588487,0.1536075203251373,0.5261556695256955,0.2185792349724875,23,0.328,1.3724200330983871,0.6314542439894386,LONG,629,4.0,0,LOSS,2023-08-16
1,177438,177437,177450,2023-08-16 23:25:00,2023-08-16 23:37:00,1893.355,1893.145,-0.4100000000000364,16.626309145922487,61.5584684453107,0.4265734265734288,0.9372813924663278,0.6287182028540218,0.06971938372803532,0.7188386087053167,0.7307076908381632,-0.3174763618219577,0.6035014762720158,2.969940158977626,0.08145138485463214,1.2972152418524927,0.025641025640995744,23,0.424,-0.3174763618219577,0.7188386087053167,LONG,630,13.0,1,LOSS,2023-08-16
-1,177472,177471,177483,2023-08-16 23:59:00,2023-08-17 00:10:00,1892.365,1892.655,-0.48999999999996363,27.42672508863587,55.99762662872464,0.2348993288589621,0.7990826487472759,0.4213202355101333,0.11028375423222865,-0.023081514918727345,-1.6819005275678085,-2.1023756594603435,0.2584228687609801,3.3843120371786437,0.033619348481673576,1.743433473698054,0.10526315789467386,23,0.088,2.1023756594603435,1.0230815149187273,SHORT,631,22.0,2,LOSS,2023-08-17
1,177510,177509,177511,2023-08-17 00:37:00,2023-08-17 00:38:00,1893.175,1893.025,-0.3499999999998636,22.71970959006112,48.140770999483095,0.030927835051502893,0.8097791371463021,0.4877931148519601,0.041076180007922944,0.6815315944534064,0.76144368499707,2.6404901979770434,-0.5899932497740589,4.66691290805417,0.023285160605908083,0.184220246370394,0.7272727272727273,0,0.068,2.6404901979770434,0.6815315944534064,LONG,632,27.0,3,LOSS,2023-08-17
1,177512,177511,177534,2023-08-17 00:39:00,2023-08-17 01:01:00,1893.135,1893.505,0.17000000000011822,20.604416910481053,52.201832939257244,0.188679245283031,0.8169418693760144,0.4765769688464789,0.005390549395930361,0.5914132389782711,0.3739591681830709,0.858266943369497,-0.21544109600684844,4.352639498513848,0.023285160605908083,0.6743525983606525,0.312500000000977,0,0.07,0.858266943369497,0.5914132389782711,LONG,633,1.0,4,WIN,2023-08-17
1,177536,177535,177538,2023-08-17 01:03:00,2023-08-17 01:05:00,1893.815,1893.545,-0.4699999999999818,25.39712143371029,55.063499001770204,0.2075471698114017,0.861939701211265,0.4770791610859835,0.05483713813142913,0.806708356890115,1.2848376065305012,1.2615976498230361,-0.23006782176108345,4.581591465145862,0.18137011614107212,1.6599969076614127,0.0,1,0.07,1.2615976498230361,0.806708356890115,LONG,634,2.0,0,LOSS,2023-08-17
1,177548,177547,177557,2023-08-17 01:15:00,2023-08-17 01:24:00,1893.775,1893.418,-0.5570000000001982,17.259181071326513,57.39284637656654,0.2441406250000269,0.9751118223795925,0.49004816630652276,0.0872844576800074,0.8638064693187086,1.2988405292293548,0.46314794891224914,0.21008546116733434,3.68781554320633,0.14972842832684163,1.505230833961848,0.1034482758626908,1,0.17,0.46314794891224914,0.8638064693187086,LONG,635,10.0,1,LOSS,2023-08-17
1,177611,177610,177662,2023-08-17 02:18:00,2023-08-17 03:09:00,1893.605,1896.188,2.3830000000000835,14.632840317533317,57.61316198696985,0.15646258503399887,1.2283853664127853,1.170613006903431,0.04569962371021607,0.6931699487270446,0.7018870176114005,1.3984908475763151,-0.16590743278590783,4.537325861025033,0.0498224113146274,1.025559954888968,0.0,2,0.764,1.3984908475763151,0.6931699487270446,LONG,636,54.0,2,WIN,2023-08-17
1,177668,177667,177669,2023-08-17 03:15:00,2023-08-17 03:16:00,1896.765,1896.505,-0.4599999999999909,28.375100306874447,50.47532662533987,0.11111111111107368,1.191028540660781,1.364102712978199,0.02648380834197216,0.5781628837755073,0.3016926277510721,-1.1645553785299372,0.155304723453565,3.881851261766641,0.42782204967247484,0.33966198540479486,0.6744186046509784,3,0.918,-1.1645553785299372,0.5781628837755073,LONG,637,6.0,0,LOSS,2023-08-17
1,177672,177671,177678,2023-08-17 03:19:00,2023-08-17 03:25:00,1896.768,1896.248,-0.7199999999999818,22.762624399908393,53.04646072672181,0.25500667556735324,1.2153325252236562,1.337189247994443,0.007066250908100836,0.5331720226542886,0.11984004150313407,-0.6377654466161006,0.1003294128141141,3.6838437349663793,0.40300940412806346,1.1512011671768954,0.315068493150702,3,0.954,-0.6377654466161006,0.5331720226542886,LONG,638,3.0,1,LOSS,2023-08-17
1,177698,177697,177706,2023-08-17 03:45:00,2023-08-17 03:53:00,1895.955,1895.655,-0.49999999999995454,21.959836930409004,56.69104684987764,0.4954954954954992,0.9252271032642819,0.45962711745293755,0.03381131109801992,0.845994853738182,0.6434516315582344,0.4174087430265335,0.008652744699684876,3.403486673911578,0.11846096394275892,0.4495171078747284,0.3333333333340552,3,0.588,0.4174087430265335,0.845994853738182,LONG,639,20.0,2,LOSS,2023-08-17
1,177708,177707,177715,2023-08-17 03:55:00,2023-08-17 04:02:00,1896.105,1895.825,-0.4799999999999727,18.17311672436938,44.38771814071149,0.06481481481485868,0.9750138885616733,0.7497630373925533,0.00442800865889735,0.7298304883526904,0.6585896108954319,0.7927467538559719,-0.6716366372527379,4.268636366916505,0.10970549721418647,0.9451980526742947,0.06060606060601885,3,0.69,0.7927467538559719,0.7298304883526904,LONG,640,2.0,3,LOSS,2023-08-17
1,177738,177737,177740,2023-08-17 04:25:00,2023-08-17 04:27:00,1895.925,1895.665,-0.4599999999999909,14.627267218126466,52.77272084189159,0.24200518582540256,0.962634723935344,0.8140849857069802,0.025995962014903076,0.6593461435892033,0.5501541891271836,0.3928503581976501,-0.3498541277292549,3.4374406342324155,0.019242343922782745,0.7202256566964362,0.5319148936169904,4,0.542,0.3928503581976501,0.6593461435892033,LONG,641,23.0,4,LOSS,2023-08-17
-1,177755,177754,177787,2023-08-17 04:42:00,2023-08-17 05:14:00,1895.505,1894.095,1.210000000000082,10.34967620731562,51.1660259638504,0.1849405548217815,0.9382650962225882,0.5828117759884117,0.01216451062939283,0.32383066401691873,-0.4732385824631823,-0.4909477698757151,0.1472163611052423,3.647040576222787,0.04085187312531355,0.5610831655722458,0.5151515151518492,4,0.444,0.4909477698757151,0.6761693359830813,SHORT,642,15.0,5,WIN,2023-08-17
-1,177789,177788,177792,2023-08-17 05:16:00,2023-08-17 05:19:00,1893.705,1894.175,-0.6700000000000272,29.093474541120834,50.751613207806884,0.09900990099013882,0.9885760576277322,0.36853324867565557,0.04281703305389471,0.16302863197168296,-0.6141540286544483,0.24258657042817403,0.24275353631784555,3.5909645847938427,0.28894406631648534,0.922512310080044,0.3076923076921283,5,0.466,-0.24258657042817403,0.8369713680283171,SHORT,643,2.0,0,LOSS,2023-08-17
-1,177802,177801,177812,2023-08-17 05:29:00,2023-08-17 05:39:00,1893.725,1894.135,-0.6100000000000818,17.4411649436638,54.076747012093925,0.2356020942407953,0.9697719564786907,0.6766740836029922,0.09129500657542954,0.16445572228123498,-1.1761497166597834,-1.3101773149610616,-0.16830342405543,3.4949865131520528,0.21567723720402696,1.2747671172594548,0.07692307692298724,5,0.4,1.3101773149610616,0.835544277718765,SHORT,644,10.0,1,LOSS,2023-08-17
1,177876,177875,177896,2023-08-17 06:43:00,2023-08-17 07:03:00,1897.555,1897.695,-0.06000000000012734,22.657271402806156,53.20058501434523,0.3333333333334236,1.1870326780068363,1.3269501243353456,0.1016260007183867,0.6666392621252701,0.8237859763641439,1.0019018631447458,0.5167675186711324,6.568023325059437,0.2557216530998051,0.9796373772971073,0.13725490196066192,6,0.974,1.0019018631447458,0.6666392621252701,LONG,645,64.0,2,LOSS,2023-08-17
1,177913,177912,177914,2023-08-17 07:20:00,2023-08-17 07:21:00,1897.615,1897.505,-0.30999999999989997,10.695541537564965,58.37535354937033,0.13874614594038742,1.0294308328680546,0.6708590439570283,0.01196211834221239,0.5375184350256393,0.1033280869010633,-0.5599058896111856,0.02782990700396848,3.359435337666535,0.18923432848588792,0.17815187396701132,0.6111111111111112,7,0.858,-0.5599058896111856,0.5375184350256393,LONG,646,17.0,3,LOSS,2023-08-17
1,177915,177914,177934,2023-08-17 07:22:00,2023-08-17 07:41:00,1897.775,1898.095,0.11999999999993632,10.063365139790463,59.71340868993758,0.12243925678896725,1.011060170462066,0.564824226027368,0.044836883000920626,0.768868180386516,0.6365226627148893,1.9817993595373973,0.3902598991029545,3.337767342378743,0.1628876133930304,0.6779839914206729,0.2777777777776023,7,0.84,1.9817993595373973,0.768868180386516,LONG,647,1.0,4,WIN,2023-08-17
1,177940,177939,177966,2023-08-17 07:47:00,2023-08-17 08:13:00,1898.665,1899.395,0.5300000000000182,25.091565767730053,45.874748596684924,0.020346188885519007,1.1327875637733649,0.9495106053980508,0.0643654831761067,0.7611020692127725,0.8585244335602189,1.0844062568655735,0.43280420782037615,4.944892531306956,0.16461536286039144,1.2795993831011994,0.016666666666654034,7,0.978,1.0844062568655735,0.7611020692127725,LONG,648,6.0,0,WIN,2023-08-17
1,177982,177981,177985,2023-08-17 08:29:00,2023-08-17 08:32:00,1900.095,1897.925,-2.370000000000073,20.68471955503357,51.55150084202388,0.3197278911564752,1.2735249310921672,1.0542332835699393,0.1366308168575328,0.9906132771943762,1.3781674028169857,0.7660741538727084,0.6751320617142336,3.9989070832153844,0.12736404483711747,1.3176475446612534,0.1809523809522242,8,1.0,0.7660741538727084,0.9906132771943762,LONG,649,16.0,0,LOSS,2023-08-17
1,177989,177988,177999,2023-08-17 08:36:00,2023-08-17 08:46:00,1900.238,1899.875,-0.5630000000000563,24.056866859722806,54.557417112925854,0.20675215912066786,1.6370363393617844,1.6605275758434475,0.0630152645104648,0.9875161512241705,1.281091734326663,1.0269451376521204,-0.22887894911663825,3.7773721150157775,0.0780356391177906,1.2591240383386602,0.2578947368420089,8,1.0,1.0269451376521204,0.9875161512241705,LONG,650,4.0,1,LOSS,2023-08-17
1,178038,178037,178044,2023-08-17 09:25:00,2023-08-17 09:31:00,1902.235,1900.775,-1.659999999999809,26.001602149982272,55.9473423959789,0.11804008908686532,0.976652559822823,1.065316029816637,0.02836469913954774,0.6587978303304326,0.5213715087399299,0.29075217217418287,-0.4396541800181158,4.8767068878351205,0.1899906281665004,0.2511041486958852,0.627450980392489,9,0.892,0.29075217217418287,0.6587978303304326,LONG,651,39.0,2,LOSS,2023-08-17
1,178055,178054,178059,2023-08-17 09:42:00,2023-08-17 09:46:00,1901.835,1898.085,-3.95,23.456888387127556,40.10981532591845,0.33603238866399593,1.0928217795710957,2.331426477149851,0.1752823368405751,0.6803462174836068,1.1961655629684855,-0.8698980365626833,1.183995743097531,5.29745599188832,0.06569084254668331,0.7249150304690295,0.044117647058779276,9,0.926,-0.8698980365626833,0.6803462174836068,LONG,652,11.0,3,LOSS,2023-08-17
-1,178084,178083,178116,2023-08-17 10:11:00,2023-08-17 10:43:00,1896.425,1894.575,1.649999999999909,23.590337769839344,62.2441101176727,0.09148264984225772,1.007961935363587,0.8072294696778042,0.01940975280712069,0.3948076326444285,-0.2959297438132406,-1.2906955427600468,0.11350402127745711,3.22092491301342,0.20415879800211265,0.08139521440820788,0.8703703703704795,10,0.856,1.2906955427600468,0.6051923673555715,SHORT,653,25.0,4,WIN,2023-08-17
-1,178130,178129,178133,2023-08-17 10:57:00,2023-08-17 11:00:00,1894.568,1895.315,-0.9470000000000709,20.959067086305968,63.236228206276465,0.13390313390315936,0.8966265995379202,0.8660616485891325,0.022225149077343638,0.3924436347660253,-0.42133474513250935,0.23997661884912966,0.2021025548443873,3.7601431998034913,0.2034856614594935,0.5655499934662036,0.46376811594222955,10,0.732,-0.23997661884912966,0.6075563652339747,SHORT,654,14.0,0,LOSS,2023-08-17
-1,178146,178145,178176,2023-08-17 11:13:00,2023-08-17 11:43:00,1895.095,1893.388,1.5070000000001074,12.743034158944711,66.23743261920747,0.12793733681463382,0.8539150371243913,0.5516903420957777,0.009275489907488683,0.31374627119826115,-0.5260362677366738,0.22202829482411238,0.06264779384972927,3.381661721164442,0.09803634713491526,0.7002430836755987,0.1848906560633406,11,0.658,-0.22202829482411238,0.6862537288017388,SHORT,655,13.0,1,WIN,2023-08-17
-1,178177,178176,178200,2023-08-17 11:44:00,2023-08-17 12:07:00,1892.828,1890.525,2.1029999999998834,23.531360198786114,62.49017716271142,0.0030081650193644893,0.7889682914156261,0.4817390892037159,0.06465030462420827,0.1987132783159367,-1.0172153353047393,-1.9563569115116992,0.16280097507052757,4.151899327776205,0.225315878084786,1.24105686428073,0.05172413793099393,11,0.514,1.9563569115116992,0.8012867216840633,SHORT,656,1.0,0,WIN,2023-08-17
-1,178202,178201,178216,2023-08-17 12:09:00,2023-08-17 12:23:00,1889.485,1890.175,-0.8900000000000545,37.468094449925694,53.26021695795372,0.10460251046025662,0.9041345465810612,0.8575061440189358,0.11321687657237807,0.22441987752023262,-1.6084252006880562,-2.747855513058333,0.24727127100247082,6.074206923602606,0.3940026885598975,1.1569917949718802,0.13846153846174297,12,0.58,2.747855513058333,0.7755801224797674,SHORT,657,2.0,0,LOSS,2023-08-17
-1,178280,178279,178295,2023-08-17 13:27:00,2023-08-17 13:42:00,1886.115,1886.095,-0.1800000000000182,36.994747769991434,42.611274907088045,0.15887850467281775,0.9625305794497634,0.5674534191742951,0.0827878855608348,0.21487745186414817,-1.1778790818788247,-0.24928657817526267,-0.25400957992769,4.1132285398952355,0.38743918998798993,1.5455767846877622,0.031250000000321965,13,0.308,0.24928657817526267,0.7851225481358518,SHORT,658,64.0,1,LOSS,2023-08-17
-1,178297,178296,178300,2023-08-17 13:44:00,2023-08-17 13:47:00,1885.575,1885.845,-0.4699999999999818,33.624630265474046,48.85655197629208,0.05527638190961778,0.9253178936337919,0.7120400882061929,0.018203591088592277,0.3564209007221971,-0.7582950791033861,-1.427695886055777,0.4980427067904124,6.411162658137886,0.3927374743312018,0.24243892404699938,0.6666666666669474,13,0.188,1.427695886055777,0.6435790992778029,SHORT,659,2.0,2,LOSS,2023-08-17
-1,178314,178313,178335,2023-08-17 14:01:00,2023-08-17 14:22:00,1885.865,1885.575,0.08999999999996361,20.31325569736051,53.848033586013514,0.31455399061041384,0.889554401365177,0.6757381561341356,0.14874632048698352,0.25689953003164234,-1.1615894889574692,0.5622980965659905,-0.7928282087527537,4.498384772526578,0.24963131344005843,0.710271279872653,0.14285714285702686,14,0.106,-0.5622980965659905,0.7431004699683577,SHORT,660,14.0,3,WIN,2023-08-17
-1,178347,178346,178359,2023-08-17 14:34:00,2023-08-17 14:46:00,1885.418,1885.545,-0.3270000000001801,16.60084773255304,41.11207712346597,0.08083709478872575,0.9342862135955533,0.8263494670252588,0.1355480950963319,0.2918949428543935,-1.2067708165035336,0.7594077648847628,-0.9115457945072046,5.093969780915179,0.1592730432298446,0.5531488657808208,0.4747774480708002,14,0.054,-0.7594077648847628,0.7081050571456065,SHORT,661,12.0,0,LOSS,2023-08-17
1,178398,178397,178409,2023-08-17 15:25:00,2023-08-17 15:36:00,1888.705,1888.345,-0.5599999999998999,40.017655659984065,47.67697871061843,0.20306258322235862,1.1145146342196885,0.7116663971169453,0.06575783149698468,0.7562787728692724,1.072209553490451,0.9581391976603432,-0.7071255122356458,4.324574216468418,0.26536781947815485,1.06172181362356,0.0,15,0.312,0.9581391976603432,0.7562787728692724,LONG,662,39.0,1,LOSS,2023-08-17
1,178412,178411,178430,2023-08-17 15:39:00,2023-08-17 15:57:00,1888.775,1888.895,-0.08000000000010915,31.869095277766878,65.6669384315911,0.016949152542355465,0.959533793479053,0.41549540227370835,0.07093976425066045,0.8140536361015321,0.8888672656488878,1.502046426725976,0.14976210891711125,3.651850374977129,0.2961700713832254,0.5006821422422292,0.15789473684191632,15,0.112,1.502046426725976,0.8140536361015321,LONG,663,3.0,2,LOSS,2023-08-17
1,178481,178480,178504,2023-08-17 16:48:00,2023-08-17 18:11:00,1888.758,1889.125,0.1669999999999618,18.24399458601501,46.32487435124462,0.07173725151259526,0.749960861326052,0.3127537807455589,0.02210981012812485,0.6557918917370249,0.5185514148474344,-0.3675497329097919,-0.02142097267977623,4.0859278641837244,0.04818853272932966,0.10413909099152557,0.8299999999993178,16,0.044,-0.3675497329097919,0.6557918917370249,LONG,664,51.0,3,WIN,2023-08-17
1,178510,178509,178524,2023-08-17 18:17:00,2023-08-17 18:31:00,1889.505,1889.465,-0.240000000000191,16.478202053278096,56.70726769400157,0.03937007874011519,1.0822796596195352,0.688900031206306,0.054503153243557506,0.7084553958674414,0.8294092561414669,-0.1247516201119633,0.1642190203708098,5.0165272693656915,0.10712461757897371,1.020695073647165,0.15624999999977796,18,0.144,-0.1247516201119633,0.7084553958674414,LONG,665,6.0,0,LOSS,2023-08-17
1,178525,178524,178526,2023-08-17 18:32:00,2023-08-17 18:33:00,1889.655,1889.305,-0.549999999999909,14.879232683751265,57.07815450771245,0.15068493150679385,1.0534005213839719,0.7024225237590712,0.010422421660367436,0.6749876691548393,0.6919962284334433,0.8950048361101179,-0.1527703471212829,4.021759928786802,0.17063847564871967,1.048653735013911,0.2621621621620243,18,0.148,0.8950048361101179,0.6749876691548393,LONG,666,1.0,1,LOSS,2023-08-17
1,178535,178534,178553,2023-08-17 18:42:00,2023-08-17 19:00:00,1889.795,1889.708,-0.2869999999999891,18.947378778940745,54.66200606478605,0.02564102564102564,1.0399017170192097,0.8803199273676545,0.08637237767142175,0.7682768221711622,1.2794342224253596,0.14218070650183215,0.44881431411026096,3.931104398682651,0.10468145154259696,1.6139431548844343,0.12499999999988158,18,0.154,0.14218070650183215,0.7682768221711622,LONG,667,9.0,2,LOSS,2023-08-17
1,178554,178553,178559,2023-08-17 19:01:00,2023-08-17 19:06:00,1890.265,1889.718,-0.7470000000000254,21.29874118046884,37.13517477295401,0.32906764168200237,0.8059974254796285,0.35809735031506706,0.1546650444165008,1.2545902624088023,2.212957666889674,2.0133947196739475,0.18643940143156515,5.507226733223817,0.17829684191572076,3.5352842577787995,0.0,19,0.08,2.0133947196739475,1.2545902624088023,LONG,668,1.0,3,LOSS,2023-08-17
1,178567,178566,178582,2023-08-17 19:14:00,2023-08-17 19:30:00,1890.115,1890.235,-0.08000000000010915,19.430541675673897,39.43401703423955,0.10435571687842425,1.0202378504312979,1.0342817331808876,0.13488695510945473,0.6589304880816468,0.9748054862910284,1.3655728235965698,0.9856407326485089,6.138405526263858,0.10161723291431914,0.4003307951907914,0.1,19,0.142,1.3655728235965698,0.6589304880816468,LONG,669,8.0,4,LOSS,2023-08-17
1,178592,178591,178616,2023-08-17 19:40:00,2023-08-17 20:04:00,1890.335,1890.675,0.13999999999991813,13.248040664282769,34.67223214155581,0.10869565217402587,0.7754932677014588,0.529680086294542,0.045483881689362494,0.637687575385328,0.6732665825176315,-0.5610554854294992,0.3250891541025501,4.69883969047684,0.17029847728102354,0.7013193567884686,0.23076923076882716,19,0.052,-0.5610554854294992,0.637687575385328,LONG,670,10.0,5,WIN,2023-08-17
1,178627,178626,178644,2023-08-17 20:15:00,2023-08-17 20:32:00,1891.055,1891.425,0.16999999999989085,25.754141329871693,71.70753639080112,0.2346805736636218,1.091434641381969,0.8238133362459964,0.05098426103920726,0.6107893576168356,0.469794604814686,-0.5852735852964155,0.21432960950645952,4.276999277170208,0.23190477873665302,1.0805050805482523,0.2258064516127376,20,0.238,-0.5852735852964155,0.6107893576168356,LONG,671,11.0,0,WIN,2023-08-17
1,178645,178644,178677,2023-08-17 20:33:00,2023-08-17 21:05:00,1891.595,1892.925,1.1299999999999273,33.615814595038216,59.724474563768815,0.03529411764702106,1.024061394697876,0.8917188215523301,0.058969851610598034,0.7204681668872293,1.0421486370325894,2.020240856658229,-0.07400298510549967,5.025965058026697,0.30590360658072346,0.8376608430048228,0.05555555555548538,20,0.218,2.020240856658229,0.7204681668872293,LONG,672,1.0,0,WIN,2023-08-17
1,178687,178686,178708,2023-08-17 21:15:00,2023-08-17 21:36:00,1893.055,1893.615,0.3599999999999454,24.054641363824064,50.46314700591071,0.05932203389834999,1.339547628238084,1.0099203607880338,0.0016813916489657528,0.5016132259724649,0.005173706377129159,-0.4194897061781842,0.13859850456423214,4.0830331401381414,0.3883632027143264,0.8669453927688833,0.4259259259259883,21,0.766,-0.4194897061781842,0.5016132259724649,LONG,673,10.0,0,WIN,2023-08-17
1,178729,178728,178732,2023-08-17 21:57:00,2023-08-17 22:00:00,1893.935,1893.445,-0.690000000000009,16.108152638456325,54.261667548144835,0.014705882352926424,1.1904551442089835,0.9028714360313611,0.03518632132040743,0.6577450317441819,0.4420945181640885,-0.04557675444987398,0.36743892285833246,3.1675844342693504,0.15567944486072585,0.09115350889974796,0.88571428571436,21,0.968,-0.04557675444987398,0.6577450317441819,LONG,674,21.0,0,LOSS,2023-08-17
1,178741,178740,178743,2023-08-17 22:09:00,2023-08-17 22:11:00,1893.625,1893.205,-0.6200000000000727,10.559036556545033,56.926090782227355,0.040462427745632835,1.073304810868161,0.6642909391064483,0.005475984470161136,0.596709653783335,0.21863971792341852,0.502620041200811,-0.014531471039577791,3.342423273984451,0.0982255082049641,0.1507860123600719,0.7931034482760243,22,0.866,0.502620041200811,0.596709653783335,LONG,675,9.0,1,LOSS,2023-08-17
1,178744,178743,178755,2023-08-17 22:12:00,2023-08-17 22:23:00,1893.905,1893.925,-0.1800000000000182,9.437013627706362,65.77216722027879,0.21243523316065716,1.1210941376793033,0.7115268558992249,0.04347215111466282,0.8708197650440535,0.8350556650658606,-0.07036985941555454,0.20705571293606012,3.1197304340922516,0.0864886674720375,1.6419633863645395,0.0410958904109205,22,0.944,-0.07036985941555454,0.8708197650440535,LONG,676,1.0,2,LOSS,2023-08-17
1,178776,178775,178777,2023-08-17 22:44:00,2023-08-17 22:45:00,1893.798,1893.495,-0.5030000000001109,10.477058861693795,59.20796150472312,0.08761329305135399,0.8171591689265584,0.36320547586273916,0.01712793496763303,0.6970520415356609,0.3831962826156438,0.011455793201971985,0.31542309078798925,3.0166922099238187,0.05036705735533597,0.27875763458826425,0.5780346820803931,22,0.436,0.011455793201971985,0.6970520415356609,LONG,677,21.0,3,LOSS,2023-08-17
-1,178839,178838,178856,2023-08-17 23:47:00,2023-08-18 00:04:00,1892.815,1892.975,-0.3599999999998545,28.318190501037886,56.53367281950362,0.5723873441994645,0.9194787128388984,1.3303040052828887,0.05356025553955859,0.4274326483230448,-0.5420179447335055,-0.02670039136641324,-0.4326498063334645,6.522524176594889,0.034987239534606474,0.877298573460182,0.02953586497915393,23,0.468,0.02670039136641324,0.5725673516769552,SHORT,678,62.0,4,LOSS,2023-08-18
-1,178889,178888,178909,2023-08-18 00:37:00,2023-08-18 00:57:00,1891.995,1892.075,-0.2800000000001546,17.041401536874016,43.88704909412313,0.2698412698412068,0.815559933192405,0.4888295666852889,0.08147810328858741,0.15389844304551678,-1.3516507845267938,-1.059025356947587,0.536647795973482,4.236101427794149,0.09655968039103688,1.6164071237633735,0.0,0,0.17,1.059025356947587,0.8461015569544832,SHORT,679,33.0,5,LOSS,2023-08-18
-1,178931,178930,178939,2023-08-18 01:19:00,2023-08-18 01:27:00,1891.745,1892.335,-0.7900000000001455,13.740407932085514,55.750496870320156,0.11290322580653146,0.9665418233334174,0.4832490990635268,0.001285542967330626,0.15715564148349578,-1.0580332924993492,-0.14201789161141662,0.46296492405735434,3.4084293986513954,0.11737245056837235,1.704214699326236,0.0,1,0.374,0.14201789161141662,0.8428443585165042,SHORT,680,22.0,6,LOSS,2023-08-18
-1,178946,178945,178947,2023-08-18 01:34:00,2023-08-18 01:35:00,1891.795,1892.185,-0.5899999999998726,15.90313000562696,53.95997552316974,0.05405405405410665,1.188362941170485,0.6780098558074541,0.031005547484198783,0.2792713674379865,-0.6465193248189565,0.13941117516391832,-0.12903339739918465,3.624690554244442,0.06524570246255786,0.5924974944432849,0.41379310344919507,1,0.772,-0.13941117516391832,0.7207286325620135,SHORT,681,7.0,7,LOSS,2023-08-18
1,178966,178965,178977,2023-08-18 01:54:00,2023-08-18 02:05:00,1893.305,1893.055,-0.45,26.128404599139394,50.74108330676321,0.07649513212803861,1.0725142462245663,0.959412130446704,0.07699203444074143,0.8218152438447622,1.4158443365449818,1.4132409978645135,-0.28722817141790413,6.173631727511087,0.12018955762413767,1.4132409978645135,0.11627906976731889,1,0.652,1.4132409978645135,0.8218152438447622,LONG,682,19.0,8,LOSS,2023-08-18
1,178987,178986,178991,2023-08-18 02:15:00,2023-08-18 02:19:00,1893.275,1892.465,-1.0100000000001728,17.508238377618227,56.44298930308528,0.0780669144981532,1.2591010336047854,1.301446719201694,0.023938144486305775,0.5554464759839804,0.24189336735181532,-0.753813498704738,0.6434846508649877,4.603646724233053,0.12116933284534756,1.3999393547380703,0.0,2,0.872,-0.753813498704738,0.5554464759839804,LONG,683,10.0,9,LOSS,2023-08-18
1,178995,178994,179002,2023-08-18 02:23:00,2023-08-18 02:30:00,1893.315,1892.655,-0.8600000000000818,14.445248465368495,50.82018911786659,0.030769230769258575,1.3025533632762927,1.168075768190174,0.023602461456491263,0.7724710595670788,0.9260177946866428,0.8289161845027532,-0.4248316178381014,4.026164324726197,0.05834532177874421,1.0420660605174699,0.13725490196066192,2,0.94,0.8289161845027532,0.7724710595670788,LONG,684,4.0,10,LOSS,2023-08-18
-1,179018,179017,179019,2023-08-18 02:46:00,2023-08-18 02:47:00,1892.295,1892.695,-0.5999999999998635,15.98099916935693,52.53814357266364,0.17525773195883296,1.0734006962526708,1.2208020233488404,0.016096234178602533,0.3835965644086419,-0.5118420139499531,-0.30665915868421745,0.10236186261076598,5.045937065627195,0.01247849792989789,0.3345372640191463,0.586206896552373,2,0.806,0.30665915868421745,0.6164034355913581,SHORT,685,16.0,11,LOSS,2023-08-18
1,179048,179047,179049,2023-08-18 03:16:00,2023-08-18 03:17:00,1892.965,1892.515,-0.6499999999998181,14.912325367653876,50.06495588804877,0.2807881773400173,1.0660512907129578,1.239611275852726,0.06058168119174929,0.7015564686989938,0.8314923123218302,1.966890441230101,0.28230317200029,4.448621328323232,0.009652640371573385,0.2749148011882685,0.5217391304352554,3,0.838,1.966890441230101,0.7015564686989938,LONG,686,29.0,12,LOSS,2023-08-18
1,179051,179050,179054,2023-08-18 03:19:00,2023-08-18 03:22:00,1892.795,1892.495,-0.5000000000001819,15.093240857133468,53.50787361714582,0.050847457627214446,1.0658780959924794,1.1157609744911254,0.012876493082875948,0.559741823928625,0.22024059170054858,-1.0180230281504397,0.2878199545619963,4.419709731971702,0.009652640371573385,0.44693693918831456,0.5135135135134969,3,0.84,-1.0180230281504397,0.559741823928625,LONG,687,2.0,13,LOSS,2023-08-18
1,179097,179096,179102,2023-08-18 04:05:00,2023-08-18 04:10:00,1893.235,1892.858,-0.5769999999999527,12.705285470703101,57.9589452464409,0.03053435114501167,0.9833954480771269,1.1853855782463938,0.04706327297707889,0.536901729925866,0.16226969220705723,-0.6312879272447512,0.7075431921587447,4.332930773361138,0.03275558939338129,0.11477962313529069,0.8518518518519766,4,0.666,-0.6312879272447512,0.536901729925866,LONG,688,43.0,14,LOSS,2023-08-18
1,179106,179105,179107,2023-08-18 04:14:00,2023-08-18 04:15:00,1893.205,1892.785,-0.6199999999998453,10.402161861975504,64.32469913579492,0.02167630057801118,0.9406562457639192,0.7634883466737311,0.041170767491081936,0.7271568421837739,0.6988373014752003,2.242915937905946,-0.17217989288979244,3.0110378344490587,0.026756029497328724,0.30724875861696577,0.16666666666666666,4,0.622,2.242915937905946,0.7271568421837739,LONG,689,4.0,15,LOSS,2023-08-18
1,179108,179107,179111,2023-08-18 04:16:00,2023-08-18 04:19:00,1893.155,1892.785,-0.5699999999998908,10.901739786536824,61.88558223844955,0.03441191576784965,0.9773757484307315,0.7472237668403998,0.02777692915653591,0.7208768941166818,0.6343350489824626,0.20467136865074503,0.28982294078970183,2.8653991611130896,0.012720529764119614,1.1110731441047093,0.1739130434781749,4,0.654,0.20467136865074503,0.7208768941166818,LONG,690,1.0,16,LOSS,2023-08-18
-1,179130,179129,179146,2023-08-18 04:38:00,2023-08-18 04:54:00,1892.305,1891.885,0.22000000000007275,18.140674803011276,42.60419016649761,0.16666666666673685,0.9898417422131739,1.1194626487814843,0.009699185071885214,0.44545236973551705,-0.23882850725396962,-0.6368760193441384,-0.21647143769614283,5.181854884662924,0.05819568407236939,0.4342336495523728,0.6511627906980433,4,0.642,0.6368760193441384,0.554547630264483,SHORT,691,19.0,17,WIN,2023-08-18
-1,179160,179159,179170,2023-08-18 05:08:00,2023-08-18 05:18:00,1891.775,1891.905,-0.3299999999998818,13.16022538316472,63.80118864807351,0.17073170731716109,0.8852161161486601,0.6905520619999487,0.0717571774633565,0.25450300395416503,-0.8547632557496861,-0.0729009173354119,-0.31813149205692154,4.08245137073997,0.09746538532300487,0.72900917334666,0.1304347826085667,5,0.356,0.0729009173354119,0.745496996045835,SHORT,692,14.0,0,LOSS,2023-08-18
-1,179172,179171,179178,2023-08-18 05:20:00,2023-08-18 05:26:00,1891.615,1891.915,-0.49999999999995454,16.140961996849086,52.50976758726327,0.12742219612454578,0.8470446976350028,0.7387100347022887,0.0647894833828797,0.24257968016514897,-1.0442218781120864,-2.6521177343999724,0.10560792655747146,4.1602622967968435,0.10918147113398734,0.7916769356418769,0.0,5,0.224,2.6521177343999724,0.757420319834851,SHORT,693,2.0,1,LOSS,2023-08-18
-1,179181,179180,179185,2023-08-18 05:29:00,2023-08-18 05:33:00,1891.555,1891.795,-0.4400000000000091,15.094174377937836,54.550026657475144,0.1788079470198835,0.8976052859164967,0.5522897855405074,0.03131921747450973,0.3205515782113412,-0.522680777885018,-0.6046921508432448,0.2976631194645514,2.898742998106781,0.11096926374035818,0.5291056319878392,0.36363636363702134,5,0.274,0.6046921508432448,0.6794484217886587,SHORT,694,3.0,2,LOSS,2023-08-18
-1,179201,179200,179205,2023-08-18 05:49:00,2023-08-18 05:53:00,1891.938,1892.378,-0.6399999999998272,17.629612836123673,42.930310651003076,0.019466474405059393,0.7915423696315879,0.8898293815066918,0.08746134466493759,0.4024471728723931,-0.5712781725642923,-0.22821992444095443,-1.1226436049899178,5.6326619649502785,0.012879800411924469,0.9565813854262946,0.048309178743945434,5,0.098,0.22821992444095443,0.5975528271276069,SHORT,695,16.0,3,LOSS,2023-08-18
-1,179309,179308,179313,2023-08-18 07:37:00,2023-08-18 07:41:00,1893.595,1893.995,-0.5999999999998635,18.17932787041812,53.6254888276686,0.010770505385187455,0.9519690292096098,0.6292154473047812,0.02578544984360847,0.38675720432095334,-0.3941597038372192,0.08490246717023847,-0.41052933462161867,4.4998307600265,0.03191969637182099,0.9763783724587076,0.30303030303009426,7,0.288,-0.08490246717023847,0.6132427956790467,SHORT,696,104.0,4,LOSS,2023-08-18
1,179342,179341,179343,2023-08-18 08:10:00,2023-08-18 08:11:00,1894.105,1893.695,-0.6100000000000818,14.737260611733475,53.547211547770154,0.12261580381473146,1.2559983147210272,0.9401564759435396,0.0007240434125491554,0.6732920132339246,0.5562900233537056,1.1379862513886099,-0.368503914699916,3.8903250919559067,0.027205306109749736,0.7674790997735037,0.21621621621608333,8,0.878,1.1379862513886099,0.6732920132339246,LONG,697,29.0,5,LOSS,2023-08-18
-1,179384,179383,179385,2023-08-18 08:52:00,2023-08-18 08:53:00,1890.205,1890.565,-0.5600000000001273,25.43880619502781,41.31068139386524,0.05982905982910468,1.2097466746752834,1.4968662961184676,0.014409212739748871,0.47218729008764926,-0.10997692784670732,0.8459763680492447,-0.32321020630905295,4.727514997922183,0.3382531755491358,0.5142209295984792,0.38000000000010914,8,0.958,-0.8459763680492447,0.5278127099123507,SHORT,698,41.0,6,LOSS,2023-08-18
-1,179392,179391,179399,2023-08-18 09:00:00,2023-08-18 09:07:00,1890.145,1891.225,-1.2799999999999272,22.616534743942736,68.88809333126214,0.13131313131314368,1.1478218310391568,0.7142085862632281,0.04638403720740475,0.17228407027731069,-0.6454049385307655,-1.654010014200288,0.1662577536233494,2.677108992055952,0.3482859463713132,0.22167144520228033,0.6176470588231163,8,0.936,1.654010014200288,0.8277159297226893,SHORT,699,7.0,7,LOSS,2023-08-18
1,179436,179435,179450,2023-08-18 09:44:00,2023-08-18 09:58:00,1894.094,1894.145,-0.14900000000006913,22.54566047866421,47.28564529628638,0.20768274146745333,1.3146762271491133,2.558293394007192,0.07473780304145766,0.7178300085036173,1.3374268586323055,-0.05212626449603448,0.5948049147716352,4.776762152857441,0.07379368959030325,2.21813891472367,0.024390243902417383,9,1.0,-0.05212626449603448,0.7178300085036173,LONG,700,37.0,8,LOSS,2023-08-18
-1,179537,179536,179565,2023-08-18 11:25:00,2023-08-18 11:53:00,1892.624,1891.295,1.128999999999951,14.744373158724038,54.44795916441816,0.12602419040181528,0.762762292554651,0.4331497510339853,0.024868190482740377,0.45364518374931734,-0.13709006574005905,0.5678575167533312,-0.16158325677144128,3.931133796237608,0.02421426558931666,0.00974862689682458,0.9800000000004775,11,0.612,-0.5678575167533312,0.5463548162506826,SHORT,701,87.0,9,WIN,2023-08-18
-1,179569,179568,179571,2023-08-18 11:57:00,2023-08-18 11:59:00,1890.795,1891.145,-0.549999999999909,19.27266007931913,48.58844916399081,0.06122448979598466,0.7664761542974384,0.47009836908133845,0.027057314012814814,0.3837477937848429,-0.48012605881617254,0.53080769775451,0.09033545503467637,4.59733446698866,0.16638843347145613,0.9896414703887936,0.05714285714282002,11,0.454,-0.53080769775451,0.6162522062151571,SHORT,702,4.0,0,LOSS,2023-08-18
-1,179580,179579,179593,2023-08-18 12:08:00,2023-08-18 12:21:00,1890.765,1890.955,-0.3899999999998272,18.13625639260943,52.91179915465778,0.04522613065322499,0.8187659391430723,0.3830551515380272,0.10526559662942966,0.1481235000826171,-1.153338839775107,-1.5241072342647564,-0.5789336231639433,3.399931522590969,0.14559457882559837,0.8499828806475757,0.21621621621608333,12,0.516,1.5241072342647564,0.8518764999173829,SHORT,703,9.0,1,LOSS,2023-08-18
-1,179602,179601,179605,2023-08-18 12:30:00,2023-08-18 12:33:00,1890.625,1891.115,-0.690000000000009,17.800551238877922,50.5132514536658,0.1735537190082893,0.7309904044722756,0.3694081166442006,0.0652057440213566,0.3897225455203726,-0.43870444453544916,-0.45917604312441085,-0.4389780043244086,3.62366427365968,0.15132119712772812,0.6887640646874863,0.33333333333305265,12,0.204,0.45917604312441085,0.6102774544796274,SHORT,704,9.0,2,LOSS,2023-08-18
-1,179606,179605,179614,2023-08-18 12:34:00,2023-08-18 12:42:00,1890.685,1890.755,-0.2700000000001637,16.26909442039982,58.23016981487343,0.11475409836068018,0.8014167832297192,0.3138266238204896,0.0396133628826613,0.3273007788744627,-0.5171441224653505,0.10482651131035076,-0.38362301954758343,3.0993705177453257,0.15874634969638649,1.5723976696568505,0.0,12,0.328,-0.10482651131035076,0.6726992211255374,SHORT,705,1.0,3,LOSS,2023-08-18
-1,179615,179614,179632,2023-08-18 12:43:00,2023-08-18 13:00:00,1890.215,1889.465,0.55,13.775598607132618,58.05297337143877,0.5,0.8577135270925613,0.43870718070215925,0.10191696760478532,0.08108234179260511,-1.6107108148607117,-2.312987434450991,-0.03457493964402572,3.4862419301866034,0.17848912522014201,1.8772071931780467,0.11111111111099081,12,0.382,2.312987434450991,0.9189176582073949,SHORT,706,1.0,4,WIN,2023-08-18
-1,179648,179647,179668,2023-08-18 13:16:00,2023-08-18 13:36:00,1889.465,1887.785,1.4799999999998363,11.14989466743109,59.54848573906465,0.2207792207793205,0.9261005613252511,0.35112193548464465,0.0451203687449441,0.22253715907055238,-0.7585543126913398,-1.5694227159132856,0.026618672067519018,3.7543053204201673,0.1807868769093976,1.169373788327903,0.09523809523799212,13,0.416,1.5694227159132856,0.7774628409294476,SHORT,707,16.0,0,WIN,2023-08-18
-1,179716,179715,179717,2023-08-18 14:24:00,2023-08-18 14:25:00,1887.675,1887.955,-0.4799999999999727,26.823387579483047,61.12541611782381,0.1397849462364908,0.7603817049195826,0.39490906306216866,0.018547032944763904,0.3263018575711445,-0.635835863143266,-2.3425531800048818,0.5076169542751447,3.1552757118425556,0.18662811065310708,1.2907946093903342,0.06896551724132524,14,0.01,2.3425531800048818,0.6736981424288555,SHORT,708,48.0,0,LOSS,2023-08-18
-1,179740,179739,179747,2023-08-18 14:48:00,2023-08-18 14:55:00,1888.445,1888.645,-0.4000000000000455,25.186393956302904,44.661970132850676,0.07692307692301927,0.8923405629794781,0.6262806098777457,0.06991045050752553,0.37441085912459,-0.616201562168686,-1.0414674290171502,-0.4385111428713146,4.686603430576683,0.014164795797680159,0.17357790483602725,0.8,14,0.108,1.0414674290171502,0.62558914087541,SHORT,709,23.0,1,LOSS,2023-08-18
-1,179752,179751,179773,2023-08-18 15:00:00,2023-08-18 15:21:00,1888.415,1887.905,0.3099999999999909,15.034819288825128,55.64609919144705,0.06306306306298555,0.8768628456641813,0.5346534315368509,0.054049948106952565,0.24090767564839216,-1.110187059746157,-2.595844482076985,-0.035145638221783314,4.264601649127228,0.0014697255995593452,0.5562523890170991,0.5555555555550877,14,0.066,2.595844482076985,0.7590923243516079,SHORT,710,5.0,2,WIN,2023-08-18
-1,179787,179786,179795,2023-08-18 15:35:00,2023-08-18 15:43:00,1887.895,1888.235,-0.5399999999999181,18.439501640216136,56.865180436086526,0.010309278350508214,0.9560725346918337,0.6123544678538011,0.025826059888477925,0.37013225899203955,-0.5868570806640002,-0.2637559913086972,0.011085840069519326,4.044258533403022,0.07733167509851185,0.8791866376966568,0.1999999999998181,15,0.152,0.2637559913086972,0.6298677410079605,SHORT,711,14.0,0,LOSS,2023-08-18
1,179850,179849,179871,2023-08-18 16:38:00,2023-08-18 16:59:00,1888.848,1889.155,0.10700000000001636,30.41308785766892,39.213605820710384,0.2724594992635988,0.8310545991996287,0.8284373425269241,0.07104805087104953,0.5553141144543888,0.4005109522885598,-1.8565638366072954,1.0844945261246584,6.22527339871244,0.0553522148637123,0.22036366013123643,0.0,16,0.008,-1.8565638366072954,0.5553141144543888,LONG,712,55.0,1,WIN,2023-08-18
1,179873,179872,179893,2023-08-20 18:01:00,2023-08-20 18:21:00,1889.695,1890.298,0.4030000000000655,19.72199709845607,53.762201930166334,0.18944844124703314,1.0946486076281845,0.5977366882483682,0.1246969451217209,1.0024839194696074,1.8670937717805625,2.653927083010715,-0.19143291640559976,3.7379254690301607,0.10400141034676667,1.6571469579360687,0.2457466918716636,18,0.276,2.653927083010715,1.0024839194696074,LONG,713,2942.0,0,WIN,2023-08-20
1,179903,179902,179908,2023-08-20 18:31:00,2023-08-20 18:36:00,1890.458,1890.165,-0.49300000000012006,25.689798456646145,59.29241785356887,0.31855955678703857,0.8695032945327344,0.39000920936327754,0.04100135875455161,0.740766438750166,0.6514391944408433,0.4237002890668328,0.08014104300746296,3.1827962190597225,0.23653934428067375,1.37702593946692,0.18018018017997103,18,0.084,0.4237002890668328,0.740766438750166,LONG,714,10.0,0,LOSS,2023-08-20
1,179912,179911,179916,2023-08-20 18:40:00,2023-08-20 18:44:00,1890.498,1890.175,-0.5230000000000927,20.094207193315324,47.62692506907151,0.29090909090899697,0.8555306642387426,0.3635374768544762,0.04834724341442351,0.9624499777326055,1.1569712540665014,1.338157823347975,-0.2623588347075541,3.3186314019023935,0.23722675749575028,1.2471630913600302,0.21548821548846037,18,0.064,1.338157823347975,0.9624499777326055,LONG,715,4.0,1,LOSS,2023-08-20
1,179926,179925,179931,2023-08-20 18:54:00,2023-08-20 18:59:00,1890.228,1889.995,-0.43300000000017463,19.72219355264103,37.92586794662044,0.037620297462921226,0.8803806844534089,0.7193227642450649,0.044754062305037715,0.6154979261423636,0.5531355165154426,-0.16462366562955144,0.5435113252176724,5.086871267958505,0.15784255494963573,0.6749570290820344,0.44843049327322254,18,0.068,-0.16462366562955144,0.6154979261423636,LONG,716,10.0,2,LOSS,2023-08-20
1,179932,179931,179933,2023-08-20 19:00:00,2023-08-20 19:01:00,1890.128,1889.315,-1.0129999999998744,15.596415204564227,49.54898893007967,0.3377483443707555,0.8809517790859974,0.6695946555500577,0.011624339648040365,0.589975277202495,0.39953189083222274,-0.16787054236623425,-0.2634595363520827,4.868245728625882,0.15439314077899988,0.8953095592878549,0.3599999999996726,18,0.066,-0.16787054236623425,0.589975277202495,LONG,717,1.0,3,LOSS,2023-08-20
-1,179950,179949,179957,2023-08-20 19:18:00,2023-08-20 19:25:00,1889.255,1889.535,-0.4799999999999727,19.33995642541287,32.17842823320172,0.15747241725193323,0.8786234626915043,1.1342198383522581,0.007376848302006141,0.4250394719464921,-0.5601360271512534,1.6197384361960263,-0.12228760025922326,7.884232039600942,0.04946537424216792,1.185174465508067,0.12500000000082898,19,0.06,-1.6197384361960263,0.574960528053508,SHORT,718,17.0,4,LOSS,2023-08-20
-1,179959,179958,179964,2023-08-20 19:27:00,2023-08-20 19:32:00,1889.155,1889.665,-0.7099999999999909,18.59679099788297,57.24954066528228,0.20863309352510453,0.9358344170632675,0.5985691499697691,0.04144660629197476,0.21380318513781252,-1.0689130886423883,-2.730506762869691,0.2644046243850097,3.7316925759213837,0.07378027805790018,1.6061804487466624,0.16666666666708774,19,0.126,2.730506762869691,0.7861968148621875,SHORT,719,2.0,5,LOSS,2023-08-20
-1,179974,179973,179987,2023-08-20 19:42:00,2023-08-20 19:55:00,1889.385,1889.335,-0.15000000000004549,10.727345988551289,50.627220912980796,0.3063457330415499,0.8926392455822331,0.5443699797112429,0.001746651673943602,0.45890700983679783,-0.1470146632330757,1.2226962090605056,0.03755339041174299,4.326015634914288,0.06173360065162007,0.058223629002818175,0.8333333333333334,19,0.056,-1.2226962090605056,0.5410929901632022,SHORT,720,10.0,6,LOSS,2023-08-20
1,180017,180016,180033,2023-08-20 20:25:00,2023-08-20 20:41:00,1890.345,1890.475,-0.07000000000011825,24.24385981489213,36.823916791498505,0.14529914529919846,0.9306009824283293,1.0244362956040807,0.07003498131776122,0.5212093810421939,0.12964256281272382,-1.1408545527479608,0.8495485391765819,4.9782744119906726,0.12445191557833357,0.20742810049941485,0.6,20,0.184,-1.1408545527479608,0.5212093810421939,LONG,721,30.0,7,LOSS,2023-08-20
-1,180078,180077,180119,2023-08-20 21:26:00,2023-08-20 22:07:00,1888.185,1885.725,2.260000000000036,29.78821774638511,50.457399616361926,0.0,1.3038370027379933,0.952801295223082,0.030834369383054987,0.3655904663245269,-0.4341286005088852,0.49100312969933696,-0.0215946206492004,4.228082505742671,0.258958717604577,0.6819487912488379,0.39024390243880797,21,0.93,-0.49100312969933696,0.6344095336754731,SHORT,722,45.0,8,WIN,2023-08-20
1,180211,180210,180212,2023-08-20 23:39:00,2023-08-20 23:40:00,1892.088,1891.798,-0.48999999999996363,27.01909048143829,67.07357122057653,0.09353905496618536,0.9030461995223833,0.7233491091715851,0.00255665692678963,0.5626169513086163,0.25280064766565447,0.7503155038208236,-0.03790510273739375,5.700276795814131,0.34627963973872544,0.25717527869480616,0.7556675062972393,23,0.808,0.7503155038208236,0.5626169513086163,LONG,723,92.0,0,LOSS,2023-08-20
1,180234,180233,180263,2023-08-21 00:02:00,2023-08-21 00:31:00,1891.825,1892.935,0.9099999999999,35.784409858200426,49.822161208206104,0.5215123859191774,0.7468927541791435,0.46640645937336045,0.1400063490154834,0.8600445762726411,1.3691923777053814,0.4606198074709591,0.8071058876143503,3.56980350789666,0.10738874911118163,1.8040942459262503,0.05999999999994543,0,0.564,0.4606198074709591,0.8600445762726411,LONG,724,22.0,1,WIN,2023-08-21
1,180267,180266,180274,2023-08-21 00:35:00,2023-08-21 00:42:00,1893.185,1892.925,-0.4599999999999909,31.177667241774245,61.88400762364221,0.06542056074760795,0.7437328485296781,0.21408004350323148,0.04541874751948522,0.8878667993058258,0.793200853573795,0.3132528053603851,-0.06975474511949237,2.3717712405878077,0.24401044185907614,1.566264026802943,0.054054054054020834,0,0.382,0.3132528053603851,0.8878667993058258,LONG,725,4.0,0,LOSS,2023-08-21
1,180280,180279,180281,2023-08-21 00:48:00,2023-08-21 00:49:00,1893.055,1892.795,-0.4599999999999909,18.165036416812878,53.95022830301278,0.10077519379850153,0.7893057258735857,0.2539805902509383,0.016643730866586225,0.6405142257618166,0.3418975144460883,0.8183717101106586,0.12892605312959074,3.273486840441601,0.22326859022130524,0.04546509500609027,0.9230769230770576,0,0.382,0.8183717101106586,0.6405142257618166,LONG,726,6.0,1,LOSS,2023-08-21
1,180295,180294,180311,2023-08-21 01:03:00,2023-08-21 01:19:00,1892.915,1892.975,-0.14000000000005458,18.732625807090876,55.96283339125944,0.3719008264462375,0.7920109631560667,0.3623108838499091,0.11973645436679332,0.7837309760126788,1.0586779984066377,-0.6416230293384444,0.44270534487895935,3.8990937936686323,0.09906858908695615,0.8390454999037743,0.0,1,0.288,-0.6416230293384444,0.7837309760126788,LONG,727,14.0,2,LOSS,2023-08-21
-1,180366,180365,180367,2023-08-21 02:14:00,2023-08-21 02:15:00,1887.535,1889.265,-1.9300000000000181,34.89485400930326,62.389032920513316,0.018518518518499026,1.1296727773006112,0.5557265332192796,0.042009345567631334,0.28833063197921216,-0.584307233439372,-1.0790742621473983,0.15619774754493274,2.8469193299206514,0.5923606901443822,0.1607131879797663,0.7199999999993452,2,0.87,1.0790742621473983,0.7116693680207878,SHORT,728,55.0,3,LOSS,2023-08-21
-1,180386,180385,180406,2023-08-21 02:34:00,2023-08-21 02:54:00,1888.845,1888.605,0.040000000000009084,29.693863067128724,66.55649767541176,0.28888888888892256,0.998251683295327,0.3592165869198759,0.023718235975863054,0.1294199853609131,-0.7028151069721056,-0.38244972264027227,-0.12223290220262532,5.099329635208268,0.2775256329160197,0.6348665395834897,0.4209302325581703,2,0.726,0.38244972264027227,0.870580014639087,SHORT,729,19.0,4,WIN,2023-08-21
-1,180430,180429,180434,2023-08-21 03:18:00,2023-08-21 03:22:00,1888.825,1889.335,-0.7099999999999909,18.712497217541106,53.5288160915386,0.24776324845151282,1.0790774679372266,0.8311910780787957,0.03528603055256927,0.24616217583481295,-0.9011975712285941,-1.8927185465119165,-0.19554838885757558,4.384398658375733,0.04896428075245426,1.7561553096116442,0.026560424966777813,3,0.796,1.8927185465119165,0.7538378241651871,SHORT,730,24.0,0,LOSS,2023-08-21
-1,180435,180434,180438,2023-08-21 03:23:00,2023-08-21 03:26:00,1889.005,1889.615,-0.8099999999998999,15.251118303584738,57.06471416735554,0.18806214227312051,1.0603611138640352,0.5963779896501514,0.03527570173820528,0.21158646759246616,-0.7356478035725362,-1.407473943830584,-0.11605260741498892,4.343755792165557,0.031861170471922044,0.8493377247254572,0.20454545454524314,3,0.768,1.407473943830584,0.7884135324075339,SHORT,731,1.0,1,LOSS,2023-08-21
-1,180489,180488,180511,2023-08-21 04:17:00,2023-08-21 04:39:00,1888.375,1888.095,0.0799999999999727,18.86182003279877,45.541868284282124,0.08363636363638408,0.982846296779332,1.041526182384755,0.005004834388806599,0.4514996626958587,-0.24262523250488838,2.412227745132468,-0.06730322839737224,5.132996248362948,0.05296386608897094,0.5329340367153867,0.3448275862066262,4,0.51,-2.412227745132468,0.5485003373041413,SHORT,732,51.0,2,WIN,2023-08-21
-1,180525,180524,180532,2023-08-21 04:53:00,2023-08-21 05:00:00,1888.328,1888.575,-0.44700000000007095,14.532659720285219,36.25101824604307,0.08695652173904447,0.831156527459957,0.838462276453698,0.04608069597834419,0.444357104179927,-0.3191940810054939,1.5959704050352455,-0.969066687871483,5.927890075843963,0.0475346463519179,0.7979852025167588,0.0,4,0.176,-1.5959704050352455,0.555642895820073,SHORT,733,14.0,0,LOSS,2023-08-21
-1,180537,180536,180538,2023-08-21 05:05:00,2023-08-21 05:06:00,1888.375,1888.535,-0.36000000000008187,10.378776797398553,56.65006002253648,0.08737864077662187,0.8136959995058864,0.543064225271702,0.02448953449047165,0.32894803919070786,-0.6924070109560556,-1.0242707262671482,0.05231884711352024,4.383878708423134,0.025084574322097538,0.28679580335454063,0.3203883495156133,5,0.128,1.0242707262671482,0.6710519608092922,SHORT,734,5.0,1,LOSS,2023-08-21
-1,180541,180540,180546,2023-08-21 05:09:00,2023-08-21 05:14:00,1888.355,1888.565,-0.4100000000000364,9.157872056458634,58.57055998704774,0.2164948453608054,0.8334412507682137,0.33041599299707264,0.01938438303328897,0.3377095640482176,-0.3920055516386454,-0.36371649121085853,-0.09805968881441812,3.152209590496864,0.02335965030500424,0.8486718128262555,0.07488986784161267,5,0.128,0.36371649121085853,0.6622904359517824,SHORT,735,3.0,2,LOSS,2023-08-21
1,180580,180579,180581,2023-08-21 05:48:00,2023-08-21 05:49:00,1889.455,1889.005,-0.6499999999998181,21.76397174885953,50.204495365652676,0.18867924528311195,1.0081112475738538,0.6513746331031921,0.04956512652735282,0.6347394534152366,0.4301263403133553,-0.21278334856479106,0.4394608641263802,3.4957264407107376,0.10477505646464894,0.4559643183531237,0.5454545454551718,5,0.376,-0.21278334856479106,0.6347394534152366,LONG,736,34.0,3,LOSS,2023-08-21
1,180586,180585,180593,2023-08-21 05:54:00,2023-08-21 06:01:00,1889.465,1889.135,-0.5299999999999272,17.44823997521679,60.21001600576297,0.33689839572192254,0.9842460866887001,0.5527627065016807,0.06137539903838109,0.888681476287121,1.0376321931513537,0.848971794396692,0.061180018214960066,3.3015569782101526,0.08400177764358102,1.163405792321128,0.07499999999995736,5,0.332,0.848971794396692,0.888681476287121,LONG,737,5.0,4,LOSS,2023-08-21
1,180602,180601,180606,2023-08-21 06:10:00,2023-08-21 06:14:00,1889.145,1888.565,-0.7799999999999272,13.886979786561055,36.885743526274275,0.12499999999998633,0.9583673283720693,0.964765409810692,0.016679323418787816,0.5024508163922508,0.011586393874364205,-1.0593274400011181,0.6409577373153473,5.561469060007187,0.04302851448021286,0.033103982500011425,0.8888888888888888,6,0.27,-1.0593274400011181,0.5024508163922508,LONG,738,9.0,5,LOSS,2023-08-21
-1,180655,180654,180659,2023-08-21 07:03:00,2023-08-21 07:07:00,1888.205,1888.515,-0.5100000000001728,24.5518363384997,46.52896439834202,0.10909090909077379,0.8889111729574353,0.7289238969113928,0.0028010530975921414,0.3548465791975929,-0.6392625235221001,-2.6875901889776315,0.25887200109379244,5.5671511057391925,0.04511253577084879,0.5375180377958755,0.5483870967741226,7,0.148,2.6875901889776315,0.6451534208024071,SHORT,739,49.0,6,LOSS,2023-08-21
1,180734,180733,180737,2023-08-21 08:22:00,2023-08-21 08:25:00,1894.808,1893.065,-1.942999999999938,35.87387895859843,49.30059378507393,0.07739938080495312,1.3894866623462228,1.1106887952143139,0.08938928478649844,0.8371030187419665,1.0441211514689965,0.2406502221768174,0.15614070647949896,3.820322277054967,0.4237670449163413,0.8422757776183479,0.5692307692307962,8,1.0,0.2406502221768174,0.8371030187419665,LONG,740,75.0,7,LOSS,2023-08-21
1,180740,180739,180741,2023-08-21 08:28:00,2023-08-21 08:29:00,1894.305,1893.725,-0.7800000000001546,28.23537802234597,56.101354174898745,0.18218623481783017,1.4119613501671295,1.1698430067188303,0.021542809109351312,0.6358736949714981,0.4004159281342071,0.026959496928751745,-0.3487483918540963,3.4777751038120397,0.33828035149134794,0.6200684293619031,0.13207547169799988,8,0.996,0.026959496928751745,0.6358736949714981,LONG,741,3.0,8,LOSS,2023-08-21
1,180747,180746,180780,2023-08-21 08:35:00,2023-08-21 09:08:00,1894.445,1895.785,1.1400000000001456,20.478620237216216,54.9212688144402,0.32380952380949646,1.3496992829952168,1.0869091073577748,0.019852396746373447,0.8353376017814479,0.9165961250703949,1.801958306167173,0.005222177344778506,3.724047166079026,0.3057001668939875,1.4682623235435999,0.06779661016943928,8,0.996,1.801958306167173,0.8353376017814479,LONG,742,6.0,9,WIN,2023-08-21
1,180791,180790,180799,2023-08-21 09:19:00,2023-08-21 09:27:00,1896.535,1895.818,-0.9170000000000982,23.201377708205378,53.34802612709952,0.28000000000004477,1.126643962803071,1.7473747414158396,0.02596997080915545,0.5484820081873187,0.25790255640233195,-1.5033783272328884,0.2933430142302715,5.148738164948427,0.2461176881672296,0.5986904842964061,0.5108695652172597,9,0.964,-1.5033783272328884,0.5484820081873187,LONG,743,11.0,0,LOSS,2023-08-21
-1,180840,180839,180873,2023-08-21 10:08:00,2023-08-21 10:41:00,1889.485,1887.225,2.0599999999999907,35.40563769258907,52.87532706731024,0.03879310344824165,1.0622878771600883,0.8070894800242705,0.016834340849497014,0.36859131786359994,-0.35386566607140485,0.3753920541785248,-0.071718287563557,3.2025634622089223,0.3108172443843792,0.645205093118956,0.42105263157902295,10,0.944,-0.3753920541785248,0.6314086821364,SHORT,744,41.0,1,WIN,2023-08-21
-1,180877,180876,180883,2023-08-21 10:45:00,2023-08-21 10:51:00,1886.285,1886.715,-0.6299999999998362,27.315063000048497,53.95967818742521,0.03355704697988421,0.9409884916471154,0.9102788653691203,0.02544524374568817,0.36773705321912276,-0.5207251592347686,-1.676061722984084,0.296671716269388,4.22596759213998,0.4011782913101344,0.028650627743295406,0.9714285714285993,10,0.754,1.676061722984084,0.6322629467808772,SHORT,745,4.0,0,LOSS,2023-08-21
-1,180893,180892,180898,2023-08-21 11:01:00,2023-08-21 11:06:00,1885.935,1887.205,-1.4699999999999818,18.874604094423926,51.971928433559206,0.22123893805307598,0.8623145192044225,0.70593128135156,0.026418388349088894,0.23896844375068052,-0.9341562923312063,1.0398149034919075,0.21163668246254516,4.008318740880969,0.3247158247350568,1.3081542334254876,0.025000000000255797,11,0.686,-1.0398149034919075,0.7610315562493195,SHORT,746,10.0,1,LOSS,2023-08-21
-1,180920,180919,180922,2023-08-21 11:28:00,2023-08-21 11:30:00,1888.695,1889.325,-0.8300000000001091,25.552661350769046,48.708514267598474,0.02816901408448449,0.7640612871119264,0.608033158151086,0.019143278199462058,0.4894038113069098,-0.04534385981382322,0.9953530202989715,-0.4706585308670886,4.660464030601671,0.030362679882682934,0.243308516072959,0.5217391304352554,11,0.594,-0.9953530202989715,0.5105961886930902,SHORT,747,22.0,2,LOSS,2023-08-21
1,180938,180937,180948,2023-08-21 11:46:00,2023-08-21 11:56:00,1889.275,1889.268,-0.20700000000006186,16.114557381559425,64.77968682622426,0.13229780396358642,0.7305326530427555,0.33774530881103904,0.020408004745426908,0.6701491022561,0.46087727611459256,-0.07853631515728796,-0.2745163696450759,3.1414526062944943,0.061566374980175594,0.392681575787035,0.5714285714282002,11,0.5,-0.07853631515728796,0.6701491022561,LONG,748,16.0,3,LOSS,2023-08-21
1,180956,180955,180958,2023-08-21 12:04:00,2023-08-21 12:06:00,1889.465,1888.994,-0.6710000000000036,15.903730621654345,66.92444729148662,0.09999999999990905,0.6695862160596536,0.21531236879028873,0.03304035303692974,0.7513294869502821,0.5378294400162663,-0.33395184105337966,0.07827798698249998,2.270872519160096,0.0811387780624159,1.1354362595796683,0.12820512820556174,12,0.152,-0.33395184105337966,0.7513294869502821,LONG,749,8.0,4,LOSS,2023-08-21
1,180962,180961,180978,2023-08-21 12:10:00,2023-08-21 12:26:00,1889.655,1890.298,0.4430000000000291,16.50803343695914,61.44842029484221,0.2962577962578015,0.7247666886813989,0.21946510436715078,0.09652658732445082,1.0424291400388974,1.0911952901683277,1.1416166941600097,0.1581899057806064,2.5274125145716932,0.08780827696098693,1.1733282689977675,0.22916666666692326,12,0.25,1.1416166941600097,1.0424291400388974,LONG,750,4.0,5,WIN,2023-08-21
1,180981,180980,180985,2023-08-21 12:29:00,2023-08-21 12:33:00,1890.618,1890.365,-0.45299999999992907,27.52212917698837,54.23764881721126,0.2198581560283528,0.7695412103213547,0.5225507510379059,0.0033807669081752116,0.5792205221755093,0.3867809308425619,-0.1314463656218066,-0.2551206896082025,6.0793944100137844,0.19820745246574042,0.2957543226490648,0.6137339055800399,12,0.188,-0.1314463656218066,0.5792205221755093,LONG,751,3.0,0,LOSS,2023-08-21
1,180995,180994,181024,2023-08-21 12:43:00,2023-08-21 13:12:00,1890.625,1892.555,1.7300000000000637,18.04838378782168,52.48129594475488,0.11297071129704804,0.8646188202670335,0.33279843686910104,0.045650039951525,0.7189657520079439,0.6097098399514523,0.29453114778548023,-0.0032120864115766346,3.55259219493853,0.156734451326221,0.7287368605003351,0.2727272727270848,12,0.35,0.29453114778548023,0.7189657520079439,LONG,752,10.0,1,WIN,2023-08-21
1,181025,181024,181067,2023-08-21 13:13:00,2023-08-21 13:55:00,1892.785,1894.685,1.6999999999998636,36.09548201195774,65.1422771616724,0.014534883720916462,0.9717446104158515,0.5877427144653709,0.023361754504618137,0.6280225970275611,0.5521351217339617,1.9245932508031314,-0.33243625525602366,4.761276346551383,0.34286815077070604,0.6973163952184707,0.07407407407401169,13,0.45,1.9245932508031314,0.6280225970275611,LONG,753,1.0,0,WIN,2023-08-21
1,181086,181085,181099,2023-08-21 14:14:00,2023-08-21 14:27:00,1894.358,1894.088,-0.4699999999999818,21.845502759343784,56.43979691688798,0.04419191919202721,0.7732828694845653,0.43874484932714325,0.006755019308863797,0.5666862485185297,0.228891638460364,0.6832586222701389,0.392095065328676,4.569794432482184,0.2623627524752278,0.40191683662949346,0.09090909090909091,14,0.002,0.6832586222701389,0.5666862485185297,LONG,754,19.0,0,LOSS,2023-08-21
1,181102,181101,181104,2023-08-21 14:30:00,2023-08-21 14:32:00,1894.394,1894.114,-0.4799999999999727,12.969141300146577,65.49726750999434,0.11806375442740458,0.8274310796019667,0.3265656086228623,0.021707651416410713,0.6404523377056542,0.3233439742468383,0.6402850975191854,-0.20585686655565189,2.481104752886047,0.18931931843710384,0.20008909297446106,0.7663551401873131,14,0.02,0.6402850975191854,0.6404523377056542,LONG,755,3.0,1,LOSS,2023-08-21
1,181111,181110,181129,2023-08-21 14:39:00,2023-08-21 14:57:00,1894.445,1894.605,-0.03999999999991816,11.421016949209392,52.3008293435565,0.020282728949068667,0.8804567668423788,0.5798844454921261,0.029193221061905323,0.6714176461108213,0.634425619095096,-0.278156577741677,-0.043042645308173304,3.7493982533904706,0.12098271337940943,0.6096582525831683,0.40740740740790643,14,0.062,-0.278156577741677,0.6714176461108213,LONG,756,7.0,2,LOSS,2023-08-21
1,181133,181132,181141,2023-08-21 15:01:00,2023-08-21 15:09:00,1894.895,1894.755,-0.3399999999998727,9.94219881801029,60.985333451198976,0.13761467889891033,0.8855165374717293,0.34866928069957465,0.04680486579022607,0.9397970319302945,0.9699848822296264,1.812285979537517,-0.03163512575906715,2.8831822401722156,0.11319245819718718,1.7299093441040785,0.1428571428570103,15,0.022,1.812285979537517,0.9397970319302945,LONG,757,4.0,3,LOSS,2023-08-21
1,181166,181165,181167,2023-08-21 15:34:00,2023-08-21 15:35:00,1894.515,1894.355,-0.36000000000008187,20.807823550128532,47.19846230845303,0.033936651583670256,0.7006963918229481,0.46192439343908764,0.032235507637521144,0.6228706736757129,0.483061103379811,-0.40032688125353444,0.2738955116004002,3.7363842250360224,0.03886224378543051,0.26688458750387334,0.4999999999985789,15,0.002,-0.40032688125353444,0.6228706736757129,LONG,758,25.0,4,LOSS,2023-08-21
1,181170,181169,181172,2023-08-21 15:38:00,2023-08-21 15:40:00,1894.455,1894.225,-0.4300000000000182,20.11297047023313,49.83093156310688,0.2432432432431768,0.7345365007551,0.45448639444118777,0.008809063361076293,0.5439093165361123,0.16345741437955133,-0.7574066329689512,0.1610024962109483,3.6251941407069213,0.02690860444328866,0.4078343408302278,0.42727272727128035,15,0.016,-0.7574066329689512,0.5439093165361123,LONG,759,3.0,5,LOSS,2023-08-21
1,181173,181172,181174,2023-08-21 15:41:00,2023-08-21 15:42:00,1894.485,1894.315,-0.3699999999998454,20.380644203709146,60.23164923766886,0.20040691759899132,0.7911103030581796,0.4354723772286627,0.009798801458676126,0.6272501882915595,0.41913501568659545,-0.9614566668131667,0.05201198897009145,3.365098333844034,0.00831158632780871,1.4421850002190668,0.07692307692300965,15,0.042,-0.9614566668131667,0.6272501882915595,LONG,760,1.0,6,LOSS,2023-08-21
-1,181183,181182,181185,2023-08-21 15:51:00,2023-08-21 15:53:00,1894.278,1894.428,-0.35000000000009096,21.57027433223633,65.08828822536448,0.2565055762079522,0.7591988231239157,0.27835600526432097,0.028226025794692515,0.1995157641337459,-0.6919772963033768,-0.5822246110110149,0.1733306359059752,2.609972394188305,0.004483998768630604,0.7361460598984072,0.23076923077008693,15,0.004,0.5822246110110149,0.8004842358662541,SHORT,761,9.0,7,LOSS,2023-08-21
-1,181191,181190,181193,2023-08-21 15:59:00,2023-08-21 16:01:00,1894.308,1894.565,-0.45700000000006186,17.456214854781628,70.74837736498284,0.1124546553807412,0.8528002632706981,0.2618979696522294,0.02488370686769922,0.38206635710697706,-0.22525561980474507,0.11965769976341538,-0.20101618427705814,2.5905891998802555,0.0017343101725841963,0.3769217542543503,0.21250000000085265,15,0.068,-0.11965769976341538,0.6179336428930229,SHORT,762,6.0,8,LOSS,2023-08-21
-1,181196,181195,181207,2023-08-21 16:04:00,2023-08-21 16:15:00,1894.325,1894.345,-0.21999999999998182,17.85455684831584,67.51282521735219,0.1059760956175319,0.9363906478111322,0.3156256987021688,0.008286314707469454,0.4635300800920532,-0.07453870204154531,-0.336626396320928,0.007666496803822623,2.580802371798641,0.01963318276868663,0.0908356942457926,0.9162561576351976,16,0.088,0.336626396320928,0.5364699199079468,SHORT,763,3.0,9,LOSS,2023-08-21
1,181230,181229,181234,2023-08-21 16:38:00,2023-08-21 16:42:00,1894.478,1894.398,-0.2800000000001546,13.024160298342105,43.253676235657764,0.14981273408246557,0.5831034722800766,0.3125241627974876,0.0425622705762908,0.5486354022927934,0.19771128371071997,-1.9522434932308264,0.14736184570092886,4.687871318141903,0.019327433427051625,0.0,0.0,16,0.002,-1.9522434932308264,0.5486354022927934,LONG,764,23.0,10,LOSS,2023-08-21
1,181238,181237,181254,2023-08-21 16:46:00,2023-08-21 18:02:00,1894.458,1894.448,-0.20999999999999092,13.496911392993868,59.89301804609176,0.2395209580842522,0.6006648111226969,0.17636167482222934,0.028174234512307,0.6919781582524472,0.45047566069695344,0.7811716659517425,-0.2333409795343555,2.9944913861399587,0.030102965866268365,0.1692538609576417,0.8433734939742864,16,0.01,0.7811716659517425,0.6919781582524472,LONG,765,4.0,11,LOSS,2023-08-21
1,181255,181254,181275,2023-08-21 18:03:00,2023-08-21 18:25:00,1894.548,1894.625,-0.12300000000000183,20.136160271163703,57.312312915042,0.12026359143357217,0.936753935670553,0.24877299850394674,0.017693412719695517,0.7315925478553728,0.4145894847397804,0.6107978281777907,-0.23323954004616856,3.405407069424649,0.03698659994067444,0.8367093536663822,0.0,18,0.088,0.6107978281777907,0.7315925478553728,LONG,766,1.0,12,LOSS,2023-08-21
1,181278,181277,181281,2023-08-21 18:28:00,2023-08-21 18:32:00,1894.845,1894.705,-0.34000000000010006,23.594529025232184,39.2599251277927,0.04761904761899606,0.8620433653132679,0.6650772667593361,0.002724867245151374,0.5788674862703809,0.383952820723096,1.1813932945341528,-0.7192064570188296,5.8085170314552945,0.11707809663012804,0.0,1.0,18,0.076,1.1813932945341528,0.5788674862703809,LONG,767,3.0,13,LOSS,2023-08-21
1,181288,181287,181303,2023-08-21 18:40:00,2023-08-21 19:00:00,1894.925,1894.858,-0.2670000000000073,17.031069290568077,52.81588812466776,0.02380952380949803,0.9008417154223992,0.681467220813444,0.026762517192080785,0.6359109575994546,0.5992590107678787,0.2899640374674777,0.0828406004126362,5.026043316107342,0.12381161192799066,0.7732374332466072,0.1111111111111111,18,0.096,0.2899640374674777,0.6359109575994546,LONG,768,8.0,14,LOSS,2023-08-21
1,181304,181303,181318,2023-08-21 19:01:00,2023-08-21 19:15:00,1895.595,1895.475,-0.32000000000011825,13.223060598842661,30.676011593964212,0.5206611570250637,1.1179484626071436,1.2904192690003784,0.41203627417340716,1.363651088620232,4.989626126778598,5.237871738025006,1.2716290064943816,7.819921186346389,0.1390042953320507,5.437058409753029,0.01733333333322662,19,0.196,5.237871738025006,1.363651088620232,LONG,769,1.0,15,LOSS,2023-08-21
1,181324,181323,181328,2023-08-21 19:21:00,2023-08-21 19:26:00,1895.615,1895.415,-0.4000000000000455,16.87271963340765,37.75586428804246,0.2121212121213374,0.9107979477556797,0.6963511337094241,0.016313580218156376,0.5114233153966471,0.045880965990188524,0.09459992987594561,0.25812339671734336,4.663776542887775,0.2940314620970863,0.18919985975189121,0.6,19,0.114,0.09459992987594561,0.5114233153966471,LONG,770,6.0,16,LOSS,2023-08-21
1,181337,181336,181338,2023-08-21 19:35:00,2023-08-21 19:36:00,1895.465,1895.375,-0.28999999999991816,11.871166519827865,31.98821899393197,0.07317073170783106,0.7690715264691881,0.717366079923037,0.017722396639770325,0.5327593294280893,0.17246830278142472,-0.49276657937349844,0.8753123172005794,5.6668156627658215,0.24903969999001446,0.6159582242133718,0.28571428571660584,19,0.038,-0.49276657937349844,0.5327593294280893,LONG,771,9.0,17,LOSS,2023-08-21
1,181340,181339,181347,2023-08-21 19:38:00,2023-08-21 19:45:00,1895.815,1895.345,-0.6700000000000272,12.834420263027942,34.8265095301937,0.2689655172414096,1.3302399503789728,1.1025032520786373,0.014809767557242429,0.9106415248542356,1.5474354078141035,0.05752547984433697,-0.03150296458489817,5.332611981575662,0.24268500610474616,4.199360028639215,0.21251348435848455,19,0.364,0.05752547984433697,0.9106415248542356,LONG,772,2.0,18,LOSS,2023-08-21
-1,181539,181538,181546,2023-08-21 22:57:00,2023-08-21 23:04:00,1894.585,1894.865,-0.4799999999999727,18.291211439147258,60.025983015709514,0.037593984962380304,0.8683982609029336,0.3702078747945495,0.05002526653035141,0.19804045524890287,-0.5567335619892527,0.104062348035308,0.09005676321287068,2.3587465554693474,0.0858303471789908,0.7284364362479447,0.08695652173904447,22,0.712,-0.104062348035308,0.8019595447510971,SHORT,773,192.0,19,LOSS,2023-08-21
1,181585,181584,181593,2023-08-21 23:43:00,2023-08-21 23:51:00,1896.205,1895.938,-0.4669999999998254,21.40563604399453,31.477196765127733,0.23076923076929057,0.8397932930039687,0.7812638774165301,0.03798424865910069,0.5887729782581262,0.4350280260755613,-1.254387583250039,0.2463483830631891,6.011442092250627,0.08890448489938797,0.6812967704553626,0.10526315789461087,23,0.642,-1.254387583250039,0.5887729782581262,LONG,774,39.0,20,LOSS,2023-08-21
1,181600,181599,181613,2023-08-21 23:58:00,2023-08-22 00:11:00,1895.975,1896.025,-0.1499999999998181,20.447871457819183,53.87826003322121,0.2088724584106542,0.6820965030816779,0.3405403961161701,0.0029028499738234423,0.504239852158828,0.012789843943074997,-1.1937187680186097,0.2217542458913738,3.808531307487699,0.07736960529381566,0.22737500343186995,0.6000000000009095,23,0.39,-1.1937187680186097,0.504239852158828,LONG,775,7.0,21,LOSS,2023-08-22
1,181617,181616,181621,2023-08-22 00:15:00,2023-08-22 00:19:00,1896.115,1895.928,-0.38699999999989815,28.08256972690173,53.000625087673754,0.16461916461930462,0.5323345237172811,0.14005367632528995,0.00966684986400343,0.825834380411007,0.6106562839337423,0.6295425607557819,-0.14735943232401133,3.507451409927115,0.07701474261385828,1.438954424586689,0.0,0,0.184,0.6295425607557819,0.825834380411007,LONG,776,4.0,22,LOSS,2023-08-22
1,181623,181622,181630,2023-08-22 00:21:00,2023-08-22 00:28:00,1896.265,1896.025,-0.4400000000000091,32.76931368196794,54.638367893984395,0.3159041394336267,0.6247503230403327,0.22766224009619898,0.1769847581211754,1.2385181243125292,1.957920203447681,2.214126239761592,0.5637413993260669,2.9020868928303534,0.0780271071034535,1.739670616955922,0.08333333333325438,0,0.258,2.214126239761592,1.2385181243125292,LONG,777,2.0,23,LOSS,2023-08-22
-1,181672,181671,181673,2023-08-22 01:10:00,2023-08-22 01:11:00,1894.405,1895.005,-0.8000000000001364,33.629799489830866,37.10433063716284,0.2222222222222438,1.1999792040090709,0.7005852158664886,0.06620080113849665,0.30553460159674095,-0.7595456714024172,-0.5612406438938224,0.33433546459856966,5.762070610639614,0.2649407447469937,0.3367443863366338,0.5263157894730544,1,0.698,0.5612406438938224,0.694465398403259,SHORT,778,42.0,24,LOSS,2023-08-22
1,181704,181703,181717,2023-08-22 01:42:00,2023-08-22 01:55:00,1895.945,1895.675,-0.4699999999999818,18.280291576835026,46.75005693408727,0.1810344827585945,1.154080153451783,0.8272481602700689,0.11891257024960843,0.7628163156224022,0.9853848027961036,0.829220348127955,0.8583489013145703,4.236444813589891,0.0013071382328782401,1.1615537950434751,0.14285714285706552,1,0.772,0.829220348127955,0.7628163156224022,LONG,779,31.0,25,LOSS,2023-08-22
1,181728,181727,181758,2023-08-22 02:06:00,2023-08-22 02:36:00,1895.765,1899.265,3.3,23.397423177713627,57.71672904020143,0.12970711297077817,1.2260815741273043,0.927665262142763,0.017076327364015913,0.5590218840447635,0.19531764481746555,-0.24246328322149127,-0.07584339086250824,3.259784141092001,0.0354067409839581,0.18858255361732798,0.7666666666660856,2,0.89,-0.24246328322149127,0.5590218840447635,LONG,780,11.0,26,WIN,2023-08-22
1,181778,181777,181784,2023-08-22 02:56:00,2023-08-22 03:02:00,1898.675,1898.215,-0.6600000000000363,32.37432405208943,46.78222636291905,0.16279069767440016,0.953729406619846,1.2535302463263858,0.010073816778138792,0.5660284511812994,0.37018911939232657,-1.7472926435322125,0.6544944127251401,5.62687461476296,0.27556051285938243,1.4511413480179471,0.01999999999998181,2,0.73,-1.7472926435322125,0.5660284511812994,LONG,781,20.0,0,LOSS,2023-08-22
1,181785,181784,181819,2023-08-22 03:03:00,2023-08-22 03:37:00,1898.685,1899.865,0.9800000000000637,24.15872434339913,44.97079269121532,0.2717948717947247,1.0017435967456683,0.7857837805590279,0.04440905488280778,0.7650609697811834,0.8927068526269074,1.567134286743204,0.037992378556030736,3.945820257692688,0.26495124082695776,1.3712425009004627,0.18333333333319438,3,0.766,1.567134286743204,0.7650609697811834,LONG,782,1.0,1,WIN,2023-08-22
1,181820,181819,181836,2023-08-22 03:38:00,2023-08-22 03:54:00,1900.275,1900.405,-0.07000000000011825,29.509379243621336,56.229654961690635,0.185185185185115,0.9964039847776152,0.7333020446441885,0.03171531484915131,0.7245374973241623,0.7080046858676098,1.597432006794326,-0.12085767675560022,4.050631160083921,0.3004291622379328,1.1980740050955823,0.12499999999988158,3,0.726,1.597432006794326,0.7245374973241623,LONG,783,1.0,0,LOSS,2023-08-22
1,181839,181838,181851,2023-08-22 03:57:00,2023-08-22 04:09:00,1901.015,1901.145,-0.07000000000011825,28.25424797879092,49.32398634633974,0.04216867469875475,1.0274967817951868,1.0520306673239541,0.003640150524444452,0.5938262658068341,0.42175346841649886,1.1192163239526804,-0.7338138218859983,5.377697946796026,0.3138136179074144,0.08189387736230042,0.7000000000006821,3,0.774,1.1192163239526804,0.5938262658068341,LONG,784,3.0,1,LOSS,2023-08-22
-1,181892,181891,181895,2023-08-22 04:50:00,2023-08-22 04:53:00,1899.045,1899.595,-0.7499999999999545,23.709036393821297,54.896529798001175,0.16197183098592,1.0420696652154846,0.840745424454514,0.03570330636312706,0.49660705520449716,-0.015370533518160558,1.39732122887008,-0.42440830476694746,4.639106479848259,0.11302609902197439,0.2515178211970211,0.5263157894730544,4,0.732,-1.39732122887008,0.5033929447955028,SHORT,785,41.0,2,LOSS,2023-08-22
1,181933,181932,181963,2023-08-22 05:31:00,2023-08-22 06:01:00,1901.045,1902.435,1.1899999999998727,26.212457835903052,55.35257185806511,0.12765957446803622,1.0036495142666448,0.6964340746953666,0.07784084002005384,0.8143754539755244,1.2684751774262717,2.514906116057363,-0.186479221897688,4.098365522463485,0.1236917329966808,1.4903147354411388,0.42857142857150593,5,0.476,2.514906116057363,0.8143754539755244,LONG,786,38.0,3,WIN,2023-08-22
1,181967,181966,181986,2023-08-22 06:05:00,2023-08-22 06:24:00,1902.835,1903.385,0.3499999999999545,43.15509616376404,51.56325062029764,0.007830853563030982,1.037244739366386,0.4750748519768487,0.017391932473216198,0.5679992164462975,0.18396933764853501,0.029063086516422008,-0.12489412456650952,4.126958285335229,0.36364154390897785,0.6016058908907946,0.3727272727268092,6,0.654,0.029063086516422008,0.5679992164462975,LONG,787,4.0,0,WIN,2023-08-22
1,182000,181999,182007,2023-08-22 06:38:00,2023-08-22 06:45:00,1903.185,1902.688,-0.6969999999998435,22.249731297562143,42.42687753343905,0.47764147210125013,1.0479924219103072,1.5443856511153369,0.06613978216444888,0.5633183329252888,0.47946185315273987,-0.9188293353100581,0.4079575146327673,7.211418116525757,0.19645653903319596,1.0023592748836423,0.30769230769247585,6,0.78,-0.9188293353100581,0.5633183329252888,LONG,788,14.0,0,LOSS,2023-08-22
1,182026,182025,182030,2023-08-22 07:04:00,2023-08-22 07:08:00,1902.495,1901.815,-0.8799999999998362,16.936599540938953,53.60435224350453,0.2890995260663936,1.0165042489093132,0.5926626747821752,0.018179904577566273,0.8453036161334908,1.0420668142339735,1.2450367605467305,-0.1085746269579007,4.719557952769781,0.00788897856822642,1.6793519095748586,0.03333333333329544,7,0.722,1.2450367605467305,0.8453036161334908,LONG,789,19.0,1,LOSS,2023-08-22
-1,182030,182029,182036,2023-08-22 07:08:00,2023-08-22 07:14:00,1901.815,1902.355,-0.7399999999999636,14.379410083478172,57.54778154026248,0.19999999999996362,1.0581364437116545,0.5207281834063884,0.015114924932272114,0.18483519876040816,-0.7849600325705764,-0.40954436481886436,0.5252076967355188,3.0852342149718823,0.005906066617058128,1.2286330944578348,0.02173913043476112,7,0.858,0.40954436481886436,0.8151648012395918,SHORT,790,0.0,2,LOSS,2023-08-22
-1,182155,182154,182204,2023-08-22 09:13:00,2023-08-22 10:02:00,1895.888,1892.335,3.3529999999998834,30.27455728299402,58.4251268676748,0.15440961031346315,1.1517122907562543,1.012546526305129,0.07647390465942955,0.1355859654905877,-1.0841137922016257,-2.131772424702344,0.02566433820016537,3.488872705758785,0.3615298056951411,1.0680222568650135,0.26470588235309195,9,0.94,2.131772424702344,0.8644140345094122,SHORT,791,119.0,3,WIN,2023-08-22
-1,182224,182223,182243,2023-08-22 10:22:00,2023-08-22 10:41:00,1893.078,1892.105,0.7729999999999564,18.99668326511614,49.02297478858729,0.04181338028170335,1.0640449182072473,1.224022182378239,0.011944427904047842,0.44789556445002976,-0.20041235310270097,1.3950750279912525,-0.31309144232531017,3.893516482320261,0.19116952856774397,0.32954528220262747,0.28947368421035313,10,0.956,-1.3950750279912525,0.5521044355499702,SHORT,792,20.0,0,WIN,2023-08-22
1,182288,182287,182319,2023-08-22 11:26:00,2023-08-22 11:57:00,1896.885,1898.185,1.0999999999999546,23.850215157152665,49.14208413931734,0.2794117647058762,0.8312576962135988,0.7618951692828767,0.029282119547125698,0.5770533291377569,0.3615028514897387,-1.3036163853992435,0.09126519390703304,3.979038320972206,0.2181389298939976,0.6618360110486081,0.37735849056614296,11,0.636,-1.3036163853992435,0.5770533291377569,LONG,793,45.0,0,WIN,2023-08-22
1,182325,182324,182332,2023-08-22 12:03:00,2023-08-22 12:10:00,1898.525,1898.105,-0.6200000000000727,23.51624458022707,48.68462605006598,0.06815968841278808,0.822957936425658,0.4338954004029006,0.04363341344160195,0.6704410536886564,0.5764522081407616,0.24713921034959427,0.016334370885364047,3.7070881552388566,0.2718861633488222,0.642561946908046,0.5806451612902634,12,0.56,0.24713921034959427,0.6704410536886564,LONG,794,6.0,0,LOSS,2023-08-22
1,182347,182346,182350,2023-08-22 12:25:00,2023-08-22 12:28:00,1898.285,1897.575,-0.9100000000000363,13.62834760763593,52.4474427351369,0.06722689075634025,0.8108402922547641,0.44446458012840706,0.06703108211470814,0.6954069217616912,0.7613704918455989,0.39332792936707184,0.42826874426686906,4.214227814644187,0.20050379658444842,0.8147507108311073,0.09375000000057732,12,0.424,0.39332792936707184,0.6954069217616912,LONG,795,15.0,1,LOSS,2023-08-22
1,182382,182381,182384,2023-08-22 13:00:00,2023-08-22 13:02:00,1897.245,1896.895,-0.549999999999909,13.489210563711634,61.601482281657084,0.09999999999991474,0.7115712954684581,0.2593695344954697,0.02584976988560277,0.7206391352142065,0.6385828826856111,-0.6677990930048149,-0.02392923441775579,4.257219217903441,0.004552239154295563,1.2521232993831977,0.2307692307695447,12,0.006,-0.6677990930048149,0.7206391352142065,LONG,796,32.0,2,LOSS,2023-08-22
-1,182384,182383,182385,2023-08-22 13:02:00,2023-08-22 13:03:00,1896.895,1897.305,-0.6100000000000818,12.88825337922022,66.63072564690094,0.14634146341463075,0.7427417005453149,0.2660442272763509,0.013725912434576262,0.1928286254969646,-0.8728283197628031,-1.1236410553268583,0.20611017186403327,2.9696227890784517,0.008754602447309733,1.6052015076094066,0.047619047619537426,13,0.018,1.1236410553268583,0.8071713745030353,SHORT,797,0.0,3,LOSS,2023-08-22
-1,182423,182422,182430,2023-08-22 13:41:00,2023-08-22 13:48:00,1897.205,1897.605,-0.6000000000000909,10.327487989368159,52.529907007434936,0.11731843575421265,0.9515021041572711,0.4749420071167916,0.0688610306425035,0.34309461481929676,-0.6091367067769465,0.06693809964583503,-0.4650384075388191,3.8154716798164015,0.010439278804836478,1.1379476939807176,0.2444444444441974,13,0.134,-0.06693809964583503,0.6569053851807032,SHORT,798,38.0,4,LOSS,2023-08-22
1,182453,182452,182454,2023-08-22 14:11:00,2023-08-22 14:12:00,1897.625,1897.175,-0.6500000000000454,13.451925015142569,61.31821100778726,0.17985611510793015,0.9048699044176364,0.36568450676666026,0.010597762780291876,0.5085629054392712,0.02432338520407875,-1.9084502237163559,0.11047360582676509,4.838482626009975,0.031567146908095096,0.4490471114622716,0.5384615384619421,14,0.07,-1.9084502237163559,0.5085629054392712,LONG,799,23.0,5,LOSS,2023-08-22
-1,182501,182500,182511,2023-08-22 14:59:00,2023-08-22 15:09:00,1897.105,1897.275,-0.37000000000007277,23.93730066547925,59.650436649664535,0.435294117646977,0.7991901974184189,0.710607054272253,0.04711053767324092,0.43698551956921555,-0.4080747541336732,-0.24182207652386184,-0.596574631904723,7.012840219198867,0.030297375847589198,0.6650107104406201,0.42105263157894735,14,0.044,0.24182207652386184,0.5630144804307844,SHORT,800,47.0,6,LOSS,2023-08-22
1,182595,182594,182606,2023-08-22 16:33:00,2023-08-22 16:44:00,1897.298,1897.215,-0.2830000000000837,16.355456138251604,36.23753945211115,0.02534113060413644,0.6921301899981516,0.2640487907029678,0.040871926276349724,0.9354262512123004,1.1551667756703976,1.4487240090906968,-0.10833352998665133,5.119551009567455,0.006618125584958984,0.8714129377978725,0.1111111111111111,16,0.008,1.4487240090906968,0.9354262512123004,LONG,801,84.0,7,LOSS,2023-08-22
1,182608,182607,182616,2023-08-22 16:46:00,2023-08-22 16:54:00,1897.335,1897.205,-0.33000000000010915,11.287027048147294,48.30948459746897,0.21416526138261052,0.658961718366753,0.37996153475894295,0.0704030468915324,0.8096320445756142,1.3130647784704679,2.65693459573305,-0.5532152597855364,6.289362086514704,0.013714882977131618,1.4118976112600112,0.0,16,0.004,2.65693459573305,0.8096320445756142,LONG,802,2.0,8,LOSS,2023-08-22
1,182620,182619,182621,2023-08-22 16:58:00,2023-08-22 16:59:00,1897.385,1897.275,-0.30999999999989997,14.061582938565877,54.02782212708462,0.03999999999996362,0.7865633255227561,0.39033554548249383,0.08287399162606282,0.7577198903950467,0.9482706521454144,2.0116525325434855,-0.01320112296116805,3.5762711689642197,0.022071213915774164,1.0840571980922713,0.19166666666609825,16,0.046,2.0116525325434855,0.7577198903950467,LONG,803,4.0,9,LOSS,2023-08-22
1,182657,182656,182660,2023-08-22 18:39:00,2023-08-22 18:43:00,1898.035,1897.935,-0.30000000000013644,23.42279655812652,50.91722455675567,0.016393442622938598,0.8324649590961892,0.390644774074599,0.00781885701327504,0.516695976725249,0.05034853825040219,-0.1006970764985148,-0.28411578278898525,3.0209122949577334,0.23227372481520767,0.0,1.0,18,0.08,-0.1006970764985148,0.516695976725249,LONG,804,100.0,10,LOSS,2023-08-22
1,182669,182668,182672,2023-08-22 18:56:00,2023-08-22 18:59:00,1897.965,1897.758,-0.40699999999987996,15.681733364377116,48.67312477053938,0.12000000000040018,0.7794933181001688,0.5331778228966586,0.042151901259540575,0.6003446679191436,0.4515336069516216,1.3893341752430486,0.5391740551116875,4.631113917482094,0.17760774368761445,0.4631113917476829,0.42857142857142855,18,0.032,1.3893341752430486,0.6003446679191436,LONG,805,13.0,11,LOSS,2023-08-22
1,182685,182684,182690,2023-08-22 19:12:00,2023-08-22 19:17:00,1897.815,1897.745,-0.2700000000001637,12.168863307044045,39.207503189737636,0.38812785388175736,0.7359386380813955,0.7488222209309285,0.07473163298232847,0.5625925440265548,0.4434724324583712,-2.0436517624710517,0.367682919031363,5.953838801339455,0.04395299732844576,0.0,0.0,19,0.008,-2.0436517624710517,0.5625925440265548,LONG,806,13.0,12,LOSS,2023-08-22
1,182694,182693,182770,2023-08-22 19:21:00,2023-08-22 20:38:00,1897.935,1899.545,1.4100000000001274,11.31477572702466,43.577850673978,0.1384615384614416,0.8226493783885045,0.5674551867997871,0.09969751183024161,0.9363923749220979,2.0890294831672884,2.4467229975274045,-0.08156658037853537,4.5581083253450245,0.02516664456945652,1.366190506233103,0.0,19,0.04,2.4467229975274045,0.9363923749220979,LONG,807,4.0,13,WIN,2023-08-22
1,182787,182786,182789,2023-08-22 20:55:00,2023-08-22 20:57:00,1899.475,1899.095,-0.5799999999998817,24.825393982547347,50.767155773779386,0.09565217391300565,1.1739278558082404,1.230674849598168,0.03896318357244328,0.6240741498911128,0.48557862881847397,-0.6228438258151779,0.29432044400766977,5.893060813477208,0.26840728314355594,0.5270216987657672,0.6764705882355104,20,0.594,-0.6228438258151779,0.6240741498911128,LONG,808,17.0,0,LOSS,2023-08-22
1,182799,182798,182829,2023-08-22 21:07:00,2023-08-22 21:37:00,1899.135,1900.925,1.5899999999999637,19.396299362840093,50.18530452291554,0.0,1.2586145044498902,1.2489126076773396,0.00030164315332352373,0.5089292370303424,0.030075443618070425,-0.5213076893680342,0.13806144512327762,4.010059148988526,0.0807635887477682,0.040100591489848784,0.9600000000000364,21,0.688,-0.5213076893680342,0.5089292370303424,LONG,809,10.0,1,WIN,2023-08-22
1,182836,182835,182840,2023-08-22 21:44:00,2023-08-22 21:48:00,1901.245,1900.945,-0.49999999999995454,30.22554568709995,44.885524280802784,0.11904761904767383,1.2074724664587035,1.5759814970918566,0.06276939520423709,0.597993702312397,0.43078186025999216,-0.6429580003892154,0.3266897023216939,4.179227002528803,0.32040828340574756,0.289331100174818,0.7567567567569062,21,0.938,-0.6429580003892154,0.597993702312397,LONG,810,7.0,0,LOSS,2023-08-22
1,182847,182846,182863,2023-08-22 21:55:00,2023-08-22 22:11:00,1901.145,1901.355,0.010000000000036369,17.47786454791355,55.19679855133284,0.14285714285718706,1.1003250322047853,0.9757934711092698,0.006846213724672819,0.7236245237708544,0.698156509773314,1.7234090165692022,-0.06612802281492246,3.69301932121949,0.29766308255229457,0.9144619271591196,0.10344827586198786,21,0.838,1.7234090165692022,0.7236245237708544,LONG,811,7.0,1,WIN,2023-08-22
1,182884,182883,182897,2023-08-22 22:32:00,2023-08-22 22:45:00,1901.365,1901.205,-0.36000000000008187,12.859124086388235,58.70269715901043,0.2214765100670977,0.9592534236581558,0.6225907300066061,0.041860944195526474,0.7677626289177806,0.6376854568166158,-0.07568966846481383,0.08691407445212417,2.6491383962710655,0.1339708766821869,0.2649138396268484,0.6956521739133443,22,0.742,-0.07568966846481383,0.7677626289177806,LONG,812,21.0,0,LOSS,2023-08-22
1,182911,182910,182912,2023-08-22 22:59:00,2023-08-22 23:00:00,1901.175,1900.895,-0.4799999999999727,10.747817260840895,60.40681353958074,0.02411575562698937,0.9411208504184758,0.9326238557084497,0.019393745702689102,0.5548196461235534,0.21250237384985282,-0.7031328546506662,0.20524291445642878,4.816460054355154,0.044699332574262014,0.2343776182165927,0.6250000000005329,22,0.686,-0.7031328546506662,0.5548196461235534,LONG,813,14.0,1,LOSS,2023-08-22
-1,182935,182934,182942,2023-08-22 23:23:00,2023-08-22 23:30:00,1900.335,1900.445,-0.30999999999989997,15.61586899453696,55.695170288235474,0.3428571428571336,0.8488381311143558,0.42998490875858564,0.04031933468012719,0.3023360628009751,-0.4373064540263182,-0.32222580822953306,-0.1010388287454395,3.038129049023405,0.10175472903291578,0.3682580665480378,0.5555555555555556,23,0.616,0.32222580822953306,0.697663937199025,SHORT,814,23.0,2,LOSS,2023-08-22
1,182972,182971,182979,2023-08-23 00:00:00,2023-08-23 00:07:00,1901.515,1901.125,-0.5900000000001,18.236510191557624,44.644960518097264,0.1249207355739304,0.8889121295065143,0.9510906210789078,0.09976183012741328,0.6514142927960246,0.8714064576276686,0.3846207812982799,0.613451457159977,5.418345256528819,0.0785383412316163,1.2019399415548018,0.0,23,0.59,0.3846207812982799,0.6514142927960246,LONG,815,30.0,3,LOSS,2023-08-23
1,183000,182999,183042,2023-08-23 00:28:00,2023-08-23 01:10:00,1901.015,1902.868,1.6529999999998382,18.059595199883614,56.33232435957333,0.1228070175441116,0.7531769867276873,0.35535363078299376,0.03107465123667365,0.6118556346196485,0.32319825536665386,1.7326092040170509,0.2126815366188621,3.865051301265076,0.007949200454637087,0.19991644661851754,0.6666666666649824,0,0.34,1.7326092040170509,0.6118556346196485,LONG,816,21.0,4,WIN,2023-08-23
1,183047,183046,183049,2023-08-23 01:15:00,2023-08-23 01:17:00,1903.235,1902.775,-0.659999999999809,30.370541084490927,65.2426939640081,0.04885993485337315,0.9772254092491547,0.40311021105892003,0.03510417432929282,0.6709171325684563,0.37173694580432326,0.0,0.15555259183324,3.1366629406507958,0.34794228175344494,0.25432402221469497,0.6666666666670877,1,0.62,0.0,0.6709171325684563,LONG,817,5.0,0,LOSS,2023-08-23
1,183062,183061,183071,2023-08-23 01:30:00,2023-08-23 01:39:00,1902.805,1902.735,-0.2700000000001637,27.985770209882023,53.02523848131666,0.008264462809911144,0.9288402405296586,0.969269815724452,0.013259020928257662,0.5286748658404726,0.153091071481129,-1.9738878781575562,0.38600342712319446,4.452723818171191,0.24223217167332256,0.2754262155577664,0.6249999999991118,1,0.534,-1.9738878781575562,0.5286748658404726,LONG,818,13.0,1,LOSS,2023-08-23
1,183075,183074,183081,2023-08-23 01:43:00,2023-08-23 01:49:00,1903.495,1902.775,-0.9199999999997999,24.477536199778218,49.9785733942334,0.018090029448936014,1.1560686182263684,1.4916334863089264,0.09750400203131437,0.7542089811237289,1.4816934989198793,3.0499623093273445,-0.061710149940492655,5.253997910975317,0.1929809821928795,1.1003656002234656,0.10000000000006146,1,0.912,3.0499623093273445,0.7542089811237289,LONG,819,4.0,2,LOSS,2023-08-23
1,183088,183087,183089,2023-08-23 01:56:00,2023-08-23 01:57:00,1903.078,1902.848,-0.4300000000000182,17.766510324752545,49.21307407505432,0.23694107814458854,1.1486334101068496,1.162302106078845,0.006085281941000768,0.5064048732022242,0.028368372783110305,-0.5610281544732241,0.19111927964505748,3.8669737200950745,0.16750345907950617,0.7829036957899478,0.421545667447015,1,0.95,-0.5610281544732241,0.5064048732022242,LONG,820,7.0,3,LOSS,2023-08-23
1,183096,183095,183097,2023-08-23 02:04:00,2023-08-23 02:05:00,1902.955,1902.725,-0.4300000000000182,15.519218844117926,49.79339169944395,0.0,1.146384341712599,1.2184227969667363,0.021538200882318732,0.5073525790618517,0.033628692558750284,0.6478922419709542,0.03988428038773309,5.059729889682838,0.09944826580289266,0.5553362074043765,0.5609756097560299,2,0.958,0.6478922419709542,0.5073525790618517,LONG,821,7.0,4,LOSS,2023-08-23
1,183098,183097,183100,2023-08-23 02:06:00,2023-08-23 02:08:00,1903.105,1902.755,-0.549999999999909,13.528046989030443,54.20078089753726,0.002925198495638567,1.2021938894188755,0.8646348117855823,0.07066557839120727,0.7386755193130332,0.7129589101530451,1.3012069566288056,0.6800461126660895,4.55564798819645,0.06766761764146959,1.1389119970492743,0.2592592592590409,2,0.98,1.3012069566288056,0.7386755193130332,LONG,822,1.0,5,LOSS,2023-08-23
1,183102,183101,183109,2023-08-23 02:10:00,2023-08-23 02:17:00,1903.065,1902.615,-0.6500000000000454,11.540155570946093,57.862242416936176,0.26940639269412364,1.1989923693433862,0.7995414299660664,0.042599579470443016,0.7643054196023241,0.7034873542741658,-0.7242396044789702,0.17030569380569474,3.398355067170747,0.06766761764146959,0.835661082091022,0.21052631578934772,2,0.982,-0.7242396044789702,0.7643054196023241,LONG,823,2.0,6,LOSS,2023-08-23
1,183114,183113,183127,2023-08-23 02:22:00,2023-08-23 02:35:00,1903.015,1903.145,-0.07000000000011825,15.009011559986407,49.60121412056154,0.025316455696180674,1.1068868859962893,0.6463152620361527,0.0037449544262526135,0.59749871357169,0.21661189623905042,0.9136011950199353,-0.03853474498010277,3.6750344844815777,0.04390680118404867,0.0,1.0,2,0.94,0.9136011950199353,0.59749871357169,LONG,824,5.0,7,LOSS,2023-08-23
1,183130,183129,183146,2023-08-23 02:38:00,2023-08-23 02:54:00,1903.595,1904.065,0.2700000000000273,10.574397198161524,46.44661912051709,0.03765690376566171,1.0326770281198032,1.1563163688782265,0.0257299773799296,0.6833039502519973,0.7798622132205754,1.860506274086398,-0.22458275234112055,5.48849350855357,0.08168640868471466,0.24806750321123772,0.38461538461646094,2,0.888,1.860506274086398,0.6833039502519973,LONG,825,3.0,8,WIN,2023-08-23
1,183232,183231,183235,2023-08-23 04:20:00,2023-08-23 04:23:00,1904.745,1904.135,-0.8099999999998999,27.524941712875602,60.53221691119119,0.1549295774647797,0.9712811488271469,0.7319262331697497,0.06674742289920384,0.8366682428821202,0.913280133327649,1.235125277841917,-0.09100291625440506,3.586613787579517,0.12783055583013345,1.068858413516649,0.06250000000041449,4,0.906,1.235125277841917,0.8366682428821202,LONG,826,86.0,0,LOSS,2023-08-23
1,183249,183248,183255,2023-08-23 04:37:00,2023-08-23 04:43:00,1904.158,1903.485,-0.8730000000000018,16.909114770771176,58.42377171263058,0.18835412953060526,0.9354704964074958,0.882134906162068,0.021949938014587313,0.5814470454701243,0.3017528847006686,-0.6748881722348385,0.4369167669852213,4.041541862191121,0.0866046112224595,0.6229736974475887,0.5131845841784195,4,0.852,-0.6748881722348385,0.5814470454701243,LONG,827,14.0,1,LOSS,2023-08-23
1,183256,183255,183263,2023-08-23 04:44:00,2023-08-23 04:51:00,1904.395,1904.045,-0.549999999999909,12.949700050490547,64.16338133614177,0.17968210089838976,0.98039667326406,0.5646062219596099,0.06646178864179277,1.1079267726258542,1.3620276547097583,1.7588934791632769,0.1315113304163996,2.5937485530759172,0.07697286789583685,2.2791295786341688,0.0,4,0.882,1.7588934791632769,1.1079267726258542,LONG,828,1.0,2,LOSS,2023-08-23
1,183267,183266,183271,2023-08-23 04:55:00,2023-08-23 04:59:00,1904.625,1904.045,-0.7799999999999272,13.038322733056884,44.61729033231935,0.1567567567567448,0.9620278098397159,0.9218840166500848,0.08571213943017691,0.8173670021557556,1.154856245600607,1.7974317350361224,0.051393957966222356,4.838065900669388,0.09168602092645184,0.5593139769560621,0.31249999999977796,4,0.842,1.7974317350361224,0.8173670021557556,LONG,829,4.0,3,LOSS,2023-08-23
1,183279,183278,183295,2023-08-23 05:07:00,2023-08-23 05:23:00,1904.085,1904.065,-0.21999999999998182,9.253927278519182,52.38447625721413,0.05417118093170828,0.908677852353558,0.6347820180527447,0.010225791842612247,0.5214295161570224,0.059449944316686085,0.5315524433020596,0.27200515666884084,3.6369377699602885,0.05138373045228429,0.22381155507428357,0.6190476190480315,5,0.726,0.5315524433020596,0.5214295161570224,LONG,830,8.0,4,LOSS,2023-08-23
1,183304,183303,183309,2023-08-23 05:32:00,2023-08-23 05:37:00,1904.285,1903.725,-0.7600000000001728,18.919331080605215,36.435257115172824,0.020648967551671487,1.00113425135008,1.2616454831116501,0.028067749442451533,0.5019300998957923,0.010489147099965486,-1.7569321392859556,0.5252322265348902,5.795253772868065,0.031287854015231695,0.02622286775110619,0.9749999999994458,5,0.802,-1.7569321392859556,0.5019300998957923,LONG,831,9.0,5,LOSS,2023-08-23
-1,183342,183341,183354,2023-08-23 06:10:00,2023-08-23 06:22:00,1902.245,1902.395,-0.35000000000009096,29.384819775263846,61.05344428709277,0.2189254210104835,0.8066684331604457,0.47196671395512574,0.06718645754706236,0.2422166816523569,-0.7397853144540437,0.3080226004184559,-0.36487550147352604,2.9740113143859794,0.18173319296123996,1.168361587794837,0.0,6,0.346,-0.3080226004184559,0.7577833183476431,SHORT,832,33.0,6,LOSS,2023-08-23
-1,183355,183354,183372,2023-08-23 06:23:00,2023-08-23 06:40:00,1902.145,1902.165,-0.21999999999998182,26.117040110207554,63.721706935737274,0.14285714285724055,0.793709535471829,0.49261912502652594,0.047852690137808185,0.23018361936893159,-0.8791500577316776,-1.6234030523069805,-0.15689796016153376,3.6217349047894785,0.2011765791080726,0.8890064334061198,0.0,6,0.252,1.6234030523069805,0.7698163806310684,SHORT,833,1.0,7,LOSS,2023-08-23
-1,183373,183372,183374,2023-08-23 06:41:00,2023-08-23 06:42:00,1901.625,1901.775,-0.35000000000009096,32.710999539266325,51.68344382416251,0.08333333333335702,0.961143975374811,0.7774864819775934,0.0023731550302221664,0.29761044243667056,-0.8648016291601519,-2.156312448790754,0.5974197389325343,4.423205023160863,0.20382501502017367,1.8213197154188308,0.05084745762707945,6,0.486,2.156312448790754,0.7023895575633294,SHORT,834,1.0,8,LOSS,2023-08-23
-1,183376,183375,183380,2023-08-23 06:44:00,2023-08-23 06:48:00,1901.595,1902.154,-0.758999999999969,27.063151366091702,49.32338744294483,0.008928571428564179,0.9116475306310804,0.6887627004980363,0.03506780960112067,0.34233016438976716,-0.6429823121188438,-1.1333330794796967,0.27130097549884924,4.185963974671428,0.20382501502017367,0.4561402487064528,0.3157894736850293,6,0.4,1.1333330794796967,0.6576698356102328,SHORT,835,2.0,9,LOSS,2023-08-23
1,183407,183406,183408,2023-08-23 07:15:00,2023-08-23 07:16:00,1903.665,1903.545,-0.31999999999989087,29.008188718171876,62.080188623381964,0.04766444232609597,1.0573948713843506,0.5479796391735823,0.008413778065863802,0.5666571081759404,0.17376455807544164,1.5318164910116376,-0.43755142807156994,3.5761054095463196,0.10093292019514749,0.4200593668218025,0.34782608695652173,7,0.652,1.5318164910116376,0.5666571081759404,LONG,836,27.0,10,LOSS,2023-08-23
1,183410,183409,183415,2023-08-23 07:18:00,2023-08-23 07:23:00,1903.805,1903.425,-0.5800000000001091,26.791868502417685,62.04135063945231,0.026369168356996726,0.9973508638946671,0.5386344778015054,0.023548902170583724,0.6937240917133202,0.5373483165851909,0.2729195738866949,-0.07950460357749875,3.872425509475087,0.12403215041026973,0.6368123390680355,0.2999999999997726,7,0.548,0.2729195738866949,0.6937240917133202,LONG,837,2.0,11,LOSS,2023-08-23
1,183424,183423,183438,2023-08-23 07:32:00,2023-08-23 07:46:00,1903.755,1903.605,-0.35000000000009096,19.205824944899295,42.35293297747708,0.06018916595007367,1.014528185354875,0.7603781049680706,0.01934805067437365,0.7081246372099936,0.793656762733113,0.633116505883459,-0.09279915030034143,4.272028994465563,0.09078812188297125,0.6934133159675979,0.4888888888894054,7,0.55,0.633116505883459,0.7081246372099936,LONG,838,9.0,12,LOSS,2023-08-23
1,183455,183454,183461,2023-08-23 08:03:00,2023-08-23 08:09:00,1904.045,1903.428,-0.8169999999999618,15.541429628246545,41.1644542984872,0.30177514792893834,1.024484301049174,0.6861897476192685,0.16837613900737192,1.0513646796482092,1.8261400535003274,0.973522642451267,0.6663652866186872,4.553573650172885,0.0573302202833254,1.664409679028572,0.3837209302326811,8,0.474,0.973522642451267,1.0513646796482092,LONG,839,17.0,13,LOSS,2023-08-23
1,183472,183471,183506,2023-08-23 08:20:00,2023-08-23 08:54:00,1904.535,1906.195,1.4599999999998545,15.831380548427251,49.467536445240526,0.21739130434783085,1.2852704151475371,1.3261549278663576,0.19076571333350925,0.9779051823152723,2.013915198339434,0.3999204511753129,0.4210365374066223,4.714851634907617,0.05814527434827708,1.6417786942981238,0.012658227848090337,8,0.928,0.3999204511753129,0.9779051823152723,LONG,840,11.0,14,WIN,2023-08-23
1,183519,183518,183553,2023-08-23 09:07:00,2023-08-23 09:41:00,1905.525,1909.975,4.249999999999818,27.66173635921608,37.14354536653394,0.18468468468470037,1.2433293089907995,2.7690778429841254,0.06944819308121337,0.5171264353960973,0.1285859985340646,-2.478925951115183,1.0518522792908869,6.720938273879439,0.06980009539566813,0.07953773105205776,0.8421052631574854,9,0.988,-2.478925951115183,0.5171264353960973,LONG,841,13.0,0,WIN,2023-08-23
1,183554,183553,183555,2023-08-23 09:42:00,2023-08-23 09:43:00,1910.465,1909.125,-1.539999999999918,30.68893299719864,60.4606988907174,0.022935779816494358,1.202333881734847,1.3929742939800984,0.012223296301684436,0.5945236537934185,0.3832892595663946,0.6544238167451765,-0.40750603721781276,5.0887093336570866,0.332199871060776,0.5754416319656481,0.4069767441861449,9,0.988,0.6544238167451765,0.5945236537934185,LONG,842,1.0,0,LOSS,2023-08-23
1,183558,183557,183576,2023-08-23 09:46:00,2023-08-23 10:04:00,1912.445,1915.595,2.9500000000000908,27.30717531573174,40.60436939741451,0.17785155323691332,1.4770138784685916,1.4307387058138041,0.0689939989580805,1.070777952340393,1.6795957546961726,2.3358956158060646,-0.02762095109064395,4.9006458696471515,0.28215017979514584,2.738364117178043,0.35740740740741317,9,1.0,2.3358956158060646,1.070777952340393,LONG,843,3.0,1,WIN,2023-08-23
1,183582,183581,183585,2023-08-23 10:10:00,2023-08-23 10:13:00,1916.715,1914.775,-2.1399999999998274,28.01703986702321,56.184960041933834,0.11815496478072571,1.2794139588583693,1.2765800403197956,0.03102317044829558,0.5505420648200304,0.15491567194493,0.8175907422523542,0.22132946326192424,3.0926258511283224,0.3995502060993178,0.03554742357615417,0.9431818181818622,10,0.964,0.8175907422523542,0.5505420648200304,LONG,844,6.0,0,LOSS,2023-08-23
1,183587,183586,183588,2023-08-23 10:15:00,2023-08-23 10:16:00,1916.355,1915.815,-0.7399999999999636,22.575384775367706,66.40713240168357,0.20623501199041297,1.208941842182809,1.2655799986846963,0.009817606004701942,0.5056233468766458,0.018317735507602885,-1.037134515498015,-0.09813150847984098,3.283015732511534,0.40366103254191693,0.022384198176194182,0.9558823529412207,10,0.946,-1.037134515498015,0.5056233468766458,LONG,845,2.0,1,LOSS,2023-08-23
1,183595,183594,183606,2023-08-23 10:23:00,2023-08-23 10:34:00,1916.685,1916.545,-0.3399999999998727,14.005366088971588,58.23814212822817,0.38461538461543293,1.0617715091610296,0.7228454994698744,0.05044123591674292,0.818637737570331,0.7089660334866412,1.449364058605344,0.15052595347035258,2.654257071181072,0.3592400782110669,0.611177615074636,0.0410958904109205,10,0.926,1.449364058605344,0.818637737570331,LONG,846,7.0,2,LOSS,2023-08-23
1,183629,183628,183633,2023-08-23 10:57:00,2023-08-23 11:01:00,1916.125,1915.565,-0.7599999999999454,10.80575499619989,64.47870198319904,0.003984063745016311,0.7616614632591977,0.37762447409919364,0.0340010344796106,0.8647153354089959,0.793330950926433,2.0615666419137977,-0.03478387174057391,2.7087496849905506,0.18089058793087948,0.6684519693752417,0.08333333333325438,10,0.71,2.0615666419137977,0.8647153354089959,LONG,847,23.0,3,LOSS,2023-08-23
1,183635,183634,183644,2023-08-23 11:03:00,2023-08-23 11:12:00,1915.975,1915.865,-0.30999999999989997,9.1471940641266,59.75073326767278,0.18881626724767087,0.7013949716132756,0.2934039692005932,0.023637436495100594,0.7883571208096205,0.5567863373250342,0.2635882928791455,-0.17668774250924146,2.5655927173594133,0.1578471481011761,0.9840629600829421,0.17647058823545148,11,0.668,0.2635882928791455,0.7883571208096205,LONG,848,2.0,4,LOSS,2023-08-23
1,183647,183646,183654,2023-08-23 11:15:00,2023-08-23 11:22:00,1917.055,1916.335,-0.9200000000000272,11.92731801429571,48.52048036846239,0.2648221343873596,0.7230882979021992,0.5075564933824039,0.12050058840286627,0.9667947675821007,1.655235822183343,2.7825366672908167,-0.11561249424323818,3.5108516338968956,0.15462676369490472,1.4192804477456258,0.15555555555543765,11,0.648,2.7825366672908167,0.9667947675821007,LONG,849,3.0,5,LOSS,2023-08-23
1,183658,183657,183661,2023-08-23 11:26:00,2023-08-23 11:29:00,1916.835,1916.075,-0.9599999999999909,9.199099360433133,51.0255869079352,0.07692307692303207,0.6863261565390507,0.3499264453359383,0.05225937404881827,0.7267527662829913,0.6491740416706391,1.6662133736202573,0.05216224015169238,3.7868485764097652,0.13496928099644487,0.6058957722255034,0.12499999999991118,11,0.55,1.6662133736202573,0.7267527662829913,LONG,850,4.0,6,LOSS,2023-08-23
1,183668,183667,183684,2023-08-23 11:36:00,2023-08-23 11:52:00,1916.755,1917.055,0.09999999999995451,9.368423332309948,69.45817764665014,0.02777777777775146,0.6862213363268114,0.2653721582901779,0.023791135030809152,0.7688673403548746,0.6319977711517946,0.6331703087608489,-0.041744443784446715,2.345075217630957,0.11135906141728644,1.3366928740500292,0.0,11,0.508,0.6331703087608489,0.7688673403548746,LONG,851,7.0,7,WIN,2023-08-23
1,183687,183686,183737,2023-08-23 11:55:00,2023-08-23 12:45:00,1917.535,1919.255,1.5200000000000273,11.308700800363354,69.78893065847625,0.06666666666674016,0.6903047215177276,0.3008901661161432,0.05309848958369636,0.7702539253410984,0.8352820562597945,1.6298186463603186,-0.1599081278983079,4.237528480535716,0.1367925516266603,0.7605820349685192,0.2631578947365272,11,0.316,1.6298186463603186,0.7702539253410984,LONG,852,3.0,0,WIN,2023-08-23
1,183747,183746,183757,2023-08-23 12:55:00,2023-08-23 13:05:00,1919.445,1919.044,-0.6009999999998399,29.581712594485605,43.756439972661255,0.0725115359261016,0.9872689294826638,0.676384091672332,0.028715035867113232,0.5645311495382601,0.384032086813769,-1.0156220477729148,0.36622088257759744,4.689634805590317,0.22675389142959332,1.472651969270207,0.1594202898552444,12,0.53,-1.0156220477729148,0.5645311495382601,LONG,853,10.0,0,LOSS,2023-08-23
-1,183789,183788,183798,2023-08-23 13:37:00,2023-08-23 13:46:00,1918.275,1918.445,-0.3699999999998454,24.778680278771755,46.45415229473759,0.1486486486486424,0.9400349929732278,0.5459687806532635,0.043241212309756784,0.41610152619930224,-0.37490331574766095,1.0330286541833815,-0.4442156087492657,6.026000482737806,0.023487074520773792,0.7546848223623808,0.2754820936636185,13,0.364,-1.0330286541833815,0.5838984738006978,SHORT,854,32.0,1,LOSS,2023-08-23
-1,183804,183803,183833,2023-08-23 13:52:00,2023-08-23 14:21:00,1918.135,1917.318,0.6170000000000073,12.366766085650767,52.613752853938465,0.13257575757579454,0.7908552287993146,0.40630560341461136,0.05772523871878035,0.2572514306120091,-0.9496026470584942,-0.37690122923524105,-0.08022368106141761,4.522814750827178,0.03968738719199399,0.8668728272419115,0.17857142857128355,13,0.052,0.37690122923524105,0.7427485693879909,SHORT,855,6.0,2,WIN,2023-08-23
-1,183834,183833,183867,2023-08-23 14:22:00,2023-08-23 14:55:00,1917.175,1916.474,0.5010000000000219,21.099949859634194,59.62023153193244,0.2969348659003681,0.805217155226921,0.4896624429897582,0.05375950661556236,0.26797866298535333,-0.8631603493602485,-1.167958420411329,0.3121857240444574,5.197197878187615,0.17623002819590453,0.7077220168292027,0.15544041450764384,14,0.01,1.167958420411329,0.7320213370146467,SHORT,856,1.0,0,WIN,2023-08-23
-1,183905,183904,183916,2023-08-23 15:33:00,2023-08-23 15:44:00,1916.908,1916.978,-0.2700000000001637,13.781932189333997,51.721022626067494,0.041831097079614736,0.7880885954154334,0.4761228552507312,0.0027553911539296744,0.32326333369420457,-0.6361112330883534,-0.1745959468688442,0.08565943964657145,3.491918937354388,0.03448425552246927,0.9719174375642533,0.05649717514114859,15,0.02,0.1745959468688442,0.6767366663057954,SHORT,857,38.0,0,LOSS,2023-08-23
-1,183920,183919,183936,2023-08-23 15:48:00,2023-08-23 16:04:00,1916.688,1916.625,-0.13699999999989815,12.707605871399597,62.963387195544286,0.09923664122142704,0.9239813227707133,0.7219910039031818,0.043251327386219014,0.2453239674012036,-1.1423657160932559,-1.2267673068011902,0.18326519177789843,4.205358327714337,0.06316007927929526,1.2758379990731932,0.07142857142926747,15,0.052,1.2267673068011902,0.7546760325987965,SHORT,858,4.0,1,LOSS,2023-08-23
-1,183938,183937,183955,2023-08-23 16:06:00,2023-08-23 16:23:00,1916.428,1916.358,-0.1299999999998363,11.786400877391204,63.41505587220686,0.01773049645408727,0.8819484394700878,0.4505073957290726,0.07002635825511161,0.19568526477883974,-0.8847213768433355,-0.7884452403518806,-0.05518787459475037,3.59359395262065,0.0885779443466156,0.6436287676341136,0.14285714285691084,16,0.036,0.7884452403518806,0.8043147352211603,SHORT,859,2.0,2,LOSS,2023-08-23
-1,183956,183955,183985,2023-08-23 16:24:00,2023-08-23 16:53:00,1916.228,1915.455,0.5730000000001383,12.27461799597236,56.894939581720266,0.01153504880225844,0.8222613624128186,0.3851318528027764,0.0237140651392522,0.3297751798727317,-0.4860501587735023,-0.7903254614183324,0.014185410410519001,3.688185486621879,0.15283301126240997,0.9879068267729154,0.4444444444453801,16,0.03,0.7903254614183324,0.6702248201272683,SHORT,860,1.0,3,WIN,2023-08-23
-1,183992,183991,183994,2023-08-23 18:00:00,2023-08-23 18:02:00,1914.498,1915.735,-1.4369999999998526,29.02701833899563,50.933294242373066,0.1296523517382115,1.3262706098353745,1.2330482271028071,0.14460959461112197,0.03679148492108259,-2.1154808378206575,-2.1727305637860543,-0.4752969320792776,4.24199776739268,0.3482377799046279,3.1970178295711884,0.11461318051567718,16,0.394,2.1727305637860543,0.9632085150789174,SHORT,861,67.0,0,LOSS,2023-08-23
1,184014,184013,184019,2023-08-23 18:22:00,2023-08-23 18:28:00,1917.035,1916.795,-0.4400000000000091,26.48970792027561,39.89554357401749,0.03174603174600883,1.0509139743837252,0.8096381736198027,0.07691560664628119,0.6710871650624886,0.6098912941325878,-0.11616977031084333,-0.24977027366068982,6.931462961887362,0.09264407029060641,0.3097860541631294,0.42857142857073255,18,0.366,-0.11616977031084333,0.6710871650624886,LONG,862,20.0,1,LOSS,2023-08-23
1,184033,184032,184049,2023-08-23 18:43:00,2023-08-23 19:00:00,1916.785,1916.858,-0.12700000000013462,13.324093272084632,47.07192136208992,0.724137931034699,0.6885095847378855,0.5356422351916369,0.02661506547410412,0.5174227755282133,0.07286108029522369,-0.7286108029522369,0.30808744131446814,4.5173869783088385,0.1497171661561403,1.1657772847252357,0.11111111111097076,18,0.018,-0.7286108029522369,0.5174227755282133,LONG,863,15.0,2,LOSS,2023-08-23
1,184081,184080,184089,2023-08-23 19:32:00,2023-08-23 19:40:00,1917.485,1917.195,-0.48999999999996363,18.967782810468442,40.65980055973361,0.36842105263154745,0.9053982471842275,0.5507587855344744,0.1511861004428607,1.084313848029391,2.1778204041031435,3.0508959461371306,0.19032774177970932,4.284236860533872,0.15968201095210502,2.791245227317075,0.17307692307720898,19,0.116,3.0508959461371306,1.084313848029391,LONG,864,32.0,3,LOSS,2023-08-23
1,184090,184089,184094,2023-08-23 19:41:00,2023-08-23 19:45:00,1917.505,1917.175,-0.5300000000001546,14.66331778948698,44.253923605434146,0.3333333333333333,0.8889865601891596,0.3792208100990749,0.07487443251331194,0.9392133939188164,1.167822912285089,1.4980818699875562,-0.12668572726225005,5.379475805863492,0.15723984408593766,1.7023657613492846,0.07407407407401169,19,0.096,1.4980818699875562,0.9392133939188164,LONG,865,1.0,4,LOSS,2023-08-23
1,184098,184097,184100,2023-08-23 19:49:00,2023-08-23 19:51:00,1917.385,1917.215,-0.37000000000007277,13.996408635547194,48.47121637577694,0.1529411764704246,1.027752854558297,0.4329705476837432,0.027648769716682547,0.6776517405393201,0.43927346645939463,0.16895133325400732,-0.10112890797858616,4.449051775692701,0.1391992203248557,0.3942197775926838,0.2222222222222222,19,0.228,0.16895133325400732,0.6776517405393201,LONG,866,4.0,5,LOSS,2023-08-23
1,184102,184101,184112,2023-08-23 19:53:00,2023-08-23 20:03:00,1917.505,1917.375,-0.33000000000010915,13.380201321619131,53.219516974850485,0.06818181818174772,1.0012550544380259,0.36839977261450657,0.04006289867048023,0.9341493628859101,0.9379105381742886,1.2856094604249966,0.10552415645676393,3.8977341368383516,0.13617285059844314,1.7531038096717786,0.09090909090965464,19,0.214,1.2856094604249966,0.9341493628859101,LONG,867,2.0,6,LOSS,2023-08-23
1,184119,184118,184140,2023-08-23 20:10:00,2023-08-23 20:31:00,1917.785,1918.405,0.41999999999989085,13.75598925980263,51.99993587654365,0.02013422818790103,1.0852244816000236,0.8766000746407328,0.05841950117829105,0.686901386418621,0.8453067055340809,0.25615354713217503,0.45633562081437146,4.14968746352586,0.16654416105839126,0.5635378036893872,0.0,20,0.31,0.25615354713217503,0.686901386418621,LONG,868,7.0,7,WIN,2023-08-23
1,184145,184144,184153,2023-08-23 20:36:00,2023-08-23 20:44:00,1918.795,1918.515,-0.4799999999999727,23.103003725306568,45.62530902349733,0.03511235955051358,1.119567751298267,0.9109045580459483,0.06186379764405743,0.6773157605302567,0.7612645142390704,1.2698689049705967,0.15244406279904213,5.7363043638331765,0.3246578415553642,0.7006173268807756,0.2380952380949803,20,0.456,1.2698689049705967,0.6773157605302567,LONG,869,5.0,0,LOSS,2023-08-23
1,184161,184160,184166,2023-08-23 20:52:00,2023-08-23 20:57:00,1918.755,1918.425,-0.5300000000001546,16.404742619832916,56.111722848703685,0.040000000000145516,1.0052165719881754,0.6626055466109032,0.05958845763087497,0.754891341711354,0.9118039180385327,-0.2532788661211748,0.3823725330757956,3.1913137131291056,0.2554295035691486,0.9624596912616159,0.04999999999994316,20,0.332,-0.2532788661211748,0.754891341711354,LONG,870,8.0,1,LOSS,2023-08-23
1,184171,184170,184174,2023-08-23 21:02:00,2023-08-23 21:05:00,1918.605,1918.065,-0.7399999999999636,16.44181928065432,66.11875543348525,0.13178294573654067,1.1402118266410106,0.5893614391928017,0.0217557054181971,0.6509029718510232,0.3926191985569018,1.0386751284557327,-0.0677288488475317,2.783649344261666,0.21841369695913246,0.20773502569095761,0.8708010335918299,21,0.61,1.0386751284557327,0.6509029718510232,LONG,871,5.0,2,LOSS,2023-08-23
1,184223,184222,184243,2023-08-23 21:54:00,2023-08-23 22:14:00,1918.565,1919.115,0.3499999999999545,13.207438982945193,51.451398240522174,0.054187192118296125,1.095040947232192,0.8274847602116634,0.08161478058032134,0.7159884696150799,0.6906935084398407,1.0952173279617397,0.4415932962234197,4.2042213557242265,0.03330728049755974,0.600603050818091,0.31999999999970896,21,0.78,1.0952173279617397,0.7159884696150799,LONG,872,49.0,3,WIN,2023-08-23
1,184244,184243,184246,2023-08-23 22:15:00,2023-08-23 22:17:00,1919.415,1919.395,-0.21999999999998182,30.940052478664033,61.04843474499142,0.1428571428571832,1.1977734132844085,1.5752481604267647,0.0004297697349169515,0.6101246333212577,0.4865083156878534,1.9567552091036315,-0.3544581511326073,5.173339114479506,0.17233149201013298,0.7773411104657093,0.09374999999993339,22,0.944,1.9567552091036315,0.6101246333212577,LONG,873,1.0,0,LOSS,2023-08-23
1,184248,184247,184249,2023-08-23 22:19:00,2023-08-23 22:20:00,1919.425,1919.315,-0.30999999999989997,28.224079575997095,56.89717057574259,0.23577235772363134,1.055121339982798,0.9349955316984907,0.011010460310900312,0.5535953482724618,0.16013041529238883,-0.09512697938185269,0.06390952273718586,5.422237824770651,0.18921194982383369,0.34879892440012655,0.08333333333333333,22,0.84,-0.09512697938185269,0.5535953482724618,LONG,874,2.0,1,LOSS,2023-08-23
1,184256,184255,184258,2023-08-23 22:27:00,2023-08-23 22:29:00,1919.545,1919.125,-0.6200000000000727,20.902532080085404,61.603383640595055,0.2405063291140042,0.8544390272687847,0.6912394450538585,0.07445693507196642,0.7499695559534205,0.7146845557076744,0.08559096475525861,0.19377257205414522,3.7660024492342985,0.19463352978168616,0.47075030615489544,0.0,22,0.558,0.08559096475525861,0.7499695559534205,LONG,875,7.0,2,LOSS,2023-08-23
1,184261,184260,184281,2023-08-23 22:32:00,2023-08-23 22:52:00,1919.715,1919.785,-0.1299999999998363,18.170816831864236,48.430620189849144,0.3020134228188206,0.9034306468078159,0.6227345399573944,0.1169196831212509,1.139118489988911,1.5560637204806602,1.37776475250935,0.13084665815608074,2.7960519977395357,0.17304190292355046,1.5398547233926942,0.17391304347858325,22,0.66,1.37776475250935,1.139118489988911,LONG,876,3.0,3,LOSS,2023-08-23
1,184285,184284,184286,2023-08-23 22:56:00,2023-08-23 22:57:00,1920.465,1920.018,-0.646999999999889,21.581521247856564,59.604324425306935,0.1792452830188406,1.0245588984361658,0.8616341792839103,0.03437045175368106,0.691517560284686,0.5966447881578886,0.34518067003576347,-0.4354374931241524,3.2792163653421076,0.25702713467580063,0.6558432730679506,0.0,22,0.862,0.34518067003576347,0.691517560284686,LONG,877,4.0,4,LOSS,2023-08-23
1,184296,184295,184299,2023-08-23 23:07:00,2023-08-23 23:10:00,1920.215,1919.745,-0.6700000000000272,14.203743990237774,58.827630157274996,0.10694964627539896,1.2391199996801425,1.3956627340282124,0.001440129724114725,0.6472389264403428,0.5242645149707378,1.1121128747379307,-0.03456969290795731,3.4330440915833598,0.14903342820460966,1.1604656084221647,0.18644067796634337,23,0.99,1.1121128747379307,0.6472389264403428,LONG,878,10.0,5,LOSS,2023-08-23
1,184302,184301,184325,2023-08-23 23:13:00,2023-08-23 23:36:00,1919.935,1920.755,0.6200000000001638,11.308334199186342,57.77563672818761,0.2526315789474264,1.1124506019283464,1.0950519994403194,8.202679193557407e-05,0.5655888891313932,0.20790826703355159,0.604224818330292,-0.23471265686680812,3.899996554676431,0.12055425359059005,0.4119714670429551,0.16666666666666666,23,0.928,0.604224818330292,0.5655888891313932,LONG,879,3.0,6,WIN,2023-08-23
1,184327,184326,184336,2023-08-23 23:38:00,2023-08-23 23:47:00,1921.165,1920.664,-0.7009999999999763,12.137131159242626,59.574065391410585,0.2993630573248703,0.9806542818641742,0.6651937995325485,0.049597661719669645,0.8362103548959651,0.7950087102570139,0.8695407768432338,-0.05582903721924504,3.5092181351173117,0.19930331085840927,1.05587094330949,0.20930232558170278,23,0.86,0.8695407768432338,0.8362103548959651,LONG,880,2.0,0,LOSS,2023-08-23
1,184360,184359,184377,2023-08-24 00:11:00,2023-08-24 00:28:00,1920.775,1920.998,0.022999999999956333,16.294872248002896,64.95041716168048,0.2067932067933189,0.7557824098814487,0.4545138662183051,0.013783359542807006,0.7191288602280178,0.5632813350989028,0.6780686750972441,0.037113026128556936,3.0997425147285282,0.09645555688406285,1.0994399231930347,0.0,0,0.388,0.6780686750972441,0.7191288602280178,LONG,881,24.0,1,WIN,2023-08-24
1,184410,184409,184414,2023-08-24 01:01:00,2023-08-24 01:05:00,1921.445,1920.445,-1.2,25.85148916013636,38.661690875644595,0.1651376146788139,1.2236860774025,1.278457172369648,0.16831739695856243,0.9249107205172359,1.8124918418480438,0.46933078195751177,0.4141477773351066,5.984630366545659,0.022075666570277076,1.0606345354973958,0.4029850746269315,1,0.922,0.46933078195751177,0.9249107205172359,LONG,882,33.0,0,LOSS,2023-08-24
-1,184418,184417,184421,2023-08-24 01:09:00,2023-08-24 01:12:00,1920.555,1920.935,-0.5799999999998817,25.042101745055056,47.22483441356441,0.02745098039221421,1.152309090339905,0.8700226535063166,0.028587725700388873,0.34985299136621073,-0.45843432346321905,-0.7434070110232298,-0.21061353106064282,4.267706915133519,0.00021950678581603088,0.6883398250215554,0.2424242424240754,1,0.874,0.7434070110232298,0.6501470086337893,SHORT,883,4.0,1,LOSS,2023-08-24
-1,184423,184422,184424,2023-08-24 01:14:00,2023-08-24 01:15:00,1920.385,1921.005,-0.8200000000001182,25.59390848993894,51.41205844592845,0.1547619047618516,1.1020800571270208,0.8303878347677888,0.058060657419199774,0.24552369981004787,-0.782324066902791,-0.2897496544081971,-0.16717135421395476,4.491119643331008,0.012421023312485463,1.158998617634106,0.18367346938758464,1,0.842,0.2897496544081971,0.7544763001899522,SHORT,884,2.0,2,LOSS,2023-08-24
1,184427,184426,184429,2023-08-24 01:18:00,2023-08-24 01:20:00,1920.935,1920.615,-0.5199999999999363,23.452463094803612,65.6773630150411,0.04166666666662719,1.1800289261617176,0.7724044169781628,0.031174449121637336,0.6808175089219348,0.4603315994008745,0.3352555065657586,0.049215377548019544,3.971488308551735,0.011089534118330963,1.392599796505093,0.0,1,0.932,0.3352555065657586,0.6808175089219348,LONG,885,3.0,3,LOSS,2023-08-24
1,184430,184429,184432,2023-08-24 01:21:00,2023-08-24 01:23:00,1920.895,1920.615,-0.4799999999999727,20.769629693433345,64.67506625587983,0.0680272108843732,1.1081186694473666,0.5500355342361709,0.024230366995478113,0.6896832299732929,0.37095124554957093,0.2789107109393506,-0.116723777511798,3.012235678140674,0.00334043978821461,0.6136035640658103,0.0,1,0.854,0.2789107109393506,0.6896832299732929,LONG,886,1.0,4,LOSS,2023-08-24
1,184434,184433,184451,2023-08-24 01:25:00,2023-08-24 01:42:00,1920.785,1921.215,0.22999999999983628,18.69235022583672,63.96530385337752,0.11111111111100903,1.0098395425721858,0.5224233073149684,0.004175042274573274,0.5948925613086172,0.1989462548682538,0.8842055771946324,0.05029958854203622,2.7789318140386325,0.00334043978821461,0.3157877061411453,0.3749999999994671,1,0.78,0.8842055771946324,0.5948925613086172,LONG,887,2.0,5,WIN,2023-08-24
1,184458,184457,184465,2023-08-24 01:49:00,2023-08-24 01:56:00,1921.615,1920.745,-1.0700000000001182,19.00724158122104,46.33889501460371,0.16129032258058995,1.0583856101895677,0.9201993506114041,0.058091591170489204,0.7531696483003127,0.867310799183319,-0.058306608348425,-0.04302337161546979,4.023155976045302,0.0857086680292179,0.7288326043559754,0.3750000000001421,1,0.804,-0.058306608348425,0.7531696483003127,LONG,888,7.0,0,LOSS,2023-08-24
1,184472,184471,184485,2023-08-24 02:03:00,2023-08-24 02:16:00,1921.645,1921.765,-0.07999999999988178,16.63505498364862,48.956256734177884,0.17611447440838124,1.2837133223088064,1.1793957438584202,0.0037341492413601567,0.6244540884646664,0.3917834730552429,0.573291729581525,0.04804890488671649,4.299687971862135,0.11094073798564742,0.7780387758604747,0.3448275862070182,2,0.998,0.573291729581525,0.6244540884646664,LONG,889,7.0,1,LOSS,2023-08-24
1,184496,184495,184497,2023-08-24 02:27:00,2023-08-24 02:28:00,1921.895,1921.015,-1.0799999999998817,15.807374383776658,48.75668417605754,0.25358851674640837,1.11482578140391,1.4055346016038648,0.07479259161240573,0.6799187615340336,0.7422387154413614,-0.8862551826160546,0.3070183737910122,4.254024876556256,0.06333436865259472,0.9970370804424318,0.19642857142881795,2,0.956,-0.8862551826160546,0.6799187615340336,LONG,890,11.0,2,LOSS,2023-08-24
1,184533,184532,184540,2023-08-24 03:04:00,2023-08-24 03:11:00,1921.885,1921.435,-0.6500000000000454,17.859152749503853,53.310479579242,0.041666666666635085,1.1397414420476482,0.9526928447917158,0.03338020098765725,0.6441573387629062,0.37324045708669745,-0.11975629639141004,0.04295755563213963,4.171510990971535,0.02591682017107506,0.37922827190658565,0.5165394402034593,3,0.992,-0.11975629639141004,0.6441573387629062,LONG,891,36.0,3,LOSS,2023-08-24
-1,184575,184574,184592,2023-08-24 03:46:00,2023-08-24 04:03:00,1920.825,1920.705,-0.07999999999988178,16.629474117106295,55.18887401169607,0.0,0.9554205303750231,1.2390864536076658,0.06977658390158209,0.2513528736130276,-1.1035166756390544,-1.9438467342357957,0.0755797259451255,4.066731983466833,0.045226752579870695,0.6394232678407299,0.2647058823532559,3,0.754,1.9438467342357957,0.7486471263869724,SHORT,892,35.0,4,LOSS,2023-08-24
-1,184602,184601,184609,2023-08-24 04:13:00,2023-08-24 04:20:00,1920.145,1920.985,-1.039999999999918,21.345317507978304,33.59027034447164,0.2537313432835213,0.9273943642353173,1.5744093646674513,0.12441114251397516,0.3931214167381487,-0.7302736622023221,0.8224441244228591,-1.0809953628053777,5.983990008732948,0.08201792355898446,0.5672028444297581,0.42857142857115016,4,0.602,-0.8224441244228591,0.6068785832618513,SHORT,893,10.0,5,LOSS,2023-08-24
1,184631,184630,184634,2023-08-24 04:42:00,2023-08-24 04:45:00,1921.615,1921.045,-0.7699999999999363,15.086827168389478,43.92617384532552,0.03954802259896295,0.9009724224909711,0.8327266634018992,0.02567677333468736,0.670915528535366,0.7216026103445099,-0.6917323497845542,0.18110220407097474,4.622029791741761,0.02317820642590435,1.5721189767828827,0.10714285714277014,4,0.438,-0.6917323497845542,0.670915528535366,LONG,894,22.0,6,LOSS,2023-08-24
1,184636,184635,184637,2023-08-24 04:47:00,2023-08-24 04:48:00,1921.495,1920.995,-0.7,11.930568340790435,56.525221410920295,0.2021276595745144,0.8849119570621504,0.7089465550678463,0.07056299648478445,0.6470965786366386,0.5452881316800017,0.09804401528633391,0.19592160679293363,4.183211318855591,0.02220650132580636,0.7516707838569394,0.14814814814802338,4,0.394,0.09804401528633391,0.6470965786366386,LONG,895,2.0,7,LOSS,2023-08-24
-1,184667,184666,184680,2023-08-24 05:18:00,2023-08-24 05:31:00,1920.305,1920.445,-0.3399999999998727,21.36902441024734,56.06647056537733,0.4117647058821169,0.8227961842104975,0.599911785142388,0.10926840651229486,0.2383831131526727,-0.9753518980733459,-0.3972920155085096,-0.4777672070794321,4.727774984555781,0.03196247039408139,1.350792852729836,0.12820512820505345,5,0.15,0.3972920155085096,0.7616168868473273,SHORT,896,30.0,8,LOSS,2023-08-24
-1,184685,184684,184699,2023-08-24 05:36:00,2023-08-24 05:50:00,1919.885,1920.035,-0.35000000000009096,19.29043252714241,57.3085625655334,0.037433155080186596,0.9392727131328066,0.5702047994887923,0.056330728677553114,0.28241219775241616,-0.6940466242773312,-1.0866386541708788,-0.08709584348830042,3.715603140068629,0.11452029432246774,0.5608457569918069,0.05882352941168603,5,0.266,1.0866386541708788,0.7175878022475839,SHORT,897,5.0,9,LOSS,2023-08-24
-1,184705,184704,184713,2023-08-24 05:56:00,2023-08-24 06:04:00,1919.485,1920.155,-0.8700000000000727,16.619442538791397,55.79942175532425,0.11242603550289808,0.975706934548758,0.4815260640107951,0.08761045017438235,0.07077534247877112,-1.1135966116232217,-0.17372802053386524,-0.38440448167983526,2.988121953185642,0.12325848134748302,1.6330433930191233,0.09615384615419932,5,0.278,0.17372802053386524,0.9292246575212288,SHORT,898,6.0,10,LOSS,2023-08-24
-1,184724,184723,184732,2023-08-24 06:15:00,2023-08-24 06:23:00,1919.685,1919.965,-0.4799999999999727,15.369242405638959,41.78751188219153,0.2217194570135523,1.0477419092846085,1.0444298853772982,0.08141308830822665,0.40695236597492634,-0.4634701179051575,0.6242021789943124,-0.31799260047948746,4.9624073230090415,0.09148691929202174,0.6242021789950221,0.4871794871792032,6,0.432,-0.6242021789943124,0.5930476340250737,SHORT,899,11.0,11,LOSS,2023-08-24
-1,184741,184740,184754,2023-08-24 06:32:00,2023-08-24 06:45:00,1919.725,1919.478,0.046999999999843556,8.774625616279947,52.07060055750901,0.1881188118812015,0.9064042786740742,0.5473441888453834,0.032115619603955724,0.37554591859015085,-0.3899526827815871,0.7299606869781033,0.03842658199556915,3.9187363195701543,0.05916708867403011,0.3841898352525069,0.49999999999943157,6,0.152,-0.7299606869781033,0.6244540814098491,SHORT,900,9.0,12,WIN,2023-08-24
-1,184756,184755,184767,2023-08-24 06:47:00,2023-08-24 06:58:00,1919.255,1919.375,-0.31999999999989087,10.439574749149768,59.05457609783815,0.04534606205252496,0.8285950649392634,0.9160539559062001,0.029033139923104134,0.35484697227499057,-0.8849057905248623,-2.1737660528910943,0.17112443703570432,5.713389214992573,0.11021317586039793,0.6695377986313475,0.34782608695652173,6,0.076,2.1737660528910943,0.6451530277250095,SHORT,901,2.0,0,LOSS,2023-08-24
-1,184774,184773,184779,2023-08-24 07:05:00,2023-08-24 07:10:00,1918.795,1919.225,-0.6299999999998362,11.572400965384649,57.778554645102105,0.2658227848100027,1.0032010687190827,0.5729073217160608,0.116604460905499,0.021621278436771644,-1.4245942674852392,-0.702469835525408,-0.37772475560922425,3.301244252961382,0.13204193212165752,1.128319424937081,0.0,7,0.234,0.702469835525408,0.9783787215632284,SHORT,902,7.0,1,LOSS,2023-08-24
-1,184780,184779,184807,2023-08-24 07:11:00,2023-08-24 07:38:00,1919.055,1918.275,0.5799999999999728,10.03819627158471,53.221572175314265,0.05882352941170176,0.9708908792920155,0.5833997469789189,0.006407530032788982,0.447244091283352,-0.16642548000159468,-0.11438177319727914,0.25236957731621795,3.6220894845839737,0.1314707957621701,0.4193998350566902,0.5416666666671008,7,0.168,0.11438177319727914,0.552755908716648,SHORT,903,1.0,2,WIN,2023-08-24
-1,184809,184808,184850,2023-08-24 07:40:00,2023-08-24 08:21:00,1917.675,1915.165,2.3099999999999907,13.895051937962009,59.345506116032446,0.01734104046254322,1.034674252415874,0.5117155313827414,0.08887778372151699,0.0729752681201908,-1.0035929494187505,-0.7874630652121724,-0.014898627647771443,3.5486532981670917,0.2545674456362748,0.7435273577105561,0.08333333333420177,7,0.37,0.7874630652121724,0.9270247318798092,SHORT,904,2.0,0,WIN,2023-08-24
-1,184855,184854,184857,2023-08-24 08:26:00,2023-08-24 08:28:00,1914.515,1915.425,-1.1099999999998544,33.987150975750126,61.85119926814002,0.10843373493971283,1.3859933657280674,1.0448886108680644,0.07282886761225645,0.21183387327545253,-0.7616217200392822,-0.4323657796100893,-0.11403908895003503,3.571717309821938,0.45207406238271336,1.0903137051034804,0.03333333333330807,8,1.0,0.4323657796100893,0.7881661267245474,SHORT,905,5.0,0,LOSS,2023-08-24
-1,184861,184860,184875,2023-08-24 08:32:00,2023-08-24 08:46:00,1913.905,1914.255,-0.5500000000001364,29.433670483309356,55.6223039923319,0.30703259005145556,1.562382542659005,1.6748233944277033,0.1323534171503113,0.013661302134256082,-1.5304369244202967,-1.2441427191591388,-0.08164354375355241,3.674462417152727,0.339521876473752,0.8200031558092278,0.414141414141493,8,1.0,1.2441427191591388,0.9863386978657439,SHORT,906,4.0,1,LOSS,2023-08-24
-1,184898,184897,184906,2023-08-24 09:09:00,2023-08-24 09:17:00,1914.345,1915.115,-0.9699999999999818,11.016324872437533,51.12514102712726,0.3524945770066341,1.086038742928533,1.5258199142517757,0.02557094437897261,0.449347554263522,-0.19271130228045752,0.7723899891017533,-0.3606435478754654,3.4912027507399106,0.17484898841548435,0.2626125962947085,0.630434782608384,9,0.924,-0.7723899891017533,0.550652445736478,SHORT,907,23.0,2,LOSS,2023-08-24
-1,184911,184910,184919,2023-08-24 09:22:00,2023-08-24 09:30:00,1913.745,1914.315,-0.7700000000001637,13.458797469736714,54.59924824787943,0.08939708939709942,1.0853473883335525,1.4930162418351192,0.0554610043944072,0.23496740000534655,-1.0185627325340882,-1.7878825204758957,-0.21632950604641604,3.454552666682677,0.13906280536831805,1.257578383046669,0.10752688172056944,9,0.924,1.7878825204758957,0.7650325999946535,SHORT,908,5.0,3,LOSS,2023-08-24
-1,184922,184921,184933,2023-08-24 09:33:00,2023-08-24 09:44:00,1913.555,1914.005,-0.6500000000000454,13.88447496897728,56.08557170456073,0.033783783783841455,1.0822828025355116,1.2318711481084204,0.03932569647158788,0.27166221244445976,-0.7346424042952888,-1.8658776226781786,0.09785235825228124,3.242393938040865,0.12192815273095817,0.3452549100692167,0.5306122448979308,9,0.928,1.8658776226781786,0.7283377875555402,SHORT,909,3.0,4,LOSS,2023-08-24
1,184961,184960,184976,2023-08-24 10:12:00,2023-08-24 10:27:00,1917.735,1918.605,0.6700000000001183,34.55535011267513,52.529907007440535,0.1964285714285207,1.0623703264277486,1.0797193231847628,0.12356087057096947,1.0141758687569236,1.6201797232649575,2.2118494515560823,0.19466694044080077,3.6771997132123087,0.14607575572232107,2.1842013334116546,0.25118483412322173,10,0.896,2.2118494515560823,1.0141758687569236,LONG,910,28.0,5,WIN,2023-08-24
1,184987,184986,185004,2023-08-24 10:38:00,2023-08-24 10:55:00,1918.975,1920.665,1.4900000000000546,29.38662085094186,38.70249157796973,0.12499999999998732,1.0534787873316993,1.7811928866021667,0.10932246627939278,0.5992748257532368,0.5774057157684817,-0.9204342009485268,1.0810206631152397,5.696020344999829,0.24654007228469316,1.093849340257498,0.145833333333432,10,0.896,-0.9204342009485268,0.5992748257532368,LONG,911,11.0,0,WIN,2023-08-24
1,185010,185009,185015,2023-08-24 11:01:00,2023-08-24 11:06:00,1921.695,1920.945,-0.95,32.99647473669334,46.59795973525245,0.10364145658265288,0.942313408698896,0.9604514753230068,0.034003285096138626,0.6353474732712195,0.5703702202379131,0.3846056778407592,-0.0070544221510455895,5.184484537293266,0.3320557415892384,0.6784444157111469,0.14700193423600402,11,0.752,0.3846056778407592,0.6353474732712195,LONG,912,6.0,0,LOSS,2023-08-24
1,185019,185018,185022,2023-08-24 11:10:00,2023-08-24 11:13:00,1921.975,1920.715,-1.4599999999999909,28.35849254680794,58.08382220615357,0.20200951877316045,0.9557523649395355,0.6183538684237527,0.05919485550707263,0.9323739444719371,1.1902322386348783,2.010775771137068,-0.0665391988634585,4.150192185667255,0.31792916131678467,1.73511724957974,0.14166666666659633,11,0.748,2.010775771137068,0.9323739444719371,LONG,913,4.0,1,LOSS,2023-08-24
1,185025,185024,185030,2023-08-24 11:16:00,2023-08-24 11:21:00,1921.625,1920.695,-1.1300000000000636,29.08959602478307,60.01561643208794,0.16056196688411525,0.9524735694885833,0.5122457648556654,0.03328731695907616,0.8109220116062513,0.7204965835614218,-0.1394509516568789,-0.1038858674095077,2.7595793877902235,0.2797461431276376,0.9296730110469162,0.3103448275861438,11,0.724,-0.1394509516568789,0.8109220116062513,LONG,914,3.0,2,LOSS,2023-08-24
1,185038,185037,185040,2023-08-24 11:29:00,2023-08-24 11:31:00,1921.195,1920.665,-0.7299999999999727,23.816107524862304,60.26560428243185,0.13504611330699712,0.8191979853856111,0.5016206623242718,0.00290015104561195,0.5880388679647945,0.25342894890358875,0.784609748928131,-0.13876008306647886,3.493474907103595,0.22796406344965978,0.45115060563386483,0.42500000000008525,11,0.626,0.784609748928131,0.5880388679647945,LONG,915,8.0,3,LOSS,2023-08-24
1,185071,185070,185073,2023-08-24 12:02:00,2023-08-24 12:04:00,1921.175,1920.798,-0.5769999999999527,10.412221759041655,62.99221035307091,0.0621118012423665,0.7049959238887107,0.3402639572777086,0.027734995061259562,0.7588024471844463,0.7500251872091098,0.49972793139686045,-0.2698668388094836,3.8996110253509193,0.10857065815441506,1.011010265832182,0.26470588235247755,12,0.468,0.49972793139686045,0.7588024471844463,LONG,916,31.0,4,LOSS,2023-08-24
-1,185095,185094,185128,2023-08-24 12:26:00,2023-08-24 12:59:00,1919.298,1918.054,1.0439999999999146,21.87979193738846,52.46691062024945,0.060869565217319094,0.7067677366086422,0.3737654941903024,0.052451210561500886,0.38184570779634,-0.42725494980524875,0.94205805060126,0.06473961800899902,4.826799199195562,0.09050684318283161,0.0,1.0,12,0.326,-0.94205805060126,0.61815429220366,SHORT,917,22.0,5,WIN,2023-08-24
-1,185132,185131,185138,2023-08-24 13:03:00,2023-08-24 13:09:00,1917.565,1917.785,-0.4200000000000273,31.863563916409397,56.33964725420925,0.08463541666659902,0.8004288637343455,0.311797403943654,0.026279838565519964,0.27379907577231155,-0.66296470884165,0.5893803906136258,0.33400093412514636,3.7056850906811247,0.25613561231435084,0.81172149605406,0.28124999999980016,13,0.262,-0.5893803906136258,0.7262009242276884,SHORT,918,4.0,0,LOSS,2023-08-24
-1,185140,185139,185150,2023-08-24 13:11:00,2023-08-24 13:21:00,1917.645,1917.675,-0.22999999999997273,24.536548331341617,54.88579303827449,0.2558575445173076,0.7756566963611834,0.2692701377658574,0.008027294343693814,0.36398934578862335,-0.36579290724606417,0.1917153601918301,0.2622973086256288,3.3473501889525794,0.2507347749590238,0.8818906568832903,0.0,13,0.096,-0.1917153601918301,0.6360106542113766,SHORT,919,2.0,1,LOSS,2023-08-24
-1,185166,185165,185190,2023-08-24 13:37:00,2023-08-24 14:01:00,1917.828,1917.305,0.32299999999991086,33.362229014785015,42.564626719276866,0.4356846473029531,1.0247278857291526,0.969233892251729,0.20826726442051308,0.2926191021140471,-1.4925952578906014,0.39691126521938785,-1.319033894671716,6.147648168058441,0.054276079569277096,0.775916759075245,0.3500000000001705,13,0.492,-0.39691126521938785,0.7073808978859528,SHORT,920,16.0,2,WIN,2023-08-24
-1,185207,185206,185214,2023-08-24 14:18:00,2023-08-24 14:25:00,1916.955,1917.555,-0.8000000000001364,21.240626922730545,43.252279309561125,0.0728476821192791,0.884991347373345,0.4798800440265994,0.12905018970242474,0.1734840858588351,-1.3866435538577162,-1.6526856310503406,-0.5636722699243808,4.9177474875147755,0.12577117020657894,0.9674257352488234,0.2727272727270848,14,0.084,1.6526856310503406,0.8265159141411649,SHORT,921,17.0,0,LOSS,2023-08-24
-1,185217,185216,185218,2023-08-24 14:28:00,2023-08-24 14:29:00,1917.015,1917.305,-0.48999999999996363,15.972669259834886,47.32817403202893,0.01910828025490252,0.9210605883406338,0.5910837876787174,0.02207162298240822,0.259528869222689,-1.1426660748685977,-2.683982490194959,0.6838623322930677,4.22332538898401,0.11124894972094257,0.9078176069770997,0.2255892255899963,14,0.132,2.683982490194959,0.7404711307773111,SHORT,922,3.0,1,LOSS,2023-08-24
-1,185230,185229,185237,2023-08-24 14:41:00,2023-08-24 14:48:00,1917.395,1917.635,-0.4400000000000091,12.815574856386776,42.72478564460236,0.007194244604311839,0.8618533589569957,0.5682249018183558,0.016736511363557555,0.42965075584705537,-0.33520745145002395,-0.40224894174063847,-0.3323276702484893,4.961070281471939,0.048178411076791626,0.7598035566222222,0.14999999999982946,14,0.026,0.40224894174063847,0.5703492441529446,SHORT,923,12.0,2,LOSS,2023-08-24
-1,185241,185240,185242,2023-08-24 14:52:00,2023-08-24 14:53:00,1917.455,1917.535,-0.2800000000001546,9.793642665329623,56.28469101809062,0.01265822784809398,0.8396650513413659,0.39961730904182013,0.005091610133617803,0.3432020896319649,-0.49453687806880897,-0.5818080918457225,0.3697364573200343,3.3938805357624884,0.044091278116735994,0.04848400765371834,0.9333333333333333,14,0.006,0.5818080918457225,0.656797910368035,SHORT,924,4.0,3,LOSS,2023-08-24
-1,185243,185242,185252,2023-08-24 14:54:00,2023-08-24 15:03:00,1917.415,1917.545,-0.33000000000010915,9.348222079105714,56.99297926944368,0.0,0.8502234957240938,0.34837383943526096,0.04436875283381285,0.25407287477207496,-0.6519403702332676,-1.7320924965619502,-0.2821536778114829,3.127389229903734,0.044091278116735994,0.7217052069014507,0.48275862068927666,14,0.014,1.7320924965619502,0.745927125227925,SHORT,925,1.0,4,LOSS,2023-08-24
-1,185254,185253,185257,2023-08-24 15:05:00,2023-08-24 15:08:00,1917.095,1917.275,-0.3800000000000637,13.974185767582743,40.29501904114066,0.12280701754387831,0.9396327134423479,0.62413206838611,0.02230966376280266,0.27354435629947843,-0.9112827524958143,-1.9810494619465953,0.5830288118641067,5.546938493449867,0.08692920779006857,1.0125363916615708,0.23333333333315648,15,0.084,1.9810494619465953,0.7264556437005216,SHORT,926,2.0,5,LOSS,2023-08-24
-1,185261,185260,185267,2023-08-24 15:12:00,2023-08-24 15:18:00,1916.935,1917.335,-0.6000000000000909,12.437257065917414,51.732144527570874,0.11229946524064041,0.9776490891050693,0.5485960745055615,0.08407552876942613,0.15728102272928116,-1.1333029092091942,-0.7162137344453696,-0.01928869857876109,4.465803285363105,0.06731036156228203,1.0111252721577744,0.07692307692300965,15,0.108,0.7162137344453696,0.8427189772707189,SHORT,927,4.0,6,LOSS,2023-08-24
-1,185301,185300,185314,2023-08-24 15:52:00,2023-08-24 16:05:00,1917.075,1917.095,-0.21999999999998182,17.868395717100487,49.77426659125922,0.006475485661481034,0.9766112801688364,0.6227375607326205,0.008010257815571898,0.24343677510222214,-1.0286907765352027,-1.1848794284695268,0.33111911754375173,4.449152004134983,0.010939149133230264,1.6859944436720582,0.16279069767433252,15,0.104,1.1848794284695268,0.7565632248977778,SHORT,928,34.0,7,LOSS,2023-08-24
-1,185318,185317,185330,2023-08-24 16:09:00,2023-08-24 16:21:00,1916.905,1916.815,-0.11000000000008187,13.828700717845539,51.202851753481774,0.04487608841259883,0.9324586989393542,0.6216347569572512,0.006564177964563025,0.3831567745248532,-0.4891741241708088,0.8297824147925961,0.18151623001249823,5.217194823548651,0.08530770617500441,0.6459384067256413,0.0,16,0.058,-0.8297824147925961,0.6168432254751468,SHORT,929,4.0,8,LOSS,2023-08-24
-1,185337,185336,185339,2023-08-24 16:28:00,2023-08-24 16:30:00,1916.635,1916.818,-0.38299999999999274,14.213587990453565,36.53187512505263,0.05154639175252899,0.9551380466194541,0.5270232334364086,0.02821438849796248,0.31345475540136153,-0.6115995067047487,0.9643477699082378,-0.034915631777865594,5.161798326295935,0.11256619338590143,0.7105720409841669,0.3913043478266887,16,0.074,-0.9643477699082378,0.6865452445986384,SHORT,930,7.0,9,LOSS,2023-08-24
-1,185345,185344,185349,2023-08-24 16:36:00,2023-08-24 16:40:00,1916.725,1916.815,-0.29000000000014553,10.862062002309388,47.07900883092476,0.3097345132744894,0.806659031576415,0.3585946369682161,0.06532186982214816,0.24765721792332226,-0.6990229388514323,-0.9061408466603542,-0.126524576972573,5.11322334900811,0.10072346961177574,0.34303903480760717,0.0,16,0.002,0.9061408466603542,0.7523427820766777,SHORT,931,6.0,10,LOSS,2023-08-24
-1,185363,185362,185376,2023-08-24 16:54:00,2023-08-24 18:08:00,1916.848,1916.905,-0.2570000000000164,12.301470434632517,50.479295030660516,0.04599659284501404,0.624782998908946,0.3094723239805923,0.03324770357064249,0.4537540827257624,-0.15817438926744123,0.7473611920017221,-0.44484274771071497,3.8903733282364334,0.06647353411177773,0.07166477183654688,0.0,16,0.002,-0.7473611920017221,0.5462459172742375,SHORT,932,14.0,11,LOSS,2023-08-24
-1,185384,185383,185386,2023-08-24 18:16:00,2023-08-24 18:19:00,1916.805,1916.995,-0.3899999999998272,9.03430081426884,43.69763681642764,0.10533515731873974,0.8768926374747327,0.5238281373328121,0.027479747307769913,0.4535470707755227,-0.18212852578870856,-1.421316730678293,-0.20408780001747676,7.120868243655708,0.043356260132482366,0.07142295129035832,0.6666666666666666,18,0.044,1.421316730678293,0.5464529292244773,SHORT,933,8.0,12,LOSS,2023-08-24
-1,185421,185420,185434,2023-08-24 19:00:00,2023-08-24 19:13:00,1916.745,1916.075,0.4699999999998454,19.90453034470332,49.23284422623532,0.06493506493526435,0.7822407994736812,0.5805178692849757,0.0007384360093939747,0.26780610094998214,-1.183877389437197,-2.026456792724875,1.1020546962304956,5.119469792145777,0.044546041758090356,1.5998343100464647,0.11764705882337206,18,0.048,2.026456792724875,0.7321938990500179,SHORT,934,41.0,13,WIN,2023-08-24
-1,185452,185451,185454,2023-08-24 19:32:00,2023-08-24 19:34:00,1916.145,1916.235,-0.28999999999991816,13.71126760934301,49.822161208210694,0.21739130434782608,0.8293389745110158,0.25694128024928664,0.01254327447177838,0.3458107397432243,-0.3197154164692679,-0.0954374377519231,-0.2891968677204503,5.344496514112033,0.2126974096804472,0.5726246265115386,0.25,19,0.076,0.0954374377519231,0.6541892602567757,SHORT,935,19.0,0,LOSS,2023-08-24
-1,185455,185454,185462,2023-08-24 19:35:00,2023-08-24 19:42:00,1916.145,1916.275,-0.33000000000010915,12.996138698404847,47.65629640494616,0.05454545454545454,0.794129786006712,0.19728460471787934,0.001039671516443332,0.34181240233670235,-0.26647427352675485,0.0,-0.03250342806295128,3.0747031560695155,0.2126974096804472,0.7174307364156766,0.2222222222222222,19,0.058,-0.0,0.6581875976632976,SHORT,936,1.0,1,LOSS,2023-08-24
-1,185467,185466,185472,2023-08-24 19:47:00,2023-08-24 19:52:00,1915.995,1916.205,-0.4100000000000364,13.891679701493757,50.9172245567335,0.10526315789454789,0.9579637053585389,0.6126202569624766,0.08236755862840364,0.2230595760297622,-1.1147947860920309,-1.243265560695008,-0.14824903539590015,3.9784497942217643,0.1620079972890588,0.24865311214050928,0.6999999999984083,19,0.142,1.243265560695008,0.7769404239702378,SHORT,937,5.0,2,LOSS,2023-08-24
-1,185475,185474,185488,2023-08-24 19:55:00,2023-08-24 20:08:00,1916.025,1916.355,-0.5299999999999272,10.552958182487115,51.54563561205311,0.3658536585365583,0.9114280635485605,0.6417111210909971,0.02273918806586768,0.3021921541582734,-0.887625300693995,-0.5406854623521089,0.2776053530762943,4.325483698820969,0.15433753709260906,1.80228487450703,0.0,19,0.12,0.5406854623521089,0.6978078458417266,SHORT,938,3.0,3,LOSS,2023-08-24
-1,185497,185496,185515,2023-08-24 20:17:00,2023-08-24 20:35:00,1915.895,1915.655,0.040000000000009084,16.94351814127108,49.0354879562907,0.07898894154810665,1.2615835929599764,1.1054628897794154,0.032328822197238725,0.4342006952646807,-0.2866419564286248,0.7616703890885809,-0.332356119396665,4.620800360474187,0.11158388449522039,0.8784598487496381,0.14778325123141123,20,0.386,-0.7616703890885809,0.5657993047353194,SHORT,939,9.0,4,WIN,2023-08-24
-1,185523,185522,185524,2023-08-24 20:43:00,2023-08-24 20:44:00,1915.515,1915.685,-0.3699999999998454,22.328956453318405,39.68534455570129,0.10638297872356894,1.0354310444065762,0.9677524667917146,0.0007552900282092105,0.47673286482952676,-0.09496621167012055,0.7597296933646661,-0.42819679750575684,4.976229491534553,0.15787597805581743,0.5969304733569825,0.15384615384615385,20,0.324,-0.7597296933646661,0.5232671351704732,SHORT,940,8.0,0,LOSS,2023-08-24
-1,185528,185527,185542,2023-08-24 20:48:00,2023-08-24 21:02:00,1915.525,1915.805,-0.4799999999999727,17.411642855963812,56.50022436498239,0.3555555555557184,0.9977095003259455,0.875942170839994,0.03915340122589709,0.4382251726610486,-0.2393852441974691,0.6839578405625312,-0.14770272029745754,4.559718937078789,0.1528039602625694,0.854947300701544,0.0625,20,0.288,-0.6839578405625312,0.5617748273389513,SHORT,941,4.0,1,LOSS,2023-08-24
-1,185544,185543,185552,2023-08-24 21:04:00,2023-08-24 21:12:00,1915.205,1915.415,-0.4100000000000364,13.542781290045937,58.653272617782925,0.19018404907982137,1.2137026000248892,0.7031554429995845,0.09229514716381529,-0.13208774868085954,-1.4085941671208178,-1.2055826586999878,-0.17185527596625455,3.0440962132172493,0.15185301712495503,1.506978323375719,0.23413566739556155,21,0.618,1.2055826586999878,1.1320877486808596,SHORT,942,2.0,2,LOSS,2023-08-24
1,185576,185575,185601,2023-08-24 21:36:00,2023-08-24 22:01:00,1916.035,1916.965,0.7299999999998363,23.17990344799602,60.63330117280069,0.013953488372182547,1.3024481094473874,1.1861355204208992,0.03153363682921767,0.6948224570363832,0.5583366522774259,0.9696602924712191,-0.07841747852719645,3.659685619970208,0.030630927357875298,0.46919046409899995,0.5454545454541696,21,0.956,0.9696602924712191,0.6948224570363832,LONG,943,24.0,3,WIN,2023-08-24
1,185613,185612,185619,2023-08-24 22:13:00,2023-08-24 22:19:00,1916.855,1916.355,-0.7,23.71272213781538,52.867158092138666,0.25000000000007894,1.0009915512671768,1.0605165639814895,0.048299866582279305,0.5982808293506753,0.3557493701524456,-0.7847412576895432,0.36921998245571963,4.035812182403244,0.17820123612016187,0.2615804192295645,0.7200000000002547,22,0.784,-0.7847412576895432,0.5982808293506753,LONG,944,12.0,0,LOSS,2023-08-24
1,185623,185622,185632,2023-08-24 22:23:00,2023-08-24 22:32:00,1916.795,1916.755,-0.23999999999996363,15.705131100706794,57.74536018394176,0.04166666666662719,0.9864684566721441,0.6779558158449216,0.05365332141609001,0.804021991939726,0.7269785896283786,1.1861229620269893,-0.08156103756960872,3.1374865447154296,0.12249762790465829,0.344358279298523,0.4915254237283781,22,0.776,1.1861229620269893,0.804021991939726,LONG,945,4.0,1,LOSS,2023-08-24
1,185634,185633,185635,2023-08-24 22:34:00,2023-08-24 22:35:00,1916.815,1916.558,-0.45700000000006186,8.518051324131685,47.498952337579084,0.06666666666661614,0.8544025771618169,0.6034490678044783,0.010639809656966532,0.6837263861391356,0.4915299340629406,2.195182229794435,-0.13314930203881145,3.9131509313731603,0.13378461772089098,0.7158202923246497,0.44444444444407016,22,0.516,2.195182229794435,0.6837263861391356,LONG,946,2.0,2,LOSS,2023-08-24
-1,185685,185684,185722,2023-08-24 23:25:00,2023-08-25 00:02:00,1914.235,1913.445,0.5899999999999637,26.361431807739617,54.72732412395923,0.017916390179049366,0.9691923100581584,0.8721251015561378,0.0030431288224133275,0.36171438582228294,-0.4678921729783753,0.299690743300468,0.6820929867213283,3.9596639458610965,0.3521072439526358,0.5244588007766708,0.0,23,0.802,-0.299690743300468,0.6382856141777171,SHORT,947,50.0,3,WIN,2023-08-25
-1,185743,185742,185750,2023-08-25 00:23:00,2023-08-25 00:30:00,1913.895,1913.985,-0.28999999999991816,36.47444284156576,42.13085873280665,0.466666666666779,0.9996211584596036,1.0760880846454914,0.0028109163490752606,0.4910104747046902,-0.045966338677858855,1.5820972381595986,-0.23114040691451274,5.858035719674261,0.14431675672465363,0.8124283114878345,0.0,0,0.684,-1.5820972381595986,0.5089895252953098,SHORT,948,21.0,0,LOSS,2023-08-25
-1,185762,185761,185767,2023-08-25 00:42:00,2023-08-25 00:47:00,1913.985,1914.295,-0.5100000000001728,39.23513665513071,43.3917176202535,0.18870728083196056,0.6992056154673618,0.608356692291469,0.004979173427428033,0.4901845424724509,-0.04802554137656742,1.1392105163593107,-0.21669341223176825,3.9239473341263262,0.027283832364980366,0.3499535573131347,0.5300000000003865,0,0.192,-1.1392105163593107,0.5098154575275491,SHORT,949,12.0,1,LOSS,2023-08-25
-1,185769,185768,185771,2023-08-25 00:49:00,2023-08-25 00:51:00,1913.585,1914.425,-1.039999999999918,30.71332255704437,48.896316329121476,0.31937172774862504,0.9890877101907678,0.7331824357140644,0.1567461931988957,-0.12462273905017966,-2.4383841902167753,-2.9104727336182563,-0.0414944226282086,3.601093382274025,0.03963966008613061,2.713152548288357,0.2142857142858303,0,0.576,2.9104727336182563,1.1246227390501797,SHORT,950,2.0,2,LOSS,2023-08-25
-1,185774,185773,185797,2023-08-25 00:54:00,2023-08-25 01:17:00,1913.875,1913.505,0.16999999999989085,25.29904412944215,47.36257156358909,0.060931899641603934,1.1667497589660691,0.8511441286313889,0.01720794571297087,0.21709804384458675,-1.002934630042641,-1.4174400806557543,0.398635725012599,4.635412155659514,0.034438083994855914,1.187584932441449,0.1621621621620625,0,0.786,1.4174400806557543,0.7829019561554132,SHORT,951,3.0,3,WIN,2023-08-25
-1,185810,185809,185811,2023-08-25 01:30:00,2023-08-25 01:31:00,1913.545,1913.985,-0.6399999999998272,14.796086756647249,54.86487462691898,0.43333333333354807,0.887926478196178,0.8590825131889896,0.020365430781676668,0.4968419598858194,-0.015962610005586828,1.010965300378029,-0.24663141728612764,4.94840910184927,0.07762384980848568,0.4788783001784933,0.43750000000079936,1,0.432,-1.010965300378029,0.5031580401141806,SHORT,952,13.0,0,LOSS,2023-08-25
-1,185812,185811,185813,2023-08-25 01:32:00,2023-08-25 01:33:00,1913.295,1913.865,-0.7699999999999363,14.006790468507019,53.01261822535151,0.21951219512199857,1.0913949832839356,0.8198160904755943,0.0390350778356196,0.20872938426688467,-1.0584992012963912,-0.7230734581903656,-0.15402552727947552,4.258099253792276,0.07776868539548701,2.731610842054319,0.1282051282053076,1,0.71,0.7230734581903656,0.7912706157331153,SHORT,953,1.0,1,LOSS,2023-08-25
-1,185817,185816,185826,2023-08-25 01:37:00,2023-08-25 01:46:00,1913.435,1913.615,-0.3800000000000637,11.10740217316866,60.79051390548375,0.07377049180332375,1.1259580961339293,0.5480962565330039,0.050826756352900904,0.1714763342404459,-0.7420914015209868,-0.7890592117449156,-0.0036040525825686196,2.9307913579090763,0.06386627738815326,0.7139107153883383,0.13636363636349544,1,0.788,0.7890592117449156,0.828523665759554,SHORT,954,4.0,2,LOSS,2023-08-25
1,185854,185853,185862,2023-08-25 02:14:00,2023-08-25 02:22:00,1914.115,1913.785,-0.5299999999999272,22.56432558702116,56.07678637639978,0.13999999999997045,1.1696094839255562,0.9770021612274149,0.07189995128126574,0.7021350154983619,0.6696581677360095,-0.30508344771523205,0.31150260416204517,3.8135430964438686,0.019435884961953104,0.793216964060297,0.2797783933520326,2,0.946,-0.30508344771523205,0.7021350154983619,LONG,955,28.0,3,LOSS,2023-08-25
1,185864,185863,185877,2023-08-25 02:24:00,2023-08-25 02:37:00,1914.045,1913.895,-0.35000000000009096,23.841685391354044,66.80797148976333,0.06172839506167641,1.162778465902987,0.7463602645652505,0.027652561073109008,0.7317504676431944,0.5678798920608604,0.46956476862916796,-0.05387489608797871,2.5826062274587556,0.06946442677483368,0.3228257784327615,0.4761904761899606,2,0.97,0.46956476862916796,0.7317504676431944,LONG,956,2.0,4,LOSS,2023-08-25
1,185885,185884,185888,2023-08-25 02:45:00,2023-08-25 02:48:00,1914.545,1913.758,-0.9870000000000345,19.46949225704792,40.91875875937009,0.024193548387074593,1.08930468014571,1.4392713294047133,0.07880772475921784,0.6396353413788214,0.6983350746536702,-1.0930462038053546,0.75485729819259,4.766895944374483,0.0687227831872144,1.2144957820065632,0.04761904761899606,2,0.918,-1.0930462038053546,0.6396353413788214,LONG,957,8.0,5,LOSS,2023-08-25
1,185964,185963,185970,2023-08-25 04:04:00,2023-08-25 04:10:00,1914.555,1913.865,-0.8900000000000545,17.94762665755269,53.484296552890164,0.15443037974686583,1.2128346663441578,1.6781425347593104,0.03649138064324801,0.5618310228271661,0.3484356672792201,-0.549664932133023,0.42477367431165736,6.062827792198622,0.0609216265293007,0.14154461771709798,0.8536585365849736,4,0.998,-0.549664932133023,0.5618310228271661,LONG,958,76.0,6,LOSS,2023-08-25
1,186089,186088,186091,2023-08-25 06:09:00,2023-08-25 06:11:00,1916.235,1915.865,-0.5699999999998908,20.91202697976539,59.152189058778,0.1207801950486483,0.9716021045478614,0.8486259913678865,0.0073060283732740965,0.5586259075631993,0.32085786779908315,-0.7173731192103916,0.21401198556071993,5.723304666924806,0.10101273296492831,1.1760215069021498,0.0,6,0.384,-0.7173731192103916,0.5586259075631993,LONG,959,119.0,7,LOSS,2023-08-25
1,186092,186091,186110,2023-08-25 06:12:00,2023-08-25 06:30:00,1916.235,1916.628,0.1930000000000291,18.401286989964074,63.494170924201434,0.16577540106953953,1.0140530445938536,0.4714464400188217,0.06935388665826378,0.7822019806439695,0.8083230058231857,1.0254429705198267,0.6074694000062696,4.109175802446425,0.0709239406228117,1.3697252674818612,0.21276595744708643,6,0.502,1.0254429705198267,0.7822019806439695,LONG,960,1.0,8,WIN,2023-08-25
1,186111,186110,186132,2023-08-25 06:31:00,2023-08-25 06:52:00,1916.668,1916.814,-0.053999999999814474,22.69396657940905,49.1636092020886,0.4708994708997467,0.8661567400014751,0.4385965093403037,0.009007585051973263,0.5898197043813617,0.3098014417086496,1.2506182527931093,-0.2890118258153512,5.848899052988651,0.10752173080881784,0.19020809928400798,0.7202797202800316,6,0.152,1.2506182527931093,0.5898197043813617,LONG,961,1.0,0,LOSS,2023-08-25
1,186138,186137,186148,2023-08-25 06:58:00,2023-08-25 07:08:00,1917.478,1917.085,-0.5930000000000291,21.928141626768785,47.23248648716293,0.032038173142482834,0.98424532954819,0.6116815471657401,0.03139889918534807,0.7160723186652637,0.9093333510275938,0.520362432634616,0.1734924167867806,4.063163328151834,0.17518139148335032,1.6044508339556645,0.17777777777759812,6,0.274,0.520362432634616,0.7160723186652637,LONG,962,6.0,1,LOSS,2023-08-25
1,186185,186184,186196,2023-08-25 07:45:00,2023-08-25 07:56:00,1917.305,1917.218,-0.2869999999999891,14.559241315767279,55.53365404024708,0.09976525821602132,1.0284164444532127,0.6364130086969217,0.12764254535573244,0.8372361275443936,1.227783311102247,0.8281178587800974,0.7278051981683346,4.049890671270764,0.01033380196317612,1.1041571450398309,0.06666666666661614,7,0.462,0.8281178587800974,0.8372361275443936,LONG,963,37.0,2,LOSS,2023-08-25
1,186197,186196,186221,2023-08-25 07:57:00,2023-08-25 08:21:00,1917.685,1918.325,0.44000000000010003,15.244188178277563,52.94143094089702,0.3285406182601401,1.0200156907972024,0.8712126089682213,0.1292079621644947,0.9050643322562165,1.935012770413755,3.4490086258152672,-0.14312324078652086,4.943579030335216,0.053775670033968534,1.811720622985472,0.04192872117397821,7,0.446,3.4490086258152672,0.9050643322562165,LONG,964,1.0,3,WIN,2023-08-25
-1,186266,186265,186294,2023-08-25 09:06:00,2023-08-25 09:34:00,1916.545,1915.515,0.8299999999999728,17.831475731015757,64.93417967652951,0.07423580786020305,1.170385159826743,0.6303637137619047,0.02743522201599374,0.19015634189896743,-0.6519955753113809,0.041928975904687305,0.05447092702583197,2.5576675301592315,0.12426879792326122,1.2788337650793773,0.16438356164399348,9,0.968,-0.041928975904687305,0.8098436581010325,SHORT,965,45.0,0,WIN,2023-08-25
-1,186299,186298,186307,2023-08-25 09:39:00,2023-08-25 09:47:00,1914.125,1914.635,-0.7099999999999909,20.98795685886873,52.437167946827685,0.03311258278147889,1.2299229814081927,1.1532860279071866,0.022970841053852872,0.3183631204585709,-0.5827500312275159,-0.06544995437055964,-0.14622483580033319,3.681559933347328,0.31538423894413475,0.7690369638548198,0.09615384615376206,9,0.994,0.06544995437055964,0.6816368795414292,SHORT,966,5.0,0,LOSS,2023-08-25
-1,186308,186307,186309,2023-08-25 09:48:00,2023-08-25 09:49:00,1913.635,1914.575,-1.1400000000000545,19.09286565467252,54.570151886416845,0.24630541871921513,1.268464483701317,1.3170202588141098,0.046810827742092165,0.24846090456847925,-0.8413093348409786,-1.6988687182916538,0.06198717345538508,3.634101779997565,0.33986428695749243,1.4920499178038429,0.21705426356587645,9,1.0,1.6988687182916538,0.7515390954315208,SHORT,967,1.0,1,LOSS,2023-08-25
-1,186375,186374,186386,2023-08-25 10:55:00,2023-08-25 11:06:00,1905.955,1906.895,-1.1400000000000545,29.829741063927862,59.361932234988,0.2018056293149043,0.9909342504567231,1.2906580566971435,0.029651519781935046,0.35011283581452596,-0.5884793920957362,-1.0808182569783469,0.2907015246688348,4.375570685509066,0.3861036204476429,0.2789208405106818,0.42857142857108055,10,0.898,1.0808182569783469,0.649887164185474,SHORT,968,66.0,2,LOSS,2023-08-25
-1,186393,186392,186407,2023-08-25 11:13:00,2023-08-25 11:27:00,1905.185,1905.965,-0.9799999999999727,17.73473300453713,57.832891245897365,0.0017271157167515303,0.9816161418329648,0.9591639435051408,0.040378101100229956,0.3818077031094643,-0.37218825792486177,1.1707686826302122,-0.32635428624546003,3.387185730663089,0.3985238817617422,0.6792245792358684,0.23232323232324856,11,0.876,-1.1707686826302122,0.6181922968905357,SHORT,969,7.0,3,LOSS,2023-08-25
-1,186431,186430,186435,2023-08-25 11:51:00,2023-08-25 11:55:00,1908.648,1909.405,-0.9570000000000618,29.574086172264543,61.452152944250976,0.31058020477817816,0.7944799669644591,1.0575952712702401,0.04734990409040059,0.4413242391336748,-0.3589594014735121,0.6223947405873095,-0.7970885462364545,6.548675096613979,0.006565782871711692,0.9877133926711116,0.10975609756113117,11,0.786,-0.6223947405873095,0.5586757608663252,SHORT,970,24.0,4,LOSS,2023-08-25
1,186450,186449,186484,2023-08-25 12:10:00,2023-08-25 12:44:00,1908.785,1909.715,0.7299999999998363,14.224643211340673,63.109848019096525,0.3374233128834784,0.7502486818430151,0.48338328967364014,0.03983208076746663,0.6628383301760975,0.5537520920579826,-0.9283490955090907,0.19162915754165982,3.241078421163693,0.007520969362045861,0.9609227479834382,0.2133333333331393,12,0.706,-0.9283490955090907,0.6628383301760975,LONG,971,15.0,5,WIN,2023-08-25
1,186499,186498,186521,2023-08-25 12:59:00,2023-08-25 13:21:00,1909.658,1910.595,0.7370000000001256,24.218002465485554,51.52462648371053,0.1902384914031444,0.66969392777752,0.44062194416564904,0.04989753558235717,0.5785996673207189,0.4166781349516907,-0.13427406474313633,0.31194958602471795,5.113842040214444,0.06663703130963805,0.17998438465523728,0.8130563798223248,12,0.464,-0.13427406474313633,0.5785996673207189,LONG,972,15.0,0,WIN,2023-08-25
1,186526,186525,186535,2023-08-25 13:26:00,2023-08-25 13:35:00,1910.985,1910.868,-0.3169999999999618,19.43961358282527,71.15101487948871,0.13885647607936452,0.8303577308359794,0.16864631739244298,0.025208524137518364,0.7407722015938608,0.44971036767167377,0.603990566801211,0.031171604992779607,2.3109204294997925,0.1501249612463435,0.9978974581929158,0.24000000000023647,13,0.482,0.603990566801211,0.7407722015938608,LONG,973,5.0,0,LOSS,2023-08-25
1,186548,186547,186567,2023-08-25 13:48:00,2023-08-25 14:07:00,1911.155,1911.908,0.5529999999999291,12.375639853124527,59.55465128972351,0.2694610778442168,0.8363990534785287,0.46864608931627816,0.05939856818848072,0.5413489255741255,0.21999236080935766,0.07355781723661144,0.2635333895831099,6.312350464331617,0.11291161323075538,0.6810909003378935,0.2424242424240754,13,0.424,0.07355781723661144,0.5413489255741255,LONG,974,13.0,1,WIN,2023-08-25
1,186572,186571,186604,2023-08-25 14:12:00,2023-08-25 14:44:00,1912.208,1913.488,1.0799999999999728,25.381195316673562,52.73837837306849,0.2957486136785575,0.7396015818688548,0.22053591265614048,0.03234727520334618,0.5775585853908934,0.24340572026695406,0.14434735078777364,-0.0034946875418872406,3.8973784712731705,0.19016157798590283,0.09743446178199336,0.8608247422677875,14,0.256,0.14434735078777364,0.5775585853908934,LONG,975,5.0,0,WIN,2023-08-25
1,186630,186629,186655,2023-08-25 15:10:00,2023-08-25 15:35:00,1913.115,1913.555,0.24000000000005456,26.844295380642478,46.655173021724174,0.07865168539325651,0.9638196439954115,0.579855282680516,0.044969994374088273,0.6714870240109686,0.7022515151620672,0.7965045540592355,0.2894864161566624,4.159523782309192,0.1140411332246474,0.619503542046221,0.48780487804850997,15,0.306,0.7965045540592355,0.6714870240109686,LONG,976,26.0,0,WIN,2023-08-25
1,186666,186665,186671,2023-08-25 15:46:00,2023-08-25 15:51:00,1913.845,1913.255,-0.7899999999999181,11.588957321879542,67.97524637474825,0.3233923578749328,0.8213275001880523,0.4703793745392426,0.05775759674539359,0.6352285182331343,0.504550395469234,-0.7801666444520003,0.2467068669143517,4.007413364945093,0.12089670027430445,1.1382759238728608,0.10999999999968925,15,0.03,-0.7801666444520003,0.6352285182331343,LONG,977,11.0,0,LOSS,2023-08-25
1,186678,186677,186690,2023-08-25 15:58:00,2023-08-25 16:10:00,1913.805,1913.735,-0.2700000000001637,13.926111194469339,45.29578712566678,0.08609271523168437,0.7802981878199742,0.4798316283324208,0.10670391760051122,0.773768017849104,1.0894529414297744,0.9203915467833167,0.7832245842482983,4.020657809631977,0.09815258695144968,1.017274867497234,0.34374999999975575,15,0.004,0.9203915467833167,0.773768017849104,LONG,978,7.0,1,LOSS,2023-08-25
1,186703,186702,186705,2023-08-25 16:23:00,2023-08-25 16:25:00,1913.755,1913.525,-0.4300000000000182,13.306159390635287,67.07068928926452,0.3026499302650886,0.7513867842105626,0.5385378548666844,0.04955979131147769,0.5491008940048396,0.23795842038115916,-0.40478953649233324,0.5138022883851889,3.990068288285515,0.08445200995951146,0.46261661313540997,0.5789473684203598,16,0.006,-0.40478953649233324,0.5491008940048396,LONG,979,13.0,2,LOSS,2023-08-25
1,186717,186716,186735,2023-08-25 16:37:00,2023-08-25 16:55:00,1913.645,1913.725,-0.12000000000007277,15.255287277318848,42.44523678484419,0.0909090909090074,0.7675709184622717,0.3614479234159557,0.001201352026867348,0.6411419383796065,0.47303105895864506,-0.2517796721005356,-0.22100443757122012,3.883701442154053,0.014986981371828745,0.31472459012566945,0.8333333333334596,16,0.024,-0.2517796721005356,0.6411419383796065,LONG,980,12.0,3,LOSS,2023-08-25
1,186740,186739,186757,2023-08-27 18:00:00,2023-08-27 18:17:00,1915.548,1914.854,-0.8939999999999599,23.772113133353045,39.263392580054074,0.07226738934060636,1.1651629955383205,0.991259823399293,0.15422316988895207,0.8590645896650715,2.0332315531766025,2.760984705203916,0.24980294403390674,6.12679394042406,0.09457948635049372,1.3471091804910147,0.5099999999999253,16,0.188,2.760984705203916,0.8590645896650715,LONG,981,2945.0,4,LOSS,2023-08-27
1,186771,186770,186774,2023-08-27 18:31:00,2023-08-27 18:34:00,1915.175,1914.725,-0.6500000000000454,19.57454439540587,53.69305290854563,0.39425587467340606,0.8463079593269732,0.7846016899025114,0.012101517881276674,0.5181972373532181,0.10633798840624199,-0.11959773757263349,0.1631372652390496,5.652293075681301,0.22588942722816038,1.0399803267113554,0.25925925926050686,18,0.082,-0.11959773757263349,0.5181972373532181,LONG,982,14.0,5,LOSS,2023-08-27
1,186798,186797,186809,2023-08-27 18:58:00,2023-08-27 19:09:00,1914.685,1914.915,0.03000000000001818,11.018592726574107,52.98321910204946,0.025641025640995744,0.7553248092005197,0.34786121623568894,0.04117371402652249,0.5730375931080752,0.2224120772798577,0.13479519835077877,0.5184241842274796,3.5451137166276276,0.07591032299126765,0.26959039670309,0.33333333333207016,18,0.024,0.13479519835077877,0.5730375931080752,LONG,983,24.0,6,WIN,2023-08-27
1,186812,186811,186825,2023-08-27 19:12:00,2023-08-27 19:25:00,1915.295,1915.445,-0.050000000000136435,15.269488107682907,43.99266070961131,0.12500000000001776,0.9896291200967929,1.096429122149464,0.07605027853813172,0.6972095784092768,1.289444833654772,2.8753842022637457,-0.3212344385755004,6.127867972035998,0.08474348501971894,0.4242370134493468,0.0,19,0.186,2.8753842022637457,0.6972095784092768,LONG,984,3.0,0,LOSS,2023-08-27
1,186827,186826,186833,2023-08-27 19:27:00,2023-08-27 19:33:00,1915.675,1915.545,-0.3299999999998818,19.856919582066084,46.21424233852583,0.11594202898543084,0.9742612425127541,0.9540191536519003,0.044923254743983995,0.6723476061337447,0.9979836332932174,1.7834047057156013,-0.39059477840714457,5.687615007419308,0.15726878700352884,0.38560101745178493,0.3333333333333333,19,0.17,1.7834047057156013,0.6723476061337447,LONG,985,2.0,1,LOSS,2023-08-27
1,186858,186857,186899,2023-08-27 19:58:00,2023-08-27 20:39:00,1915.048,1915.658,0.40999999999989994,38.409687703480756,49.210301733973786,0.1661849710982773,1.110748011348913,0.911088929635373,0.021139510276428693,0.5611105339201259,0.25556119282989836,-1.0109224399944974,0.5186019467010252,5.054612199972486,0.007737586237884944,0.8087379519957817,0.1999999999998181,19,0.362,-1.0109224399944974,0.5611105339201259,LONG,986,25.0,2,WIN,2023-08-27
1,186904,186903,186918,2023-08-27 20:44:00,2023-08-27 20:58:00,1916.015,1915.735,-0.4800000000002001,12.08656938063817,48.71257539167825,0.11015911872691836,0.9492273196498984,0.6561902334199567,0.012601785859448336,0.7965724950633971,0.9477450432736595,1.27087738606169,-0.27351178988297525,3.67142355973389,0.12030718270184773,1.7274518543885633,0.0,20,0.252,1.27087738606169,0.7965724950633971,LONG,987,5.0,0,LOSS,2023-08-27
1,186927,186926,186935,2023-08-27 21:07:00,2023-08-27 21:15:00,1916.215,1915.425,-0.9899999999999636,16.76434904524214,60.43758469591153,0.013134851138342521,1.276872482429361,0.9293097443727742,0.03880621231364411,0.6850217863241552,0.5439865998394118,0.24455705528050894,0.18753203927320614,3.414627884357095,0.10307593443313763,1.2136143868304292,0.20600000000013097,21,0.64,0.24455705528050894,0.6850217863241552,LONG,988,9.0,1,LOSS,2023-08-27
1,186939,186938,186953,2023-08-27 21:19:00,2023-08-27 21:33:00,1916.365,1915.955,-0.6100000000000818,16.308461281850523,57.37215023938038,0.027301092043656085,1.3651968123364215,1.1723247242331036,0.025929186886685014,0.7173743029146337,0.6452658121551703,0.7730508785079913,-0.3285756546271774,3.3409454370852214,0.058358032887078436,0.4633427978440289,0.5805739514347346,21,0.9,0.7730508785079913,0.7173743029146337,LONG,989,4.0,2,LOSS,2023-08-27
-1,186990,186989,186991,2023-08-27 22:10:00,2023-08-27 22:11:00,1915.495,1915.955,-0.6600000000000363,13.430802292595992,55.30859893894272,0.007092198581551135,0.939075279915193,0.5935834202540389,0.000680496635790869,0.4170731784570511,-0.1733643436271265,-0.2592364016848926,-0.17084752046086057,2.981218619370002,0.043630512109092856,0.356450052316451,0.4761904761899606,22,0.596,0.2592364016848926,0.5829268215429488,SHORT,990,37.0,3,LOSS,2023-08-27
-1,186997,186996,187006,2023-08-27 22:17:00,2023-08-27 22:26:00,1915.445,1915.885,-0.6400000000000545,11.353024826126077,69.584601579162,0.04923599320882721,0.9366909269656724,0.7442345239651385,0.0004104972002245278,0.29221975026624125,-0.5272288804488563,-0.2527022956399178,-0.10190904979292387,3.05211863565049,0.04037614746065501,1.0173728785501632,0.0,22,0.592,0.2527022956399178,0.7077802497337587,SHORT,991,6.0,4,LOSS,2023-08-27
-1,187009,187008,187011,2023-08-27 22:29:00,2023-08-27 22:31:00,1915.325,1915.518,-0.39299999999998364,12.307042804319096,49.75345345017484,0.11242603550298724,0.8726471487518714,0.9867429115327916,0.030379498607454796,0.3145534806424998,-0.6983696544952428,-1.3412273972688622,0.279881349952178,3.502093759535692,0.07033219169174676,0.29805053272622556,0.38461538461538464,22,0.492,1.3412273972688622,0.6854465193575001,SHORT,992,3.0,5,LOSS,2023-08-27
-1,187029,187028,187048,2023-08-27 22:49:00,2023-08-27 23:08:00,1915.715,1915.775,-0.2600000000001728,13.82464529779456,67.55460544934188,0.09333333333355161,0.7671750051755355,0.5941404851749323,0.04361341462101527,0.3341466112879749,-0.48818283248856126,0.1450048017296347,-0.4313847821362349,3.866794712793556,0.003800947495364772,1.015033612108542,0.0,22,0.238,-0.1450048017296347,0.665853388712025,SHORT,993,18.0,6,LOSS,2023-08-27
-1,187050,187049,187053,2023-08-27 23:10:00,2023-08-27 23:13:00,1915.275,1915.585,-0.5099999999999454,17.786772536574823,50.94180601603461,0.12820512820502855,0.8223643627078682,0.6058128423552874,0.07715354504684757,0.04262981714404777,-1.3852991156688435,-0.4983090344127639,-0.1067229324572579,3.8369795649816814,0.046479811581419526,1.893574330769636,0.0,23,0.226,0.4983090344127639,0.9573701828559522,SHORT,994,2.0,7,LOSS,2023-08-27
1,187074,187073,187087,2023-08-27 23:34:00,2023-08-27 23:47:00,1916.045,1915.928,-0.3169999999999618,9.11240883078802,60.3615775035888,0.2857142857143244,0.8828289479540772,0.44743670749082726,0.08063051897955734,1.046027550354857,1.1775561620184996,1.1699262084845077,0.3053422484416278,4.221907621921649,0.03273906214919257,2.0346542756255324,0.18367346938758464,23,0.226,1.1699262084845077,1.046027550354857,LONG,995,21.0,8,LOSS,2023-08-27
1,187094,187093,187101,2023-08-27 23:54:00,2023-08-28 00:01:00,1916.185,1916.045,-0.3399999999998727,18.35186522353782,43.158643719465616,0.12235510579583013,0.9290378736305134,0.8610103266705273,0.011893951924543768,0.6181682912385742,0.46898078847618313,0.5754667252403245,0.1564517438299888,5.346430173815647,0.0727456099388611,0.934518613637589,0.05,23,0.306,0.5754667252403245,0.6181682912385742,LONG,996,7.0,9,LOSS,2023-08-28
1,187103,187102,187112,2023-08-28 00:03:00,2023-08-28 00:12:00,1916.445,1916.008,-0.6369999999998981,21.348686609715784,48.6444423695309,0.3870967741935188,0.9003202887487778,0.725336588871096,0.11337255120016212,0.9940290518207578,1.7612185029796126,2.788110997505644,-0.08804342078898424,5.607965194225542,0.10236026865821617,1.7458759566925626,0.0833333333332807,0,0.194,2.788110997505644,0.9940290518207578,LONG,997,2.0,10,LOSS,2023-08-28
-1,187162,187161,187168,2023-08-28 01:02:00,2023-08-28 01:08:00,1915.235,1915.835,-0.8000000000001364,22.24792110401141,60.63928247834,0.2087912087910001,0.8922627340891732,0.7437474874082485,0.06705505355435301,0.3330232274601772,-0.7271612967432382,-0.9615355989995038,-0.6188574543298677,4.987965919814026,0.10507200027533514,0.8413436491245658,0.3000000000007958,1,0.114,0.9615355989995038,0.6669767725398228,SHORT,998,50.0,11,LOSS,2023-08-28
1,187222,187221,187246,2023-08-28 02:02:00,2023-08-28 02:26:00,1916.245,1917.075,0.6300000000001547,18.54576729517931,53.96720895226132,0.25,1.1793217880452826,1.1402935813621475,0.012469750937714094,0.7565855580737856,0.9727304886235822,0.0,-0.042030262293070976,3.998011549574567,0.023096886597344716,1.60634392616786,0.19642857142881795,2,0.78,0.0,0.7565855580737856,LONG,999,54.0,12,WIN,2023-08-28
1,187256,187255,187257,2023-08-28 02:36:00,2023-08-28 02:37:00,1917.405,1916.955,-0.6500000000000454,21.079768438771136,53.66458757517986,0.15740740740733042,1.0971061211232107,0.8773182855865225,0.007342923232808054,0.759925322956341,0.8622329136892749,0.633583727371388,-0.3323174831929783,3.700874360467529,0.18956885492873407,1.9752904441569097,0.08620689655165654,2,0.766,0.633583727371388,0.759925322956341,LONG,1000,10.0,0,LOSS,2023-08-28
-1,187300,187299,187310,2023-08-28 03:20:00,2023-08-28 03:30:00,1914.905,1915.225,-0.5199999999999363,22.00894991799849,49.89304550292277,0.10266159695816372,1.1660981974416538,1.4208242966386928,0.11124429202669049,0.12659131900191814,-1.7828945283613686,-2.4129399631945234,0.24033858980724118,5.034405602221174,0.16232434091102632,1.0724177614195622,0.07692307692303207,3,0.872,2.4129399631945234,0.8734086809980819,SHORT,1001,43.0,1,LOSS,2023-08-28
-1,187324,187323,187350,2023-08-28 03:44:00,2023-08-28 04:10:00,1915.085,1914.525,0.3599999999999454,13.330004062898482,59.96456919647349,0.15198956294841984,0.9850080319837159,0.7791152783350068,0.015268029658099033,0.47494628082760065,-0.08306639316847787,0.7298720738750343,-0.18701658937435167,4.58776732149999,0.17524642963879133,0.3475581304163067,0.4117647058823529,3,0.734,-0.7298720738750343,0.5250537191723994,SHORT,1002,14.0,2,WIN,2023-08-28
-1,187359,187358,187377,2023-08-28 04:19:00,2023-08-28 04:37:00,1913.985,1914.235,-0.45,13.828411586256717,49.54565313202294,0.3016688061617207,1.0897350667077905,0.8524522488683065,0.08486134270342861,0.272734060671321,-0.7848306196439749,0.3117468063285065,-0.38692987398870515,4.264824865958896,0.2165471377747711,0.8356099963453243,0.31578947368383264,4,0.788,-0.3117468063285065,0.727265939328679,SHORT,1003,9.0,0,LOSS,2023-08-28
-1,187389,187388,187399,2023-08-28 04:49:00,2023-08-28 04:59:00,1914.088,1914.425,-0.536999999999989,18.078664878690617,44.231423024333196,0.015697921086139776,1.0211293712404117,1.3103468681015564,0.09164731988562783,0.4371442947465186,-0.3648865148415136,1.0045027597275904,-1.0318100190422668,5.643672749001204,0.11997471294326541,0.3904427687992975,0.5652173913041134,4,0.694,-1.0045027597275904,0.5628557052534814,SHORT,1004,12.0,1,LOSS,2023-08-28
-1,187460,187459,187464,2023-08-28 06:00:00,2023-08-28 06:04:00,1913.955,1914.335,-0.5800000000001091,37.80131919205433,64.69719619823888,0.058064516129136365,0.9120464623342621,0.4109216536873366,0.01990332964913284,0.2414293819355684,-0.6657699945736338,-0.5424792548384403,0.07233194477836725,2.367182202928725,0.10281082226270369,1.282223693252966,0.0,5,0.25,0.5424792548384403,0.7585706180644316,SHORT,1005,61.0,2,LOSS,2023-08-28
-1,187473,187472,187486,2023-08-28 06:13:00,2023-08-28 06:26:00,1914.005,1914.088,-0.2829999999998563,24.0469384403003,56.12946781813291,0.033112582781427036,0.966279098560969,0.5520207977126151,0.03049126737391366,0.3573321658505389,-0.44682120273230724,-1.023965256258142,-0.34340322332784295,3.3977028957688282,0.11207277881746715,0.9913845435597601,0.3914285714289074,6,0.358,1.023965256258142,0.6426678341494612,SHORT,1006,9.0,3,LOSS,2023-08-28
-1,187502,187501,187509,2023-08-28 06:42:00,2023-08-28 06:49:00,1914.215,1914.365,-0.35000000000009096,20.50225561291305,42.166455088800944,0.23076923076919234,0.8640026235935676,1.0076598814032085,0.08313780615681858,0.4545659048713557,-0.3193034858200028,1.2417357781818785,-0.7895121556406053,5.9130275151507785,0.019123045309154388,0.17739082545436202,0.7345132743366571,6,0.066,-1.2417357781818785,0.5454340951286443,SHORT,1007,16.0,4,LOSS,2023-08-28
1,187538,187537,187548,2023-08-28 07:18:00,2023-08-28 07:28:00,1914.935,1914.585,-0.549999999999909,16.714374921883845,53.81451538996089,0.29363784665573706,1.0217861634072787,0.7966049833192406,0.1602862939093534,0.7819088845433333,1.2966234850803662,-0.6338819104334531,0.7794621798150023,5.138050932536218,0.05752015997469692,1.2883778667341654,0.19354838709663225,7,0.326,-0.6338819104334531,0.7819088845433333,LONG,1008,29.0,5,LOSS,2023-08-28
1,187553,187552,187557,2023-08-28 07:33:00,2023-08-28 07:37:00,1914.925,1914.638,-0.48700000000003457,15.211721057473545,48.42202737592302,0.0,0.984712559837516,0.823556921628103,0.07113410228933076,0.6464899711790207,0.6924719348626285,0.05326707191241672,0.24035264993859143,4.580968184471471,0.09501041044290032,0.05326707191241672,0.8571428571428571,7,0.25,0.05326707191241672,0.6464899711790207,LONG,1009,5.0,6,LOSS,2023-08-28
1,187563,187562,187568,2023-08-28 07:43:00,2023-08-28 07:48:00,1914.875,1914.478,-0.5969999999999345,12.171280744000477,60.520074040527945,0.06249999999995559,1.083871534165711,0.5131395897548267,0.008669853015261434,0.6264008178321488,0.3164323593858808,1.398081116579347,-0.13718001259816212,2.7495595292738106,0.08577860885809117,0.4194243349734862,0.6750902527079279,7,0.45,1.398081116579347,0.6264008178321488,LONG,1010,6.0,7,LOSS,2023-08-28
1,187573,187572,187585,2023-08-28 07:53:00,2023-08-28 08:05:00,1914.925,1914.675,-0.45,13.363496684454105,52.01626328317335,0.049566294919408685,1.0612763839917225,0.7478904137857725,0.031223590378064086,0.7344533753445074,0.8504079531285548,0.2661172293624895,-0.10219076397123322,3.814346954194621,0.06144598630274548,1.120493597315466,0.0,7,0.432,0.2661172293624895,0.7344533753445074,LONG,1011,5.0,8,LOSS,2023-08-28
1,187586,187585,187593,2023-08-28 08:06:00,2023-08-28 08:13:00,1915.015,1914.845,-0.37000000000007277,19.220566699141923,59.113020592373566,0.013597033374495238,1.2830081864222873,1.1157830167731964,0.007932256714723746,0.6365595578235587,0.5281823625402824,1.565108904228175,0.2208813696188494,4.2797517573854975,0.04187325080854216,1.240022044035306,0.19565217391285006,8,0.902,1.565108904228175,0.6365595578235587,LONG,1012,1.0,9,LOSS,2023-08-28
-1,187611,187610,187616,2023-08-28 08:31:00,2023-08-28 08:36:00,1914.565,1915.395,-1.0299999999999272,17.04985484580783,47.59236582588966,0.13826366559486,1.4389671599355018,2.1249297865470558,0.0396292460810933,0.4905773325976377,-0.047595464892089656,1.6760479736429816,-0.2293246948825382,4.748802591988692,0.014438823736430125,0.05801704524158366,0.9205882352939702,8,0.998,-1.6760479736429816,0.5094226674023623,SHORT,1013,18.0,10,LOSS,2023-08-28
1,187657,187656,187660,2023-08-28 09:17:00,2023-08-28 09:20:00,1916.825,1916.155,-0.8700000000000727,18.83024336889607,54.69209989653559,0.05845323741002055,1.0379380261620657,1.0509354359974723,0.013420889851286765,0.5613097607678009,0.20279841361922604,-1.196570112030779,0.4857482867041325,4.574561283171997,0.196428354148714,0.7850261172373713,0.17499999999980104,9,0.896,-1.196570112030779,0.5613097607678009,LONG,1014,41.0,11,LOSS,2023-08-28
1,187724,187723,187733,2023-08-28 10:24:00,2023-08-28 10:33:00,1918.725,1918.575,-0.3499999999998636,28.015689541587722,56.91244296246221,0.14391143911434223,0.9896671190112322,0.7901577343755117,0.02487454730468921,0.7628238506987973,0.6959392790935098,-0.08831716739792264,0.07424251768766069,3.4796963954655413,0.21053556526784975,1.5720455796770791,0.043010752688140495,10,0.902,-0.08831716739792264,0.7628238506987973,LONG,1015,64.0,12,LOSS,2023-08-28
1,187740,187739,187745,2023-08-28 10:40:00,2023-08-28 10:45:00,1918.788,1918.645,-0.3430000000000291,22.049615884415992,50.60270714287172,0.27379400260767167,0.8309565840456925,1.0043911432363348,0.0014610200131827036,0.5141428308696685,0.06488078048565044,-0.9433021276294494,0.033443284403014355,5.038613803678374,0.24363903573010012,0.20706632069891778,0.7187500000001998,10,0.778,-0.9433021276294494,0.5141428308696685,LONG,1016,7.0,13,LOSS,2023-08-28
1,187749,187748,187758,2023-08-28 10:49:00,2023-08-28 10:58:00,1919.045,1918.785,-0.4599999999999909,16.394542774893278,64.48312320227379,0.08139534883726618,0.821332655440334,0.4784424355638565,0.011434774777934888,0.6558555370816496,0.3622076500901469,1.2793795683474587,-0.2969974357525994,3.0515751753561697,0.21035454344712656,0.09710660860312631,0.7777777777780585,10,0.728,1.2793795683474587,0.6558555370816496,LONG,1017,4.0,14,LOSS,2023-08-28
1,187772,187771,187819,2023-08-28 11:12:00,2023-08-28 11:59:00,1918.935,1924.725,5.589999999999963,17.355421073103816,57.70688640023311,0.05263157894733063,0.8245866010989332,0.6230352715840134,0.042592041727150635,0.6134876968752047,0.37800446627550005,-1.0309212716605094,0.3751742926396207,4.229420601683416,0.11025859836627994,0.34364042388643573,0.07142857142857142,11,0.658,-1.0309212716605094,0.6134876968752047,LONG,1018,14.0,15,WIN,2023-08-28
1,187833,187832,187838,2023-08-28 12:13:00,2023-08-28 12:18:00,1924.815,1924.295,-0.7199999999999818,47.651333475326375,69.01996470437804,0.14687882496938406,0.8666998778469185,0.3229346955966936,0.00458520139520487,0.5943196984559146,0.2034095230850992,-0.33366861830963074,-0.0420296462315185,2.764316168613835,0.5039969945443911,0.30800180151716583,0.6249999999998224,12,0.588,-0.33366861830963074,0.5943196984559146,LONG,1019,14.0,0,LOSS,2023-08-28
1,187864,187863,187867,2023-08-28 12:44:00,2023-08-28 12:47:00,1922.845,1921.915,-1.1300000000000636,26.465041095500926,43.724595176828224,0.5661375661376387,0.9012172957052595,1.1292681934222322,0.07029771977878649,0.5618857760571171,0.48685759411963975,-1.5934977175962122,0.6174861070676809,7.206773597169161,0.08186244543028891,1.3612794572430167,0.12521440823307614,12,0.522,-1.5934977175962122,0.5618857760571171,LONG,1020,26.0,1,LOSS,2023-08-28
-1,187874,187873,187904,2023-08-28 12:54:00,2023-08-28 13:24:00,1922.198,1917.998,4.000000000000045,19.337268962621835,49.156045825049354,0.3297872340425558,0.89205566563911,0.5132404316473261,0.00047457079126518424,0.4459946393481954,-0.19351216458256623,-1.4312702301746516,0.41488853701499534,3.9505273084328527,0.010388118647291413,0.47063044319062214,0.260869565218122,12,0.474,1.4312702301746516,0.5540053606518046,SHORT,1021,7.0,2,WIN,2023-08-28
-1,187947,187946,187961,2023-08-28 14:07:00,2023-08-28 14:21:00,1919.418,1919.845,-0.6270000000001346,31.507208434261216,35.15774226304429,0.5948021264029574,0.7977923154598511,0.5876119840647186,0.2509605299345021,0.03382719301059188,-2.6159113880109994,-3.366676438140031,-1.055555349461904,5.165779743300206,0.04170029506829914,2.732815147080549,0.08163265306104693,14,0.3,3.366676438140031,0.9661728069894081,SHORT,1022,43.0,0,LOSS,2023-08-28
-1,187967,187966,187982,2023-08-28 14:27:00,2023-08-28 14:42:00,1919.695,1919.658,-0.16299999999996545,12.697949110738804,65.63101964818098,0.18446601941757432,0.7103052981797316,0.22052737737390998,0.0031844783247796586,0.4907005308379273,-0.025361755346517797,-0.7533194657411597,0.05961765463848748,3.013277862962355,0.03958234966635554,0.4519916794451526,0.5263157894730544,14,0.15,0.7533194657411597,0.5092994691620727,SHORT,1023,6.0,1,LOSS,2023-08-28
-1,187984,187983,187996,2023-08-28 14:44:00,2023-08-28 14:56:00,1919.364,1919.548,-0.3839999999999691,11.870377741661926,51.04222754276933,0.04918032786881579,0.6622603541811446,0.22107406435256136,0.06755011759179678,0.08466521795240033,-1.345564059193506,-1.9839246826256447,0.11016294888223811,4.174377802243245,0.05852199957856639,1.2516874969249527,0.1304347826085667,14,0.04,1.9839246826256447,0.9153347820475997,SHORT,1024,2.0,2,LOSS,2023-08-28
1,188018,188017,188034,2023-08-28 15:18:00,2023-08-28 15:34:00,1919.988,1919.945,-0.24300000000012006,21.4084608645284,47.81209208748381,0.15873015873019597,0.7790553899817616,0.30231825992685085,0.08152074447812199,0.7616070100514656,1.181172182452298,1.1249258880518138,-0.034354370452134714,5.426113107072215,0.01624081459498851,1.3234422212371624,0.09090909090899696,15,0.046,1.1249258880518138,0.7616070100514656,LONG,1025,22.0,3,LOSS,2023-08-28
-1,188060,188059,188061,2023-08-28 16:00:00,2023-08-28 16:01:00,1919.625,1919.935,-0.5099999999999454,21.21630356345776,55.052568788043445,0.12068965517253884,1.057083377596001,0.47028345342293154,0.018334216296195922,0.34336133376195405,-0.6210367438960943,-1.9299149810306162,0.2730563336889883,3.4639499659517243,0.012851311012316798,1.0391849897856298,0.5227272727272493,15,0.188,1.9299149810306162,0.6566386662380459,SHORT,1026,26.0,4,LOSS,2023-08-28
1,188078,188077,188088,2023-08-28 16:18:00,2023-08-28 16:28:00,1919.958,1919.655,-0.5030000000001109,11.009343897652908,54.25258175068668,0.12472647702407655,0.8258349624709649,0.26584248353165263,0.006735894381466025,0.5871975761498595,0.2757181787476005,1.3004233688416456,-0.3621477660617818,5.187481198111818,0.010782627553379574,0.1421227725508759,0.8373983739839502,16,0.016,1.3004233688416456,0.5871975761498595,LONG,1027,17.0,5,LOSS,2023-08-28
-1,188099,188098,188100,2023-08-28 16:39:00,2023-08-28 16:40:00,1919.655,1919.708,-0.25300000000011097,17.877195489053964,38.62665710789545,0.1490125673251618,0.7667177920821173,0.627000613621711,0.0058925803954161795,0.3762183656558356,-0.9882136140240859,-3.162967449727789,0.7592181270509964,6.582391719705562,0.019590149849999683,0.6838848539947773,0.2,16,0.002,3.162967449727789,0.6237816343441644,SHORT,1028,11.0,6,LOSS,2023-08-28
-1,188101,188100,188103,2023-08-28 16:41:00,2023-08-28 16:43:00,1919.738,1919.715,-0.17699999999986177,18.29151223052546,35.29694367219686,0.44000000000025463,0.753654544015301,0.5877300876225638,0.0012409263663119947,0.40679613879187726,-0.7125854984132802,-2.71419042200366,0.6135138159612521,6.807578582875105,0.02338490008421234,0.0,1.0,16,0.002,2.71419042200366,0.5932038612081227,SHORT,1029,1.0,7,LOSS,2023-08-28
1,188168,188167,188175,2023-08-28 18:53:00,2023-08-28 19:01:00,1920.685,1920.598,-0.2869999999999891,11.263172009727127,38.56086090719061,0.1,0.6020198205393289,0.4609736257105795,0.0276563188106151,0.5040016430924108,0.022166705896109643,-2.6600047077986035,0.4278795359320672,4.581119218984058,0.24215614336283367,0.4433341179658739,0.4,18,0.002,-2.6600047077986035,0.5040016430924108,LONG,1030,130.0,8,LOSS,2023-08-28
1,188176,188175,188204,2023-08-28 19:02:00,2023-08-28 19:32:00,1920.705,1920.955,0.04999999999999999,9.361520368921024,57.94917188012758,0.19661733615249022,0.6999915821853153,0.26195559745085434,0.04194821881782823,0.9486508513837196,1.229965353602599,1.1012634773349899,0.049203773085095465,2.6536469333352533,0.22540813982492677,1.7248705066689705,0.022556390976903744,19,0.028,1.1012634773349899,0.9486508513837196,LONG,1031,1.0,9,WIN,2023-08-28
1,188221,188220,188233,2023-08-28 19:49:00,2023-08-28 20:01:00,1921.155,1921.135,-0.21999999999998182,17.401575568383464,47.36167426861969,0.3454545454548161,0.8821792669232369,0.5087607733692368,0.09754448608065404,0.9711664484343643,1.817119866482435,2.5041196482358923,0.19306308712566358,6.282074074052135,0.1563878197144814,1.4153719750909286,0.0,19,0.102,2.5041196482358923,0.9711664484343643,LONG,1032,17.0,0,LOSS,2023-08-28
1,188234,188233,188239,2023-08-28 20:02:00,2023-08-28 20:07:00,1921.285,1921.125,-0.36000000000008187,21.274139185105376,52.323408849691084,0.0,1.0629496144309747,0.9523827876322907,0.07670635377440385,0.7739055456720777,1.5860624815564992,3.620360012249767,-0.28993021140437725,5.43054001837269,0.18755666375013405,1.3791847665718062,0.44827586206861403,20,0.196,3.620360012249767,0.7739055456720777,LONG,1033,1.0,1,LOSS,2023-08-28
1,188240,188239,188253,2023-08-28 20:08:00,2023-08-28 20:21:00,1921.275,1921.535,0.059999999999990894,19.28817392883425,56.78187945790487,0.042735042735212156,1.111932125589027,0.5240660176308958,0.02936428882723181,0.6910643278286505,0.5664770442130491,1.0372114894063207,-0.2523661784155993,3.8297039608818064,0.19081132881183127,1.3563534861461688,0.2608695652171334,20,0.238,1.0372114894063207,0.6910643278286505,LONG,1034,1.0,2,WIN,2023-08-28
1,188254,188253,188257,2023-08-28 20:22:00,2023-08-28 20:25:00,1921.605,1921.515,-0.28999999999991816,22.383235717476488,47.39586707622136,0.1923076923077848,1.2398688048290123,1.300125790939082,0.008605232242054282,0.605016465976371,0.6091156790128595,3.1077330561822323,-0.4850069945607285,5.718228823375759,0.2527905904565631,0.4972372889887049,0.2727272727272727,20,0.41,3.1077330561822323,0.605016465976371,LONG,1035,1.0,0,LOSS,2023-08-28
1,188264,188263,188265,2023-08-28 20:32:00,2023-08-28 20:33:00,1921.525,1921.255,-0.4699999999999818,19.683048372226033,46.04002447681572,0.05738880918216641,1.3061781696187464,1.4486497424066198,0.014209287074252522,0.5305424128154753,0.17152995209918984,-0.3181390147105163,0.04665591065661653,5.567432757440064,0.18034774183847277,0.0,1.0,20,0.546,-0.3181390147105163,0.5305424128154753,LONG,1036,7.0,1,LOSS,2023-08-28
1,188267,188266,188283,2023-08-28 20:35:00,2023-08-28 20:51:00,1921.545,1921.555,-0.1900000000000091,16.616269026772418,45.19793830705696,0.026420079260365742,1.2575740009844893,1.159665205089863,0.038520464521986396,0.56914212123003,0.32208810245160513,-0.7114945338796927,0.909670963517149,5.74668661979369,0.18034774183847277,0.7114945338784483,0.0,20,0.536,-0.7114945338796927,0.56914212123003,LONG,1037,2.0,2,LOSS,2023-08-28
1,188293,188292,188294,2023-08-28 21:01:00,2023-08-28 21:02:00,1921.565,1921.405,-0.36000000000008187,13.338279985928272,49.76949640725172,0.016949152542346753,1.0784194367517705,0.6651303478066606,0.006721108511190315,0.501049180720448,0.0032111815938380486,-0.7706835827138881,0.3013893928989614,4.367206968716414,0.1118923812968056,0.25689452757129605,0.8260869565217391,21,0.424,-0.7706835827138881,0.501049180720448,LONG,1038,10.0,3,LOSS,2023-08-28
1,188296,188295,188302,2023-08-28 21:04:00,2023-08-28 21:10:00,1921.985,1921.425,-0.7599999999999454,13.300779615312766,51.60474341839742,0.33469945355188013,1.3036102281906328,0.8949573246971161,0.12022178439632897,1.1294314361327495,1.9221707283189942,1.4833779581261672,0.4587829276579258,3.6701641738151984,0.1118923812968056,3.191655155065173,0.004477611940193659,21,0.65,1.4833779581261672,1.1294314361327495,LONG,1039,2.0,4,LOSS,2023-08-28
1,188310,188309,188333,2023-08-28 21:18:00,2023-08-28 21:41:00,1921.815,1922.225,0.20999999999985447,12.63822739902182,58.66369634008829,0.12441679626753213,1.2715471309842985,1.0761919813459442,0.06454627906284358,0.7923692140274232,0.9723983754592761,2.3280335605035143,0.24351935775468364,3.8020212896859227,0.07019390511524636,1.300577408102241,0.2307692307695447,21,0.708,2.3280335605035143,0.7923692140274232,LONG,1040,8.0,5,WIN,2023-08-28
1,188334,188333,188342,2023-08-28 21:42:00,2023-08-28 21:50:00,1922.635,1922.355,-0.4799999999999727,17.292170887713752,56.89569470208501,0.2299528301887809,1.1974938951366578,0.989803890401524,0.10183707787210089,0.9621114252693945,1.399360932246644,1.7709838615456877,-0.08782576135751916,3.5257573444972925,0.18122549112955785,1.580511913050701,0.0,21,0.778,1.7709838615456877,0.9621114252693945,LONG,1041,1.0,0,LOSS,2023-08-28
1,188359,188358,188366,2023-08-28 22:07:00,2023-08-28 22:14:00,1922.335,1921.895,-0.6400000000000545,22.70510389027185,59.22049010632639,0.07189542483667513,1.1118115922290017,1.099417377759921,0.05294862452505931,0.6645396229807983,0.5658491731168122,-0.4022254301651985,0.5823104158191,4.256560377483631,0.09648624230932266,0.507663164287397,0.5185185185180818,22,0.8,-0.4022254301651985,0.6645396229807983,LONG,1042,17.0,1,LOSS,2023-08-28
1,188499,188498,188505,2023-08-29 00:27:00,2023-08-29 00:33:00,1924.835,1924.515,-0.5199999999999363,27.470532181737916,40.77741778246631,0.010869565217383245,1.1940798495939393,1.6061166871249535,0.04842803064503416,0.5766662037421005,0.48099177896049905,-1.456389450237326,0.3834657062058159,5.595601571966344,0.056069889862029015,0.34493434347705504,0.47058823529411764,0,0.908,-1.456389450237326,0.5766662037421005,LONG,1043,133.0,2,LOSS,2023-08-29
-1,188526,188525,188534,2023-08-29 00:54:00,2023-08-29 01:02:00,1924.115,1924.155,-0.23999999999996363,13.080236602270128,49.69459195554989,0.09278350515459567,0.9231925581993711,0.5250423008611806,0.07048677174601256,0.1453719447695474,-1.0684197607369146,-2.349976967352357,0.326109712061402,4.683558746559544,0.06422526868455468,0.7651087800674002,0.17647058823529413,0,0.566,2.349976967352357,0.8546280552304526,SHORT,1044,21.0,3,LOSS,2023-08-29
-1,188535,188534,188556,2023-08-29 01:03:00,2023-08-29 01:24:00,1923.885,1923.725,-0.03999999999991816,16.899792033973913,51.68543988836537,0.15343915343914452,1.0605663143111839,0.7001672214226021,0.050783188780844646,0.2563843613951864,-0.8223853527240749,-0.36449212309183204,0.1684080650760294,3.4626751693656708,0.1487174981464477,1.0023533385007253,0.11999999999989086,1,0.736,0.36449212309183204,0.7436156386048136,SHORT,1045,1.0,4,LOSS,2023-08-29
1,188600,188599,188605,2023-08-29 02:08:00,2023-08-29 02:13:00,1924.945,1924.645,-0.49999999999995454,17.583792516125822,53.41007455281352,0.1622828784119017,1.1325738263432867,1.0611900648609938,0.050232553273554435,0.5506916080707548,0.23430822710725585,-0.7128673042508166,0.5161539181821899,4.952551797952233,0.11094705028889754,0.6790999056275114,0.09500000000011369,2,0.924,-0.7128673042508166,0.5506916080707548,LONG,1046,44.0,5,LOSS,2023-08-29
-1,188632,188631,188669,2023-08-29 02:40:00,2023-08-29 03:17:00,1923.708,1922.725,0.7830000000001747,22.778515253019787,52.7667347669195,0.08860759493663235,1.0922300351856418,0.526743747883267,0.011818476229503654,0.37338710969865396,-0.2979340737278005,-0.3561257566442257,0.4626434264367772,3.5135293722539434,0.10596145314411859,0.403853950833374,0.7179487179490468,2,0.932,0.3561257566442257,0.626612890301346,SHORT,1047,27.0,6,WIN,2023-08-29
-1,188740,188739,188749,2023-08-29 04:28:00,2023-08-29 04:37:00,1922.764,1922.985,-0.42100000000000365,16.674299796657188,52.36752003197002,0.4054696789537128,0.8715499865659473,0.8624822482600172,0.09028307503182886,0.32563707164488315,-0.840496222514091,1.9989954845295468,-0.43697058658413757,5.120600124256539,0.04415681106821831,1.101742814021403,0.38604651162738557,4,0.53,-1.9989954845295468,0.6743629283551169,SHORT,1048,71.0,0,LOSS,2023-08-29
-1,188771,188770,188777,2023-08-29 04:59:00,2023-08-29 05:05:00,1922.935,1923.344,-0.6090000000001055,15.749700691709812,43.27970950389862,0.1741935483870646,1.105908228962852,0.622804725977031,0.026835695671966073,0.19952337289225308,-0.7952996224976925,-0.5200956407907473,0.2235676936733673,5.159476387475842,0.0094034340305273,0.7338772845513701,0.11538461538451449,4,0.902,0.5200956407907473,0.8004766271077469,SHORT,1049,22.0,1,LOSS,2023-08-29
-1,188779,188778,188785,2023-08-29 05:07:00,2023-08-29 05:13:00,1922.945,1923.215,-0.4699999999999818,11.733610675702069,43.81384048734638,0.32166890982496965,1.079067776257339,0.7152092080511844,0.05141841002838192,0.258857783261189,-0.7447810181766065,-0.5721625009428702,0.07253424462619786,5.010462578880721,0.009694923950000623,0.6659066395154682,0.014354066986390294,5,0.88,0.5721625009428702,0.741142216738811,SHORT,1050,2.0,2,LOSS,2023-08-29
-1,188883,188882,188983,2023-08-29 06:51:00,2023-08-29 08:31:00,1921.025,1916.165,4.660000000000127,33.9923139621256,55.31714878753832,0.2718446601941555,1.116357601436336,0.5532001032724773,0.07901254218082561,0.06518271945034987,-1.0549917341606236,-1.054193103021808,-0.037560261656032344,3.002853081335683,0.3149469428479519,1.150028839660088,0.0,6,0.87,1.054193103021808,0.9348172805496502,SHORT,1051,98.0,3,WIN,2023-08-29
-1,188992,188991,188998,2023-08-29 08:40:00,2023-08-29 08:46:00,1915.345,1915.945,-0.799999999999909,26.287013540571735,54.59727339763642,0.04975124378110325,1.3595259761928757,1.195829454425269,0.021819361815728928,0.4462462744147264,-0.16420118232502934,0.0702464951122864,-0.4491044425832763,3.7581874885105164,0.44124700536478967,0.42147897067411766,0.7142857142856757,8,1.0,-0.0702464951122864,0.5537537255852736,SHORT,1052,9.0,0,LOSS,2023-08-29
-1,189024,189023,189027,2023-08-29 09:12:00,2023-08-29 09:15:00,1916.945,1917.605,-0.8600000000000818,21.040169568127062,57.98804465953737,0.20754716981134233,1.122627714207812,1.1280583360173337,0.049023796676229296,0.411319683260656,-0.3065810477787999,1.0367019752727067,-0.09705321350969967,3.675579730512714,0.010549261504667132,0.40902605206193104,0.632203389830818,9,0.946,-1.0367019752727067,0.588680316739344,SHORT,1053,26.0,1,LOSS,2023-08-29
1,189049,189048,189052,2023-08-29 09:37:00,2023-08-29 09:40:00,1918.975,1918.274,-0.9010000000000218,17.316264756019876,46.57835538328478,0.17857142857141697,1.1664680203656994,0.8350082654346225,0.05894733634478485,0.8437707082257969,0.8731665772857907,0.103701493739392,-0.16496451912699062,3.959668702619675,0.14938691683678926,0.6049253801468464,0.5333333333334546,9,0.978,0.103701493739392,0.8437707082257969,LONG,1054,22.0,2,LOSS,2023-08-29
1,189053,189052,189109,2023-08-29 09:41:00,2023-08-29 10:37:00,1918.788,1932.288,13.3,14.153738652867263,54.979555869267315,0.06514738667324818,1.2308139561409481,0.830789957925156,0.03833616165718678,0.6655927484079348,0.3792997327795861,0.25395710184059234,0.40783914402039206,3.569421597035586,0.14445749446557826,0.7696614006704309,0.3975609756095363,9,1.0,0.25395710184059234,0.6655927484079348,LONG,1055,1.0,3,WIN,2023-08-29
1,189122,189121,189136,2023-08-29 10:50:00,2023-08-29 11:04:00,1932.815,1933.018,0.002999999999974523,17.79500668153572,61.872479966698634,0.08874239350916839,1.0336631445188893,1.0604493603388678,0.024455742380038153,0.5854597215132198,0.2977010428915647,-1.0248398201148974,0.24718340491237356,4.029709972296503,0.5484751531641693,0.5671443664713027,0.3666666666666414,10,0.906,-1.0248398201148974,0.5854597215132198,LONG,1056,13.0,0,WIN,2023-08-29
1,189140,189139,189189,2023-08-29 11:08:00,2023-08-29 11:57:00,1933.815,1936.325,2.3099999999999907,11.364354330286359,51.79855377971545,0.03083881578944687,0.8699177751770845,0.6759457384463655,0.02663524957141824,0.6411480010531588,0.428631512705069,0.8929823181364811,-0.29642856843227655,4.545017357456005,0.42379038893066523,0.26264185827547076,0.5555555555554994,11,0.876,0.8929823181364811,0.6411480010531588,LONG,1057,4.0,0,WIN,2023-08-29
1,189194,189193,189204,2023-08-29 12:02:00,2023-08-29 12:12:00,1936.888,1936.515,-0.5729999999998199,22.79314297017753,52.34091749761969,0.04324531190196571,0.7060152968995174,0.3413959132991653,0.03844908394973205,0.6317468419397607,0.38873938463316976,0.8093167557548565,0.11728331689956384,3.419545571614709,0.3503022553604615,0.0972152259164528,0.8312236286920317,12,0.564,0.8093167557548565,0.6317468419397607,LONG,1058,5.0,0,LOSS,2023-08-29
1,189223,189222,189226,2023-08-29 12:31:00,2023-08-29 12:34:00,1935.015,1934.274,-0.9410000000002128,28.84859299893004,56.73929666921345,0.3532091097309478,0.8112139781251558,0.7915280690881084,0.017962403539387894,0.5533241352648067,0.37673046842135305,0.25058597512076153,0.232210560923189,7.2013056927863275,0.04725021798930602,0.5936211449456847,0.23750000000011545,12,0.528,0.25058597512076153,0.5533241352648067,LONG,1059,19.0,1,LOSS,2023-08-29
1,189287,189286,189290,2023-08-29 13:35:00,2023-08-29 13:38:00,1937.305,1936.705,-0.8000000000001364,22.766142103249912,44.48933204715137,0.02926337033299373,0.9178769146669606,0.5746346501067268,0.09051540767576209,0.5800359883704,0.42547436727727644,-1.3079682176664136,0.5792351100283643,4.949762078620209,0.1759723488076825,0.4616358415294939,0.18181818181799392,13,0.42,-1.3079682176664136,0.5800359883704,LONG,1060,61.0,2,LOSS,2023-08-29
1,189291,189290,189294,2023-08-29 13:39:00,2023-08-29 13:42:00,1937.155,1936.845,-0.5099999999999454,18.905194981743758,58.688935648719124,0.18875502008033154,0.9347084593039514,0.5215809636961116,0.033984398095658334,0.5712904918280148,0.33946056249901196,0.2197400962602622,0.24824999224871996,4.874694089452566,0.1769437893299927,1.0608142578084792,0.37313432835816845,13,0.434,0.2197400962602622,0.5712904918280148,LONG,1061,1.0,3,LOSS,2023-08-29
1,189295,189294,189305,2023-08-29 13:43:00,2023-08-29 13:53:00,1936.985,1936.775,-0.409999999999809,15.046474508232356,54.32648390098952,0.021052631578927214,0.8831136090038636,0.3195277770547743,0.014411951539870564,0.6391305779405236,0.441803092413965,2.2840022840417826,0.1911136208021058,4.430414069045642,0.1612586294105658,0.38525339730793584,0.575757575757868,13,0.374,2.2840022840417826,0.6391305779405236,LONG,1062,1.0,4,LOSS,2023-08-29
1,189377,189376,189405,2023-08-29 15:05:00,2023-08-29 15:33:00,1936.875,1937.555,0.48000000000006365,23.65365001207088,61.49174051156257,0.09038572251006323,1.0081625402286332,0.38812860255823783,0.004173169950004956,0.6093576538815713,0.2833656753831186,-0.2945441585080323,-0.4585325446501131,2.9915750074936858,0.04768333548740141,0.3548724801294789,0.5000000000005684,15,0.166,-0.2945441585080323,0.6093576538815713,LONG,1063,72.0,5,WIN,2023-08-29
1,189410,189409,189416,2023-08-29 15:38:00,2023-08-29 15:44:00,1937.725,1937.625,-0.29999999999990906,15.625838715967769,59.68007289179453,0.06567534076841373,0.7620830700704221,0.2255622432657769,0.01923360177212187,0.6666787865383846,0.3537831109264616,0.8254939254933745,-0.00643124130786395,2.6954903689592604,0.22464693976956715,0.4492483948261178,0.5789473684210527,15,0.014,0.8254939254933745,0.6666787865383846,LONG,1064,5.0,0,LOSS,2023-08-29
1,189417,189416,189425,2023-08-29 15:45:00,2023-08-29 15:53:00,1937.825,1937.685,-0.34000000000010006,12.572056592938369,62.163427868495724,0.13684210526329899,0.7241641745224628,0.24296993985374066,0.04960947482104376,0.7695742130303405,0.6775187148391743,0.12558270895964854,-0.14275311084020473,2.7816570034586428,0.2338312274815166,1.0674530261584405,0.0,15,0.004,0.12558270895964854,0.7695742130303405,LONG,1065,1.0,1,LOSS,2023-08-29
1,189428,189427,189434,2023-08-29 15:56:00,2023-08-29 16:02:00,1937.885,1937.718,-0.36699999999991634,13.756465806208572,63.6669376018342,0.0704225352112225,0.7622346513317992,0.24537099448014835,0.06538906043259052,0.8367729569540833,0.8342823128388065,1.7764186128921524,-0.1346975684384823,2.918402006893323,0.23382649509380612,0.6154021623232858,0.48947368421077825,15,0.018,1.7764186128921524,0.8367729569540833,LONG,1066,3.0,2,LOSS,2023-08-29
1,189456,189455,189466,2023-08-29 16:24:00,2023-08-29 16:34:00,1937.415,1937.428,-0.18699999999985267,17.084513523508598,52.41018394362434,0.12727272727272726,0.6481325136832512,0.2778003562845292,0.006148718876139876,0.7759021662782905,0.998613431451923,0.9057083015515148,-0.05935206417943376,4.948715462088486,0.04826140610075204,1.2138358680578776,0.1875,16,0.006,0.9057083015515148,0.7759021662782905,LONG,1067,22.0,3,LOSS,2023-08-29
1,189478,189477,189484,2023-08-29 16:46:00,2023-08-29 16:52:00,1937.508,1937.408,-0.30000000000013644,15.890145694244318,47.76045700476976,0.25925925925838594,0.594084919667253,0.3404000800267668,0.056931911719724546,0.5480778845850054,0.25283438627919314,-1.7610355263249295,0.4305788748529184,4.616428844012641,0.01804434432040611,0.7547295112821127,0.25,16,0.004,-1.7610355263249295,0.5480778845850054,LONG,1068,12.0,4,LOSS,2023-08-29
-1,189535,189534,189537,2023-08-29 18:45:00,2023-08-29 18:47:00,1936.885,1937.055,-0.37000000000007277,13.17509039960345,57.161016432498634,0.06060606060597709,0.7896041184144064,0.34802733138739717,0.050343145095113055,0.3046426617146522,-0.5645104278607945,0.6477988516437762,-0.5149831453607348,2.8688234858531128,0.14167650768146112,0.27762807927590405,0.5,18,0.066,-0.6477988516437762,0.6953573382853477,SHORT,1069,113.0,5,LOSS,2023-08-29
-1,189539,189538,189541,2023-08-29 18:49:00,2023-08-29 18:51:00,1936.955,1937.045,-0.29000000000014553,11.96683223790925,62.1336733965077,0.14666666666674752,0.8060657010428385,0.33102170290831423,0.015077006892306035,0.43843791110805513,-0.16587731738166098,0.18430813042593028,-0.2451048878045321,2.9489300868169797,0.13972639417734042,0.6450784564928513,0.5882352941168603,18,0.074,-0.18430813042593028,0.5615620888919448,SHORT,1070,2.0,6,LOSS,2023-08-29
-1,189555,189554,189561,2023-08-29 19:06:00,2023-08-29 19:12:00,1936.998,1937.165,-0.36699999999991634,13.810279432123766,45.24049004447676,0.07949790794987836,0.8897073682356882,0.36595891875265235,0.019999553038535917,0.3362509124006984,-0.44114360324326474,0.11300230231016758,-0.03161795300980283,4.172392700635981,0.0593868426876272,0.0,1.0,19,0.128,-0.11300230231016758,0.6637490875993016,SHORT,1071,15.0,7,LOSS,2023-08-29
-1,189565,189564,189582,2023-08-29 19:16:00,2023-08-29 19:33:00,1936.628,1936.435,-0.007000000000016382,13.197985742737472,55.65835744943468,0.2457684495599421,1.1580837797245378,0.7322348374552359,0.19162625060892002,-0.14272232761233444,-2.3109393787833157,-3.3962496993840423,-0.2985534497675917,4.349582948334543,0.06252446799786665,1.6862081840797503,0.0,19,0.266,3.3962496993840423,1.1427223276123344,SHORT,1072,4.0,8,LOSS,2023-08-29
-1,189593,189592,189613,2023-08-29 19:44:00,2023-08-29 20:04:00,1936.315,1936.435,-0.31999999999989087,12.853771769621684,46.051919726691764,0.3333333333333333,0.8482161000721197,0.5457488820458324,0.0014416768925429352,0.44947801329897025,-0.18591972096769968,0.8647428882206244,0.15779574816614947,5.188457329315881,0.21436478039097362,1.2106400435061213,0.0,19,0.136,-0.8647428882206244,0.5505219867010298,SHORT,1073,11.0,9,LOSS,2023-08-29
-1,189615,189614,189621,2023-08-29 20:06:00,2023-08-29 20:12:00,1936.055,1936.365,-0.5099999999999454,15.89921141169859,48.30660197823391,0.23255813953496365,1.1403361025993086,0.5744480737967291,0.010704996679601496,0.10528724518681955,-0.8949703185050708,-1.1304888233758033,0.3346094462957462,4.01951581644508,0.19279291658844894,1.8213431043268105,0.2368421052630162,20,0.31,1.1304888233758033,0.8947127548131805,SHORT,1074,2.0,10,LOSS,2023-08-29
-1,189635,189634,189643,2023-08-29 20:26:00,2023-08-29 20:34:00,1936.155,1936.445,-0.48999999999996363,17.77454084684056,40.3443580040562,0.1604938271604765,1.2789342783748028,1.7144577436098882,0.10792567473144245,0.30091826729999094,-0.9925892850874404,0.04975384887653224,-0.3183150043459261,5.920708016312993,0.09623050822397967,0.5970461865195181,0.4782608695647446,20,0.49,-0.04975384887653224,0.6990817327000091,SHORT,1075,14.0,11,LOSS,2023-08-29
-1,189646,189645,189658,2023-08-29 20:37:00,2023-08-29 20:49:00,1936.175,1936.225,-0.24999999999995454,11.752536053638647,40.76281854584976,0.05660377358483281,1.250029076330144,1.5951030953183853,0.01678309698447537,0.25816488547323657,-1.0703563869546442,-2.5156935037068946,0.44800352835495855,5.600977989385752,0.07729106793541748,1.4239774549282884,0.03225806451610537,20,0.53,2.5156935037068946,0.7418351145267634,SHORT,1076,3.0,12,LOSS,2023-08-29
-1,189674,189673,189684,2023-08-29 21:05:00,2023-08-29 21:15:00,1936.088,1936.398,-0.5099999999999454,18.817207036340356,43.86378902173531,0.012527634487882066,1.2328403556270913,1.678505015427233,0.12587870705863546,0.2614415059680705,-1.117215689422616,-0.5649468148774093,-0.6708648400222381,4.626336121832313,0.017015742224357373,0.38701081019170663,0.7193548387096632,21,0.62,0.5649468148774093,0.7385584940319295,SHORT,1077,16.0,13,LOSS,2023-08-29
-1,189693,189692,189695,2023-08-29 21:24:00,2023-08-29 21:26:00,1935.998,1936.578,-0.7799999999999272,19.32554095155868,56.31540704952878,0.12642225031611212,1.3227712398440834,1.5281420539030774,0.07937613244630821,0.32929228312563646,-0.5865203820435895,-0.17010451915386818,-0.28527690827735075,3.561988631084552,0.02329432286542333,0.06804180766154727,0.9047619047620079,21,0.78,0.17010451915386818,0.6707077168743636,SHORT,1078,9.0,14,LOSS,2023-08-29
1,189743,189742,189749,2023-08-29 22:14:00,2023-08-29 22:20:00,1936.518,1936.375,-0.3430000000000291,11.944660211822006,65.56134862294513,0.043668122270694665,1.081831378001005,0.9869153440225049,0.05060892594719065,0.7315976138757281,0.6294824508021629,1.7331565275357104,-0.10752172318819755,3.0052934187475775,0.011125334833863009,0.06932626110136536,0.9200000000000728,22,0.804,1.7331565275357104,0.7315976138757281,LONG,1079,48.0,15,LOSS,2023-08-29
1,189750,189749,189767,2023-08-29 22:21:00,2023-08-29 22:38:00,1936.748,1936.755,-0.19299999999993817,11.2602207476185,62.846582355780875,0.4841549295773418,1.0190341210195006,0.7920713026735083,0.12196896270150234,1.0724932473078084,1.339701287694989,1.5338663165461452,0.28026232269099527,2.880675765220166,0.034552528134101236,1.5076783550439117,0.0,22,0.714,1.5338663165461452,1.0724932473078084,LONG,1080,1.0,16,LOSS,2023-08-29
1,189785,189784,189793,2023-08-29 22:56:00,2023-08-29 23:04:00,1936.625,1936.358,-0.46700000000005276,17.9411974872335,65.44038532622143,0.08888888888891415,0.9783029042805286,1.0820333927412729,0.07103599239303313,0.716651656677131,0.8082364613752656,0.5777244184238975,0.5656422242814836,4.4292205412466705,0.020123823279953688,0.9243590694777106,0.14285714285702686,22,0.696,0.5777244184238975,0.716651656677131,LONG,1081,18.0,17,LOSS,2023-08-29
-1,189817,189816,189818,2023-08-29 23:28:00,2023-08-29 23:29:00,1936.128,1936.445,-0.5170000000000072,13.481809446424586,42.99348534260334,0.15687629578440582,0.7769008831040228,0.6083497248656403,0.09102275172798986,0.22111178735512307,-0.9265922912663731,-0.4654116531476502,-0.23002536949549118,4.231015028615377,0.03567677477315043,0.16319629396113208,0.6493506493500741,23,0.394,0.4654116531476502,0.778888212644877,SHORT,1082,24.0,18,LOSS,2023-08-29
1,189853,189852,189859,2023-08-30 00:04:00,2023-08-30 00:10:00,1936.905,1936.685,-0.4200000000000273,12.808073264355237,48.66805318946738,0.2432432432431768,0.7429536494324351,0.46514895735229733,0.09116128848024894,0.9576789994407372,1.5205021774879803,2.601801214222711,-0.04549712404272613,3.715722223369042,0.06774010790456661,1.9891446591916861,0.13793103448265048,0,0.212,2.601801214222711,0.9576789994407372,LONG,1083,35.0,19,LOSS,2023-08-30
-1,189881,189880,189887,2023-08-30 00:32:00,2023-08-30 00:38:00,1936.125,1936.485,-0.5599999999998999,14.810523985607876,48.62234211630678,0.07865168539321823,0.9578278085954417,0.9380018230464926,0.07805580395899431,0.20045680166470425,-1.6088191433171921,-4.17791627309503,0.3201786079979279,5.206326432625034,0.042069624079250835,2.0568203190614716,0.030303030303009425,0,0.422,4.17791627309503,0.7995431983352957,SHORT,1084,22.0,20,LOSS,2023-08-30
-1,189891,189890,189910,2023-08-30 00:42:00,2023-08-30 01:01:00,1936.128,1936.245,-0.3169999999999618,14.023460628947152,62.645116365602846,0.001862197392879495,1.1849776492068222,0.5725729246890063,0.04582274466667862,0.2794259694740367,-0.5103025401317558,-0.6301167012012571,0.26960401852457966,3.0815926263092055,0.0719507219604758,0.67611062099687,0.44943820224669345,0,0.742,0.6301167012012571,0.7205740305259634,SHORT,1085,4.0,21,LOSS,2023-08-30
-1,189958,189957,189972,2023-08-30 01:49:00,2023-08-30 02:03:00,1935.928,1935.845,-0.11699999999991634,14.659869636838117,53.628311977574306,0.34419551934811354,1.1989185233468458,1.1879306485598813,0.0912770836680523,0.2275588722034975,-1.0248278011360668,1.0952358180090687,-0.34592277581808084,3.971734285085857,0.0020377952482381763,1.4041484846259353,0.3137254901962445,1,0.794,-1.0952358180090687,0.7724411277965025,SHORT,1086,48.0,22,LOSS,2023-08-30
-1,189982,189981,189992,2023-08-30 02:13:00,2023-08-30 02:23:00,1935.498,1936.035,-0.7370000000000345,18.611160846067595,45.490815258224124,0.21334259902710193,1.2304155079879406,1.916772242793449,0.06925997063303597,0.38078264763773284,-0.6413899270531274,1.147146634390932,-0.5297942933002673,4.723544965140576,0.08002314060790472,0.9784485999217901,0.14705882352931343,2,0.934,-1.147146634390932,0.6192173523622672,SHORT,1087,10.0,23,LOSS,2023-08-30
1,190005,190004,190016,2023-08-30 02:36:00,2023-08-30 02:47:00,1936.275,1936.205,-0.2700000000001637,17.069036455444362,59.74036992621184,0.11371712864256599,1.2248592261012547,1.6086060008198102,0.0023275647394358596,0.6076730032306642,0.4381183937273229,1.8040169153499066,-0.5197665170403883,4.658945271864704,0.01319301749999951,0.11454075653007013,0.8,2,0.986,1.8040169153499066,0.6076730032306642,LONG,1088,13.0,24,LOSS,2023-08-30
-1,190079,190078,190081,2023-08-30 03:50:00,2023-08-30 03:52:00,1935.315,1935.805,-0.690000000000009,18.153871648096114,56.795622999504054,0.15174506828536946,0.9324217805940771,1.0686531546463505,0.0350853386645684,0.4100970190344019,-0.3650629030299504,1.3731543907641417,-0.33694812774974353,4.460790120851837,0.10841190308541337,0.9023585996447271,0.25806451612884296,3,0.594,-1.3731543907641417,0.5899029809655981,SHORT,1089,63.0,25,LOSS,2023-08-30
1,190108,190107,190120,2023-08-30 04:19:00,2023-08-30 04:31:00,1935.995,1935.845,-0.3499999999998636,18.83543370099055,63.96914007895997,0.11363636363627555,1.034349021739704,1.1414094693564507,0.04897734258984133,0.5343862766562437,0.1346164504568844,-0.5514408813923483,0.31216239675599156,4.833217136907367,0.0333331373014378,0.03243769890538887,0.9000000000002274,4,0.83,-0.5514408813923483,0.5343862766562437,LONG,1090,27.0,26,LOSS,2023-08-30
1,190122,190121,190125,2023-08-30 04:33:00,2023-08-30 04:36:00,1936.335,1935.835,-0.7,16.681205564682365,60.26068489257318,0.15537303216985476,1.0060322983251586,0.8018599032545334,0.03439101295535941,0.8857894783823581,1.1066075714527615,1.3135807422506605,-0.45620956477102015,3.37826021660841,0.04278300280092733,1.44830697222493,0.0,4,0.77,1.3135807422506605,0.8857894783823581,LONG,1091,2.0,27,LOSS,2023-08-30
1,190128,190127,190130,2023-08-30 04:39:00,2023-08-30 04:41:00,1936.565,1935.925,-0.8400000000001,13.814116173973288,57.83448101489948,0.3027229044313897,1.0456890317154537,0.7530596579864983,0.12796953146065498,1.0451620497259473,1.3920722943692954,1.4046536593453915,0.2000467187735265,3.0258979056192565,0.04755044407483242,1.3377653898528916,0.12499999999988158,4,0.868,1.4046536593453915,1.0451620497259473,LONG,1092,3.0,28,LOSS,2023-08-30
1,190135,190134,190141,2023-08-30 04:46:00,2023-08-30 04:52:00,1936.395,1935.945,-0.6500000000000454,11.697631408690794,66.43469222101986,0.24778761061942095,0.9880505157271504,0.7801559606675419,0.0735808565153225,0.8714241441375968,1.0661246466337748,1.9879514388280544,0.14155131054224523,3.256127356701688,0.049546883468007945,1.062525769028734,0.0,4,0.716,1.9879514388280544,0.8714241441375968,LONG,1093,5.0,29,LOSS,2023-08-30
1,190145,190144,190152,2023-08-30 04:56:00,2023-08-30 05:03:00,1936.515,1935.985,-0.7300000000002,15.457665228156937,52.96296678584864,0.07407407407414165,0.9685219849058426,0.9023755915056717,0.04498726317918914,0.8282030262497061,1.1564451891495837,2.177257917841814,-0.40298493855157985,3.1052694893799107,0.0635006678398417,1.4277101100602327,0.21568627450961161,4,0.644,2.177257917841814,0.8282030262497061,LONG,1094,4.0,30,LOSS,2023-08-30
1,190156,190155,190160,2023-08-30 05:07:00,2023-08-30 05:11:00,1936.595,1936.008,-0.786999999999989,13.543026014841008,59.80110212915169,0.08571428571435068,0.9687357067922931,0.7042794035761387,0.07601187282708002,0.8286365079556194,0.9352178512092525,2.292557378450542,-0.09529129313801493,3.0567431712665623,0.08672116049452205,0.8005755924747531,0.0,5,0.6,2.292557378450542,0.8286365079556194,LONG,1095,4.0,31,LOSS,2023-08-30
1,190163,190162,190185,2023-08-30 05:14:00,2023-08-30 05:36:00,1936.615,1937.745,0.9299999999998818,11.817313424921192,59.95940663704648,0.1836917562724592,1.0366481598315898,0.8172906539836888,0.05719172807106337,0.7560781920804011,0.7752412648996287,0.5653840198763015,-0.22537095952589356,2.963277421820492,0.08660449579535547,0.0332578835220909,0.941176470588314,5,0.764,0.5653840198763015,0.7560781920804011,LONG,1096,3.0,32,WIN,2023-08-30
1,190186,190185,190189,2023-08-30 05:37:00,2023-08-30 05:40:00,1937.848,1937.715,-0.3330000000000382,32.56637407539913,45.836403721897796,0.016949152542347596,1.0346279337726865,1.6151194246468787,0.0001970527461103902,0.5992372646590038,0.6435099893084535,1.3514535847346492,-0.9087260891822129,6.278146237152308,0.25880792163955524,0.3601673367634298,0.5962962962957099,5,0.768,1.3514535847346492,0.5992372646590038,LONG,1097,1.0,0,LOSS,2023-08-30
1,190191,190190,190194,2023-08-30 05:42:00,2023-08-30 05:45:00,1937.955,1937.575,-0.5799999999998817,30.375575350228516,49.15214299384689,0.13432835820896197,0.9796187019758537,1.0303433214960485,0.018315345665096655,0.5583171133160761,0.26138204317411085,0.2480914308090387,0.17006638653807574,4.607412286458411,0.2598115297406072,0.38985796269991796,0.08333333333333333,5,0.614,0.2480914308090387,0.5583171133160761,LONG,1098,2.0,1,LOSS,2023-08-30
1,190200,190199,190201,2023-08-30 05:51:00,2023-08-30 05:52:00,1937.845,1937.618,-0.42700000000008914,24.386458258437003,50.67923991994331,0.018518518518495126,0.8516614414706538,0.6001839398277112,0.007253464790813934,0.5329654437592827,0.10559023056455506,0.43542363119067334,0.2395273425942176,4.097336369508097,0.2514407388403924,0.08708472623813467,0.9200000000000728,5,0.318,0.43542363119067334,0.5329654437592827,LONG,1099,6.0,2,LOSS,2023-08-30
1,190203,190202,190211,2023-08-30 05:54:00,2023-08-30 06:02:00,1938.078,1937.865,-0.41299999999996545,23.482972639456047,52.089933203253764,0.2569610182973211,0.8942719081163715,0.5658414973325291,0.10157573681184424,0.8786454195041054,1.0750817128557053,0.6311876518311157,0.48915898070841074,3.428215285434822,0.2514407388403924,0.6600655182550129,0.3846153846155864,5,0.35,0.6311876518311157,0.8786454195041054,LONG,1100,2.0,3,LOSS,2023-08-30
1,190213,190212,190214,2023-08-30 06:04:00,2023-08-30 06:05:00,1938.078,1937.688,-0.5899999999998726,21.76343119021683,48.8997867616581,0.0,0.9570959819321695,0.8644230607535824,0.011502770982398719,0.6189217342206329,0.46656556275787875,1.2792616912144903,-0.43178226300095357,4.494703239401414,0.24851371499750877,0.1421401879128182,0.7482993197275439,6,0.46,1.2792616912144903,0.6189217342206329,LONG,1101,2.0,4,LOSS,2023-08-30
1,190281,190280,190289,2023-08-30 07:12:00,2023-08-30 07:20:00,1938.115,1937.685,-0.6300000000000636,18.14298665124571,50.1814282691995,0.31730769230770806,1.0931822767990564,0.8696787534797566,0.16370047804444726,1.0819689312357212,2.1520696506382424,1.7725193183418178,0.48437555990867925,4.007434980598435,0.0237126643579483,2.73584503483186,0.04054054054050317,7,0.564,1.7725193183418178,1.0819689312357212,LONG,1102,67.0,5,LOSS,2023-08-30
1,190293,190292,190304,2023-08-30 07:24:00,2023-08-30 07:35:00,1938.045,1938.155,-0.09000000000010006,16.261907295078704,56.223360033828556,0.07272727272730843,1.1485526823516843,1.184775205180365,0.08335979589857613,0.7638238134737388,1.1959838464433066,2.6270165413187727,0.12660473791268786,3.8022607834874282,0.06379726040807449,0.34566007122663,0.6428571428566209,7,0.742,2.6270165413187727,0.7638238134737388,LONG,1103,4.0,6,LOSS,2023-08-30
1,190305,190304,190344,2023-08-30 07:36:00,2023-08-30 08:15:00,1938.325,1938.755,0.23000000000006365,14.695112833813592,39.718024435412595,0.11258278145698555,1.0184756116175013,1.1108142551084077,0.04435021111188015,0.6859094223555,0.9131956058259942,2.2331420928489676,-0.4463483435669776,5.2239573957728895,0.15660275011481473,0.6380405979572364,0.19999999999977264,7,0.478,2.2331420928489676,0.6859094223555,LONG,1104,1.0,7,WIN,2023-08-30
1,190345,190344,190351,2023-08-30 08:16:00,2023-08-30 08:22:00,1941.895,1939.835,-2.2599999999999456,25.10613417148194,39.830608762239194,0.4143280460170681,1.7067631237496643,2.391223582437565,0.260277635895672,1.3664115006014195,3.7341184280300417,4.661284506700548,0.6544367891646123,5.488543190483534,0.2142870976299756,4.995369744381846,0.05988023952097317,8,1.0,4.661284506700548,1.3664115006014195,LONG,1105,1.0,0,LOSS,2023-08-30
1,190355,190354,190378,2023-08-30 08:26:00,2023-08-30 08:49:00,1940.465,1942.935,2.270000000000027,17.964038154331952,58.576274023076294,0.31034482758619675,1.6825988039051964,2.2886905538982485,0.03626022244137025,0.6477374490863993,0.49480024967178027,0.6869714829204724,-0.009053245431702496,4.073620372406195,0.19257813273200208,0.38566820093777543,0.6049382716049903,8,0.992,0.6869714829204724,0.6477374490863993,LONG,1106,4.0,1,WIN,2023-08-30
1,190379,190378,190390,2023-08-30 08:50:00,2023-08-30 09:01:00,1944.395,1944.105,-0.48999999999996363,23.211068144574092,65.8265535001052,0.1907131011608855,1.375921179730585,1.3714860800567157,0.04641914695455492,0.6774774889492343,0.4057972035296117,-0.0590250477860196,0.052606102966981275,5.095829125530832,0.37640651108284845,1.3379010831511198,0.007299270072985432,8,0.968,-0.0590250477860196,0.6774774889492343,LONG,1107,1.0,0,LOSS,2023-08-30
1,190403,190402,190408,2023-08-30 09:14:00,2023-08-30 09:19:00,1944.475,1943.845,-0.8299999999998817,13.94730561655625,56.82858717572209,0.17948717948719742,1.029847323324846,1.4982031576117842,0.0590018684096716,0.5998089968132048,0.38100064600601646,-0.6416710185545897,0.35277470048861564,3.93413520889724,0.3294556041098793,0.4476774548057788,0.5147058823527593,9,0.888,-0.6416710185545897,0.5998089968132048,LONG,1108,13.0,1,LOSS,2023-08-30
1,190410,190409,190428,2023-08-30 09:21:00,2023-08-30 09:39:00,1944.275,1945.388,0.9129999999998291,10.958592926731914,52.88180866949499,0.3032258064515883,0.9632450978206464,0.8924936077366513,0.027236126543548195,0.6872239509267317,0.4741142904490451,-0.6839974082060588,-0.018634042213071696,3.1374663724230465,0.27089373555762153,0.2780598159444635,0.5078947368422202,9,0.874,-0.6839974082060588,0.6872239509267317,LONG,1109,2.0,2,WIN,2023-08-30
1,190436,190435,190453,2023-08-30 09:47:00,2023-08-30 10:04:00,1946.465,1945.625,-1.039999999999918,19.76952439502796,48.64126378825107,0.18666666666663906,1.1432696633839965,1.7203696879774664,0.10725968843916892,0.8041571120885187,1.2151594165273687,0.5721512292305396,0.4405440057442851,4.317036437855568,0.1953012327140576,0.9785282592471574,0.23423423423424716,9,0.95,0.5721512292305396,0.8041571120885187,LONG,1110,8.0,0,LOSS,2023-08-30
1,190461,190460,190472,2023-08-30 10:12:00,2023-08-30 10:23:00,1947.055,1946.765,-0.48999999999996363,14.531324593577303,51.354645342948054,0.005238344683105338,1.143257965362008,1.415717237916538,0.0071058509103067765,0.5511476298278084,0.18228058898068283,-0.7240116852046807,-0.06376757566158772,3.74782519400033,0.1569617479718144,0.2981224586136351,0.5409836065573465,10,0.95,-0.7240116852046807,0.5511476298278084,LONG,1111,8.0,1,LOSS,2023-08-30
1,190481,190480,190484,2023-08-30 10:32:00,2023-08-30 10:35:00,1947.445,1946.448,-1.1969999999998435,14.343700503357008,46.23715767731928,0.04748876294706776,0.9757643446527695,1.2303607827157024,0.040679343833045986,0.5074687726766388,0.03017334715114922,-0.9930468682576787,0.6933970136637835,3.993830802210758,0.15753260390347504,0.34374699285841614,0.3076923076921283,10,0.79,-0.9930468682576787,0.5074687726766388,LONG,1112,9.0,2,LOSS,2023-08-30
1,190492,190491,190493,2023-08-30 10:43:00,2023-08-30 10:44:00,1946.915,1946.048,-1.0669999999999618,13.394904788391106,54.661716131139606,0.00346389555026539,0.976050353444976,0.9454524200750138,0.03443182478409854,0.6809004761761317,0.590836044514663,-0.2918502493846946,0.21938481797536385,3.0213572072885015,0.0906131528430916,0.2867075137131284,0.724691358024446,10,0.784,-0.2918502493846946,0.6809004761761317,LONG,1113,8.0,3,LOSS,2023-08-30
1,190494,190493,190501,2023-08-30 10:45:00,2023-08-30 10:52:00,1946.478,1946.125,-0.5530000000000654,13.037725261472232,56.60628238055439,0.02265081856920975,0.9772518990590747,0.9367271742672959,0.013033913702712622,0.5006321697530935,0.0020558872340688656,-0.6822975757838894,0.5932156846498015,3.0195843749385816,0.0906131528430916,0.5345306808400833,0.38823529411758806,10,0.782,-0.6822975757838894,0.5006321697530935,LONG,1114,1.0,4,LOSS,2023-08-30
1,190507,190506,190511,2023-08-30 10:58:00,2023-08-30 11:02:00,1946.565,1945.928,-0.8369999999999436,11.007122669421282,60.89404602535852,0.03426545884205661,0.8353380461541637,0.5561499978681574,0.020396073860492372,0.6827689582318137,0.46148797370639066,-0.5983930503853783,0.0660308567105727,3.0216376345902973,0.05887706855193621,0.26375451256665183,0.7431781701443504,10,0.688,-0.5983930503853783,0.6827689582318137,LONG,1115,6.0,5,LOSS,2023-08-30
-1,190534,190533,190552,2023-08-30 11:25:00,2023-08-30 11:43:00,1945.565,1944.975,0.3900000000001455,8.69434244866946,40.83120390671111,0.0924974306269747,0.7309346147280357,0.6074813181352557,0.0012333065095768898,0.4620300775977262,-0.1458110922467322,1.1840130294864513,-0.06716965659684045,3.9923930804502867,0.02518289264117778,0.2246704040769025,0.6551724137933738,11,0.622,-1.1840130294864513,0.5379699224022738,SHORT,1116,23.0,6,WIN,2023-08-30
-1,190555,190554,190563,2023-08-30 11:46:00,2023-08-30 11:54:00,1944.498,1944.915,-0.6169999999999163,26.481521550011067,60.601863175461965,0.12034179919294881,0.8518993130773723,0.39246680036403997,0.07326495423139355,0.14676190445598344,-0.8271029289490742,-0.8925270423587339,-0.07655734832066591,3.1144386255616174,0.10565013606485119,0.7044065884659225,0.4288135593219731,11,0.628,0.8925270423587339,0.8532380955440165,SHORT,1117,3.0,0,LOSS,2023-08-30
-1,190570,190569,190587,2023-08-30 12:01:00,2023-08-30 12:18:00,1944.645,1944.305,0.13999999999991813,31.277687691368147,58.19865116714532,0.1017597551645622,0.7189289304577058,0.2305679904766601,0.035599938594584976,0.26105347781339655,-0.44490984246147636,0.41643901204582506,-0.17802403049572305,3.0793823543810133,0.1062176265985848,0.3937756644513762,0.6062322946179305,12,0.542,-0.41643901204582506,0.7389465221866034,SHORT,1118,7.0,1,WIN,2023-08-30
-1,190590,190589,190596,2023-08-30 12:21:00,2023-08-30 12:27:00,1943.615,1944.125,-0.7099999999999909,35.023725755372745,59.876368778753225,0.1929824561402529,0.7672712909787966,0.33145903099651763,0.08545801806556326,0.17397615651772247,-0.900035455266398,-1.0900593075237095,0.015287756593879733,3.6531717333215616,0.15264808374738909,0.7659876215028757,0.10344827586198786,12,0.488,1.0900593075237095,0.8260238434822775,SHORT,1119,3.0,0,LOSS,2023-08-30
-1,190615,190614,190618,2023-08-30 12:46:00,2023-08-30 12:49:00,1943.798,1944.308,-0.7099999999999909,18.951772473093776,60.19801631986586,0.1857000993050211,0.7374259970302658,0.22167056703982066,0.052947226936369385,0.16171630171064294,-0.6348715277336616,-0.7002782248803641,-0.17871058271109277,2.701580969079979,0.1299727449521209,0.42656541617094834,0.36842105263113806,12,0.336,0.7002782248803641,0.8382836982893571,SHORT,1120,19.0,1,LOSS,2023-08-30
1,190670,190669,190673,2023-08-30 13:42:00,2023-08-30 13:45:00,1945.075,1944.558,-0.7170000000000527,30.103698405779937,43.76907162517496,0.2394366197182783,0.9039313688311382,0.5358234588086116,0.052389661204880186,0.6974851705366799,0.8008656063174714,-0.3850315414982793,0.2978668029498604,4.889900577032524,0.047784514121981335,1.0395851620462295,0.43750000000005923,13,0.3,-0.3850315414982793,0.6974851705366799,LONG,1121,53.0,2,LOSS,2023-08-30
-1,190699,190698,190700,2023-08-30 14:11:00,2023-08-30 14:12:00,1943.695,1944.195,-0.7,30.684631557051947,50.21996477521055,0.006289308176093434,0.9320484928826163,0.5297426235070286,0.04921454329590751,0.34372317855196216,-0.5480728963862209,1.104325985255624,-0.45503044645981067,3.885591429603569,0.11737377932855107,1.3088307973407565,0.05882352941168603,14,0.262,-1.104325985255624,0.6562768214480379,SHORT,1122,26.0,3,LOSS,2023-08-30
-1,190709,190708,190736,2023-08-30 14:21:00,2023-08-30 14:48:00,1943.978,1943.575,0.20300000000002,20.46146950174512,59.40464590684655,0.25335720680406343,0.9072878314695203,0.4204809687239382,0.018726362970713378,0.3836045446250528,-0.3157626490572194,-0.1163109348510658,-0.14445152793737895,3.144703053375662,0.10203750263546948,0.25846874411282655,0.7272727272730092,14,0.184,0.1163109348510658,0.6163954553749472,SHORT,1123,9.0,4,WIN,2023-08-30
-1,190752,190751,190761,2023-08-30 15:04:00,2023-08-30 15:13:00,1943.168,1943.565,-0.5970000000001618,15.429893665260689,45.51916521003104,0.342465753424649,0.9041082540088751,0.6533909007845297,0.24250926630894323,-0.12163507227406319,-2.4080421503714615,-1.6538062635217659,-0.9745616921481842,3.9089966228703537,0.11318622970501888,2.3554210419862014,0.0,15,0.048,1.6538062635217659,1.1216350722740631,SHORT,1124,16.0,0,LOSS,2023-08-30
-1,190774,190773,190780,2023-08-30 15:26:00,2023-08-30 15:32:00,1943.495,1943.615,-0.32000000000011825,13.124193117043095,55.56291075372412,0.050000000000184744,0.7846182357234166,0.4766846713912521,0.03904210763475643,0.45703392006159155,-0.14497443640021873,0.43362889458732523,-0.5664290717439254,4.731085402154831,0.074740327985206,0.12944146107262244,0.799999999998181,15,0.002,-0.43362889458732523,0.5429660799384084,SHORT,1125,13.0,1,LOSS,2023-08-30
-1,190781,190780,190800,2023-08-30 15:33:00,2023-08-30 15:52:00,1943.475,1943.355,-0.08000000000010915,10.085628663451928,54.493678968108924,0.14285714285691084,0.7882045159142348,0.4291675522645724,0.006611819139793863,0.4029879984971181,-0.2948291690566912,0.33503314665927836,0.01836334603022088,3.1493115785859422,0.08506614356357402,0.7370729226470605,0.08333333333507022,15,0.008,-0.33503314665927836,0.5970120015028819,SHORT,1126,1.0,2,LOSS,2023-08-30
-1,190825,190824,190833,2023-08-30 16:17:00,2023-08-30 16:26:00,1943.155,1943.285,-0.33000000000010915,13.392896218432213,43.21465039069289,0.275362318840637,0.7444001363130416,0.38479081971023604,0.1347004991706861,-0.0892337544921539,-1.8654341526507212,-2.3259777464482116,-0.3819445347461702,3.628525284460141,0.0350196115671809,1.6747039774433048,0.09999999999988632,16,0.022,2.3259777464482116,1.089233754492154,SHORT,1127,25.0,3,LOSS,2023-08-30
-1,190836,190835,190859,2023-08-30 16:29:00,2023-08-30 16:52:00,1943.195,1942.965,0.03000000000001818,12.281956558850798,37.92586794662772,0.06814310051116662,0.9219955985504077,0.6465714182233032,0.036673657451457384,0.3053518552747145,-0.7776364635909706,-1.2337676043880836,0.08185859537659776,6.313987151866583,0.05343797549474515,0.6531710846768208,0.18181818181780598,16,0.056,1.2337676043880836,0.6946481447252855,SHORT,1128,3.0,4,WIN,2023-08-30
-1,190861,190860,190869,2023-08-30 16:54:00,2023-08-30 18:02:00,1942.358,1943.215,-1.0569999999999709,44.7276304023448,41.34966056544884,0.4067663257276828,1.2235362526767741,0.9926479727966867,0.17303450101665604,-0.006674578997913709,-1.928841605949498,-2.0965170981531616,-0.47239999692016854,5.413326424113362,0.15547822897379876,2.004765802829277,0.2010968921387474,16,0.288,2.0965170981531616,1.0066745789979137,SHORT,1129,2.0,0,LOSS,2023-08-30
1,190937,190936,190938,2023-08-30 19:10:00,2023-08-30 19:11:00,1944.415,1944.225,-0.3900000000000546,29.231509199938113,59.943919844512145,0.06918238993704756,1.0275631974351302,0.776077454208267,0.007904724439262871,0.5261771347082368,0.08366414900222098,-0.44266745503176247,0.5461125204735553,3.20048569988236,0.1547449632376404,0.6064544133938166,0.1273885350317918,19,0.382,-0.44266745503176247,0.5261771347082368,LONG,1130,68.0,1,LOSS,2023-08-30
1,190950,190949,190976,2023-08-30 19:23:00,2023-08-30 19:50:00,1944.115,1944.145,-0.1700000000000273,29.628751149989387,43.07956718034064,0.13033175355441107,0.932748409896158,0.990402963489903,0.00654772817696476,0.6307789794682402,0.6108449830499195,-1.4713043611663472,0.23289904284913507,4.312443817212941,0.0032752780493293747,1.0654272960173283,0.0,19,0.238,-1.4713043611663472,0.6307789794682402,LONG,1131,12.0,2,LOSS,2023-08-30
1,191014,191013,191024,2023-08-30 20:28:00,2023-08-30 20:38:00,1945.115,1944.985,-0.33000000000010915,22.353430300990773,60.90103459958185,0.01612903225804677,1.0412461810668767,0.713892078299106,0.06827565378404467,0.8048133370061147,1.0819397907522084,1.6572986327572488,-0.3332908415883989,4.695679459480337,0.16695245566467617,0.8838926041377855,0.11111111111097076,20,0.314,1.6572986327572488,0.8048133370061147,LONG,1132,38.0,3,LOSS,2023-08-30
1,191026,191025,191032,2023-08-30 20:40:00,2023-08-30 20:46:00,1945.295,1945.025,-0.4699999999999818,15.332622478304536,61.90212780483551,0.2605042016807558,1.012956418998075,0.6381818852966856,0.07050089844691201,0.8206744654004181,1.0461524218474991,2.6082933010791844,-0.009403973235677918,3.3454196687760365,0.19704862503809262,1.0773385374024962,0.09523809523799212,20,0.3,2.6082933010791844,0.8206744654004181,LONG,1133,2.0,4,LOSS,2023-08-30
1,191042,191041,191073,2023-08-30 20:56:00,2023-08-30 21:27:00,1945.245,1946.235,0.7900000000000091,16.81107899907882,43.327073331322566,0.12582781456955439,1.036236881277468,0.8579158177457448,0.09910107146844506,0.6756218820738253,0.7529888159794296,-0.33342678198353926,0.6947574608013837,4.44569042645098,0.2038254246731196,0.16671339099303317,0.6249999999982236,20,0.35,-0.33342678198353926,0.6756218820738253,LONG,1134,10.0,5,WIN,2023-08-30
1,191077,191076,191086,2023-08-30 21:31:00,2023-08-30 21:40:00,1946.955,1946.595,-0.5599999999998999,31.161986366033254,56.43631400699359,0.20975609756087715,1.3003057879929696,0.8053903577794018,0.12884464960925465,1.0684973553579364,1.66412581502225,2.5610031516095724,0.2234567423536757,3.4380590254495162,0.3942981766747507,1.9646051573994956,0.3333333333333333,21,0.896,2.5610031516095724,1.0684973553579364,LONG,1135,4.0,0,LOSS,2023-08-30
1,191091,191090,191103,2023-08-30 21:45:00,2023-08-30 21:57:00,1946.995,1946.975,-0.21999999999998182,21.697237964987217,54.15025298697573,0.09333333333324845,1.217514262867437,1.0082144404191364,0.03471245205350589,0.69061997136045,0.6907048519614799,1.983211951177073,0.1101274382594339,4.342550306886509,0.35166141327268197,0.5812862615519946,0.22727272727249237,21,0.91,1.983211951177073,0.69061997136045,LONG,1136,5.0,1,LOSS,2023-08-30
1,191108,191107,191111,2023-08-30 22:02:00,2023-08-30 22:05:00,1947.335,1947.085,-0.45,15.979157329328878,52.67997579039577,0.11392405063278023,0.9554015494192559,0.7253783927637404,0.06450683369434178,0.6772083014212641,0.6268835182435961,-0.32385126403676584,0.23608288127128274,4.39512429764603,0.34570420074368796,0.13879339887289965,0.625,22,0.54,-0.32385126403676584,0.6772083014212641,LONG,1137,5.0,2,LOSS,2023-08-30
1,191119,191118,191121,2023-08-30 22:13:00,2023-08-30 22:15:00,1947.165,1947.005,-0.3599999999998545,13.294956956418437,47.4700929925563,0.09629629629638363,0.9444394469118699,0.6650213625804576,0.008128882193356404,0.6394643565539978,0.4373403952754263,0.43253445686699504,-0.009518835167598223,3.5563944231319042,0.2590713198454472,0.9131282978303228,0.20833333333408335,22,0.508,0.43253445686699504,0.6394643565539978,LONG,1138,8.0,3,LOSS,2023-08-30
1,191123,191122,191132,2023-08-30 22:17:00,2023-08-30 22:26:00,1947.215,1947.145,-0.26999999999993635,11.389158420147098,54.655266923704,0.2598425196849858,0.9236480025125383,0.6413923014070769,0.05785455209674611,0.6858430990063884,0.5566649143804152,-0.7488765664301253,0.4852822034851799,3.6944577277197572,0.23107298553605193,1.1482774018589201,0.07999999999992724,22,0.456,-0.7488765664301253,0.6858430990063884,LONG,1139,2.0,4,LOSS,2023-08-30
1,191149,191148,191152,2023-08-30 22:43:00,2023-08-30 22:46:00,1946.925,1946.365,-0.7599999999999454,25.724611919776464,52.224996377574016,0.20815836832636156,1.0867827111731398,1.2725768475432309,0.06871396443990525,0.6640790723645921,0.7895576095700791,0.08081449432641814,0.6284006812239591,6.574259113459904,0.03919100257737208,1.7375116280198277,0.0,22,0.856,0.08081449432641814,0.6640790723645921,LONG,1140,17.0,5,LOSS,2023-08-30
-1,191166,191165,191195,2023-08-30 23:00:00,2023-08-30 23:29:00,1945.905,1945.398,0.30700000000006183,31.19054227279718,47.57209121881226,0.1136363636363607,1.0754842111686753,1.2969120248238644,0.0063334178192686365,0.3323190535602749,-0.7971395240683354,-1.9442427416307764,0.5625579726397298,5.871613079724909,0.08380114941160453,0.933236515982808,0.22580645161330545,22,0.872,1.9442427416307764,0.6676809464397251,SHORT,1141,14.0,6,WIN,2023-08-30
-1,191202,191201,191206,2023-08-30 23:36:00,2023-08-30 23:40:00,1944.735,1945.295,-0.7600000000001728,37.25493262970933,43.31070005101666,0.49875930521104134,0.9513272302711822,0.6998194022268235,0.24171041764535747,-0.3730756648561935,-2.8008275353280303,-3.0141916643811593,-0.9152262148035143,4.015696759929298,0.2513617863494398,3.1593373304025807,0.06714285714258615,23,0.56,3.0141916643811593,1.3730756648561935,SHORT,1142,7.0,0,LOSS,2023-08-30
-1,191207,191206,191217,2023-08-30 23:41:00,2023-08-30 23:51:00,1945.195,1945.075,-0.08000000000010915,42.46365657283877,46.20881013750913,0.11839911061700664,1.0074764669931764,0.7005247689903629,0.03953100193986234,0.3477868534941586,-0.4487200643309491,-0.6365770753892364,0.291055709526745,4.273524422192767,0.23067408704384015,0.4896746733768028,0.3529411764701162,23,0.696,0.6365770753892364,0.6522131465058414,SHORT,1143,1.0,1,LOSS,2023-08-30
-1,191226,191225,191231,2023-08-31 00:00:00,2023-08-31 00:05:00,1945.055,1945.375,-0.5199999999999363,31.3425227388956,38.95310306138005,0.0,0.8621516730391776,0.7772739111075427,0.04686140809086772,0.46056103534955417,-0.16541955939759473,1.4987678200326322,-0.5215686028362557,4.884872894920844,0.21579163535481263,0.6661190311250533,0.25,23,0.38,-1.4987678200326322,0.5394389646504458,SHORT,1144,9.0,2,LOSS,2023-08-31
-1,191248,191247,191265,2023-08-31 00:22:00,2023-08-31 00:39:00,1945.435,1945.345,-0.11000000000008187,23.35764732783607,36.99326367490942,0.4029850746265212,0.7732654842458857,0.9736475304082791,0.1278439273920329,0.37582430521735427,-0.8282412412685705,0.21056980710128628,-0.721501819661917,7.440133184251832,0.03422794673689545,0.28075974280171506,0.7894736842107782,0,0.138,-0.21056980710128628,0.6241756947826458,SHORT,1145,17.0,3,LOSS,2023-08-31
1,191283,191282,191291,2023-08-31 00:57:00,2023-08-31 01:05:00,1945.675,1945.385,-0.48999999999996363,15.173705132542816,44.78848884193968,0.06849315068488884,0.783315218047003,0.4514141777674106,0.025899492811395954,0.7233161429206957,0.8445810253983188,0.3412448587467171,-0.25247879392041545,3.9243158755891865,0.012641217458049496,1.1090457909268305,0.07142857142857142,0,0.05,0.3412448587467171,0.7233161429206957,LONG,1146,18.0,4,LOSS,2023-08-31
-1,191316,191315,191324,2023-08-31 01:30:00,2023-08-31 01:38:00,1944.905,1944.975,-0.26999999999993635,18.51547762605007,45.43326897557219,0.10000000000007106,1.1461808944143899,0.8195095573769337,0.06901089709953838,0.3482411274970617,-0.586353921653698,0.26060174295706745,-0.24225205261959584,5.2641552077375025,0.1085522907475819,0.5212034859141349,0.16666666666666666,1,0.476,-0.26060174295706745,0.6517588725029383,SHORT,1147,25.0,5,LOSS,2023-08-31
-1,191330,191329,191346,2023-08-31 01:44:00,2023-08-31 02:00:00,1944.765,1945.265,-0.7,12.429033778420468,58.88799003761867,0.1448275862068944,1.2885393928559774,0.7929636826783882,0.03592345749592412,0.21075169900816335,-0.8251496521823759,-1.0921098337706834,-0.01980058593443986,3.1549839642247837,0.1280382777634367,1.4561464450269648,0.32075471698114827,1,0.832,1.0921098337706834,0.7892483009918366,SHORT,1148,6.0,6,LOSS,2023-08-31
-1,191353,191352,191358,2023-08-31 02:07:00,2023-08-31 02:12:00,1944.845,1945.065,-0.4200000000000273,15.743213010622487,42.699167173672635,0.22115384615387138,1.2155338641130644,1.3118507378300492,0.03220076178610629,0.4973889351644747,-0.011370953008401366,1.2887080075513124,-0.7919599561033167,4.851606616664829,0.08161348923711166,0.0,1.0,2,0.874,-1.2887080075513124,0.5026110648355253,SHORT,1149,7.0,7,LOSS,2023-08-31
-1,191361,191360,191374,2023-08-31 02:15:00,2023-08-31 02:28:00,1944.645,1944.915,-0.4699999999999818,11.710906858793212,47.76963856963213,0.14563106796128936,1.1948726444657038,1.273248541349751,0.04803738990501531,0.2512320229679978,-1.0564724066404423,-2.393424213274065,0.16316576870318508,4.78684842654728,0.08365555024562725,1.4584928799640298,0.15217391304332784,2,0.878,2.393424213274065,0.7487679770320022,SHORT,1150,3.0,8,LOSS,2023-08-31
-1,191375,191374,191406,2023-08-31 02:29:00,2023-08-31 03:00:00,1944.515,1943.725,0.590000000000191,13.568919883063163,56.94221929108742,0.18681318681324996,1.1658842373511515,1.0329439825051465,0.024942597419177443,0.26039905521703244,-0.808538335970094,-2.080662986468923,0.030743793588622115,4.05181739470194,0.11895623694229138,1.5331200952927158,0.15999999999985448,2,0.92,2.080662986468923,0.7396009447829676,SHORT,1151,1.0,9,WIN,2023-08-31
1,191436,191435,191448,2023-08-31 03:30:00,2023-08-31 03:42:00,1945.595,1945.535,-0.25999999999994544,19.932118712281888,46.39158422564824,0.02777777777775146,1.0422002061300497,1.0600026569936123,0.08982610324944458,0.7971492822165962,1.120117033478839,0.9072599025064397,0.21091321677154884,3.908196503105213,0.104266488310465,0.9421545141412724,0.2500000000003158,3,0.908,0.9072599025064397,0.7971492822165962,LONG,1152,30.0,0,LOSS,2023-08-31
1,191471,191470,191474,2023-08-31 04:05:00,2023-08-31 04:08:00,1945.225,1945.025,-0.3999999999998181,11.714752711293702,65.5169552755028,0.21348314606730664,0.9282357966917985,0.508089319868531,0.06247159466639384,0.8820900915717237,0.8453917669022766,0.8960373566223734,0.2822033821810978,2.4154050482890552,0.06391640283440547,0.623330335041651,0.4666666666670709,4,0.72,0.8960373566223734,0.8820900915717237,LONG,1153,23.0,1,LOSS,2023-08-31
1,191475,191474,191482,2023-08-31 04:09:00,2023-08-31 04:16:00,1945.335,1944.805,-0.7299999999999727,15.34076612157952,62.9172943131605,0.39215686274536904,0.9785224859914518,0.46911047979995885,0.08435609348554343,1.0485846029012738,1.0469671232679303,1.276789174717332,0.3967846087421144,2.371179895902195,0.06419044068732774,1.1308704118918542,0.2249999999998721,4,0.818,1.276789174717332,1.0485846029012738,LONG,1154,1.0,2,LOSS,2023-08-31
-1,191497,191496,191498,2023-08-31 04:31:00,2023-08-31 04:32:00,1944.325,1944.655,-0.5299999999999272,16.014321385727182,63.78443325616345,0.13274336283192606,0.9327115729450305,1.1485300628662065,0.05978597483247498,0.26421124324065415,-1.2359071170920621,-1.9139253543108097,0.30342520946399876,4.601565213555954,0.054182358457105693,1.2216544814747288,0.11764705882345074,4,0.622,1.9139253543108097,0.7357887567593459,SHORT,1155,15.0,3,LOSS,2023-08-31
-1,191512,191511,191534,2023-08-31 04:46:00,2023-08-31 05:08:00,1944.695,1944.638,-0.14299999999998364,11.690120403643412,68.77177347163861,0.2477064220184022,1.0287962192904871,0.8659598835120892,0.04944188828769772,0.3281043368035629,-0.6129951087860517,1.0785837691237496,-0.12415089182264484,3.7031376073253366,0.021942479180485787,1.1145365614278473,0.18421052631616738,4,0.83,-1.0785837691237496,0.6718956631964371,SHORT,1156,14.0,4,LOSS,2023-08-31
-1,191541,191540,191557,2023-08-31 05:15:00,2023-08-31 05:31:00,1944.335,1944.075,0.059999999999990894,18.2149807433544,63.18244334185171,0.10482180293515889,0.9728342841923376,0.48550735981818716,0.009274873846245838,0.3180493117074171,-0.4031832816320674,0.039030327360284514,-0.1092607723346253,3.7469114265908634,0.09835529140046705,0.8976975292874313,0.11538461538451449,5,0.632,-0.039030327360284514,0.6819506882925829,SHORT,1157,7.0,5,WIN,2023-08-31
-1,191558,191557,191562,2023-08-31 05:32:00,2023-08-31 05:36:00,1943.845,1944.105,-0.4599999999999909,14.065273972042595,50.40454709116691,0.08472479901048043,1.0009650502648342,1.0552229396254205,0.028929834199055253,0.3181059234037382,-0.8512363389582619,-2.0087055193581325,0.3675151043242493,4.396412080104267,0.148496225544212,0.9854027076096662,0.18749999999986677,5,0.724,2.0087055193581325,0.6818940765962618,SHORT,1158,1.0,0,LOSS,2023-08-31
1,191594,191593,191596,2023-08-31 06:08:00,2023-08-31 06:10:00,1944.815,1944.575,-0.4400000000000091,27.515589373046257,50.278215852268254,0.09629629629638363,0.9119144248333528,0.648076875651466,0.0348741755580022,0.7093305519767291,0.7530287575932866,1.377491629744759,-0.17533810792887708,3.673311012650255,0.03092885332170796,0.9642441408209138,0.22222222222203508,6,0.356,1.377491629744759,0.7093305519767291,LONG,1159,32.0,1,LOSS,2023-08-31
1,191717,191716,191731,2023-08-31 08:12:00,2023-08-31 08:26:00,1945.755,1946.045,0.08999999999996361,22.169689634282207,53.959975523167444,0.032967032967129065,1.15136974543428,1.0926447889596085,0.09889157751178491,0.8652761812448235,1.353926807693152,0.09895920143996784,0.0836707365416483,3.704372773877495,0.12464141082746867,0.9566056139139388,0.12121212121195418,8,0.93,0.09895920143996784,0.8652761812448235,LONG,1160,122.0,2,WIN,2023-08-31
-1,191770,191769,191785,2023-08-31 09:05:00,2023-08-31 09:20:00,1944.735,1944.185,0.3499999999999545,22.06432769242249,60.74274415803675,0.26359832635977215,1.147341776168671,2.104535559672315,0.01037223471929609,0.43423265491070995,-0.29666747688604833,0.7983363145437512,-0.00997812895485197,4.690225847943363,0.008034873456527371,0.798336314543427,0.1641791044775005,9,0.936,-0.7983363145437512,0.56576734508929,SHORT,1161,39.0,0,WIN,2023-08-31
-1,191792,191791,191807,2023-08-31 09:27:00,2023-08-31 09:42:00,1943.565,1943.014,0.35100000000015824,21.374889928529146,43.62113699816784,0.015151515151586923,0.978139333456609,1.46817587802314,0.014446530248051906,0.4302974516059785,-0.3005726009265426,1.4026721376604894,-0.14875046552589197,4.2581118464685295,0.10688043889604443,0.4675573792200366,0.30000000000022736,9,0.888,-1.4026721376604894,0.5697025483940215,SHORT,1162,7.0,0,WIN,2023-08-31
-1,191808,191807,191811,2023-08-31 09:43:00,2023-08-31 09:46:00,1942.345,1943.885,-1.7399999999999636,16.72076972382254,49.818463293375196,0.18399999999998487,1.3254301425044381,1.472937455388969,0.056627566717011094,0.1414145250621422,-1.0071353741113145,-1.4824439729327745,0.09909053435769966,4.375268670114616,0.15809569912054283,0.7401925114850911,0.7403394727339032,9,0.978,1.4824439729327745,0.8585854749378579,SHORT,1163,1.0,0,LOSS,2023-08-31
-1,191813,191812,191814,2023-08-31 09:48:00,2023-08-31 09:49:00,1942.285,1943.415,-1.3299999999998817,16.857156100063204,54.440336184046195,0.06116642958746115,1.386105420978973,1.4918022501999122,0.005612814285303532,0.2456489947941673,-0.6493291415396086,-1.0643248747569238,0.006649372467946561,3.857040571769199,0.16763980464591918,1.3554222764000305,0.22395833333335802,9,1.0,1.0643248747569238,0.7543510052058326,SHORT,1164,2.0,1,LOSS,2023-08-31
-1,191815,191814,191819,2023-08-31 09:50:00,2023-08-31 09:54:00,1942.405,1943.355,-1.1500000000000454,16.43396477704203,55.46723432890484,0.04513609739290859,1.418304379546883,1.4275072009138758,0.02190310027461262,0.2992525980994195,-0.46265376918646367,-0.8539198397683504,0.3032764180538087,3.6206201206178137,0.16763980464591918,0.8966158317567291,0.40340909090911364,9,1.0,0.8539198397683504,0.7007474019005805,SHORT,1165,1.0,2,LOSS,2023-08-31
-1,191838,191837,191848,2023-08-31 10:13:00,2023-08-31 10:23:00,1943.125,1943.735,-0.8099999999998999,8.852959803830064,58.67462734208164,0.20891364902506118,1.0115045069332502,1.0647879434452894,0.10631223091653802,0.13502612840586029,-0.9811363931145806,-0.7189628654533863,-0.4838419992949889,3.169634563731985,0.012788594369340765,0.6073996621934655,0.3466666666666545,10,0.892,0.7189628654533863,0.8649738715941397,SHORT,1166,19.0,3,LOSS,2023-08-31
-1,191852,191851,191854,2023-08-31 10:27:00,2023-08-31 10:29:00,1943.185,1943.515,-0.5300000000001546,12.724678456434116,52.19006331089955,0.04587155963297649,0.8782033071665477,1.2821676689656674,0.011850986864055784,0.4002336362174269,-0.4224680203868659,-0.6784157991611909,0.15244066586509264,4.116750417636828,0.056110606089147905,0.07709270445005564,0.8333333333334596,10,0.792,0.6784157991611909,0.5997663637825731,SHORT,1167,4.0,4,LOSS,2023-08-31
-1,191857,191856,191874,2023-08-31 10:32:00,2023-08-31 10:49:00,1943.168,1942.695,0.27299999999995633,10.57971377466349,51.812680834549965,0.3356130923302592,0.8162465667153086,0.6648604972925594,0.007903054306761947,0.4935115740442252,-0.016100293148509342,0.28218793367274403,0.09052949800580133,3.3931800613455403,0.04123609090344731,0.08656071585096484,0.8542274052472182,10,0.758,-0.28218793367274403,0.5064884259557748,SHORT,1168,3.0,5,WIN,2023-08-31
-1,191875,191874,191877,2023-08-31 10:50:00,2023-08-31 10:52:00,1942.255,1942.625,-0.5699999999998908,11.707759120267662,54.163259191612376,0.14213197969541566,0.8787472755471809,0.9718689843057128,0.010651462318473734,0.35660256379817856,-0.5246414713612502,0.11925605778660929,0.48783292574288645,3.833230428846334,0.11030235752812251,0.7155363467177189,0.23636363636385435,10,0.752,-0.11925605778660929,0.6433974362018214,SHORT,1169,1.0,0,LOSS,2023-08-31
-1,191878,191877,191884,2023-08-31 10:53:00,2023-08-31 10:59:00,1942.115,1943.025,-1.1100000000000818,10.218164228172531,57.65124606377191,0.028089887640424322,0.8879210969128181,0.900099638073902,0.0354843071236242,0.3099447771823771,-0.6449641868912799,-1.5099779727297662,-0.018533793662249186,3.2065824364713196,0.10876118717071856,0.8822343211455768,0.24637681159428887,10,0.756,1.5099779727297662,0.6900552228176229,SHORT,1170,1.0,1,LOSS,2023-08-31
-1,191893,191892,191895,2023-08-31 11:08:00,2023-08-31 11:10:00,1942.055,1942.975,-1.1199999999998453,10.986857677276685,41.438096145180765,0.018892940006634197,0.8946062666464286,1.0453614298274139,0.09198028834986648,0.333003223781535,-0.7058996622578848,-0.08203061967145543,-0.7459770470924197,4.747303946941279,0.07104774703497901,0.37699178402161954,0.44615384615393583,11,0.706,0.08203061967145543,0.666996776218465,SHORT,1171,9.0,2,LOSS,2023-08-31
-1,191916,191915,191938,2023-08-31 11:31:00,2023-08-31 11:53:00,1941.995,1940.265,1.5299999999997909,11.031849101627776,60.622724768587204,0.1714285714286395,0.7913641399766916,0.47904448213853545,0.09060501013218096,0.15044763140896664,-0.9082271699682906,-0.9739094341305666,-0.2781806282966971,2.853781132568194,0.04746971447809398,0.49827924536911516,0.46341463414638207,11,0.64,0.9739094341305666,0.8495523685910333,SHORT,1172,21.0,3,WIN,2023-08-31
-1,191965,191964,191970,2023-08-31 12:20:00,2023-08-31 12:25:00,1941.255,1941.765,-0.7099999999999909,26.366780703122078,42.738797475801874,0.6140350877192072,0.7110872094899734,0.5805980126112734,0.07906112825646172,0.3758957586714676,-0.6179093028291915,-0.1623940349090737,-0.6652492696506734,5.70652638671024,0.06332960174999593,0.4222244907635916,0.38095238095238093,12,0.506,0.1623940349090737,0.6241042413285325,SHORT,1173,27.0,0,LOSS,2023-08-31
1,191987,191986,191989,2023-08-31 12:42:00,2023-08-31 12:44:00,1942.055,1941.725,-0.5300000000001546,22.32837063505629,57.23264612436384,0.07598447032717727,0.7086399148133233,0.35615003172108844,0.04596376432461976,0.7437462078302658,0.8352405608091436,1.1728161396795551,-0.18640232200367235,4.116584650275407,0.026846317857276623,0.6528676510889464,0.0,12,0.304,1.1728161396795551,0.7437462078302658,LONG,1174,17.0,1,LOSS,2023-08-31
1,191990,191989,191992,2023-08-31 12:45:00,2023-08-31 12:47:00,1942.055,1941.715,-0.5400000000001455,20.247338784787576,59.776868693319436,0.04347826086951364,0.7153170523025855,0.2761416429872394,0.027842906868455204,0.6834185398395035,0.48358801225808457,0.36758222427395815,0.2853623610955549,2.9762302675058327,0.026846317857276623,1.2371315720182159,0.060060060059990344,12,0.28,0.36758222427395815,0.6834185398395035,LONG,1175,1.0,2,LOSS,2023-08-31
1,192001,192000,192004,2023-08-31 12:56:00,2023-08-31 12:59:00,1941.755,1941.475,-0.4800000000002001,21.729655038033293,51.23196330253903,0.1218097447794442,0.7763027577858271,0.38714458082243525,0.02273218439219675,0.5650204349367293,0.21860341713254644,-0.5060792772578521,0.2799183619300827,4.76779950680417,0.019705578984282695,0.2663575143472397,0.7666666666662625,12,0.362,-0.5060792772578521,0.5650204349367293,LONG,1176,9.0,3,LOSS,2023-08-31
-1,192046,192045,192052,2023-08-31 13:41:00,2023-08-31 13:47:00,1939.505,1940.215,-0.909999999999809,33.086802249600964,38.228626577219494,0.2631578947368001,0.9664622117317576,0.6732731235492778,0.1359331751399981,0.023739952593747195,-2.11708580987118,-2.7703384587987188,-0.3437299916746823,5.711685464436721,0.18478476569562607,2.7361367494308624,0.0,13,0.47,2.7703384587987188,0.9762600474062528,SHORT,1177,42.0,4,LOSS,2023-08-31
-1,192062,192061,192063,2023-08-31 13:57:00,2023-08-31 13:58:00,1940.158,1940.305,-0.3470000000001619,19.658040180667314,39.96080956329755,0.1023339317774052,0.7596218575849281,0.5513534175159333,0.021857930086683307,0.45477791920349847,-0.2281251040312405,2.1614479222156797,-0.290203913685332,5.056689942735213,0.15988616178210252,0.5490976245819953,0.0,13,0.064,-2.1614479222156797,0.5452220807965016,SHORT,1178,10.0,5,LOSS,2023-08-31
1,192118,192117,192122,2023-08-31 14:53:00,2023-08-31 14:57:00,1941.375,1941.145,-0.4300000000000182,14.64152385203346,73.93395675968951,0.09592061742008605,0.9079823501760721,0.36515818691511115,0.01789814390360719,0.6496041365614402,0.4498246760095522,1.4247116072905806,-0.038722554039306314,3.521759029257356,0.09416022277591878,0.7470397940841216,0.3000000000007958,14,0.106,1.4247116072905806,0.6496041365614402,LONG,1179,55.0,6,LOSS,2023-08-31
1,192131,192130,192141,2023-08-31 15:06:00,2023-08-31 15:16:00,1941.345,1941.245,-0.30000000000013644,14.90584318231003,59.041711620319944,0.03401360544213478,0.9592835045578894,0.3286200631286805,0.02076685270755646,0.6813833214697559,0.43993808680037605,0.39504644528925276,0.28039035785608135,2.8884564765960365,0.06345999883687939,0.4104378652352237,0.272727272728776,15,0.16,0.39504644528925276,0.6813833214697559,LONG,1180,9.0,7,LOSS,2023-08-31
-1,192169,192168,192170,2023-08-31 15:44:00,2023-08-31 15:45:00,1940.945,1941.105,-0.36000000000008187,19.244782721265405,41.80644829497781,0.207920792079199,0.889055878652719,0.5591898868186822,0.01082253619894818,0.4237218984280107,-0.32554859511531264,0.38679041003547004,-0.41216423890398923,4.5770198520907925,0.032937604076821315,0.12893013667849001,0.8333333333333334,15,0.04,-0.38679041003547004,0.5762781015719893,SHORT,1181,28.0,8,LOSS,2023-08-31
-1,192171,192170,192190,2023-08-31 15:46:00,2023-08-31 16:05:00,1940.905,1940.465,0.24000000000005456,17.07723034363871,46.308848342733484,0.13725490196085424,0.9398875864252695,0.5818205929250736,0.08544495398626241,0.36386455203507584,-0.5503633025017802,0.24059597923554166,-0.7461423228806348,4.270578631434967,0.031272587429589556,1.2029798961790759,0.23076923076902897,15,0.092,-0.24059597923554166,0.6361354479649242,SHORT,1182,1.0,9,WIN,2023-08-31
-1,192191,192190,192229,2023-08-31 16:06:00,2023-08-31 16:45:00,1939.975,1939.538,0.23699999999989813,26.33423494840091,53.07512962502327,0.25675675675682735,1.09353164756587,0.9517849572562518,0.10231119665541447,0.14676207501618785,-1.804098075180629,-1.8542119106022499,0.5471976792741243,5.412294225539608,0.1817146430890374,2.505691771083321,0.0,16,0.254,1.8542119106022499,0.8532379249838121,SHORT,1183,1.0,0,WIN,2023-08-31
-1,192231,192230,192234,2023-08-31 16:47:00,2023-08-31 16:50:00,1939.485,1939.648,-0.3630000000000109,37.28534842138943,38.39176509993469,0.24542124542073898,0.742134518733021,0.4539466526109806,0.022842100455237997,0.411254810146528,-0.3650028714065548,-1.6573621195206036,0.15991763477945106,6.322884386611113,0.3365121793676484,0.5748076715116854,0.4690265486713021,16,0.008,1.6573621195206036,0.588745189853472,SHORT,1184,2.0,0,LOSS,2023-08-31
-1,192262,192261,192266,2023-08-31 18:18:00,2023-08-31 18:22:00,1939.935,1940.045,-0.31000000000012734,16.407012686580078,57.073089908519094,0.016778523489911122,1.0458780624585693,0.4845095637258365,0.006920077921355374,0.4235518496299827,-0.2005058710132256,-0.7995632893171616,-0.32410181368961877,8.346210643097198,0.08593001514031716,0.18451460522671456,0.8571428571430119,18,0.2,0.7995632893171616,0.5764481503700173,SHORT,1185,88.0,1,LOSS,2023-08-31
-1,192267,192266,192268,2023-08-31 18:23:00,2023-08-31 18:25:00,1939.965,1940.045,-0.2800000000001546,14.775154185172033,58.31299073534576,0.30348258706440273,0.9704976831114728,0.35086066212732736,0.007855727514598603,0.40527474624081106,-0.19418050181473204,0.20475975586593534,0.0025450924711776218,2.8666365821261985,0.059497528283891404,0.6142792675993579,0.30769230769176953,18,0.088,-0.20475975586593534,0.5947252537591889,SHORT,1186,1.0,2,LOSS,2023-08-31
-1,192275,192274,192287,2023-08-31 18:32:00,2023-08-31 18:44:00,1939.915,1939.865,-0.15000000000004549,16.921216484242482,57.66603991657157,0.1999999999994803,0.8591136737855017,0.25029727517673994,0.05223865290396122,0.06234048583390204,-0.7390914055166874,-1.071744369407311,-0.17374484765244583,2.885465609939588,0.017886542494006608,0.7419768711287151,0.5499999999993748,18,0.054,1.071744369407311,0.9376595141660979,SHORT,1187,7.0,3,LOSS,2023-08-31
-1,192294,192293,192299,2023-08-31 18:51:00,2023-08-31 18:57:00,1939.825,1939.875,-0.24999999999995454,14.022317809404585,58.45824266956091,0.12903225806483554,0.8264592095762057,0.4260884776035209,0.0458277644539148,0.34093667762815094,-0.46942756823163423,0.09295595410508577,-0.09964842973452401,4.090061980628001,0.037861784258814486,0.09295595410508577,0.8333333333333334,18,0.036,-0.09295595410508577,0.6590633223718491,SHORT,1188,7.0,4,LOSS,2023-08-31
-1,192303,192302,192313,2023-08-31 19:01:00,2023-08-31 19:11:00,1939.375,1939.635,-0.4599999999999909,13.02460081746801,36.09070037609509,0.4665071770336054,0.9869497704426952,0.6966833033334285,0.23928507751435496,-0.360686853870419,-3.3279025668824644,-3.8624681602620328,-0.5908248806671433,4.866709881929248,0.024523517081121365,3.7079694338516918,0.19055649241153824,19,0.122,3.8624681602620328,1.360686853870419,SHORT,1189,4.0,5,LOSS,2023-08-31
-1,192335,192334,192340,2023-08-31 19:33:00,2023-08-31 19:39:00,1939.635,1939.775,-0.34000000000010006,9.99876017716595,60.584352797544916,0.1111111111111111,0.751771270194761,0.26323788384311503,0.0611827745245849,0.08575919619147007,-0.7699049050087355,-1.2743253600094633,-0.19577690338550546,2.2300693800189753,0.06209435592242941,0.1061937800007886,0.8,19,0.012,1.2743253600094633,0.9142408038085299,SHORT,1190,22.0,6,LOSS,2023-08-31
-1,192351,192350,192355,2023-08-31 19:50:00,2023-08-31 19:54:00,1939.665,1939.975,-0.5099999999999454,12.247380762999942,47.8641241151305,0.16279069767424645,0.8172260930155818,0.673582283130748,0.1178857164297099,0.27597920161441625,-0.9888002079519309,0.31557453445381256,-0.6919723683687049,4.312851970871164,0.02437064689410352,0.525957557423021,0.5000000000011369,19,0.038,-0.31557453445381256,0.7240207983855838,SHORT,1191,11.0,7,LOSS,2023-08-31
-1,192391,192390,192402,2023-08-31 20:30:00,2023-08-31 20:41:00,1939.245,1939.155,-0.11000000000008187,30.64404817597318,59.36202052822917,0.33980582524256414,1.192579072198867,1.120630970693383,0.0019051365641435314,0.4996007427280611,-0.0016354065025805335,0.41975433513142,0.24862123985012266,5.124273701603528,0.17850901784652973,0.2725677500850962,0.6428571428571429,20,0.52,-0.41975433513142,0.5003992572719389,SHORT,1192,36.0,8,LOSS,2023-08-31
-1,192403,192402,192415,2023-08-31 20:42:00,2023-08-31 20:54:00,1938.895,1939.015,-0.32000000000011825,27.223798488664194,57.16361077499799,0.35087719298257514,1.1369252621306085,0.90188384184856,0.09488789941441396,0.08141204542430197,-1.3878068938983188,-2.5433911202921804,0.14937270739057243,3.356170456559038,0.18708676107284808,1.4928600053886698,0.035714285714256715,20,0.522,2.5433911202921804,0.9185879545756981,SHORT,1193,1.0,9,LOSS,2023-08-31
1,192469,192468,192475,2023-08-31 21:48:00,2023-08-31 21:54:00,1942.655,1942.445,-0.4100000000000364,19.900356751454574,60.476704093974625,0.04191616766463642,1.1801805687544162,0.621139324304354,0.024337901647047848,0.6518167656739047,0.29082378223308847,0.45679128099334665,-0.030223837368510774,2.9539169504264113,0.4348748913316042,0.03045275206622311,0.9444444444444444,21,0.948,0.45679128099334665,0.6518167656739047,LONG,1194,54.0,10,LOSS,2023-08-31
1,192487,192486,192488,2023-08-31 22:06:00,2023-08-31 22:07:00,1942.555,1942.245,-0.5100000000001728,12.004091818028147,60.50107998300123,0.20388349514553677,0.9629037081896948,0.7334778175129907,0.002082200150565738,0.566642213090116,0.1962608071893425,-0.03886352617602869,-0.08709427219925236,3.692034986725376,0.29377099583421334,0.46636231411322787,0.0,22,0.794,-0.03886352617602869,0.566642213090116,LONG,1195,12.0,11,LOSS,2023-08-31
1,192492,192491,192493,2023-08-31 22:11:00,2023-08-31 22:12:00,1942.415,1942.075,-0.5399999999999181,13.953916173154903,67.64544478244291,0.11666666666653404,0.9215050286649725,0.47616988494225704,0.007421420057881052,0.5305383592273246,0.062226128457993794,0.33187268511181556,-0.10808326972840014,2.613497395257434,0.2657005104756207,0.24890451383386167,0.45454545454545453,22,0.742,0.33187268511181556,0.5305383592273246,LONG,1196,4.0,12,LOSS,2023-08-31
1,192496,192495,192497,2023-08-31 22:15:00,2023-08-31 22:16:00,1942.405,1942.075,-0.5299999999999272,16.844453618835555,67.44548485577796,0.018939393939375996,0.9141492110698594,0.5028092530668572,0.02114382989618752,0.6261777314823029,0.2759287868850866,-0.3800090408518347,-0.02661390190690213,2.5333936056744175,0.2657005104756207,0.3800090408508746,0.4375,22,0.74,-0.3800090408518347,0.6261777314823029,LONG,1197,3.0,13,LOSS,2023-08-31
-1,192573,192572,192578,2023-08-31 23:32:00,2023-08-31 23:37:00,1938.805,1939.085,-0.4799999999999727,34.12932460297171,68.35886214274791,0.1811023622046765,0.9906639012464261,0.5797575600360305,0.07903004894978814,0.19130690195692804,-0.8710391743143281,-0.6162558827777559,0.19517384611793928,3.8515992673644774,0.47509786755104155,0.7318038607985852,0.0,23,0.798,0.6162558827777559,0.808693098043072,SHORT,1198,76.0,14,LOSS,2023-08-31
-1,192580,192579,192592,2023-08-31 23:39:00,2023-08-31 23:51:00,1938.885,1939.115,-0.4300000000000182,24.811032056233415,61.36237455377303,0.3213149522799259,0.8628709632252013,0.3438553098298148,0.05167924434740096,0.2687645157044103,-0.4773179925579219,-0.9089528619984719,-0.043660526293867484,2.3548001606180025,0.462310325726479,0.5180560353354894,0.4210526315796402,23,0.722,0.9089528619984719,0.7312354842955897,SHORT,1199,2.0,15,LOSS,2023-08-31
-1,192600,192599,192633,2023-08-31 23:59:00,2023-09-01 00:32:00,1938.828,1938.505,0.12299999999986538,16.99999230500822,51.09983849170943,0.10180995475095839,0.7613640828218831,0.33388609659804575,0.055546098734800826,0.33212149243564826,-0.4456902023556036,-0.2298332750830654,-0.4279955929456008,3.5220396478912983,0.38903166221043706,0.16771617370937847,0.8961538461536747,23,0.382,0.2298332750830654,0.6678785075643517,SHORT,1200,8.0,16,WIN,2023-09-01
