entry_ts,exit_ts,side,entry_price,exit_price,pnl,reason,hold_s,mfe,mae,spread_at_entry,balance_after,entry_time,exit_time,date,month,year,hour,weekday,win
1704178994.965,1704179057.826,-1,2074.255,2073.965,0.2149999999999636,trail,62.861000061035156,0.6300000000001091,-0.33999999999969077,0.3369999999999891,1000.2149999999999,2024-01-02 07:03:14.964999914,2024-01-02 07:04:17.825999975,2024-01-02,2024-01,2024,7,Tuesday,True
1704179081.776,1704179145.471,1,2074.235,2074.085,-0.22500000000009096,flow_flip,63.6949999332428,0.31999999999970896,-0.2600000000002183,0.2699999999999818,999.9899999999998,2024-01-02 07:04:41.776000023,2024-01-02 07:05:45.470999956,2024-01-02,2024-01,2024,7,Tuesday,False
1704179260.899,1704179287.227,1,2075.235,2075.025,-0.2850000000000364,flow_flip,26.32800006866455,0.009999999999763531,-0.30999999999994543,0.3000000000001819,999.7049999999997,2024-01-02 07:07:40.898999929,2024-01-02 07:08:07.226999998,2024-01-02,2024-01,2024,7,Tuesday,False
1704179403.325,1704179419.63,-1,2074.775,2075.185,-0.4849999999998545,flow_flip,16.305000066757202,0.0,-0.4099999999998545,0.32999999999992724,999.2199999999998,2024-01-02 07:10:03.325000048,2024-01-02 07:10:19.630000114,2024-01-02,2024-01,2024,7,Tuesday,False
1704179749.648,1704179774.724,1,2075.795,2075.545,-0.325,flow_flip,25.075999975204468,0.0,-0.36999999999989086,0.3000000000001819,998.8949999999998,2024-01-02 07:15:49.648000002,2024-01-02 07:16:14.723999977,2024-01-02,2024-01,2024,7,Tuesday,False
1704179925.114,1704179934.371,-1,2075.105,2075.485,-0.45500000000010915,stop_loss,9.256999969482422,0.0,-0.38000000000010914,0.2800000000002001,998.4399999999996,2024-01-02 07:18:45.114000082,2024-01-02 07:18:54.371000051,2024-01-02,2024-01,2024,7,Tuesday,False
1704180628.615,1704180654.485,1,2075.515,2075.325,-0.2650000000000546,flow_flip,25.869999885559082,0.0,-0.38999999999987267,0.34999999999990905,998.1749999999995,2024-01-02 07:30:28.615000010,2024-01-02 07:30:54.484999895,2024-01-02,2024-01,2024,7,Tuesday,False
1704181521.548,1704181523.566,-1,2074.405,2074.975,-0.6449999999997089,stop_loss,2.0179998874664307,0.0,-0.569999999999709,0.33999999999969077,997.5299999999997,2024-01-02 07:45:21.548000097,2024-01-02 07:45:23.565999985,2024-01-02,2024-01,2024,7,Tuesday,False
1704181949.745,1704181963.671,-1,2074.905,2075.175,-0.3449999999999818,flow_flip,13.926000118255615,0.0,-0.34999999999990905,0.2899999999999636,997.1849999999997,2024-01-02 07:52:29.744999886,2024-01-02 07:52:43.671000004,2024-01-02,2024-01,2024,7,Tuesday,False
1704182198.75,1704182265.531,-1,2074.395,2074.655,-0.3350000000002183,flow_flip,66.78099989891052,0.0,-0.4499999999998181,0.3200000000001637,996.8499999999995,2024-01-02 07:56:38.750000000,2024-01-02 07:57:45.530999899,2024-01-02,2024-01,2024,7,Tuesday,False
1704182385.558,1704182401.298,-1,2073.268,2073.845,-0.6519999999997708,flow_flip,15.740000009536743,0.0,-0.5869999999999891,0.306999999999789,996.1979999999996,2024-01-02 07:59:45.558000088,2024-01-02 08:00:01.298000097,2024-01-02,2024-01,2024,7,Tuesday,False
1704183710.125,1704183722.077,-1,2072.485,2072.942,-0.5319999999998799,flow_flip,11.95199990272522,0.0,-0.45699999999987995,0.3170000000000073,995.6659999999997,2024-01-02 08:21:50.125000000,2024-01-02 08:22:02.076999903,2024-01-02,2024-01,2024,8,Tuesday,False
1704184624.379,1704184665.192,-1,2073.575,2073.875,-0.3750000000001819,flow_flip,40.812999963760376,0.2699999999999818,-0.3200000000001637,0.3200000000001637,995.2909999999995,2024-01-02 08:37:04.378999949,2024-01-02 08:37:45.191999912,2024-01-02,2024-01,2024,8,Tuesday,False
1704184817.579,1704184831.694,-1,2073.368,2073.785,-0.49199999999991634,flow_flip,14.115000009536743,0.0,-0.4169999999999163,0.3369999999999891,994.7989999999995,2024-01-02 08:40:17.578999996,2024-01-02 08:40:31.694000006,2024-01-02,2024-01,2024,8,Tuesday,False
1704185320.048,1704185331.779,1,2073.585,2073.065,-0.5949999999999818,flow_flip,11.730999946594238,0.0,-0.5199999999999818,0.3400000000001455,994.2039999999995,2024-01-02 08:48:40.048000097,2024-01-02 08:48:51.779000044,2024-01-02,2024-01,2024,8,Tuesday,False
1704185534.651,1704185542.945,-1,2072.455,2072.855,-0.47500000000009096,stop_loss,8.293999910354614,0.0,-0.40000000000009095,0.2699999999999818,993.7289999999994,2024-01-02 08:52:14.651000023,2024-01-02 08:52:22.944999933,2024-01-02,2024-01,2024,8,Tuesday,False
1704186075.705,1704186115.594,1,2074.465,2074.255,-0.2850000000000364,flow_flip,39.88900017738342,0.0,-0.32999999999992724,0.2699999999999818,993.4439999999993,2024-01-02 09:01:15.704999924,2024-01-02 09:01:55.594000101,2024-01-02,2024-01,2024,9,Tuesday,False
1704186391.837,1704186414.99,-1,2073.835,2074.445,-0.6850000000001273,stop_loss,23.153000116348267,0.0,-0.6100000000001273,0.30999999999994543,992.7589999999991,2024-01-02 09:06:31.836999893,2024-01-02 09:06:54.990000010,2024-01-02,2024-01,2024,9,Tuesday,False
1704187416.035,1704187422.722,-1,2074.128,2074.535,-0.48199999999969806,flow_flip,6.686999797821045,0.0,-0.40699999999969805,0.3369999999999891,992.2769999999994,2024-01-02 09:23:36.035000086,2024-01-02 09:23:42.721999884,2024-01-02,2024-01,2024,9,Tuesday,False
1704188098.125,1704188103.013,1,2076.855,2076.385,-0.5449999999997999,stop_loss,4.888000011444092,0.0,-0.4699999999997999,0.34999999999990905,991.7319999999995,2024-01-02 09:34:58.125000000,2024-01-02 09:35:03.013000011,2024-01-02,2024-01,2024,9,Tuesday,False
1704188266.555,1704188281.883,1,2078.045,2077.715,-0.40499999999992725,flow_flip,15.327999830245972,0.0,-0.38999999999987267,0.3200000000001637,991.3269999999995,2024-01-02 09:37:46.555000067,2024-01-02 09:38:01.882999897,2024-01-02,2024-01,2024,9,Tuesday,False
1704188361.805,1704188376.717,1,2079.055,2078.505,-0.6249999999997271,flow_flip,14.911999940872192,0.0,-0.5499999999997272,0.30999999999994543,990.7019999999998,2024-01-02 09:39:21.805000067,2024-01-02 09:39:36.717000008,2024-01-02,2024-01,2024,9,Tuesday,False
1704189086.255,1704189101.79,-1,2077.625,2078.125,-0.575,stop_loss,15.53499984741211,0.0,-0.5,0.32999999999992724,990.1269999999997,2024-01-02 09:51:26.255000114,2024-01-02 09:51:41.789999962,2024-01-02,2024-01,2024,9,Tuesday,False
1704189795.14,1704189885.31,-1,2077.005,2076.845,0.08500000000030922,time_stop,90.16999983787537,0.2899999999999636,-0.32999999999992724,0.31999999999970896,990.212,2024-01-02 10:03:15.140000105,2024-01-02 10:04:45.309999943,2024-01-02,2024-01,2024,10,Tuesday,True
1704189924.772,1704189928.955,1,2076.975,2076.518,-0.5319999999998799,stop_loss,4.182999849319458,0.0,-0.45699999999987995,0.34999999999990905,989.6800000000001,2024-01-02 10:05:24.772000074,2024-01-02 10:05:28.954999924,2024-01-02,2024-01,2024,10,Tuesday,False
1704190229.302,1704190248.331,-1,2075.938,2076.275,-0.4119999999999891,flow_flip,19.02900004386902,0.0,-0.3769999999999527,0.3469999999997526,989.268,2024-01-02 10:10:29.302000046,2024-01-02 10:10:48.331000090,2024-01-02,2024-01,2024,10,Tuesday,False
1704190657.966,1704190696.038,-1,2074.645,2074.892,-0.3219999999998436,flow_flip,38.07200002670288,0.0,-0.3569999999999709,0.34700000000020736,988.9460000000001,2024-01-02 10:17:37.966000080,2024-01-02 10:18:16.038000107,2024-01-02,2024-01,2024,10,Tuesday,False
1704190710.783,1704190713.697,-1,2074.085,2074.495,-0.4849999999998545,stop_loss,2.9140000343322754,0.0,-0.4099999999998545,0.306999999999789,988.4610000000002,2024-01-02 10:18:30.782999992,2024-01-02 10:18:33.697000027,2024-01-02,2024-01,2024,10,Tuesday,False
1704190793.601,1704190826.936,-1,2073.505,2073.975,-0.5449999999997999,flow_flip,33.33500003814697,0.0,-0.4699999999997999,0.33999999999969077,987.9160000000004,2024-01-02 10:19:53.601000071,2024-01-02 10:20:26.936000109,2024-01-02,2024-01,2024,10,Tuesday,False
1704190859.769,1704190949.914,1,2074.285,2074.845,0.4849999999999454,time_stop,90.14499998092651,0.5599999999999454,-0.44000000000005457,0.3599999999996726,988.4010000000003,2024-01-02 10:20:59.769000053,2024-01-02 10:22:29.914000034,2024-01-02,2024-01,2024,10,Tuesday,True
1704191478.906,1704191481.725,1,2075.272,2074.785,-0.56200000000008,stop_loss,2.819000005722046,0.0,-0.48700000000008004,0.3369999999999891,987.8390000000002,2024-01-02 10:31:18.905999899,2024-01-02 10:31:21.724999905,2024-01-02,2024-01,2024,10,Tuesday,False
1704191512.118,1704191534.066,1,2075.575,2075.265,-0.38499999999994544,flow_flip,21.947999954223633,0.0,-0.419999999999618,0.33999999999969077,987.4540000000002,2024-01-02 10:31:52.118000031,2024-01-02 10:32:14.065999985,2024-01-02,2024-01,2024,10,Tuesday,False
1704191699.336,1704191789.391,-1,2075.575,2075.535,-0.035000000000036384,time_stop,90.0550000667572,0.25,-0.41000000000030923,0.3100000000004002,987.4190000000001,2024-01-02 10:34:59.335999966,2024-01-02 10:36:29.391000032,2024-01-02,2024-01,2024,10,Tuesday,False
1704191823.852,1704191857.542,-1,2074.775,2075.215,-0.5150000000000545,stop_loss,33.69000005722046,0.0,-0.44000000000005457,0.27999999999974534,986.904,2024-01-02 10:37:03.851999998,2024-01-02 10:37:37.542000055,2024-01-02,2024-01,2024,10,Tuesday,False
1704192144.211,1704192153.891,1,2075.475,2075.135,-0.4149999999996908,flow_flip,9.680000066757202,0.0,-0.33999999999969077,0.31999999999970896,986.4890000000003,2024-01-02 10:42:24.210999966,2024-01-02 10:42:33.891000032,2024-01-02,2024-01,2024,10,Tuesday,False
1704192493.032,1704192550.586,-1,2076.125,2076.395,-0.3449999999999818,flow_flip,57.55399990081787,0.03999999999996362,-0.2800000000002001,0.2600000000002183,986.1440000000002,2024-01-02 10:48:13.032000065,2024-01-02 10:49:10.585999966,2024-01-02,2024-01,2024,10,Tuesday,False
1704193802.958,1704193812.689,-1,2074.505,2075.005,-0.575,stop_loss,9.730999946594238,0.0,-0.5,0.2899999999999636,985.5690000000002,2024-01-02 11:10:02.957999945,2024-01-02 11:10:12.688999891,2024-01-02,2024-01,2024,11,Tuesday,False
1704194045.726,1704194051.639,1,2075.045,2074.605,-0.5150000000000545,stop_loss,5.912999868392944,0.0,-0.44000000000005457,0.2899999999999636,985.0540000000001,2024-01-02 11:14:05.726000071,2024-01-02 11:14:11.638999939,2024-01-02,2024-01,2024,11,Tuesday,False
1704194062.672,1704194074.281,-1,2074.105,2074.285,-0.2549999999998363,flow_flip,11.608999967575073,0.0,-0.2699999999999818,0.2699999999999818,984.7990000000002,2024-01-02 11:14:22.671999931,2024-01-02 11:14:34.280999899,2024-01-02,2024-01,2024,11,Tuesday,False
1704194291.758,1704194317.255,-1,2073.385,2073.275,0.03500000000012732,trail,25.497000217437744,0.3200000000001637,-0.23999999999978172,0.23999999999978172,984.8340000000003,2024-01-02 11:18:11.757999897,2024-01-02 11:18:37.255000114,2024-01-02,2024-01,2024,11,Tuesday,True
1704194460.027,1704194490.714,1,2074.635,2074.795,0.08499999999985447,trail,30.687000036239624,0.3999999999996362,-0.42000000000007276,0.36000000000012733,984.9190000000001,2024-01-02 11:21:00.026999950,2024-01-02 11:21:30.713999987,2024-01-02,2024-01,2024,11,Tuesday,True
1704194555.743,1704194582.936,-1,2074.595,2075.305,-0.7850000000000363,flow_flip,27.193000078201294,0.0,-0.7100000000000364,0.3200000000001637,984.134,2024-01-02 11:22:35.743000031,2024-01-02 11:23:02.936000109,2024-01-02,2024-01,2024,11,Tuesday,False
1704195184.372,1704195208.122,-1,2072.115,2072.465,-0.4250000000003638,flow_flip,23.75,0.05999999999994543,-0.3500000000003638,0.29000000000041837,983.7089999999996,2024-01-02 11:33:04.371999979,2024-01-02 11:33:28.121999979,2024-01-02,2024-01,2024,11,Tuesday,False
1704195275.99,1704195299.118,-1,2070.555,2071.272,-0.7920000000000982,stop_loss,23.128000020980835,0.0,-0.7170000000000982,0.3400000000001455,982.9169999999995,2024-01-02 11:34:35.990000010,2024-01-02 11:34:59.118000031,2024-01-02,2024-01,2024,11,Tuesday,False
1704195365.894,1704195397.35,1,2071.165,2070.875,-0.36499999999996363,flow_flip,31.455999851226807,0.0,-0.3400000000001455,0.34999999999990905,982.5519999999995,2024-01-02 11:36:05.894000053,2024-01-02 11:36:37.349999905,2024-01-02,2024-01,2024,11,Tuesday,False
1704197002.238,1704197002.749,-1,2067.945,2067.352,0.518000000000302,take_profit,0.5110001564025879,0.593000000000302,0.0,0.25700000000006185,983.0699999999997,2024-01-02 12:03:22.237999916,2024-01-02 12:03:22.749000072,2024-01-02,2024-01,2024,12,Tuesday,True
1704197012.047,1704197012.2,-1,2066.355,2066.825,-0.5449999999997999,stop_loss,0.1530001163482666,0.0,-0.4699999999997999,0.30999999999994543,982.5249999999999,2024-01-02 12:03:32.046999931,2024-01-02 12:03:32.200000048,2024-01-02,2024-01,2024,12,Tuesday,False
1704197495.733,1704197522.632,-1,2067.525,2067.692,-0.24199999999991634,flow_flip,26.8989999294281,0.0,-0.44000000000005457,0.33999999999969077,982.2829999999999,2024-01-02 12:11:35.733000040,2024-01-02 12:12:02.631999969,2024-01-02,2024-01,2024,12,Tuesday,False
1704197931.22,1704197942.347,-1,2066.545,2067.035,-0.5649999999997817,flow_flip,11.126999855041504,0.0,-0.4899999999997817,0.27999999999974534,981.7180000000001,2024-01-02 12:18:51.220000029,2024-01-02 12:19:02.346999884,2024-01-02,2024-01,2024,12,Tuesday,False
1704198079.091,1704198105.016,1,2065.935,2065.735,-0.2749999999998181,flow_flip,25.924999952316284,0.0500000000001819,-0.40000000000009095,0.27999999999974534,981.4430000000002,2024-01-02 12:21:19.091000080,2024-01-02 12:21:45.016000032,2024-01-02,2024-01,2024,12,Tuesday,False
1704198125.053,1704198144.739,1,2066.395,2066.065,-0.40499999999992725,flow_flip,19.686000108718872,0.0,-0.34999999999990905,0.3400000000001455,981.0380000000002,2024-01-02 12:22:05.052999973,2024-01-02 12:22:24.739000082,2024-01-02,2024-01,2024,12,Tuesday,False
1704198646.059,1704198672.999,-1,2065.525,2066.035,-0.5849999999997635,flow_flip,26.94000005722046,0.0,-0.5099999999997635,0.33999999999969077,980.4530000000004,2024-01-02 12:30:46.059000015,2024-01-02 12:31:12.999000072,2024-01-02,2024-01,2024,12,Tuesday,False
1704200460.716,1704200470.684,1,2068.545,2068.215,-0.40499999999992725,flow_flip,9.967999935150146,0.06300000000010186,-0.32999999999992724,0.3170000000000073,980.0480000000005,2024-01-02 13:01:00.716000080,2024-01-02 13:01:10.684000015,2024-01-02,2024-01,2024,13,Tuesday,False
1704200563.158,1704200572.404,-1,2068.275,2068.535,-0.33499999999976354,flow_flip,9.246000051498413,0.0,-0.36000000000012733,0.31999999999970896,979.7130000000006,2024-01-02 13:02:43.157999992,2024-01-02 13:02:52.404000044,2024-01-02,2024-01,2024,13,Tuesday,False
1704200586.089,1704200649.843,-1,2067.848,2067.125,0.6479999999999564,take_profit,63.75399994850159,0.7229999999999563,-0.20699999999987995,0.20400000000017826,980.3610000000006,2024-01-02 13:03:06.088999987,2024-01-02 13:04:09.842999935,2024-01-02,2024-01,2024,13,Tuesday,True
1704201023.597,1704201028.591,-1,2066.305,2066.835,-0.6050000000002,stop_loss,4.994000196456909,0.0,-0.5300000000002001,0.3200000000001637,979.7560000000003,2024-01-02 13:10:23.596999884,2024-01-02 13:10:28.591000080,2024-01-02,2024-01,2024,13,Tuesday,False
1704201227.851,1704201250.705,1,2065.902,2065.258,-0.7190000000002328,stop_loss,22.853999853134155,0.0,-0.6440000000002328,0.32700000000022555,979.037,2024-01-02 13:13:47.851000071,2024-01-02 13:14:10.704999924,2024-01-02,2024-01,2024,13,Tuesday,False
1704201288.765,1704201379.302,1,2065.785,2066.325,0.4649999999999636,time_stop,90.53699994087219,0.5399999999999636,-0.4800000000000182,0.2899999999999636,979.502,2024-01-02 13:14:48.765000105,2024-01-02 13:16:19.302000046,2024-01-02,2024-01,2024,13,Tuesday,True
1704201666.082,1704201674.622,1,2066.845,2066.305,-0.6149999999999636,stop_loss,8.539999961853027,0.0,-0.5399999999999636,0.33999999999969077,978.887,2024-01-02 13:21:06.082000017,2024-01-02 13:21:14.621999979,2024-01-02,2024-01,2024,13,Tuesday,False
1704201722.756,1704201728.507,-1,2066.095,2066.625,-0.6050000000002,stop_loss,5.750999927520752,0.0,-0.5300000000002001,0.3400000000001455,978.2819999999997,2024-01-02 13:22:02.756000042,2024-01-02 13:22:08.506999969,2024-01-02,2024-01,2024,13,Tuesday,False
1704201752.451,1704201822.436,1,2067.525,2067.385,-0.21499999999987268,flow_flip,69.9850001335144,0.0729999999998654,-0.43000000000029104,0.30999999999994543,978.0669999999998,2024-01-02 13:22:32.450999975,2024-01-02 13:23:42.436000109,2024-01-02,2024-01,2024,13,Tuesday,False
1704202006.264,1704202032.688,-1,2067.765,2067.825,-0.13499999999994544,flow_flip,26.424000024795532,0.27999999999974534,-0.34999999999990905,0.30999999999994543,977.9319999999998,2024-01-02 13:26:46.263999939,2024-01-02 13:27:12.687999964,2024-01-02,2024-01,2024,13,Tuesday,False
1704202224.532,1704202224.836,1,2067.615,2067.228,-0.46199999999971625,stop_loss,0.3039999008178711,0.0,-0.38699999999971624,0.27999999999974534,977.47,2024-01-02 13:30:24.532000064,2024-01-02 13:30:24.835999966,2024-01-02,2024-01,2024,13,Tuesday,False
1704202377.324,1704202384.232,1,2070.285,2070.645,0.2850000000001273,trail,6.908000230789185,0.6730000000002292,-0.20699999999987995,0.19000000000005457,977.7550000000001,2024-01-02 13:32:57.323999882,2024-01-02 13:33:04.232000113,2024-01-02,2024-01,2024,13,Tuesday,True
1704202445.166,1704202469.106,-1,2070.225,2070.075,0.07500000000009094,trail,23.94000005722046,0.4299999999998363,-0.44000000000005457,0.36000000000012733,977.8300000000002,2024-01-02 13:34:05.165999889,2024-01-02 13:34:29.105999947,2024-01-02,2024-01,2024,13,Tuesday,True
1704202545.55,1704202547.592,-1,2068.105,2068.525,-0.49500000000007277,stop_loss,2.0420000553131104,0.0,-0.42000000000007276,0.30999999999994543,977.335,2024-01-02 13:35:45.549999952,2024-01-02 13:35:47.592000008,2024-01-02,2024-01,2024,13,Tuesday,False
1704202556.424,1704202558.047,-1,2067.585,2067.995,-0.4849999999998545,stop_loss,1.622999906539917,0.0,-0.4099999999998545,0.25,976.8500000000001,2024-01-02 13:35:56.424000025,2024-01-02 13:35:58.046999931,2024-01-02,2024-01,2024,13,Tuesday,False
1704204002.19,1704204006.721,-1,2065.788,2066.375,-0.661999999999989,stop_loss,4.5309998989105225,0.0,-0.5869999999999891,0.29700000000002547,976.1880000000001,2024-01-02 14:00:02.190000057,2024-01-02 14:00:06.720999956,2024-01-02,2024-01,2024,14,Tuesday,False
1704205561.19,1704205568.07,1,2067.295,2066.905,-0.4649999999998727,flow_flip,6.879999876022339,0.0,-0.38999999999987267,0.3170000000000073,975.7230000000002,2024-01-02 14:26:01.190000057,2024-01-02 14:26:08.069999933,2024-01-02,2024-01,2024,14,Tuesday,False
1704205589.544,1704205603.096,1,2067.615,2067.078,-0.6119999999998071,stop_loss,13.552000045776367,0.0,-0.5369999999998072,0.306999999999789,975.1110000000003,2024-01-02 14:26:29.543999910,2024-01-02 14:26:43.095999956,2024-01-02,2024-01,2024,14,Tuesday,False
1704205861.75,1704205868.748,-1,2065.385,2065.865,-0.5549999999995634,stop_loss,6.997999906539917,0.0,-0.47999999999956344,0.31999999999970896,974.5560000000007,2024-01-02 14:31:01.750000000,2024-01-02 14:31:08.747999907,2024-01-02,2024-01,2024,14,Tuesday,False
1704206164.249,1704206165.524,1,2069.355,2068.895,-0.5350000000000363,stop_loss,1.2749998569488525,0.0,-0.4600000000000364,0.3009999999999309,974.0210000000006,2024-01-02 14:36:04.249000072,2024-01-02 14:36:05.523999929,2024-01-02,2024-01,2024,14,Tuesday,False
1704206380.749,1704206390.011,-1,2067.224,2067.005,0.14400000000005092,trail,9.26199984550476,0.4290000000000873,-0.3009999999999309,0.2709999999997308,974.1650000000006,2024-01-02 14:39:40.749000072,2024-01-02 14:39:50.010999918,2024-01-02,2024-01,2024,14,Tuesday,True
1704206448.878,1704206452.522,1,2067.042,2066.465,-0.6519999999997708,stop_loss,3.6440000534057617,0.0,-0.5769999999997708,0.3669999999997344,973.5130000000008,2024-01-02 14:40:48.878000021,2024-01-02 14:40:52.522000074,2024-01-02,2024-01,2024,14,Tuesday,False
1704206563.027,1704206565.073,1,2063.745,2063.095,-0.7250000000000909,stop_loss,2.0460000038146973,0.0,-0.650000000000091,0.34999999999990905,972.7880000000007,2024-01-02 14:42:43.026999950,2024-01-02 14:42:45.072999954,2024-01-02,2024-01,2024,14,Tuesday,False
1704206585.676,1704206591.311,-1,2062.625,2063.405,-0.8550000000002,stop_loss,5.634999990463257,0.0,-0.7800000000002001,0.32999999999992724,971.9330000000004,2024-01-02 14:43:05.676000118,2024-01-02 14:43:11.311000109,2024-01-02,2024-01,2024,14,Tuesday,False
1704206656.435,1704206664.604,1,2065.145,2065.795,0.575000000000091,take_profit,8.169000148773193,0.650000000000091,-0.32999999999992724,0.2899999999999636,972.5080000000005,2024-01-02 14:44:16.434999943,2024-01-02 14:44:24.604000092,2024-01-02,2024-01,2024,14,Tuesday,True
1704206700.415,1704206701.86,1,2067.105,2067.265,0.08499999999985447,trail,1.4449999332427979,0.36000000000012733,-0.3400000000001455,0.25,972.5930000000003,2024-01-02 14:45:00.414999962,2024-01-02 14:45:01.859999895,2024-01-02,2024-01,2024,14,Tuesday,True
1704206725.505,1704206737.383,1,2068.995,2068.615,-0.45500000000010915,flow_flip,11.877999782562256,0.21000000000003638,-0.569999999999709,0.36999999999989086,972.1380000000001,2024-01-02 14:45:25.505000114,2024-01-02 14:45:37.382999897,2024-01-02,2024-01,2024,14,Tuesday,False
1704209826.61,1704209834.739,-1,2060.945,2059.935,0.9350000000002183,take_profit,8.129000186920166,1.0100000000002183,-0.3999999999996362,0.3469999999997526,973.0730000000003,2024-01-02 15:37:06.609999895,2024-01-02 15:37:14.739000082,2024-01-02,2024-01,2024,15,Tuesday,True
1704209881.358,1704209886.499,-1,2057.275,2058.055,-0.8549999999997453,stop_loss,5.141000032424927,0.0,-0.7799999999997453,0.3609999999998763,972.2180000000005,2024-01-02 15:38:01.358000040,2024-01-02 15:38:06.499000072,2024-01-02,2024-01,2024,15,Tuesday,False
1704209904.764,1704209906.998,-1,2057.015,2057.715,-0.7750000000002728,stop_loss,2.2339999675750732,0.0,-0.7000000000002728,0.32999999999992724,971.4430000000002,2024-01-02 15:38:24.763999939,2024-01-02 15:38:26.997999907,2024-01-02,2024-01,2024,15,Tuesday,False
1704209922.391,1704209923.921,-1,2056.085,2056.745,-0.7349999999998544,stop_loss,1.5299999713897705,0.0,-0.6599999999998545,0.3609999999998763,970.7080000000003,2024-01-02 15:38:42.391000032,2024-01-02 15:38:43.921000004,2024-01-02,2024-01,2024,15,Tuesday,False
1704209944.093,1704209961.389,1,2058.025,2057.805,-0.29500000000025467,flow_flip,17.296000003814697,0.2699999999999818,-0.3400000000001455,0.36999999999989086,970.413,2024-01-02 15:39:04.092999935,2024-01-02 15:39:21.388999939,2024-01-02,2024-01,2024,15,Tuesday,False
1704209981.507,1704209983.102,-1,2056.548,2057.205,-0.7320000000001528,stop_loss,1.5950000286102295,0.0,-0.6570000000001528,0.32700000000022555,969.6809999999998,2024-01-02 15:39:41.506999969,2024-01-02 15:39:43.101999998,2024-01-02,2024-01,2024,15,Tuesday,False
1704210024.981,1704210026.353,1,2058.615,2057.924,-0.7659999999998035,stop_loss,1.371999979019165,0.0,-0.6909999999998035,0.38999999999987267,968.915,2024-01-02 15:40:24.980999947,2024-01-02 15:40:26.352999926,2024-01-02,2024-01,2024,15,Tuesday,False
1704211557.772,1704211583.494,-1,2062.015,2062.565,-0.6250000000001819,stop_loss,25.721999883651733,0.04999999999972715,-0.5500000000001819,0.2699999999999818,968.2899999999997,2024-01-02 16:05:57.772000074,2024-01-02 16:06:23.493999958,2024-01-02,2024-01,2024,16,Tuesday,False
1704211620.545,1704211621.914,1,2063.435,2062.998,-0.5119999999998981,stop_loss,1.36899995803833,0.0,-0.43699999999989814,0.3200000000001637,967.7779999999998,2024-01-02 16:07:00.545000076,2024-01-02 16:07:01.914000034,2024-01-02,2024-01,2024,16,Tuesday,False
1704213008.556,1704213043.699,-1,2064.905,2065.105,-0.2749999999998181,flow_flip,35.14299988746643,0.18000000000029104,-0.34999999999990905,0.34999999999990905,967.5029999999999,2024-01-02 16:30:08.555999994,2024-01-02 16:30:43.698999882,2024-01-02,2024-01,2024,16,Tuesday,False
1704214439.982,1704214465.642,-1,2066.155,2066.672,-0.5919999999998253,flow_flip,25.65999984741211,0.0,-0.5169999999998254,0.33999999999969077,966.9110000000001,2024-01-02 16:53:59.982000113,2024-01-02 16:54:25.641999960,2024-01-02,2024-01,2024,16,Tuesday,False
1704214726.55,1704214742.638,-1,2065.785,2066.305,-0.5949999999999818,stop_loss,16.088000059127808,0.0,-0.5199999999999818,0.2899999999999636,966.316,2024-01-02 16:58:46.549999952,2024-01-02 16:59:02.638000011,2024-01-02,2024-01,2024,16,Tuesday,False
1704215137.651,1704215143.947,-1,2065.845,2066.422,-0.6520000000002255,stop_loss,6.296000003814697,0.0,-0.5770000000002256,0.330000000000382,965.6639999999998,2024-01-02 17:05:37.651000023,2024-01-02 17:05:43.947000027,2024-01-02,2024-01,2024,17,Tuesday,False
1704215514.681,1704215550.559,1,2066.305,2066.135,-0.24499999999961802,flow_flip,35.878000020980835,0.0,-0.34999999999990905,0.32999999999992724,965.4190000000001,2024-01-02 17:11:54.680999994,2024-01-02 17:12:30.559000015,2024-01-02,2024-01,2024,17,Tuesday,False
1704215862.229,1704215899.04,-1,2063.435,2063.385,-0.025000000000272853,flow_flip,36.81099987030029,0.4499999999998181,-0.36000000000012733,0.3400000000001455,965.3939999999998,2024-01-02 17:17:42.229000092,2024-01-02 17:18:19.039999962,2024-01-02,2024-01,2024,17,Tuesday,False
1704216040.741,1704216115.197,1,2063.755,2063.665,-0.16500000000014553,flow_flip,74.45600008964539,0.05999999999994543,-0.40000000000009095,0.32999999999992724,965.2289999999996,2024-01-02 17:20:40.740999937,2024-01-02 17:21:55.197000027,2024-01-02,2024-01,2024,17,Tuesday,False
1704216568.171,1704216571.128,-1,2064.005,2064.455,-0.5249999999998181,stop_loss,2.9570000171661377,0.0,-0.4499999999998181,0.29999999999972715,964.7039999999997,2024-01-02 17:29:28.171000004,2024-01-02 17:29:31.128000020,2024-01-02,2024-01,2024,17,Tuesday,False
1704216701.182,1704216738.663,1,2064.645,2064.355,-0.36499999999996363,flow_flip,37.48100018501282,0.0,-0.3200000000001637,0.3200000000001637,964.3389999999997,2024-01-02 17:31:41.181999922,2024-01-02 17:32:18.663000107,2024-01-02,2024-01,2024,17,Tuesday,False
1704216790.424,1704216810.242,1,2065.215,2064.695,-0.5949999999999818,flow_flip,19.818000078201294,0.0,-0.5199999999999818,0.32999999999992724,963.7439999999997,2024-01-02 17:33:10.424000025,2024-01-02 17:33:30.242000103,2024-01-02,2024-01,2024,17,Tuesday,False
1704217688.149,1704217726.861,1,2064.475,2064.098,-0.4519999999999527,flow_flip,38.712000131607056,0.0,-0.3769999999999527,0.29999999999972715,963.2919999999997,2024-01-02 17:48:08.148999929,2024-01-02 17:48:46.861000061,2024-01-02,2024-01,2024,17,Tuesday,False
1704218135.13,1704218164.474,-1,2062.155,2062.265,-0.1849999999996726,flow_flip,29.3439998626709,0.06300000000010186,-0.31999999999970896,0.31999999999970896,963.107,2024-01-02 17:55:35.130000114,2024-01-02 17:56:04.473999977,2024-01-02,2024-01,2024,17,Tuesday,False
1704218206.949,1704218215.704,1,2062.445,2062.015,-0.505000000000291,stop_loss,8.755000114440918,0.0,-0.43000000000029104,0.3200000000001637,962.6019999999996,2024-01-02 17:56:46.948999882,2024-01-02 17:56:55.703999996,2024-01-02,2024-01,2024,17,Tuesday,False
1704219954.336,1704219984.464,-1,2064.235,2064.805,-0.6449999999997089,flow_flip,30.128000020980835,0.0,-0.569999999999709,0.30999999999994543,961.9569999999999,2024-01-02 18:25:54.335999966,2024-01-02 18:26:24.463999987,2024-01-02,2024-01,2024,18,Tuesday,False
1704221282.152,1704221337.857,-1,2061.485,2061.805,-0.394999999999709,flow_flip,55.705000162124634,0.0,-0.38699999999971624,0.3569999999999709,961.5620000000001,2024-01-02 18:48:02.151999950,2024-01-02 18:48:57.857000113,2024-01-02,2024-01,2024,18,Tuesday,False
1704221397.723,1704221417.491,-1,2060.935,2061.475,-0.6149999999999636,flow_flip,19.76799988746643,0.0,-0.5399999999999636,0.3000000000001819,960.9470000000001,2024-01-02 18:49:57.723000050,2024-01-02 18:50:17.490999937,2024-01-02,2024-01,2024,18,Tuesday,False
1704221617.319,1704221619.845,1,2061.715,2061.025,-0.7650000000000545,stop_loss,2.5260000228881836,0.0,-0.6900000000000546,0.2899999999999636,960.182,2024-01-02 18:53:37.319000006,2024-01-02 18:53:39.845000029,2024-01-02,2024-01,2024,18,Tuesday,False
1704265897.936,1704265899.248,1,2063.845,2063.395,-0.5249999999998181,stop_loss,1.311999797821045,0.0,-0.4499999999998181,0.31999999999970896,959.6570000000002,2024-01-03 07:11:37.936000109,2024-01-03 07:11:39.247999907,2024-01-03,2024-01,2024,7,Wednesday,False
1704266076.719,1704266090.07,1,2062.795,2062.415,-0.45500000000010915,flow_flip,13.35099983215332,0.0,-0.38000000000010914,0.36000000000012733,959.202,2024-01-03 07:14:36.719000101,2024-01-03 07:14:50.069999933,2024-01-03,2024-01,2024,7,Wednesday,False
1704266189.927,1704266207.659,-1,2061.195,2061.735,-0.6149999999999636,stop_loss,17.73199987411499,0.0,-0.5399999999999636,0.34999999999990905,958.587,2024-01-03 07:16:29.927000046,2024-01-03 07:16:47.658999920,2024-01-03,2024-01,2024,7,Wednesday,False
1704266602.433,1704266615.961,1,2062.785,2062.295,-0.5649999999997817,flow_flip,13.527999877929688,0.0,-0.4899999999997817,0.3469999999997526,958.0220000000002,2024-01-03 07:23:22.433000088,2024-01-03 07:23:35.960999966,2024-01-03,2024-01,2024,7,Wednesday,False
1704266733.144,1704266760.309,-1,2060.865,2061.565,-0.7750000000002728,stop_loss,27.164999961853027,0.0,-0.7000000000002728,0.3500000000003638,957.2469999999998,2024-01-03 07:25:33.144000053,2024-01-03 07:26:00.309000015,2024-01-03,2024-01,2024,7,Wednesday,False
1704267143.928,1704267174.409,-1,2061.118,2061.685,-0.6420000000000072,stop_loss,30.48099994659424,0.0,-0.5670000000000073,0.32700000000022555,956.6049999999998,2024-01-03 07:32:23.927999973,2024-01-03 07:32:54.408999920,2024-01-03,2024-01,2024,7,Wednesday,False
1704267865.605,1704267884.976,1,2063.655,2063.135,-0.5949999999999818,flow_flip,19.371000051498413,0.0,-0.5199999999999818,0.3200000000001637,956.0099999999998,2024-01-03 07:44:25.605000019,2024-01-03 07:44:44.976000071,2024-01-03,2024-01,2024,7,Wednesday,False
1704269009.913,1704269022.005,1,2063.405,2062.965,-0.5150000000000545,flow_flip,12.092000007629395,0.0,-0.44000000000005457,0.3500000000003638,955.4949999999997,2024-01-03 08:03:29.913000107,2024-01-03 08:03:42.005000114,2024-01-03,2024-01,2024,8,Wednesday,False
1704269031.872,1704269035.098,-1,2062.648,2063.195,-0.6220000000000254,stop_loss,3.2260000705718994,0.0,-0.5470000000000255,0.3369999999999891,954.8729999999996,2024-01-03 08:03:51.871999979,2024-01-03 08:03:55.098000050,2024-01-03,2024-01,2024,8,Wednesday,False
1704269304.228,1704269371.914,1,2063.755,2063.948,0.11799999999975624,trail,67.68600010871887,0.47299999999995634,-0.36999999999989086,0.2899999999999636,954.9909999999993,2024-01-03 08:08:24.227999926,2024-01-03 08:09:31.914000034,2024-01-03,2024-01,2024,8,Wednesday,True
1704269396.862,1704269407.971,-1,2063.678,2063.975,-0.3720000000000255,flow_flip,11.108999967575073,0.0,-0.3569999999999709,0.30700000000024374,954.6189999999992,2024-01-03 08:09:56.861999989,2024-01-03 08:10:07.970999956,2024-01-03,2024-01,2024,8,Wednesday,False
1704269487.726,1704269538.768,-1,2063.655,2064.185,-0.6049999999997453,flow_flip,51.04199981689453,0.0,-0.569999999999709,0.31999999999970896,954.0139999999994,2024-01-03 08:11:27.726000071,2024-01-03 08:12:18.767999887,2024-01-03,2024-01,2024,8,Wednesday,False
1704270160.134,1704270162.358,-1,2061.775,2062.315,-0.6149999999999636,stop_loss,2.2239999771118164,0.0,-0.5399999999999636,0.2899999999999636,953.3989999999994,2024-01-03 08:22:40.134000063,2024-01-03 08:22:42.358000040,2024-01-03,2024-01,2024,8,Wednesday,False
1704270200.124,1704270220.311,-1,2061.605,2062.005,-0.47500000000009096,flow_flip,20.187000036239624,0.0,-0.40000000000009095,0.2899999999999636,952.9239999999993,2024-01-03 08:23:20.124000072,2024-01-03 08:23:40.311000109,2024-01-03,2024-01,2024,8,Wednesday,False
1704270324.639,1704270357.916,-1,2061.375,2060.995,0.30500000000010913,trail,33.276999950408936,0.6199999999998909,-0.306999999999789,0.32999999999992724,953.2289999999994,2024-01-03 08:25:24.638999939,2024-01-03 08:25:57.915999889,2024-01-03,2024-01,2024,8,Wednesday,True
1704270488.889,1704270498.887,-1,2059.515,2059.302,0.13799999999973805,trail,9.998000144958496,0.4499999999998181,-0.22000000000025466,0.2899999999999636,953.366999999999,2024-01-03 08:28:08.888999939,2024-01-03 08:28:18.887000084,2024-01-03,2024-01,2024,8,Wednesday,True
1704270536.17,1704270542.451,1,2060.635,2059.995,-0.7150000000003274,stop_loss,6.2809998989105225,0.0,-0.6400000000003274,0.36000000000012733,952.6519999999987,2024-01-03 08:28:56.170000076,2024-01-03 08:29:02.450999975,2024-01-03,2024-01,2024,8,Wednesday,False
1704270562.236,1704270578.207,1,2061.115,2060.615,-0.575,stop_loss,15.970999956130981,0.0,-0.5,0.29999999999972715,952.0769999999986,2024-01-03 08:29:22.236000061,2024-01-03 08:29:38.207000017,2024-01-03,2024-01,2024,8,Wednesday,False
1704271104.204,1704271109.243,-1,2060.955,2061.405,-0.5250000000002728,stop_loss,5.039000034332275,0.0,-0.45000000000027285,0.3400000000001455,951.5519999999983,2024-01-03 08:38:24.203999996,2024-01-03 08:38:29.243000031,2024-01-03,2024-01,2024,8,Wednesday,False
1704273291.83,1704273318.186,1,2058.525,2058.148,-0.4519999999999527,flow_flip,26.356000185012817,0.0,-0.43000000000029104,0.3369999999999891,951.0999999999983,2024-01-03 09:14:51.829999924,2024-01-03 09:15:18.186000109,2024-01-03,2024-01,2024,9,Wednesday,False
1704274096.465,1704274104.583,-1,2058.225,2058.685,-0.5350000000000363,stop_loss,8.118000030517578,0.0,-0.4600000000000364,0.34999999999990905,950.5649999999982,2024-01-03 09:28:16.464999914,2024-01-03 09:28:24.582999945,2024-01-03,2024-01,2024,9,Wednesday,False
1704275088.079,1704275089.967,-1,2055.388,2054.785,0.5280000000000655,take_profit,1.8880000114440918,0.6030000000000655,-0.34700000000020736,0.2739999999998872,951.0929999999983,2024-01-03 09:44:48.078999996,2024-01-03 09:44:49.967000008,2024-01-03,2024-01,2024,9,Wednesday,True
1704275109.21,1704275130.87,1,2056.015,2055.885,-0.2049999999996544,flow_flip,21.65999984741211,0.17000000000007276,-0.2869999999998072,0.2699999999999818,950.8879999999986,2024-01-03 09:45:09.210000038,2024-01-03 09:45:30.869999886,2024-01-03,2024-01,2024,9,Wednesday,False
1704275244.698,1704275267.523,-1,2055.845,2056.055,-0.2850000000000364,flow_flip,22.825000047683716,0.05999999999994543,-0.3100000000004002,0.2699999999999818,950.6029999999985,2024-01-03 09:47:24.697999954,2024-01-03 09:47:47.523000001,2024-01-03,2024-01,2024,9,Wednesday,False
1704275307.031,1704275324.941,1,2055.885,2056.515,0.5549999999996544,take_profit,17.91000008583069,0.6299999999996544,-0.330000000000382,0.3000000000001819,951.1579999999981,2024-01-03 09:48:27.030999899,2024-01-03 09:48:44.940999985,2024-01-03,2024-01,2024,9,Wednesday,True
1704275594.648,1704275632.278,1,2056.465,2056.305,-0.23500000000030924,flow_flip,37.63000011444092,0.03999999999996362,-0.30999999999994543,0.30999999999994543,950.9229999999977,2024-01-03 09:53:14.648000002,2024-01-03 09:53:52.278000116,2024-01-03,2024-01,2024,9,Wednesday,False
1704277320.15,1704277323.887,-1,2053.135,2053.705,-0.6449999999997089,stop_loss,3.736999988555908,0.0,-0.569999999999709,0.25999999999976353,950.277999999998,2024-01-03 10:22:00.150000095,2024-01-03 10:22:03.887000084,2024-01-03,2024-01,2024,10,Wednesday,False
1704277354.081,1704277386.632,1,2054.255,2054.035,-0.29500000000025467,flow_flip,32.550999879837036,0.10999999999967258,-0.32999999999992724,0.3400000000001455,949.9829999999977,2024-01-03 10:22:34.081000090,2024-01-03 10:23:06.631999969,2024-01-03,2024-01,2024,10,Wednesday,False
1704277435.366,1704277471.75,1,2054.715,2054.625,-0.16500000000014553,flow_flip,36.384000062942505,0.19000000000005457,-0.3200000000001637,0.3500000000003638,949.8179999999975,2024-01-03 10:23:55.365999937,2024-01-03 10:24:31.750000000,2024-01-03,2024-01,2024,10,Wednesday,False
1704277505.29,1704277581.685,-1,2054.085,2054.165,-0.15499999999992725,flow_flip,76.39499998092651,0.24000000000023647,-0.30999999999994543,0.3000000000001819,949.6629999999975,2024-01-03 10:25:05.289999962,2024-01-03 10:26:21.684999943,2024-01-03,2024-01,2024,10,Wednesday,False
1704277776.263,1704277799.839,-1,2052.955,2053.245,-0.36499999999996363,flow_flip,23.575999975204468,0.09999999999990905,-0.30999999999994543,0.3400000000001455,949.2979999999975,2024-01-03 10:29:36.263000010,2024-01-03 10:29:59.838999987,2024-01-03,2024-01,2024,10,Wednesday,False
1704277808.9,1704277818.22,1,2053.675,2053.195,-0.5550000000000181,flow_flip,9.319999933242798,0.0,-0.4800000000000182,0.3100000000004002,948.7429999999974,2024-01-03 10:30:08.900000095,2024-01-03 10:30:18.220000029,2024-01-03,2024-01,2024,10,Wednesday,False
1704277881.608,1704277919.503,1,2054.315,2053.855,-0.5350000000000363,flow_flip,37.894999980926514,0.0,-0.4600000000000364,0.3200000000001637,948.2079999999974,2024-01-03 10:31:21.608000040,2024-01-03 10:31:59.503000020,2024-01-03,2024-01,2024,10,Wednesday,False
1704278481.724,1704278507.499,1,2055.605,2054.975,-0.7050000000001091,stop_loss,25.77500009536743,0.0,-0.6300000000001091,0.3400000000001455,947.5029999999972,2024-01-03 10:41:21.723999977,2024-01-03 10:41:47.499000072,2024-01-03,2024-01,2024,10,Wednesday,False
1704278785.262,1704278875.419,1,2055.515,2055.775,0.18500000000021827,time_stop,90.15699982643127,0.36000000000012733,-0.23999999999978172,0.2899999999999636,947.6879999999974,2024-01-03 10:46:25.262000084,2024-01-03 10:47:55.418999910,2024-01-03,2024-01,2024,10,Wednesday,True
1704279041.1,1704279131.196,1,2055.245,2055.375,0.05500000000010913,time_stop,90.09600019454956,0.30999999999994543,-0.25,0.2899999999999636,947.7429999999974,2024-01-03 10:50:41.099999905,2024-01-03 10:52:11.196000099,2024-01-03,2024-01,2024,10,Wednesday,True
1704279444.823,1704279454.339,1,2054.905,2054.405,-0.575,stop_loss,9.516000032424927,0.0,-0.5,0.29000000000041837,947.1679999999974,2024-01-03 10:57:24.822999954,2024-01-03 10:57:34.338999987,2024-01-03,2024-01,2024,10,Wednesday,False
1704279508.937,1704279526.49,1,2055.135,2054.695,-0.5150000000000545,stop_loss,17.55299997329712,0.0,-0.44000000000005457,0.29000000000041837,946.6529999999973,2024-01-03 10:58:28.937000036,2024-01-03 10:58:46.490000010,2024-01-03,2024-01,2024,10,Wednesday,False
1704279811.182,1704279863.199,-1,2055.275,2054.452,0.7479999999998654,take_profit,52.01699995994568,0.8229999999998654,-0.33999999999969077,0.3269999999997708,947.4009999999971,2024-01-03 11:03:31.181999922,2024-01-03 11:04:23.198999882,2024-01-03,2024-01,2024,11,Wednesday,True
1704279926.56,1704279995.34,1,2054.505,2054.495,-0.08500000000021829,flow_flip,68.77999997138977,0.10999999999967258,-0.34999999999990905,0.3400000000001455,947.3159999999968,2024-01-03 11:05:26.559999943,2024-01-03 11:06:35.339999914,2024-01-03,2024-01,2024,11,Wednesday,False
1704280015.281,1704280025.41,-1,2053.935,2054.265,-0.40499999999992725,flow_flip,10.129000186920166,0.0,-0.32999999999992724,0.2899999999999636,946.9109999999969,2024-01-03 11:06:55.280999899,2024-01-03 11:07:05.410000086,2024-01-03,2024-01,2024,11,Wednesday,False
1704280556.833,1704280591.5,-1,2052.765,2053.185,-0.49500000000007277,flow_flip,34.66700005531311,0.0,-0.4600000000000364,0.3000000000001819,946.4159999999968,2024-01-03 11:15:56.832999945,2024-01-03 11:16:31.500000000,2024-01-03,2024-01,2024,11,Wednesday,False
1704280846.993,1704280852.132,1,2053.935,2053.395,-0.6149999999999636,flow_flip,5.138999938964844,0.0,-0.5399999999999636,0.30999999999994543,945.8009999999967,2024-01-03 11:20:46.993000031,2024-01-03 11:20:52.131999969,2024-01-03,2024-01,2024,11,Wednesday,False
1704280891.612,1704280901.084,-1,2052.855,2053.255,-0.47500000000009096,flow_flip,9.472000122070312,0.0,-0.40000000000009095,0.30999999999994543,945.3259999999966,2024-01-03 11:21:31.611999989,2024-01-03 11:21:41.084000111,2024-01-03,2024-01,2024,11,Wednesday,False
1704280978.759,1704281017.381,-1,2051.955,2052.345,-0.4649999999998727,flow_flip,38.621999979019165,0.1799999999998363,-0.38999999999987267,0.3200000000001637,944.8609999999967,2024-01-03 11:22:58.759000063,2024-01-03 11:23:37.381000042,2024-01-03,2024-01,2024,11,Wednesday,False
1704281420.203,1704281431.673,-1,2051.885,2052.315,-0.5049999999998362,stop_loss,11.47000002861023,0.0,-0.4299999999998363,0.27999999999974534,944.3559999999968,2024-01-03 11:30:20.203000069,2024-01-03 11:30:31.673000097,2024-01-03,2024-01,2024,11,Wednesday,False
1704281611.03,1704281658.848,-1,2050.885,2050.635,0.175,flow_flip,47.818000078201294,0.5100000000002183,-0.3170000000000073,0.3170000000000073,944.5309999999968,2024-01-03 11:33:31.029999971,2024-01-03 11:34:18.848000050,2024-01-03,2024-01,2024,11,Wednesday,True
1704281694.034,1704281713.994,1,2051.375,2050.985,-0.4649999999998727,flow_flip,19.960000038146973,0.0,-0.38999999999987267,0.34999999999990905,944.0659999999968,2024-01-03 11:34:54.033999920,2024-01-03 11:35:13.993999958,2024-01-03,2024-01,2024,11,Wednesday,False
1704281843.845,1704281875.65,1,2051.895,2051.195,-0.7749999999998181,stop_loss,31.805000066757202,0.0,-0.6999999999998181,0.30999999999994543,943.290999999997,2024-01-03 11:37:23.845000029,2024-01-03 11:37:55.650000095,2024-01-03,2024-01,2024,11,Wednesday,False
1704281930.806,1704282021.377,-1,2050.795,2050.955,-0.2349999999998545,time_stop,90.57100009918213,0.0,-0.32999999999992724,0.32999999999992724,943.0559999999971,2024-01-03 11:38:50.805999994,2024-01-03 11:40:21.377000093,2024-01-03,2024-01,2024,11,Wednesday,False
1704282108.413,1704282110.846,-1,2048.885,2049.465,-0.6549999999999272,stop_loss,2.432999849319458,0.0,-0.5799999999999272,0.2369999999996253,942.4009999999971,2024-01-03 11:41:48.413000107,2024-01-03 11:41:50.845999956,2024-01-03,2024-01,2024,11,Wednesday,False
1704282163.569,1704282216.284,-1,2048.265,2048.575,-0.38499999999994544,flow_flip,52.71499991416931,0.35999999999989996,-0.5100000000002183,0.32999999999992724,942.0159999999971,2024-01-03 11:42:43.569000006,2024-01-03 11:43:36.283999920,2024-01-03,2024-01,2024,11,Wednesday,False
1704282225.701,1704282289.244,1,2049.075,2049.195,0.0450000000003456,trail,63.54299998283386,0.5199999999999818,-0.29999999999972715,0.31999999999970896,942.0609999999974,2024-01-03 11:43:45.700999975,2024-01-03 11:44:49.243999958,2024-01-03,2024-01,2024,11,Wednesday,True
1704283243.093,1704283250.998,-1,2047.235,2047.745,-0.5849999999999909,flow_flip,7.9049999713897705,0.0,-0.5099999999999909,0.37000000000011823,941.4759999999974,2024-01-03 12:00:43.092999935,2024-01-03 12:00:50.997999907,2024-01-03,2024-01,2024,12,Wednesday,False
1704283479.236,1704283503.067,-1,2046.115,2046.515,-0.47500000000009096,flow_flip,23.830999851226807,0.0,-0.4600000000000364,0.34999999999990905,941.0009999999972,2024-01-03 12:04:39.236000061,2024-01-03 12:05:03.066999911,2024-01-03,2024-01,2024,12,Wednesday,False
1704283597.227,1704283600.192,-1,2044.108,2043.645,0.38799999999996543,trail,2.9649999141693115,0.765999999999849,-0.2640000000001237,0.27700000000004366,941.3889999999972,2024-01-03 12:06:37.226999998,2024-01-03 12:06:40.191999912,2024-01-03,2024-01,2024,12,Wednesday,True
1704283647.684,1704283686.646,1,2044.245,2044.025,-0.2949999999997999,flow_flip,38.96199989318848,0.21000000000003638,-0.4499999999998181,0.34699999999998,941.0939999999973,2024-01-03 12:07:27.684000015,2024-01-03 12:08:06.645999908,2024-01-03,2024-01,2024,12,Wednesday,False
1704283706.432,1704283712.388,1,2045.215,2044.605,-0.6849999999998999,stop_loss,5.956000089645386,0.0,-0.6099999999999,0.36999999999989086,940.4089999999974,2024-01-03 12:08:26.431999922,2024-01-03 12:08:32.388000011,2024-01-03,2024-01,2024,12,Wednesday,False
1704283720.63,1704283721.777,1,2045.595,2044.945,-0.7250000000000909,stop_loss,1.1469998359680176,0.0,-0.650000000000091,0.33999999999991815,939.6839999999972,2024-01-03 12:08:40.630000114,2024-01-03 12:08:41.776999950,2024-01-03,2024-01,2024,12,Wednesday,False
1704284873.618,1704284887.906,-1,2041.935,2042.395,-0.5350000000000363,flow_flip,14.287999868392944,0.0,-0.4600000000000364,0.3200000000001637,939.1489999999972,2024-01-03 12:27:53.618000031,2024-01-03 12:28:07.905999899,2024-01-03,2024-01,2024,12,Wednesday,False
1704284929.627,1704284933.715,1,2043.475,2042.885,-0.6649999999999181,stop_loss,4.0879998207092285,0.0,-0.5899999999999181,0.33999999999991815,938.4839999999972,2024-01-03 12:28:49.627000093,2024-01-03 12:28:53.714999914,2024-01-03,2024-01,2024,12,Wednesday,False
1704284965.712,1704285000.417,1,2043.795,2043.075,-0.7950000000000272,stop_loss,34.705000162124634,0.0,-0.7200000000000273,0.3200000000001637,937.6889999999971,2024-01-03 12:29:25.711999893,2024-01-03 12:30:00.417000055,2024-01-03,2024-01,2024,12,Wednesday,False
1704285112.321,1704285143.389,1,2043.485,2044.115,0.5550000000001092,take_profit,31.067999839782715,0.6300000000001091,-0.209999999999809,0.32999999999992724,938.2439999999972,2024-01-03 12:31:52.321000099,2024-01-03 12:32:23.388999939,2024-01-03,2024-01,2024,12,Wednesday,True
1704285196.876,1704285198.989,1,2045.242,2044.835,-0.48199999999992543,stop_loss,2.1130001544952393,0.0,-0.4069999999999254,0.28700000000003456,937.7619999999972,2024-01-03 12:33:16.875999928,2024-01-03 12:33:18.989000082,2024-01-03,2024-01,2024,12,Wednesday,False
1704285366.365,1704285379.201,-1,2043.705,2044.205,-0.575,stop_loss,12.835999965667725,0.0,-0.5,0.3300000000001546,937.1869999999972,2024-01-03 12:36:06.365000010,2024-01-03 12:36:19.200999975,2024-01-03,2024-01,2024,12,Wednesday,False
1704285971.476,1704286009.158,1,2047.275,2046.715,-0.6350000000001728,flow_flip,37.681999921798706,0.0,-0.5600000000001728,0.3100000000001728,936.551999999997,2024-01-03 12:46:11.476000071,2024-01-03 12:46:49.157999992,2024-01-03,2024-01,2024,12,Wednesday,False
1704286083.143,1704286103.436,1,2048.315,2047.935,-0.45500000000010915,flow_flip,20.29300022125244,0.0,-0.44000000000005457,0.3200000000001637,936.0969999999968,2024-01-03 12:48:03.142999887,2024-01-03 12:48:23.436000109,2024-01-03,2024-01,2024,12,Wednesday,False
1704286800.964,1704286829.245,1,2046.495,2046.735,0.16500000000000908,trail,28.280999898910522,0.5130000000001473,-0.3999999999998636,0.32999999999992724,936.2619999999968,2024-01-03 13:00:00.963999987,2024-01-03 13:00:29.244999886,2024-01-03,2024-01,2024,13,Wednesday,True
1704286923.928,1704286924.284,-1,2046.985,2047.515,-0.6050000000002,stop_loss,0.3559999465942383,0.0,-0.5300000000002001,0.3300000000001546,935.6569999999965,2024-01-03 13:02:03.927999973,2024-01-03 13:02:04.283999920,2024-01-03,2024-01,2024,13,Wednesday,False
1704287495.157,1704287567.464,1,2046.322,2046.085,-0.3119999999998527,flow_flip,72.3069999217987,0.003000000000156433,-0.49699999999984357,0.3269999999999982,935.3449999999966,2024-01-03 13:11:35.157000065,2024-01-03 13:12:47.463999987,2024-01-03,2024-01,2024,13,Wednesday,False
1704287674.655,1704287675.414,-1,2045.435,2045.855,-0.49500000000007277,stop_loss,0.7590000629425049,0.0,-0.42000000000007276,0.29700000000002547,934.8499999999965,2024-01-03 13:14:34.654999971,2024-01-03 13:14:35.414000034,2024-01-03,2024-01,2024,13,Wednesday,False
1704287823.112,1704287825.29,1,2046.422,2045.905,-0.5920000000000527,stop_loss,2.177999973297119,0.0,-0.5170000000000528,0.30700000000001637,934.2579999999964,2024-01-03 13:17:03.111999989,2024-01-03 13:17:05.289999962,2024-01-03,2024-01,2024,13,Wednesday,False
1704288002.049,1704288012.6,-1,2044.575,2045.305,-0.8050000000000181,stop_loss,10.550999879837036,0.0,-0.7300000000000182,0.33999999999991815,933.4529999999963,2024-01-03 13:20:02.049000025,2024-01-03 13:20:12.599999905,2024-01-03,2024-01,2024,13,Wednesday,False
1704288093.182,1704288126.194,-1,2043.955,2043.485,0.3950000000000273,trail,33.01200008392334,0.8099999999999454,-0.2699999999999818,0.3100000000001728,933.8479999999963,2024-01-03 13:21:33.181999922,2024-01-03 13:22:06.194000006,2024-01-03,2024-01,2024,13,Wednesday,True
1704288189.518,1704288195.322,-1,2042.595,2043.185,-0.6649999999999181,stop_loss,5.80400013923645,0.0,-0.5899999999999181,0.32999999999992724,933.1829999999964,2024-01-03 13:23:09.517999887,2024-01-03 13:23:15.322000027,2024-01-03,2024-01,2024,13,Wednesday,False
1704288322.688,1704288331.871,1,2043.755,2043.245,-0.5850000000002182,flow_flip,9.183000087738037,0.0,-0.5100000000002183,0.3269999999999982,932.5979999999961,2024-01-03 13:25:22.687999964,2024-01-03 13:25:31.871000051,2024-01-03,2024-01,2024,13,Wednesday,False
1704288353.455,1704288435.357,-1,2042.955,2042.065,0.8149999999998727,take_profit,81.90200018882751,0.8899999999998727,-0.3400000000001455,0.3500000000001364,933.4129999999959,2024-01-03 13:25:53.454999924,2024-01-03 13:27:15.357000113,2024-01-03,2024-01,2024,13,Wednesday,True
1704288456.414,1704288465.391,1,2042.125,2041.805,-0.39499999999993635,flow_flip,8.976999998092651,0.009999999999990905,-0.31999999999993634,0.33999999999991815,933.0179999999959,2024-01-03 13:27:36.414000034,2024-01-03 13:27:45.391000032,2024-01-03,2024-01,2024,13,Wednesday,False
1704288539.342,1704288541.269,1,2042.975,2042.415,-0.6349999999999454,stop_loss,1.9270000457763672,0.0,-0.5599999999999454,0.32999999999992724,932.382999999996,2024-01-03 13:28:59.342000008,2024-01-03 13:29:01.269000053,2024-01-03,2024-01,2024,13,Wednesday,False
1704289650.01,1704289676.161,-1,2040.235,2039.725,0.4349999999999909,trail,26.151000022888184,0.849999999999909,-0.5600000000001728,0.3200000000001637,932.8179999999959,2024-01-03 13:47:30.009999990,2024-01-03 13:47:56.161000013,2024-01-03,2024-01,2024,13,Wednesday,True
1704290310.126,1704290345.569,1,2041.205,2040.455,-0.825,stop_loss,35.443000078201294,0.0,-0.75,0.32999999999992724,931.9929999999958,2024-01-03 13:58:30.125999928,2024-01-03 13:59:05.569000006,2024-01-03,2024-01,2024,13,Wednesday,False
1704290461.445,1704290485.43,1,2042.195,2041.995,-0.2750000000000455,flow_flip,23.985000133514404,0.029999999999972715,-0.35999999999989996,0.2699999999999818,931.7179999999958,2024-01-03 14:01:01.444999933,2024-01-03 14:01:25.430000067,2024-01-03,2024-01,2024,14,Wednesday,False
1704290823.816,1704290853.915,1,2039.425,2038.905,-0.5949999999999818,flow_flip,30.098999977111816,0.0,-0.5499999999999545,0.32999999999992724,931.1229999999957,2024-01-03 14:07:03.815999985,2024-01-03 14:07:33.914999962,2024-01-03,2024-01,2024,14,Wednesday,False
1704291079.204,1704291103.112,1,2037.455,2037.335,-0.19499999999989087,flow_flip,23.907999992370605,0.14000000000010004,-0.43699999999989814,0.36999999999989086,930.9279999999958,2024-01-03 14:11:19.203999996,2024-01-03 14:11:43.111999989,2024-01-03,2024-01,2024,14,Wednesday,False
1704291435.41,1704291438.263,-1,2034.898,2035.615,-0.7920000000000982,stop_loss,2.8529999256134033,0.0,-0.7170000000000982,0.3369999999999891,930.1359999999956,2024-01-03 14:17:15.410000086,2024-01-03 14:17:18.263000010,2024-01-03,2024-01,2024,14,Wednesday,False
1704291519.582,1704291544.014,1,2036.622,2036.155,-0.5420000000000982,flow_flip,24.431999921798706,0.032999999999901775,-0.4670000000000982,0.3569999999999709,929.5939999999955,2024-01-03 14:18:39.582000017,2024-01-03 14:19:04.013999939,2024-01-03,2024-01,2024,14,Wednesday,False
1704291630.957,1704291672.182,1,2036.885,2035.785,-1.174999999999909,stop_loss,41.22499990463257,0.0,-1.099999999999909,0.2999999999999545,928.4189999999955,2024-01-03 14:20:30.957000017,2024-01-03 14:21:12.181999922,2024-01-03,2024-01,2024,14,Wednesday,False
1704292261.923,1704292282.619,-1,2036.335,2035.822,0.4380000000001473,trail,20.69599986076355,0.7899999999999636,-0.35999999999989996,0.36999999999989086,928.8569999999957,2024-01-03 14:31:01.923000097,2024-01-03 14:31:22.618999958,2024-01-03,2024-01,2024,14,Wednesday,True
1704292306.892,1704292314.026,1,2036.575,2036.105,-0.5450000000000272,flow_flip,7.134000062942505,0.0,-0.4700000000000273,0.3400000000001455,928.3119999999956,2024-01-03 14:31:46.891999960,2024-01-03 14:31:54.026000023,2024-01-03,2024-01,2024,14,Wednesday,False
1704292323.381,1704292330.08,-1,2035.505,2036.032,-0.6019999999998162,stop_loss,6.698999881744385,0.0,-0.5269999999998163,0.30999999999994543,927.7099999999957,2024-01-03 14:32:03.381000042,2024-01-03 14:32:10.079999924,2024-01-03,2024-01,2024,14,Wednesday,False
1704292351.837,1704292367.242,-1,2035.695,2036.222,-0.6020000000000436,stop_loss,15.40500020980835,0.0,-0.5270000000000437,0.2799999999999727,927.1079999999956,2024-01-03 14:32:31.836999893,2024-01-03 14:32:47.242000103,2024-01-03,2024-01,2024,14,Wednesday,False
1704292383.01,1704292396.957,-1,2035.605,2036.012,-0.48199999999992543,flow_flip,13.94700002670288,0.0,-0.4069999999999254,0.2899999999999636,926.6259999999957,2024-01-03 14:33:03.009999990,2024-01-03 14:33:16.957000017,2024-01-03,2024-01,2024,14,Wednesday,False
1704292642.738,1704292643.501,1,2033.502,2032.935,-0.6420000000000072,stop_loss,0.7630000114440918,0.0,-0.5670000000000073,0.3669999999999618,925.9839999999956,2024-01-03 14:37:22.737999916,2024-01-03 14:37:23.500999928,2024-01-03,2024-01,2024,14,Wednesday,False
1704294126.911,1704294143.879,1,2043.845,2044.065,0.14500000000002727,trail,16.967999935150146,0.5529999999998836,-0.37000000000011823,0.2799999999999727,926.1289999999956,2024-01-03 15:02:06.911000013,2024-01-03 15:02:23.878999949,2024-01-03,2024-01,2024,15,Wednesday,True
1704294173.582,1704294195.996,1,2044.755,2045.175,0.3449999999998454,trail,22.414000034332275,0.7699999999999818,-0.5200000000002092,0.3770000000001801,926.4739999999954,2024-01-03 15:02:53.582000017,2024-01-03 15:03:15.996000051,2024-01-03,2024-01,2024,15,Wednesday,True
1704294222.34,1704294223.138,1,2047.115,2046.415,-0.7750000000000454,stop_loss,0.7980000972747803,0.0,-0.7000000000000455,0.37000000000011823,925.6989999999953,2024-01-03 15:03:42.339999914,2024-01-03 15:03:43.138000011,2024-01-03,2024-01,2024,15,Wednesday,False
1704294268.321,1704294277.686,-1,2047.865,2046.895,0.8950000000000273,take_profit,9.365000009536743,0.9700000000000273,-0.3100000000001728,0.3500000000001364,926.5939999999953,2024-01-03 15:04:28.321000099,2024-01-03 15:04:37.686000109,2024-01-03,2024-01,2024,15,Wednesday,True
1704294397.438,1704294404.399,1,2047.275,2046.585,-0.7650000000000545,stop_loss,6.960999965667725,0.0,-0.6900000000000546,0.3400000000001455,925.8289999999952,2024-01-03 15:06:37.437999964,2024-01-03 15:06:44.398999929,2024-01-03,2024-01,2024,15,Wednesday,False
1704294412.788,1704294413.5,-1,2045.555,2046.145,-0.6649999999999181,stop_loss,0.7119998931884766,0.0,-0.5899999999999181,0.3969999999999345,925.1639999999952,2024-01-03 15:06:52.788000107,2024-01-03 15:06:53.500000000,2024-01-03,2024-01,2024,15,Wednesday,False
1704294425.737,1704294427.062,1,2046.465,2045.935,-0.6049999999999727,stop_loss,1.3250000476837158,0.0,-0.5299999999999727,0.38999999999987267,924.5589999999952,2024-01-03 15:07:05.736999989,2024-01-03 15:07:07.062000036,2024-01-03,2024-01,2024,15,Wednesday,False
1704299403.209,1704299444.841,1,2034.775,2034.135,-0.7150000000001,stop_loss,41.63199996948242,0.0,-0.6400000000001,0.3500000000001364,923.843999999995,2024-01-03 16:30:03.209000111,2024-01-03 16:30:44.841000080,2024-01-03,2024-01,2024,16,Wednesday,False
1704299771.277,1704299798.769,-1,2033.275,2033.905,-0.7049999999998817,stop_loss,27.492000102996826,0.0,-0.6299999999998818,0.32999999999992724,923.1389999999951,2024-01-03 16:36:11.276999950,2024-01-03 16:36:38.769000053,2024-01-03,2024-01,2024,16,Wednesday,False
1704299912.468,1704299920.241,1,2034.765,2034.265,-0.575,flow_flip,7.773000001907349,0.0,-0.5,0.3100000000001728,922.5639999999951,2024-01-03 16:38:32.467999935,2024-01-03 16:38:40.240999937,2024-01-03,2024-01,2024,16,Wednesday,False
1704301201.46,1704301202.071,1,2032.935,2032.385,-0.6249999999999545,stop_loss,0.6110000610351562,0.0,-0.5499999999999545,0.32999999999992724,921.9389999999951,2024-01-03 17:00:01.460000038,2024-01-03 17:00:02.071000099,2024-01-03,2024-01,2024,17,Wednesday,False
1704301342.233,1704301385.665,1,2032.295,2032.535,0.16500000000000908,trail,43.431999921798706,0.5099999999999909,-0.3100000000001728,0.2899999999999636,922.103999999995,2024-01-03 17:02:22.233000040,2024-01-03 17:03:05.664999962,2024-01-03,2024-01,2024,17,Wednesday,True
1704301878.82,1704301883.576,1,2032.855,2032.345,-0.5849999999999909,stop_loss,4.75600004196167,0.0,-0.5099999999999909,0.32999999999992724,921.518999999995,2024-01-03 17:11:18.819999933,2024-01-03 17:11:23.575999975,2024-01-03,2024-01,2024,17,Wednesday,False
1704351713.891,1704351739.302,1,2047.515,2047.275,-0.3150000000000091,flow_flip,25.41100001335144,0.0,-0.43000000000006366,0.3400000000001455,921.203999999995,2024-01-04 07:01:53.891000032,2024-01-04 07:02:19.302000046,2024-01-04,2024-01,2024,7,Thursday,False
1704351847.04,1704351850.61,-1,2047.395,2047.995,-0.674999999999909,stop_loss,3.569999933242798,0.0,-0.599999999999909,0.33999999999991815,920.528999999995,2024-01-04 07:04:07.039999962,2024-01-04 07:04:10.609999895,2024-01-04,2024-01,2024,7,Thursday,False
1704351906.526,1704351906.832,1,2048.472,2047.645,-0.9020000000002255,stop_loss,0.3059999942779541,0.0,-0.8270000000002256,0.34700000000020736,919.6269999999947,2024-01-04 07:05:06.526000023,2024-01-04 07:05:06.832000017,2024-01-04,2024-01,2024,7,Thursday,False
1704352150.189,1704352152.605,-1,2047.955,2048.405,-0.5250000000002728,stop_loss,2.4160001277923584,0.0,-0.45000000000027285,0.32999999999992724,919.1019999999944,2024-01-04 07:09:10.188999891,2024-01-04 07:09:12.605000019,2024-01-04,2024-01,2024,7,Thursday,False
1704352262.315,1704352270.312,-1,2047.355,2047.725,-0.44499999999989087,flow_flip,7.996999979019165,0.0,-0.46699999999987085,0.3369999999999891,918.6569999999945,2024-01-04 07:11:02.315000057,2024-01-04 07:11:10.312000036,2024-01-04,2024-01,2024,7,Thursday,False
1704354377.116,1704354390.811,-1,2048.598,2048.855,-0.33200000000006186,flow_flip,13.695000171661377,0.0,-0.25700000000006185,0.19700000000011642,918.3249999999944,2024-01-04 07:46:17.115999937,2024-01-04 07:46:30.811000109,2024-01-04,2024-01,2024,7,Thursday,False
1704354801.064,1704354817.359,-1,2048.015,2048.325,-0.38499999999994544,flow_flip,16.295000076293945,0.0,-0.30999999999994543,0.2899999999999636,917.9399999999944,2024-01-04 07:53:21.063999891,2024-01-04 07:53:37.358999968,2024-01-04,2024-01,2024,7,Thursday,False
1704354891.745,1704354893.458,-1,2047.915,2048.285,-0.44499999999989087,stop_loss,1.7130000591278076,0.0,-0.36999999999989086,0.22000000000025466,917.4949999999944,2024-01-04 07:54:51.744999886,2024-01-04 07:54:53.457999945,2024-01-04,2024-01,2024,7,Thursday,False
1704355208.976,1704355221.905,-1,2047.335,2047.705,-0.44499999999989087,stop_loss,12.928999900817871,0.0,-0.36999999999989086,0.2699999999999818,917.0499999999945,2024-01-04 08:00:08.976000071,2024-01-04 08:00:21.904999971,2024-01-04,2024-01,2024,8,Thursday,False
1704355561.032,1704355585.322,1,2047.575,2047.635,-0.015000000000054574,flow_flip,24.289999961853027,0.14999999999986358,-0.36000000000012733,0.2799999999999727,917.0349999999944,2024-01-04 08:06:01.032000065,2024-01-04 08:06:25.322000027,2024-01-04,2024-01,2024,8,Thursday,False
1704355715.665,1704355723.883,-1,2047.825,2048.155,-0.4050000000001546,flow_flip,8.217999935150146,0.0,-0.3300000000001546,0.28999999999973625,916.6299999999942,2024-01-04 08:08:35.664999962,2024-01-04 08:08:43.882999897,2024-01-04,2024-01,2024,8,Thursday,False
1704355803.318,1704355804.378,1,2047.985,2047.625,-0.43499999999989997,stop_loss,1.059999942779541,0.0,-0.35999999999989996,0.25,916.1949999999943,2024-01-04 08:10:03.318000078,2024-01-04 08:10:04.378000021,2024-01-04,2024-01,2024,8,Thursday,False
1704357064.54,1704357065.046,1,2047.685,2047.245,-0.5150000000000545,stop_loss,0.5060000419616699,0.0,-0.44000000000005457,0.2699999999999818,915.6799999999942,2024-01-04 08:31:04.539999962,2024-01-04 08:31:05.046000004,2024-01-04,2024-01,2024,8,Thursday,False
1704357381.78,1704357387.369,1,2046.795,2046.385,-0.48500000000008187,stop_loss,5.58899998664856,0.0,-0.41000000000008185,0.25,915.194999999994,2024-01-04 08:36:21.779999971,2024-01-04 08:36:27.368999958,2024-01-04,2024-01,2024,8,Thursday,False
1704358143.216,1704358198.153,1,2047.305,2046.965,-0.41500000000014553,flow_flip,54.937000036239624,0.0,-0.3500000000001364,0.25,914.7799999999938,2024-01-04 08:49:03.216000080,2024-01-04 08:49:58.153000116,2024-01-04,2024-01,2024,8,Thursday,False
1704359864.535,1704359885.731,-1,2048.175,2048.555,-0.4549999999996544,flow_flip,21.19599986076355,0.0,-0.3799999999996544,0.29999999999972715,914.3249999999941,2024-01-04 09:17:44.535000086,2024-01-04 09:18:05.730999947,2024-01-04,2024-01,2024,9,Thursday,False
1704360355.606,1704360398.881,-1,2046.695,2046.725,-0.10499999999997273,flow_flip,43.27500009536743,0.1899999999998272,-0.3710000000000946,0.3369999999999891,914.2199999999941,2024-01-04 09:25:55.605999947,2024-01-04 09:26:38.881000042,2024-01-04,2024-01,2024,9,Thursday,False
1704360610.78,1704360627.187,1,2047.795,2047.475,-0.3950000000001637,flow_flip,16.407000064849854,0.0,-0.40000000000009095,0.3300000000001546,913.8249999999939,2024-01-04 09:30:10.779999971,2024-01-04 09:30:27.187000036,2024-01-04,2024-01,2024,9,Thursday,False
1704360780.812,1704360793.346,1,2048.645,2048.265,-0.45500000000010915,flow_flip,12.533999919891357,0.0,-0.44000000000005457,0.3670000000001892,913.3699999999938,2024-01-04 09:33:00.812000036,2024-01-04 09:33:13.345999956,2024-01-04,2024-01,2024,9,Thursday,False
1704360853.455,1704360926.107,1,2048.856,2049.945,1.0139999999999418,take_profit,72.65200018882751,1.0889999999999418,-0.38100000000031287,0.36100000000033106,914.3839999999936,2024-01-04 09:34:13.454999924,2024-01-04 09:35:26.107000113,2024-01-04,2024-01,2024,9,Thursday,True
1704361149.886,1704361152.757,1,2050.125,2049.695,-0.5049999999998362,stop_loss,2.871000051498413,0.0,-0.4299999999998363,0.3200000000001637,913.8789999999938,2024-01-04 09:39:09.885999918,2024-01-04 09:39:12.756999969,2024-01-04,2024-01,2024,9,Thursday,False
1704361216.211,1704361240.565,1,2050.442,2050.605,0.0880000000000109,trail,24.354000091552734,0.4130000000000109,-0.43699999999989814,0.3569999999999709,913.9669999999937,2024-01-04 09:40:16.210999966,2024-01-04 09:40:40.565000057,2024-01-04,2024-01,2024,9,Thursday,True
1704361248.638,1704361253.935,-1,2050.028,2050.585,-0.6320000000002437,stop_loss,5.296999931335449,0.0,-0.5570000000002437,0.28700000000026193,913.3349999999934,2024-01-04 09:40:48.638000011,2024-01-04 09:40:53.934999943,2024-01-04,2024-01,2024,9,Thursday,False
1704361808.698,1704361824.169,-1,2048.825,2049.135,-0.3850000000004002,flow_flip,15.470999956130981,0.0,-0.3200000000001637,0.25,912.949999999993,2024-01-04 09:50:08.697999954,2024-01-04 09:50:24.168999910,2024-01-04,2024-01,2024,9,Thursday,False
1704362240.298,1704362284.889,-1,2048.028,2048.365,-0.4119999999999891,flow_flip,44.59099984169006,0.0,-0.37700000000040745,0.24700000000029831,912.537999999993,2024-01-04 09:57:20.298000097,2024-01-04 09:58:04.888999939,2024-01-04,2024-01,2024,9,Thursday,False
1704362456.957,1704362468.745,1,2047.975,2047.445,-0.6049999999999727,stop_loss,11.787999868392944,0.0,-0.5299999999999727,0.30999999999994543,911.932999999993,2024-01-04 10:00:56.957000017,2024-01-04 10:01:08.744999886,2024-01-04,2024-01,2024,10,Thursday,False
1704363999.95,1704364011.226,1,2049.735,2050.295,0.4849999999999454,take_profit,11.276000022888184,0.5599999999999454,-0.30999999999994543,0.2899999999999636,912.4179999999928,2024-01-04 10:26:39.950000048,2024-01-04 10:26:51.226000071,2024-01-04,2024-01,2024,10,Thursday,True
1704364151.851,1704364191.673,1,2049.845,2049.295,-0.6249999999997271,stop_loss,39.82200002670288,0.0,-0.5499999999997272,0.3599999999996726,911.7929999999931,2024-01-04 10:29:11.851000071,2024-01-04 10:29:51.673000097,2024-01-04,2024-01,2024,10,Thursday,False
1704364958.291,1704364988.54,1,2048.995,2048.855,-0.21499999999987268,flow_flip,30.249000072479248,0.0,-0.29999999999972715,0.29999999999972715,911.5779999999932,2024-01-04 10:42:38.290999889,2024-01-04 10:43:08.539999962,2024-01-04,2024-01,2024,10,Thursday,False
1704365475.896,1704365509.629,1,2047.275,2047.145,-0.20500000000010915,flow_flip,33.73300004005432,0.0,-0.3000000000001819,0.3300000000001546,911.372999999993,2024-01-04 10:51:15.895999908,2024-01-04 10:51:49.628999949,2024-01-04,2024-01,2024,10,Thursday,False
1704365555.411,1704365587.546,1,2047.545,2047.095,-0.5250000000000454,stop_loss,32.13499999046326,0.0,-0.4500000000000455,0.3400000000001455,910.8479999999929,2024-01-04 10:52:35.411000013,2024-01-04 10:53:07.546000004,2024-01-04,2024-01,2024,10,Thursday,False
1704365630.129,1704365671.977,-1,2046.965,2047.505,-0.615000000000191,flow_flip,41.848000049591064,0.0,-0.540000000000191,0.2799999999999727,910.2329999999927,2024-01-04 10:53:50.128999949,2024-01-04 10:54:31.976999998,2024-01-04,2024-01,2024,10,Thursday,False
1704366566.456,1704366655.203,1,2048.005,2047.785,-0.2950000000000273,flow_flip,88.74699997901917,0.0,-0.4700000000000273,0.290000000000191,909.9379999999926,2024-01-04 11:09:26.456000090,2024-01-04 11:10:55.203000069,2024-01-04,2024-01,2024,11,Thursday,False
1704366695.52,1704366735.773,1,2047.995,2047.665,-0.40499999999992725,flow_flip,40.253000020980835,0.0,-0.4099999999998545,0.2999999999999545,909.5329999999926,2024-01-04 11:11:35.519999981,2024-01-04 11:12:15.773000002,2024-01-04,2024-01,2024,11,Thursday,False
1704367171.904,1704367216.004,1,2048.482,2048.105,-0.4519999999999527,flow_flip,44.09999990463257,0.0,-0.4169999999999163,0.3369999999999891,909.0809999999926,2024-01-04 11:19:31.904000044,2024-01-04 11:20:16.003999949,2024-01-04,2024-01,2024,11,Thursday,False
1704367338.176,1704367404.572,1,2048.175,2047.655,-0.5950000000002091,stop_loss,66.39599990844727,0.0,-0.5200000000002092,0.3300000000001546,908.4859999999924,2024-01-04 11:22:18.176000118,2024-01-04 11:23:24.572000027,2024-01-04,2024-01,2024,11,Thursday,False
1704367539.928,1704367581.852,1,2048.185,2047.765,-0.4949999999998454,flow_flip,41.92400002479553,0.0,-0.4199999999998454,0.2699999999999818,907.9909999999925,2024-01-04 11:25:39.927999973,2024-01-04 11:26:21.851999998,2024-01-04,2024-01,2024,11,Thursday,False
1704369070.208,1704369095.456,-1,2046.465,2046.905,-0.5150000000000545,flow_flip,25.248000144958496,0.0,-0.44000000000005457,0.290000000000191,907.4759999999924,2024-01-04 11:51:10.207999945,2024-01-04 11:51:35.456000090,2024-01-04,2024-01,2024,11,Thursday,False
1704369224.851,1704369261.839,-1,2045.825,2045.545,0.2049999999999727,flow_flip,36.98799991607666,0.6100000000001273,-0.2599999999999909,0.2599999999999909,907.6809999999923,2024-01-04 11:53:44.851000071,2024-01-04 11:54:21.838999987,2024-01-04,2024-01,2024,11,Thursday,True
1704369647.926,1704369727.559,-1,2045.055,2045.435,-0.4549999999998818,flow_flip,79.63299989700317,0.0,-0.4600000000000364,0.33999999999991815,907.2259999999924,2024-01-04 12:00:47.926000118,2024-01-04 12:02:07.559000015,2024-01-04,2024-01,2024,12,Thursday,False
1704369862.166,1704369870.366,-1,2044.365,2044.765,-0.47500000000009096,flow_flip,8.200000047683716,0.0,-0.40000000000009095,0.2999999999999545,906.7509999999922,2024-01-04 12:04:22.165999889,2024-01-04 12:04:30.365999937,2024-01-04,2024-01,2024,12,Thursday,False
1704369903.967,1704369908.914,1,2045.035,2044.585,-0.5250000000000454,stop_loss,4.947000026702881,0.0,-0.4500000000000455,0.290000000000191,906.2259999999922,2024-01-04 12:05:03.967000008,2024-01-04 12:05:08.914000034,2024-01-04,2024-01,2024,12,Thursday,False
1704370060.395,1704370065.287,-1,2043.355,2043.852,-0.5720000000000709,stop_loss,4.891999959945679,0.0,-0.49700000000007094,0.3170000000000073,905.653999999992,2024-01-04 12:07:40.394999981,2024-01-04 12:07:45.286999941,2024-01-04,2024-01,2024,12,Thursday,False
1704370108.713,1704370199.794,1,2044.355,2044.765,0.33500000000008184,time_stop,91.0809998512268,0.4600000000000364,-0.41000000000008185,0.32999999999992724,905.9889999999921,2024-01-04 12:08:28.713000059,2024-01-04 12:09:59.793999910,2024-01-04,2024-01,2024,12,Thursday,True
1704370217.08,1704370231.902,1,2045.302,2044.925,-0.4519999999999527,flow_flip,14.82200002670288,0.0,-0.3769999999999527,0.2769999999998163,905.5369999999921,2024-01-04 12:10:17.079999924,2024-01-04 12:10:31.901999950,2024-01-04,2024-01,2024,12,Thursday,False
1704370270.444,1704370319.03,1,2045.525,2045.105,-0.49500000000007277,flow_flip,48.585999965667725,0.0,-0.42000000000007276,0.3100000000001728,905.041999999992,2024-01-04 12:11:10.444000006,2024-01-04 12:11:59.029999971,2024-01-04,2024-01,2024,12,Thursday,False
1704370986.596,1704371008.986,-1,2044.435,2044.732,-0.3720000000000255,flow_flip,22.390000104904175,0.0,-0.31100000000014916,0.3200000000001637,904.6699999999919,2024-01-04 12:23:06.595999956,2024-01-04 12:23:28.986000061,2024-01-04,2024-01,2024,12,Thursday,False
1704372527.92,1704372562.99,1,2045.985,2045.595,-0.4649999999998727,flow_flip,35.0699999332428,0.0,-0.4799999999997908,0.32999999999992724,904.204999999992,2024-01-04 12:48:47.920000076,2024-01-04 12:49:22.990000010,2024-01-04,2024-01,2024,12,Thursday,False
1704372922.503,1704372938.031,1,2046.095,2045.505,-0.6649999999999181,stop_loss,15.527999877929688,0.0,-0.5899999999999181,0.2899999999999636,903.539999999992,2024-01-04 12:55:22.503000020,2024-01-04 12:55:38.030999899,2024-01-04,2024-01,2024,12,Thursday,False
1704373305.307,1704373317.151,1,2046.775,2046.325,-0.5250000000000454,flow_flip,11.844000101089478,0.0,-0.4500000000000455,0.3300000000001546,903.0149999999919,2024-01-04 13:01:45.306999922,2024-01-04 13:01:57.151000023,2024-01-04,2024-01,2024,13,Thursday,False
1704373334.591,1704373356.09,-1,2045.845,2046.055,-0.2850000000000364,flow_flip,21.49899983406067,0.13000000000010914,-0.2899999999999636,0.2899999999999636,902.7299999999918,2024-01-04 13:02:14.591000080,2024-01-04 13:02:36.089999914,2024-01-04,2024-01,2024,13,Thursday,False
1704373446.09,1704373483.043,1,2045.975,2045.368,-0.6819999999999709,stop_loss,36.95300006866455,0.0,-0.6069999999999709,0.31999999999993634,902.0479999999918,2024-01-04 13:04:06.089999914,2024-01-04 13:04:43.042999983,2024-01-04,2024-01,2024,13,Thursday,False
1704373507.229,1704373537.718,1,2046.365,2045.865,-0.575,flow_flip,30.488999843597412,0.0,-0.5,0.31999999999993634,901.4729999999918,2024-01-04 13:05:07.229000092,2024-01-04 13:05:37.717999935,2024-01-04,2024-01,2024,13,Thursday,False
1704373579.456,1704373615.084,1,2047.075,2046.735,-0.41500000000014553,flow_flip,35.628000020980835,0.0,-0.43000000000006366,0.30999999999994543,901.0579999999916,2024-01-04 13:06:19.456000090,2024-01-04 13:06:55.084000111,2024-01-04,2024-01,2024,13,Thursday,False
1704373863.453,1704373916.313,1,2046.295,2046.205,-0.16500000000014553,flow_flip,52.859999895095825,0.16999999999984539,-0.3100000000001728,0.3300000000001546,900.8929999999914,2024-01-04 13:11:03.453000069,2024-01-04 13:11:56.312999964,2024-01-04,2024-01,2024,13,Thursday,False
1704374042.627,1704374090.125,1,2046.995,2046.678,-0.3919999999997799,flow_flip,47.49799990653992,0.10300000000006548,-0.3969999999999345,0.35999999999989996,900.5009999999916,2024-01-04 13:14:02.627000093,2024-01-04 13:14:50.125000000,2024-01-04,2024-01,2024,13,Thursday,False
1704374101.313,1704374101.416,-1,2044.808,2045.416,-0.6829999999999472,stop_loss,0.10299992561340332,0.0,-0.6079999999999472,0.29700000000002547,899.8179999999916,2024-01-04 13:15:01.312999964,2024-01-04 13:15:01.415999889,2024-01-04,2024-01,2024,13,Thursday,False
1704374250.644,1704374261.493,-1,2045.145,2045.765,-0.6950000000001182,flow_flip,10.848999977111816,0.0,-0.6200000000001182,0.2300000000000182,899.1229999999914,2024-01-04 13:17:30.644000053,2024-01-04 13:17:41.493000031,2024-01-04,2024-01,2024,13,Thursday,False
1704374354.289,1704374355.302,1,2046.215,2045.735,-0.5550000000000181,stop_loss,1.0130000114440918,0.0,-0.4800000000000182,0.2999999999999545,898.5679999999913,2024-01-04 13:19:14.289000034,2024-01-04 13:19:15.302000046,2024-01-04,2024-01,2024,13,Thursday,False
1704374462.219,1704374465.643,1,2045.235,2044.675,-0.6349999999999454,stop_loss,3.423999786376953,0.0,-0.5599999999999454,0.31999999999993634,897.9329999999914,2024-01-04 13:21:02.219000101,2024-01-04 13:21:05.642999887,2024-01-04,2024-01,2024,13,Thursday,False
1704374505.124,1704374541.165,-1,2042.975,2043.255,-0.3550000000002001,flow_flip,36.04099988937378,0.2799999999999727,-0.37000000000011823,0.3200000000001637,897.5779999999911,2024-01-04 13:21:45.124000072,2024-01-04 13:22:21.164999962,2024-01-04,2024-01,2024,13,Thursday,False
1704374551.852,1704374574.388,1,2043.835,2043.295,-0.6149999999999636,stop_loss,22.53600001335144,0.0,-0.5399999999999636,0.32999999999992724,896.9629999999911,2024-01-04 13:22:31.851999998,2024-01-04 13:22:54.388000011,2024-01-04,2024-01,2024,13,Thursday,False
1704374631.529,1704374648.353,1,2044.102,2043.995,-0.18200000000019828,flow_flip,16.823999881744385,0.10299999999983811,-0.3170000000000073,0.3269999999999982,896.7809999999909,2024-01-04 13:23:51.529000044,2024-01-04 13:24:08.352999926,2024-01-04,2024-01,2024,13,Thursday,False
1704374824.305,1704374871.269,1,2044.572,2045.085,0.4380000000001473,take_profit,46.96399998664856,0.5130000000001473,-0.2969999999997981,0.2669999999998254,897.218999999991,2024-01-04 13:27:04.305000067,2024-01-04 13:27:51.269000053,2024-01-04,2024-01,2024,13,Thursday,True
1704375109.384,1704375151.391,-1,2042.29,2041.425,0.7900000000000091,take_profit,42.00699996948242,0.8650000000000091,-0.5350000000000819,0.2419999999999618,898.0089999999909,2024-01-04 13:31:49.384000063,2024-01-04 13:32:31.391000032,2024-01-04,2024-01,2024,13,Thursday,True
1704375180.165,1704375182.554,-1,2040.575,2041.065,-0.565000000000009,stop_loss,2.3889999389648438,0.0,-0.4900000000000091,0.33999999999991815,897.4439999999909,2024-01-04 13:33:00.164999962,2024-01-04 13:33:02.553999901,2024-01-04,2024-01,2024,13,Thursday,False
1704375219.918,1704375227.944,-1,2040.615,2041.075,-0.5350000000000363,stop_loss,8.026000022888184,0.0,-0.4600000000000364,0.32999999999992724,896.9089999999908,2024-01-04 13:33:39.917999983,2024-01-04 13:33:47.944000006,2024-01-04,2024-01,2024,13,Thursday,False
1704375272.427,1704375274.545,1,2041.805,2041.345,-0.5350000000000363,stop_loss,2.118000030517578,0.0,-0.4600000000000364,0.3100000000001728,896.3739999999907,2024-01-04 13:34:32.427000046,2024-01-04 13:34:34.545000076,2024-01-04,2024-01,2024,13,Thursday,False
1704375287.704,1704375288.667,1,2042.005,2041.598,-0.4820000000001528,stop_loss,0.9630000591278076,0.0,-0.4070000000001528,0.30700000000001637,895.8919999999905,2024-01-04 13:34:47.703999996,2024-01-04 13:34:48.667000055,2024-01-04,2024-01,2024,13,Thursday,False
1704375450.359,1704375460.475,1,2041.195,2040.675,-0.5949999999999818,stop_loss,10.115999937057495,0.0,-0.5199999999999818,0.2799999999999727,895.2969999999905,2024-01-04 13:37:30.358999968,2024-01-04 13:37:40.474999905,2024-01-04,2024-01,2024,13,Thursday,False
1704376805.497,1704376808.548,-1,2039.675,2040.205,-0.6049999999999727,stop_loss,3.0510001182556152,0.0,-0.5299999999999727,0.3500000000001364,894.6919999999905,2024-01-04 14:00:05.496999979,2024-01-04 14:00:08.548000097,2024-01-04,2024-01,2024,14,Thursday,False
1704377122.882,1704377147.491,-1,2038.535,2038.835,-0.37499999999995454,flow_flip,24.608999967575073,0.0,-0.4099999999998545,0.3369999999999891,894.3169999999905,2024-01-04 14:05:22.881999969,2024-01-04 14:05:47.490999937,2024-01-04,2024-01,2024,14,Thursday,False
1704377334.606,1704377347.994,-1,2038.325,2038.835,-0.5849999999999909,stop_loss,13.388000011444092,0.0,-0.5099999999999909,0.29700000000002547,893.7319999999904,2024-01-04 14:08:54.605999947,2024-01-04 14:09:07.993999958,2024-01-04,2024-01,2024,14,Thursday,False
1704378087.785,1704378107.794,1,2042.395,2041.995,-0.47500000000009096,flow_flip,20.008999824523926,0.06999999999993634,-0.40000000000009095,0.31999999999993634,893.2569999999903,2024-01-04 14:21:27.785000086,2024-01-04 14:21:47.793999910,2024-01-04,2024-01,2024,14,Thursday,False
1704378747.106,1704378761.618,1,2039.875,2039.365,-0.5849999999999909,stop_loss,14.51200008392334,0.0,-0.5099999999999909,0.31999999999993634,892.6719999999902,2024-01-04 14:32:27.105999947,2024-01-04 14:32:41.618000031,2024-01-04,2024-01,2024,14,Thursday,False
1704378825.668,1704378835.824,1,2039.735,2039.385,-0.42499999999990906,flow_flip,10.155999898910522,0.0,-0.34999999999990905,0.34999999999990905,892.2469999999903,2024-01-04 14:33:45.667999983,2024-01-04 14:33:55.823999882,2024-01-04,2024-01,2024,14,Thursday,False
1704379105.918,1704379108.124,1,2040.535,2040.075,-0.5350000000000363,stop_loss,2.2060000896453857,0.0,-0.4600000000000364,0.3500000000001364,891.7119999999902,2024-01-04 14:38:25.917999983,2024-01-04 14:38:28.124000072,2024-01-04,2024-01,2024,14,Thursday,False
1704379347.733,1704379356.269,1,2040.315,2039.805,-0.5849999999999909,stop_loss,8.53600001335144,0.0,-0.5099999999999909,0.3300000000001546,891.1269999999902,2024-01-04 14:42:27.733000040,2024-01-04 14:42:36.269000053,2024-01-04,2024-01,2024,14,Thursday,False
1704379580.212,1704379581.307,1,2038.235,2037.705,-0.6049999999999727,stop_loss,1.0950000286102295,0.0,-0.5299999999999727,0.31999999999993634,890.5219999999902,2024-01-04 14:46:20.211999893,2024-01-04 14:46:21.306999922,2024-01-04,2024-01,2024,14,Thursday,False
1704379658.854,1704379735.734,1,2037.995,2037.535,-0.534999999999809,stop_loss,76.87999987602234,0.20000000000004547,-0.459999999999809,0.33999999999991815,889.9869999999903,2024-01-04 14:47:38.854000092,2024-01-04 14:48:55.733999968,2024-01-04,2024-01,2024,14,Thursday,False
1704379822.632,1704379827.441,1,2037.822,2037.335,-0.5619999999998526,stop_loss,4.809000015258789,0.0,-0.48699999999985266,0.2769999999998163,889.4249999999904,2024-01-04 14:50:22.631999969,2024-01-04 14:50:27.440999985,2024-01-04,2024-01,2024,14,Thursday,False
1704379893.731,1704379904.776,1,2038.692,2038.175,-0.5920000000000527,stop_loss,11.045000076293945,0.0,-0.5170000000000528,0.30700000000001637,888.8329999999903,2024-01-04 14:51:33.730999947,2024-01-04 14:51:44.776000023,2024-01-04,2024-01,2024,14,Thursday,False
1704380183.918,1704380216.226,1,2040.395,2039.695,-0.7750000000000454,stop_loss,32.30800008773804,0.0,-0.7000000000000455,0.36999999999989086,888.0579999999902,2024-01-04 14:56:23.917999983,2024-01-04 14:56:56.226000071,2024-01-04,2024-01,2024,14,Thursday,False
1704380470.442,1704380482.802,1,2040.195,2040.858,0.588000000000011,take_profit,12.360000133514404,0.6630000000000109,-0.37999999999988177,0.33999999999991815,888.6459999999902,2024-01-04 15:01:10.441999912,2024-01-04 15:01:22.802000046,2024-01-04,2024-01,2024,15,Thursday,True
1704380506.708,1704380519.057,1,2042.195,2041.705,-0.565000000000009,stop_loss,12.348999977111816,0.0,-0.4900000000000091,0.31999999999993634,888.0809999999901,2024-01-04 15:01:46.707999945,2024-01-04 15:01:59.056999922,2024-01-04,2024-01,2024,15,Thursday,False
1704380527.135,1704380536.196,-1,2041.265,2041.775,-0.5849999999999909,stop_loss,9.061000108718872,0.0,-0.5099999999999909,0.32999999999992724,887.4959999999901,2024-01-04 15:02:07.134999990,2024-01-04 15:02:16.196000099,2024-01-04,2024-01,2024,15,Thursday,False
1704381136.87,1704381138.741,1,2043.752,2043.285,-0.5419999999998708,stop_loss,1.871000051498413,0.0,-0.46699999999987085,0.3170000000000073,886.9539999999902,2024-01-04 15:12:16.869999886,2024-01-04 15:12:18.740999937,2024-01-04,2024-01,2024,15,Thursday,False
1704381146.886,1704381151.36,1,2044.145,2043.645,-0.575,stop_loss,4.473999977111816,0.0,-0.5,0.31999999999993634,886.3789999999901,2024-01-04 15:12:26.885999918,2024-01-04 15:12:31.359999895,2024-01-04,2024-01,2024,15,Thursday,False
1704381221.123,1704381240.811,1,2044.445,2044.315,-0.20499999999988178,flow_flip,19.688000202178955,0.29300000000012005,-0.3999999999998636,0.31999999999993634,886.1739999999902,2024-01-04 15:13:41.122999907,2024-01-04 15:14:00.811000109,2024-01-04,2024-01,2024,15,Thursday,False
1704382150.61,1704382195.474,1,2046.505,2046.865,0.28499999999989994,trail,44.86400008201599,0.6099999999999,-0.37000000000011823,0.3200000000001637,886.45899999999,2024-01-04 15:29:10.609999895,2024-01-04 15:29:55.473999977,2024-01-04,2024-01,2024,15,Thursday,True
1704382203.597,1704382220.238,1,2047.725,2047.175,-0.6249999999999545,stop_loss,16.641000032424927,0.0,-0.5499999999999545,0.2769999999998163,885.83399999999,2024-01-04 15:30:03.596999884,2024-01-04 15:30:20.237999916,2024-01-04,2024-01,2024,15,Thursday,False
1704382233.216,1704382265.904,-1,2046.345,2046.005,0.26499999999991813,trail,32.687999963760376,0.6000000000001364,-0.2999999999999545,0.31999999999993634,886.0989999999899,2024-01-04 15:30:33.216000080,2024-01-04 15:31:05.904000044,2024-01-04,2024-01,2024,15,Thursday,True
1704383590.117,1704383615.575,-1,2043.955,2044.085,-0.20500000000010915,flow_flip,25.45799994468689,0.1999999999998181,-0.3500000000001364,0.3200000000001637,885.8939999999898,2024-01-04 15:53:10.117000103,2024-01-04 15:53:35.575000048,2024-01-04,2024-01,2024,15,Thursday,False
1704384002.734,1704384039.427,1,2045.685,2045.515,-0.2449999999998454,flow_flip,36.693000078201294,0.0,-0.4099999999998545,0.32999999999992724,885.6489999999899,2024-01-04 16:00:02.733999968,2024-01-04 16:00:39.427000046,2024-01-04,2024-01,2024,16,Thursday,False
1704384632.647,1704384649.509,1,2045.485,2044.975,-0.5849999999999909,flow_flip,16.861999988555908,0.0,-0.5099999999999909,0.34999999999990905,885.0639999999898,2024-01-04 16:10:32.647000074,2024-01-04 16:10:49.509000063,2024-01-04,2024-01,2024,16,Thursday,False
1704384958.37,1704385000.664,-1,2044.665,2045.365,-0.7750000000000454,flow_flip,42.29400014877319,0.0,-0.7000000000000455,0.3400000000001455,884.2889999999898,2024-01-04 16:15:58.369999886,2024-01-04 16:16:40.664000034,2024-01-04,2024-01,2024,16,Thursday,False
1704438001.387,1704438002.446,-1,2042.085,2042.485,-0.4749999999998636,stop_loss,1.059000015258789,0.0,-0.3999999999998636,0.22000000000002728,883.8139999999898,2024-01-05 07:00:01.387000084,2024-01-05 07:00:02.446000099,2024-01-05,2024-01,2024,7,Friday,False
1704438384.865,1704438453.157,1,2043.375,2043.495,0.04499999999989085,flow_flip,68.29200005531311,0.2999999999999545,-0.4010000000000673,0.2999999999999545,883.8589999999897,2024-01-05 07:06:24.865000010,2024-01-05 07:07:33.157000065,2024-01-05,2024-01,2024,7,Friday,True
1704438945.53,1704438972.646,1,2045.715,2045.595,-0.19499999999989087,flow_flip,27.115999937057495,0.2130000000001928,-0.4499999999998181,0.3369999999999891,883.6639999999898,2024-01-05 07:15:45.529999970,2024-01-05 07:16:12.645999908,2024-01-05,2024-01,2024,7,Friday,False
1704439165.938,1704439202.806,-1,2046.128,2046.655,-0.6020000000000436,stop_loss,36.86800003051758,0.0829999999998563,-0.5270000000000437,0.3369999999999891,883.0619999999897,2024-01-05 07:19:25.937999964,2024-01-05 07:20:02.805999994,2024-01-05,2024-01,2024,7,Friday,False
1704439336.439,1704439352.881,1,2047.175,2046.735,-0.5150000000000545,flow_flip,16.442000150680542,0.0,-0.5899999999999181,0.31999999999993634,882.5469999999896,2024-01-05 07:22:16.438999891,2024-01-05 07:22:32.881000042,2024-01-05,2024-01,2024,7,Friday,False
1704439372.533,1704439385.765,-1,2046.065,2046.155,-0.16499999999991816,flow_flip,13.23200011253357,0.049999999999954525,-0.31999999999993634,0.32999999999992724,882.3819999999896,2024-01-05 07:22:52.532999992,2024-01-05 07:23:05.765000105,2024-01-05,2024-01,2024,7,Friday,False
1704439515.687,1704439567.227,-1,2044.888,2045.165,-0.35200000000004367,flow_flip,51.53999996185303,0.0,-0.3670000000001892,0.3670000000001892,882.0299999999895,2024-01-05 07:25:15.687000036,2024-01-05 07:26:07.226999998,2024-01-05,2024-01,2024,7,Friday,False
1704441881.926,1704441902.539,1,2044.595,2044.058,-0.6120000000000345,stop_loss,20.61299991607666,0.0,-0.5370000000000346,0.3669999999999618,881.4179999999894,2024-01-05 08:04:41.926000118,2024-01-05 08:05:02.539000034,2024-01-05,2024-01,2024,8,Friday,False
1704443435.948,1704443526.548,-1,2042.155,2041.835,0.24499999999993632,time_stop,90.60000014305115,0.34999999999990905,-0.44000000000005457,0.3500000000001364,881.6629999999893,2024-01-05 08:30:35.947999954,2024-01-05 08:32:06.548000097,2024-01-05,2024-01,2024,8,Friday,True
1704443903.333,1704443906.107,1,2042.775,2042.435,-0.41500000000014553,stop_loss,2.7740001678466797,0.0,-0.3400000000001455,0.2599999999999909,881.2479999999891,2024-01-05 08:38:23.332999945,2024-01-05 08:38:26.107000113,2024-01-05,2024-01,2024,8,Friday,False
1704444502.399,1704444510.181,1,2042.985,2042.675,-0.38499999999994544,flow_flip,7.7820000648498535,0.0,-0.33999999999991815,0.2799999999999727,880.8629999999891,2024-01-05 08:48:22.398999929,2024-01-05 08:48:30.180999994,2024-01-05,2024-01,2024,8,Friday,False
1704445528.673,1704445546.106,-1,2041.584,2042.145,-0.6359999999999217,stop_loss,17.432999849319458,0.0,-0.5609999999999218,0.3509999999998854,880.2269999999892,2024-01-05 09:05:28.673000097,2024-01-05 09:05:46.105999947,2024-01-05,2024-01,2024,9,Friday,False
1704446025.747,1704446068.736,-1,2042.548,2042.615,-0.1420000000000073,flow_flip,42.98900008201599,0.02299999999991087,-0.3269999999999982,0.3170000000000073,880.0849999999891,2024-01-05 09:13:45.746999979,2024-01-05 09:14:28.736000061,2024-01-05,2024-01,2024,9,Friday,False
1704446238.849,1704446249.928,-1,2041.965,2042.465,-0.575,stop_loss,11.078999996185303,0.0,-0.5,0.3200000000001637,879.5099999999891,2024-01-05 09:17:18.848999977,2024-01-05 09:17:29.927999973,2024-01-05,2024-01,2024,9,Friday,False
1704447676.633,1704447685.241,1,2042.145,2041.685,-0.5350000000000363,stop_loss,8.608000040054321,0.0,-0.4600000000000364,0.25,878.974999999989,2024-01-05 09:41:16.632999897,2024-01-05 09:41:25.240999937,2024-01-05,2024-01,2024,9,Friday,False
1704449187.991,1704449194.969,1,2038.215,2037.745,-0.5450000000000272,stop_loss,6.978000164031982,0.0,-0.4700000000000273,0.32999999999992724,878.4299999999889,2024-01-05 10:06:27.990999937,2024-01-05 10:06:34.969000101,2024-01-05,2024-01,2024,10,Friday,False
1704450103.594,1704450134.858,-1,2037.428,2037.935,-0.5819999999998344,stop_loss,31.263999938964844,0.0,-0.5069999999998345,0.3269999999999982,877.847999999989,2024-01-05 10:21:43.594000101,2024-01-05 10:22:14.858000040,2024-01-05,2024-01,2024,10,Friday,False
1704451828.053,1704451839.851,-1,2038.245,2038.712,-0.5420000000000982,stop_loss,11.79800009727478,0.0,-0.4670000000000982,0.3300000000001546,877.3059999999889,2024-01-05 10:50:28.052999973,2024-01-05 10:50:39.851000071,2024-01-05,2024-01,2024,10,Friday,False
1704452102.645,1704452106.626,1,2040.365,2039.795,-0.6449999999999363,stop_loss,3.9809999465942383,0.0,-0.5699999999999363,0.2899999999999636,876.6609999999889,2024-01-05 10:55:02.644999981,2024-01-05 10:55:06.625999928,2024-01-05,2024-01,2024,10,Friday,False
1704452385.328,1704452394.844,1,2040.482,2040.045,-0.5119999999998981,flow_flip,9.516000032424927,0.0,-0.43699999999989814,0.27700000000004366,876.148999999989,2024-01-05 10:59:45.328000069,2024-01-05 10:59:54.844000101,2024-01-05,2024-01,2024,10,Friday,False
1704453451.493,1704453463.61,1,2038.602,2038.085,-0.5920000000000527,stop_loss,12.116999864578247,0.0,-0.5170000000000528,0.29700000000002547,875.5569999999889,2024-01-05 11:17:31.493000031,2024-01-05 11:17:43.609999895,2024-01-05,2024-01,2024,11,Friday,False
1704453646.646,1704453674.813,1,2038.742,2038.365,-0.4519999999999527,flow_flip,28.16700005531311,0.0,-0.3769999999999527,0.30700000000001637,875.1049999999889,2024-01-05 11:20:46.645999908,2024-01-05 11:21:14.812999964,2024-01-05,2024-01,2024,11,Friday,False
1704453876.996,1704453889.897,1,2038.365,2037.915,-0.5250000000000454,stop_loss,12.901000022888184,0.0,-0.4500000000000455,0.32999999999992724,874.5799999999888,2024-01-05 11:24:36.996000051,2024-01-05 11:24:49.897000074,2024-01-05,2024-01,2024,11,Friday,False
1704454463.803,1704454472.77,-1,2037.885,2038.295,-0.48500000000008187,flow_flip,8.967000007629395,0.0,-0.41000000000008185,0.30999999999994543,874.0949999999887,2024-01-05 11:34:23.802999973,2024-01-05 11:34:32.769999981,2024-01-05,2024-01,2024,11,Friday,False
1704454484.649,1704454494.592,1,2038.545,2038.115,-0.5050000000000636,flow_flip,9.943000078201294,0.0,-0.43000000000006366,0.3200000000001637,873.5899999999885,2024-01-05 11:34:44.648999929,2024-01-05 11:34:54.592000008,2024-01-05,2024-01,2024,11,Friday,False
1704455142.77,1704455165.35,1,2038.705,2038.245,-0.5350000000000363,stop_loss,22.579999923706055,0.0,-0.4600000000000364,0.34999999999990905,873.0549999999885,2024-01-05 11:45:42.769999981,2024-01-05 11:46:05.349999905,2024-01-05,2024-01,2024,11,Friday,False
1704456102.246,1704456116.336,-1,2038.795,2039.275,-0.5550000000000181,flow_flip,14.089999914169312,0.0,-0.4800000000000182,0.2999999999999545,872.4999999999884,2024-01-05 12:01:42.246000051,2024-01-05 12:01:56.335999966,2024-01-05,2024-01,2024,12,Friday,False
1704456280.192,1704456284.731,1,2039.935,2040.625,0.6150000000000546,take_profit,4.539000034332275,0.6900000000000546,-0.31999999999993634,0.31999999999993634,873.1149999999884,2024-01-05 12:04:40.191999912,2024-01-05 12:04:44.730999947,2024-01-05,2024-01,2024,12,Friday,True
1704458241.463,1704458248.259,1,2040.662,2040.275,-0.4619999999999436,stop_loss,6.796000003814697,0.0,-0.3869999999999436,0.29700000000002547,872.6529999999884,2024-01-05 12:37:21.463000059,2024-01-05 12:37:28.259000063,2024-01-05,2024-01,2024,12,Friday,False
1704458736.504,1704458785.644,1,2040.772,2040.495,-0.35200000000004367,flow_flip,49.140000104904175,0.0,-0.3869999999999436,0.3170000000000073,872.3009999999883,2024-01-05 12:45:36.503999949,2024-01-05 12:46:25.644000053,2024-01-05,2024-01,2024,12,Friday,False
1704459435.512,1704459443.827,1,2040.695,2040.238,-0.5319999999998799,stop_loss,8.31499981880188,0.0,-0.45699999999987995,0.32999999999992724,871.7689999999884,2024-01-05 12:57:15.512000083,2024-01-05 12:57:23.826999903,2024-01-05,2024-01,2024,12,Friday,False
1704459878.397,1704459929.036,1,2040.065,2040.705,0.5649999999998727,take_profit,50.638999938964844,0.6399999999998727,-0.3400000000001455,0.3300000000001546,872.3339999999882,2024-01-05 13:04:38.397000074,2024-01-05 13:05:29.036000013,2024-01-05,2024-01,2024,13,Friday,True
1704459969.665,1704459989.567,1,2041.242,2041.045,-0.27199999999988905,flow_flip,19.901999950408936,0.26300000000014734,-0.22699999999986176,0.28700000000003456,872.0619999999883,2024-01-05 13:06:09.664999962,2024-01-05 13:06:29.566999912,2024-01-05,2024-01,2024,13,Friday,False
1704460472.291,1704460475.911,1,2040.725,2040.175,-0.6249999999999545,stop_loss,3.620000123977661,0.0,-0.5499999999999545,0.32999999999992724,871.4369999999883,2024-01-05 13:14:32.290999889,2024-01-05 13:14:35.911000013,2024-01-05,2024-01,2024,13,Friday,False
1704460500.155,1704460504.992,1,2041.225,2040.625,-0.674999999999909,stop_loss,4.837000131607056,0.0,-0.599999999999909,0.31999999999993634,870.7619999999883,2024-01-05 13:15:00.154999971,2024-01-05 13:15:04.992000103,2024-01-05,2024-01,2024,13,Friday,False
1704461401.451,1704461403.569,-1,2035.154,2033.926,1.1530000000000655,take_profit,2.118000030517578,1.2280000000000655,-0.54099999999994,0.3810000000000855,871.9149999999884,2024-01-05 13:30:01.450999975,2024-01-05 13:30:03.569000006,2024-01-05,2024-01,2024,13,Friday,True
1704461461.599,1704461464.075,-1,2026.565,2027.675,-1.1849999999999,stop_loss,2.4760000705718994,0.0,-1.1099999999999,0.3809999999998581,870.7299999999884,2024-01-05 13:31:01.598999977,2024-01-05 13:31:04.075000048,2024-01-05,2024-01,2024,13,Friday,False
1704461503.082,1704461520.278,-1,2025.655,2025.075,0.5049999999999273,trail,17.19600009918213,0.9600000000000364,-0.6200000000001182,0.41000000000008185,871.2349999999883,2024-01-05 13:31:43.082000017,2024-01-05 13:32:00.278000116,2024-01-05,2024-01,2024,13,Friday,True
1704461580.245,1704461582.504,-1,2026.265,2025.945,0.2450000000001637,trail,2.259000062942505,0.6700000000000728,-0.2999999999999545,0.2999999999999545,871.4799999999884,2024-01-05 13:33:00.244999886,2024-01-05 13:33:02.503999949,2024-01-05,2024-01,2024,13,Friday,True
1704461590.677,1704461602.806,1,2027.055,2027.485,0.3549999999998363,trail,12.128999948501587,0.7999999999999545,-0.3200000000001637,0.3300000000001546,871.8349999999882,2024-01-05 13:33:10.677000046,2024-01-05 13:33:22.805999994,2024-01-05,2024-01,2024,13,Friday,True
1704461611.032,1704461612.676,1,2028.795,2027.975,-0.8950000000001637,stop_loss,1.6440000534057617,0.0,-0.8200000000001637,0.36000000000012733,870.939999999988,2024-01-05 13:33:31.032000065,2024-01-05 13:33:32.676000118,2024-01-05,2024-01,2024,13,Friday,False
1704461632.581,1704461647.275,1,2029.285,2030.275,0.9150000000000091,take_profit,14.694000005722046,0.9900000000000091,-0.41000000000008185,0.3400000000001455,871.854999999988,2024-01-05 13:33:52.581000090,2024-01-05 13:34:07.275000095,2024-01-05,2024-01,2024,13,Friday,True
1704461661.833,1704461663.733,1,2032.925,2032.225,-0.7750000000000454,stop_loss,1.9000000953674316,0.0,-0.7000000000000455,0.37999999999988177,871.0799999999879,2024-01-05 13:34:21.832999945,2024-01-05 13:34:23.733000040,2024-01-05,2024-01,2024,13,Friday,False
1704461671.751,1704461678.649,-1,2030.495,2029.402,1.0179999999998472,take_profit,6.898000001907349,1.0929999999998472,-0.3770000000001801,0.35700000000019827,872.0979999999877,2024-01-05 13:34:31.750999928,2024-01-05 13:34:38.648999929,2024-01-05,2024-01,2024,13,Friday,True
1704461728.398,1704461732.321,-1,2029.075,2029.875,-0.8749999999999545,stop_loss,3.9230000972747803,0.0,-0.7999999999999545,0.4099999999998545,871.2229999999877,2024-01-05 13:35:28.398000002,2024-01-05 13:35:32.321000099,2024-01-05,2024-01,2024,13,Friday,False
1704461750.42,1704461752.805,-1,2027.928,2028.765,-0.911999999999989,stop_loss,2.384999990463257,0.0,-0.8369999999999891,0.3869999999999436,870.3109999999876,2024-01-05 13:35:50.420000076,2024-01-05 13:35:52.805000067,2024-01-05,2024-01,2024,13,Friday,False
1704461790.23,1704461800.411,-1,2027.705,2028.745,-1.1149999999999636,stop_loss,10.180999994277954,0.0,-1.0399999999999636,0.39000000000010004,869.1959999999876,2024-01-05 13:36:30.230000019,2024-01-05 13:36:40.411000013,2024-01-05,2024-01,2024,13,Friday,False
1704461819.51,1704461822.543,-1,2026.665,2027.522,-0.9319999999999709,stop_loss,3.0329999923706055,0.0,-0.8569999999999709,0.3869999999999436,868.2639999999876,2024-01-05 13:36:59.509999989,2024-01-05 13:37:02.542999983,2024-01-05,2024-01,2024,13,Friday,False
1704461961.087,1704461970.492,1,2027.342,2027.785,0.3679999999999836,trail,9.40500020980835,0.8029999999998836,-0.3369999999999891,0.387000000000171,868.6319999999876,2024-01-05 13:39:21.086999893,2024-01-05 13:39:30.492000103,2024-01-05,2024-01,2024,13,Friday,True
1704462000.225,1704462005.866,-1,2026.615,2027.362,-0.8220000000000709,stop_loss,5.641000032424927,0.1430000000000291,-0.7470000000000709,0.40000000000009095,867.8099999999874,2024-01-05 13:40:00.224999905,2024-01-05 13:40:05.865999937,2024-01-05,2024-01,2024,13,Friday,False
1704462035.897,1704462043.441,-1,2027.035,2026.022,0.9380000000001474,take_profit,7.543999910354614,1.0130000000001473,-0.3669999999999618,0.3569999999999709,868.7479999999875,2024-01-05 13:40:35.897000074,2024-01-05 13:40:43.440999985,2024-01-05,2024-01,2024,13,Friday,True
1704462055.929,1704462056.695,-1,2025.065,2025.925,-0.9349999999998999,stop_loss,0.7660000324249268,0.0,-0.8599999999999,0.3269999999999982,867.8129999999876,2024-01-05 13:40:55.928999901,2024-01-05 13:40:56.694999933,2024-01-05,2024-01,2024,13,Friday,False
1704462127.513,1704462137.869,1,2029.362,2028.615,-0.8220000000000709,flow_flip,10.355999946594238,0.362999999999829,-0.7470000000000709,0.387000000000171,866.9909999999875,2024-01-05 13:42:07.513000011,2024-01-05 13:42:17.868999958,2024-01-05,2024-01,2024,13,Friday,False
1704462195.376,1704462203.849,1,2031.662,2031.984,0.24699999999988903,trail,8.473000049591064,0.7429999999999382,-0.6269999999999527,0.3869999999999436,867.2379999999873,2024-01-05 13:43:15.375999928,2024-01-05 13:43:23.848999977,2024-01-05,2024-01,2024,13,Friday,True
1704462370.978,1704462375.895,-1,2030.988,2031.755,-0.8420000000000527,stop_loss,4.91700005531311,0.05300000000011096,-0.7670000000000528,0.3369999999999891,866.3959999999872,2024-01-05 13:46:10.977999926,2024-01-05 13:46:15.894999981,2024-01-05,2024-01,2024,13,Friday,False
1704465120.644,1704465121.863,-1,2047.595,2048.182,-0.6619999999997617,stop_loss,1.2189998626708984,0.0,-0.5869999999997617,0.36999999999989086,865.7339999999874,2024-01-05 14:32:00.644000053,2024-01-05 14:32:01.862999916,2024-01-05,2024-01,2024,14,Friday,False
1704465960.412,1704465980.327,-1,2044.948,2044.695,0.17800000000015642,trail,19.914999961853027,0.5330000000001291,-0.5369999999998072,0.3969999999999345,865.9119999999875,2024-01-05 14:46:00.411999941,2024-01-05 14:46:20.326999903,2024-01-05,2024-01,2024,14,Friday,True
1704466854.163,1704466862.872,-1,2052.895,2054.035,-1.2149999999998726,stop_loss,8.708999872207642,0.15999999999985448,-1.1399999999998727,0.38999999999987267,864.6969999999876,2024-01-05 15:00:54.163000107,2024-01-05 15:01:02.871999979,2024-01-05,2024-01,2024,15,Friday,False
1704466907.154,1704466928.262,1,2057.035,2058.425,1.3150000000003275,take_profit,21.10800004005432,1.3900000000003274,-0.849999999999909,0.44000000000005457,866.0119999999879,2024-01-05 15:01:47.154000044,2024-01-05 15:02:08.262000084,2024-01-05,2024-01,2024,15,Friday,True
1704466984.766,1704466987.888,1,2059.225,2058.378,-0.9219999999997526,stop_loss,3.121999979019165,0.0,-0.8469999999997526,0.36000000000012733,865.0899999999881,2024-01-05 15:03:04.766000032,2024-01-05 15:03:07.888000011,2024-01-05,2024-01,2024,15,Friday,False
1704467005.181,1704467021.393,-1,2056.825,2056.415,0.33499999999985447,trail,16.211999893188477,0.8099999999999454,-0.41000000000030923,0.38000000000010914,865.4249999999879,2024-01-05 15:03:25.180999994,2024-01-05 15:03:41.392999887,2024-01-05,2024-01,2024,15,Friday,True
1704467101.302,1704467108.534,1,2058.005,2057.185,-0.8950000000001637,stop_loss,7.23199987411499,0.0,-0.8200000000001637,0.36000000000012733,864.5299999999877,2024-01-05 15:05:01.302000046,2024-01-05 15:05:08.533999919,2024-01-05,2024-01,2024,15,Friday,False
1704473721.648,1704473726.003,-1,2046.345,2046.945,-0.674999999999909,stop_loss,4.355000019073486,0.0,-0.599999999999909,0.32999999999992724,863.8549999999877,2024-01-05 16:55:21.648000002,2024-01-05 16:55:26.003000021,2024-01-05,2024-01,2024,16,Friday,False
1704474552.186,1704474552.801,-1,2042.595,2043.215,-0.6949999999998908,stop_loss,0.6150000095367432,0.0,-0.6199999999998909,0.36999999999989086,863.1599999999878,2024-01-05 17:09:12.186000109,2024-01-05 17:09:12.801000118,2024-01-05,2024-01,2024,17,Friday,False
1704474604.1,1704474604.917,-1,2041.388,2042.025,-0.7120000000001709,stop_loss,0.817000150680542,0.0,-0.637000000000171,0.3770000000001801,862.4479999999876,2024-01-05 17:10:04.099999905,2024-01-05 17:10:04.917000055,2024-01-05,2024-01,2024,17,Friday,False
1704475787.21,1704475790.27,-1,2040.995,2041.565,-0.6450000000001637,stop_loss,3.059999942779541,0.0,-0.5700000000001637,0.3269999999999982,861.8029999999874,2024-01-05 17:29:47.210000038,2024-01-05 17:29:50.269999981,2024-01-05,2024-01,2024,17,Friday,False
1704475816.751,1704475833.91,1,2042.135,2042.155,-0.0550000000000182,flow_flip,17.159000158309937,0.22000000000002728,-0.4600000000000364,0.33999999999991815,861.7479999999873,2024-01-05 17:30:16.750999928,2024-01-05 17:30:33.910000086,2024-01-05,2024-01,2024,17,Friday,False
1704476888.574,1704476911.635,1,2041.965,2042.245,0.2049999999999727,trail,23.061000108718872,0.5,-0.32999999999992724,0.2899999999999636,861.9529999999872,2024-01-05 17:48:08.573999882,2024-01-05 17:48:31.634999990,2024-01-05,2024-01,2024,17,Friday,True
1704476950.142,1704476952.614,-1,2042.505,2042.925,-0.4949999999998454,stop_loss,2.4720001220703125,0.0,-0.4199999999998454,0.2899999999999636,861.4579999999874,2024-01-05 17:49:10.141999960,2024-01-05 17:49:12.614000082,2024-01-05,2024-01,2024,17,Friday,False
1704477332.212,1704477364.454,-1,2042.465,2042.265,0.12499999999981809,trail,32.242000102996826,0.38999999999987267,-0.3500000000001364,0.3300000000001546,861.5829999999871,2024-01-05 17:55:32.211999893,2024-01-05 17:56:04.453999996,2024-01-05,2024-01,2024,17,Friday,True
1704479113.372,1704479180.843,1,2043.365,2043.145,-0.2950000000000273,flow_flip,67.47099995613098,0.09999999999990905,-0.5199999999999818,0.31999999999993634,861.287999999987,2024-01-05 18:25:13.371999979,2024-01-05 18:26:20.842999935,2024-01-05,2024-01,2024,18,Friday,False
1704479414.572,1704479428.946,1,2044.185,2043.585,-0.674999999999909,flow_flip,14.374000072479248,0.0,-0.599999999999909,0.30999999999994543,860.6129999999871,2024-01-05 18:30:14.572000027,2024-01-05 18:30:28.946000099,2024-01-05,2024-01,2024,18,Friday,False
1704479516.413,1704479534.073,1,2044.995,2044.405,-0.6649999999999181,flow_flip,17.65999984741211,0.0,-0.5899999999999181,0.2999999999999545,859.9479999999871,2024-01-05 18:31:56.413000107,2024-01-05 18:32:14.072999954,2024-01-05,2024-01,2024,18,Friday,False
1704480630.631,1704480666.193,-1,2045.915,2046.485,-0.6449999999999363,stop_loss,35.562000036239624,0.0,-0.5699999999999363,0.3500000000001364,859.3029999999872,2024-01-05 18:50:30.631000042,2024-01-05 18:51:06.193000078,2024-01-05,2024-01,2024,18,Friday,False
1704480737.068,1704480747.446,-1,2045.998,2046.605,-0.6819999999999709,stop_loss,10.378000020980835,0.0,-0.6069999999999709,0.34699999999998,858.6209999999871,2024-01-05 18:52:17.068000078,2024-01-05 18:52:27.446000099,2024-01-05,2024-01,2024,18,Friday,False
1704481064.556,1704481069.947,1,2048.735,2048.135,-0.674999999999909,stop_loss,5.391000032424927,0.0,-0.599999999999909,0.3400000000001455,857.9459999999872,2024-01-05 18:57:44.555999994,2024-01-05 18:57:49.947000027,2024-01-05,2024-01,2024,18,Friday,False
1704697458.171,1704697549.083,-1,2031.845,2031.885,-0.11499999999996363,time_stop,90.91199994087219,0.08999999999991815,-0.3769999999999527,0.32999999999992724,857.8309999999872,2024-01-08 07:04:18.171000004,2024-01-08 07:05:49.082999945,2024-01-08,2024-01,2024,7,Monday,False
1704698744.938,1704698757.713,-1,2029.125,2029.475,-0.42499999999990906,flow_flip,12.775000095367432,0.0,-0.34999999999990905,0.34999999999990905,857.4059999999872,2024-01-08 07:25:44.937999964,2024-01-08 07:25:57.713000059,2024-01-08,2024-01,2024,7,Monday,False
1704699047.464,1704699094.345,1,2030.805,2030.875,-0.005000000000063676,flow_flip,46.88100004196167,0.36999999999989086,-0.2400000000000091,0.2699999999999818,857.4009999999871,2024-01-08 07:30:47.463999987,2024-01-08 07:31:34.345000029,2024-01-08,2024-01,2024,7,Monday,False
1704699902.293,1704699914.315,1,2031.345,2031.025,-0.39499999999993635,flow_flip,12.022000074386597,0.0,-0.31999999999993634,0.31999999999993634,857.0059999999871,2024-01-08 07:45:02.292999983,2024-01-08 07:45:14.315000057,2024-01-08,2024-01,2024,7,Monday,False
1704701026.716,1704701040.09,-1,2029.925,2030.305,-0.45500000000010915,flow_flip,13.373999834060669,0.049999999999954525,-0.39000000000010004,0.3269999999999982,856.550999999987,2024-01-08 08:03:46.716000080,2024-01-08 08:04:00.089999914,2024-01-08,2024-01,2024,8,Monday,False
1704701190.759,1704701281.28,1,2030.125,2030.245,0.04499999999989085,time_stop,90.52099990844727,0.32999999999992724,-0.5,0.33999999999991815,856.5959999999868,2024-01-08 08:06:30.759000063,2024-01-08 08:08:01.279999971,2024-01-08,2024-01,2024,8,Monday,True
1704701396.843,1704701401.486,1,2030.045,2029.625,-0.49500000000007277,stop_loss,4.64300012588501,0.0,-0.42000000000007276,0.3000000000001819,856.1009999999867,2024-01-08 08:09:56.842999935,2024-01-08 08:10:01.486000061,2024-01-08,2024-01,2024,8,Monday,False
1704702660.947,1704702676.262,1,2030.335,2030.055,-0.3549999999999727,flow_flip,15.315000057220459,0.07999999999992724,-0.3500000000001364,0.31999999999993634,855.7459999999867,2024-01-08 08:31:00.947000027,2024-01-08 08:31:16.262000084,2024-01-08,2024-01,2024,8,Monday,False
1704703324.868,1704703332.845,-1,2027.825,2028.365,-0.6149999999999636,stop_loss,7.976999998092651,0.0,-0.5399999999999636,0.2699999999999818,855.1309999999867,2024-01-08 08:42:04.868000031,2024-01-08 08:42:12.845000029,2024-01-08,2024-01,2024,8,Monday,False
1704704152.82,1704704159.855,-1,2027.335,2027.715,-0.4549999999998818,flow_flip,7.0350000858306885,0.0,-0.37999999999988177,0.2799999999999727,854.6759999999867,2024-01-08 08:55:52.819999933,2024-01-08 08:55:59.855000019,2024-01-08,2024-01,2024,8,Monday,False
1704704378.525,1704704469.248,-1,2027.945,2028.415,-0.5450000000000272,time_stop,90.72299981117249,0.0,-0.6000000000001364,0.3100000000001728,854.1309999999867,2024-01-08 08:59:38.525000095,2024-01-08 09:01:09.247999907,2024-01-08,2024-01,2024,8,Monday,False
1704704802.58,1704704811.315,-1,2028.495,2029.015,-0.5950000000002091,stop_loss,8.735000133514404,0.0,-0.5200000000002092,0.3200000000001637,853.5359999999864,2024-01-08 09:06:42.579999924,2024-01-08 09:06:51.315000057,2024-01-08,2024-01,2024,9,Monday,False
1704704969.22,1704704995.331,-1,2029.445,2029.695,-0.325,flow_flip,26.111000061035156,0.0,-0.37000000000011823,0.3200000000001637,853.2109999999864,2024-01-08 09:09:29.220000029,2024-01-08 09:09:55.331000090,2024-01-08,2024-01,2024,9,Monday,False
1704705909.3,1704705928.441,1,2027.905,2027.635,-0.3449999999999818,flow_flip,19.141000032424927,0.0,-0.33999999999991815,0.30999999999994543,852.8659999999863,2024-01-08 09:25:09.299999952,2024-01-08 09:25:28.440999985,2024-01-08,2024-01,2024,9,Monday,False
1704706620.133,1704706626.18,1,2029.425,2028.925,-0.575,flow_flip,6.047000169754028,0.0,-0.5,0.2999999999999545,852.2909999999863,2024-01-08 09:37:00.132999897,2024-01-08 09:37:06.180000067,2024-01-08,2024-01,2024,9,Monday,False
1704707814.536,1704707897.289,-1,2029.805,2029.195,0.5350000000001274,take_profit,82.75300002098083,0.6100000000001273,-0.2899999999999636,0.25,852.8259999999864,2024-01-08 09:56:54.536000013,2024-01-08 09:58:17.289000034,2024-01-08,2024-01,2024,9,Monday,True
1704708030.096,1704708036.095,1,2029.595,2029.135,-0.5350000000000363,stop_loss,5.999000072479248,0.0,-0.4600000000000364,0.3369999999999891,852.2909999999863,2024-01-08 10:00:30.095999956,2024-01-08 10:00:36.095000029,2024-01-08,2024-01,2024,10,Monday,False
1704709205.031,1704709222.791,-1,2028.735,2028.755,-0.0950000000002092,flow_flip,17.759999990463257,0.15999999999985448,-0.3400000000001455,0.3170000000000073,852.195999999986,2024-01-08 10:20:05.030999899,2024-01-08 10:20:22.790999889,2024-01-08,2024-01,2024,10,Monday,False
1704709462.181,1704709500.682,1,2028.765,2028.405,-0.43500000000012734,flow_flip,38.50099992752075,0.0,-0.36000000000012733,0.3300000000001546,851.7609999999859,2024-01-08 10:24:22.180999994,2024-01-08 10:25:00.681999922,2024-01-08,2024-01,2024,10,Monday,False
1704709631.321,1704709645.113,1,2028.672,2028.205,-0.5420000000000982,stop_loss,13.791999816894531,0.0,-0.4670000000000982,0.30700000000001637,851.2189999999857,2024-01-08 10:27:11.321000099,2024-01-08 10:27:25.112999916,2024-01-08,2024-01,2024,10,Monday,False
1704709777.233,1704709797.509,1,2028.155,2027.735,-0.49500000000007277,stop_loss,20.276000022888184,0.0,-0.42000000000007276,0.2400000000000091,850.7239999999856,2024-01-08 10:29:37.233000040,2024-01-08 10:29:57.509000063,2024-01-08,2024-01,2024,10,Monday,False
1704711921.26,1704711928.346,-1,2026.195,2025.815,0.30499999999988175,trail,7.085999965667725,0.6099999999999,-0.3200000000001637,0.30700000000001637,851.0289999999854,2024-01-08 11:05:21.259999990,2024-01-08 11:05:28.345999956,2024-01-08,2024-01,2024,11,Monday,True
1704711977.712,1704711985.049,1,2025.895,2025.445,-0.5250000000000454,stop_loss,7.337000131607056,0.0,-0.4500000000000455,0.32999999999992724,850.5039999999854,2024-01-08 11:06:17.711999893,2024-01-08 11:06:25.049000025,2024-01-08,2024-01,2024,11,Monday,False
1704712042.577,1704712055.464,-1,2025.595,2026.035,-0.5150000000000545,flow_flip,12.88700008392334,0.0,-0.44000000000005457,0.33999999999991815,849.9889999999853,2024-01-08 11:07:22.576999903,2024-01-08 11:07:35.463999987,2024-01-08,2024-01,2024,11,Monday,False
1704712108.991,1704712115.177,1,2026.412,2025.955,-0.5320000000001073,stop_loss,6.186000108718872,0.0,-0.4570000000001073,0.34699999999998,849.4569999999851,2024-01-08 11:08:28.990999937,2024-01-08 11:08:35.177000046,2024-01-08,2024-01,2024,11,Monday,False
1704712539.836,1704712586.351,1,2025.935,2025.515,-0.4949999999998454,flow_flip,46.515000104904175,0.0,-0.4199999999998454,0.2899999999999636,848.9619999999852,2024-01-08 11:15:39.835999966,2024-01-08 11:16:26.351000071,2024-01-08,2024-01,2024,11,Monday,False
1704712712.805,1704712714.44,-1,2020.708,2019.605,1.0280000000000655,take_profit,1.6349999904632568,1.1030000000000655,-0.41399999999998727,0.3269999999999982,849.9899999999852,2024-01-08 11:18:32.805000067,2024-01-08 11:18:34.440000057,2024-01-08,2024-01,2024,11,Monday,True
1704712731.915,1704712747.846,1,2020.815,2021.125,0.23499999999994542,trail,15.930999994277954,0.7300000000000182,-0.4800000000000182,0.3669999999999618,850.2249999999851,2024-01-08 11:18:51.914999962,2024-01-08 11:19:07.845999956,2024-01-08,2024-01,2024,11,Monday,True
1704712808.089,1704712809.252,1,2022.645,2021.905,-0.815000000000009,stop_loss,1.1630001068115234,0.0,-0.7400000000000091,0.32999999999992724,849.4099999999851,2024-01-08 11:20:08.088999987,2024-01-08 11:20:09.252000092,2024-01-08,2024-01,2024,11,Monday,False
1704712984.182,1704713010.184,-1,2021.185,2021.925,-0.815000000000009,flow_flip,26.002000093460083,0.0,-0.7400000000000091,0.3200000000001637,848.594999999985,2024-01-08 11:23:04.181999922,2024-01-08 11:23:30.184000015,2024-01-08,2024-01,2024,11,Monday,False
1704713083.131,1704713086.985,-1,2020.335,2021.085,-0.825,stop_loss,3.8539998531341553,0.0,-0.75,0.31999999999993634,847.769999999985,2024-01-08 11:24:43.131000042,2024-01-08 11:24:46.984999895,2024-01-08,2024-01,2024,11,Monday,False
1704713142.189,1704713157.476,1,2022.275,2021.678,-0.67199999999998,flow_flip,15.287000179290771,0.0,-0.59699999999998,0.3500000000001364,847.097999999985,2024-01-08 11:25:42.188999891,2024-01-08 11:25:57.476000071,2024-01-08,2024-01,2024,11,Monday,False
1704714450.263,1704714460.471,1,2020.405,2019.925,-0.5550000000000181,stop_loss,10.20799994468689,0.0,-0.4800000000000182,0.31999999999993634,846.5429999999849,2024-01-08 11:47:30.263000010,2024-01-08 11:47:40.470999956,2024-01-08,2024-01,2024,11,Monday,False
1704714633.916,1704714646.115,-1,2020.108,2020.795,-0.7620000000001255,stop_loss,12.199000120162964,0.0,-0.6870000000001255,0.3269999999999982,845.7809999999847,2024-01-08 11:50:33.915999889,2024-01-08 11:50:46.115000010,2024-01-08,2024-01,2024,11,Monday,False
1704714732.065,1704714742.176,1,2021.405,2020.928,-0.5519999999998617,flow_flip,10.111000061035156,0.0,-0.47699999999986176,0.27700000000004366,845.2289999999848,2024-01-08 11:52:12.065000057,2024-01-08 11:52:22.176000118,2024-01-08,2024-01,2024,11,Monday,False
1704714782.318,1704714835.964,-1,2020.528,2020.545,-0.09200000000005276,flow_flip,53.645999908447266,0.20299999999997453,-0.46699999999987085,0.3369999999999891,845.1369999999847,2024-01-08 11:53:02.318000078,2024-01-08 11:53:55.963999987,2024-01-08,2024-01,2024,11,Monday,False
1704714932.521,1704714976.141,1,2021.475,2021.208,-0.3419999999998254,flow_flip,43.62000012397766,0.0,-0.46699999999987085,0.3369999999999891,844.7949999999848,2024-01-08 11:55:32.520999907,2024-01-08 11:56:16.141000032,2024-01-08,2024-01,2024,11,Monday,False
1704715288.267,1704715292.145,1,2020.445,2020.018,-0.5019999999999072,stop_loss,3.878000020980835,0.0,-0.42699999999990723,0.27700000000004366,844.2929999999849,2024-01-08 12:01:28.266999959,2024-01-08 12:01:32.144999981,2024-01-08,2024-01,2024,12,Monday,False
1704717073.382,1704717090.859,-1,2019.685,2020.155,-0.5450000000000272,stop_loss,17.47699999809265,0.12999999999988177,-0.4700000000000273,0.30999999999994543,843.7479999999848,2024-01-08 12:31:13.381999969,2024-01-08 12:31:30.858999968,2024-01-08,2024-01,2024,12,Monday,False
1704717238.787,1704717248.769,-1,2018.985,2019.465,-0.5550000000000181,stop_loss,9.98200011253357,0.0,-0.4800000000000182,0.28700000000003456,843.1929999999847,2024-01-08 12:33:58.786999941,2024-01-08 12:34:08.769000053,2024-01-08,2024-01,2024,12,Monday,False
1704718125.434,1704718136.759,1,2021.282,2021.035,-0.3219999999998436,flow_flip,11.325000047683716,0.0,-0.24699999999984357,0.22699999999986176,842.8709999999849,2024-01-08 12:48:45.434000015,2024-01-08 12:48:56.759000063,2024-01-08,2024-01,2024,12,Monday,False
1704718175.2,1704718184.277,1,2022.015,2021.655,-0.43500000000012734,stop_loss,9.07699990272522,0.0,-0.36000000000012733,0.2700000000002092,842.4359999999847,2024-01-08 12:49:35.200000048,2024-01-08 12:49:44.276999950,2024-01-08,2024-01,2024,12,Monday,False
1704718541.983,1704718586.067,1,2023.505,2023.755,0.175,flow_flip,44.08399987220764,0.38999999999987267,-0.3200000000001637,0.25,842.6109999999846,2024-01-08 12:55:41.983000040,2024-01-08 12:56:26.066999911,2024-01-08,2024-01,2024,12,Monday,True
1704718888.623,1704718919.355,-1,2023.585,2023.602,-0.09200000000005276,flow_flip,30.73200011253357,0.24299999999993815,-0.43699999999989814,0.32999999999992724,842.5189999999845,2024-01-08 13:01:28.622999907,2024-01-08 13:01:59.355000019,2024-01-08,2024-01,2024,13,Monday,False
1704718939.769,1704718941.441,1,2024.612,2024.155,-0.5320000000001073,stop_loss,1.6719999313354492,0.0,-0.4570000000001073,0.29700000000002547,841.9869999999844,2024-01-08 13:02:19.769000053,2024-01-08 13:02:21.440999985,2024-01-08,2024-01,2024,13,Monday,False
1704719309.159,1704719316.647,-1,2022.788,2023.025,-0.31200000000008005,flow_flip,7.488000154495239,0.02299999999991087,-0.25700000000006185,0.30700000000001637,841.6749999999843,2024-01-08 13:08:29.158999920,2024-01-08 13:08:36.647000074,2024-01-08,2024-01,2024,13,Monday,False
1704719354.782,1704719370.141,-1,2021.495,2022.185,-0.7650000000000545,stop_loss,15.358999967575073,0.0,-0.6900000000000546,0.3300000000001546,840.9099999999842,2024-01-08 13:09:14.782000065,2024-01-08 13:09:30.141000032,2024-01-08,2024-01,2024,13,Monday,False
1704719946.639,1704719966.688,1,2023.775,2024.045,0.1949999999999818,trail,20.049000024795532,0.5199999999999818,-0.2699999999999818,0.3200000000001637,841.1049999999841,2024-01-08 13:19:06.638999939,2024-01-08 13:19:26.687999964,2024-01-08,2024-01,2024,13,Monday,True
1704720007.945,1704720014.741,-1,2022.505,2022.932,-0.5019999999999072,stop_loss,6.796000003814697,0.2600000000002183,-0.42699999999990723,0.3169999999997799,840.6029999999841,2024-01-08 13:20:07.944999933,2024-01-08 13:20:14.740999937,2024-01-08,2024-01,2024,13,Monday,False
1704720080.958,1704720081.77,1,2022.626,2021.875,-0.8259999999999763,stop_loss,0.812000036239624,0.0,-0.7509999999999764,0.3910000000000764,839.7769999999841,2024-01-08 13:21:20.957999945,2024-01-08 13:21:21.769999981,2024-01-08,2024-01,2024,13,Monday,False
1704720189.768,1704720218.743,1,2023.045,2022.945,-0.17500000000013644,flow_flip,28.975000143051147,0.15999999999985448,-0.41000000000008185,0.37000000000011823,839.601999999984,2024-01-08 13:23:09.767999887,2024-01-08 13:23:38.743000031,2024-01-08,2024-01,2024,13,Monday,False
1704720280.185,1704720345.82,-1,2022.745,2022.405,0.26499999999991813,trail,65.63499999046326,0.6199999999998909,-0.38000000000010914,0.36000000000012733,839.8669999999838,2024-01-08 13:24:40.184999943,2024-01-08 13:25:45.819999933,2024-01-08,2024-01,2024,13,Monday,True
1704720367.017,1704720390.159,-1,2021.938,2021.655,0.20800000000012914,trail,23.14199995994568,0.5330000000001291,-0.3869999999999436,0.3369999999999891,840.0749999999839,2024-01-08 13:26:07.016999960,2024-01-08 13:26:30.158999920,2024-01-08,2024-01,2024,13,Monday,True
1704720811.521,1704720841.274,-1,2021.818,2021.305,0.43799999999991995,trail,29.753000020980835,0.7529999999999291,-0.3769999999999527,0.3569999999999709,840.5129999999838,2024-01-08 13:33:31.520999907,2024-01-08 13:34:01.273999929,2024-01-08,2024-01,2024,13,Monday,True
1704721114.392,1704721115.154,1,2020.735,2020.148,-0.661999999999989,stop_loss,0.7620000839233398,0.0,-0.5869999999999891,0.3569999999999709,839.8509999999837,2024-01-08 13:38:34.391999960,2024-01-08 13:38:35.154000044,2024-01-08,2024-01,2024,13,Monday,False
1704721222.903,1704721228.77,1,2020.645,2020.065,-0.6549999999999272,stop_loss,5.866999864578247,0.0,-0.5799999999999272,0.37999999999988177,839.1959999999838,2024-01-08 13:40:22.903000116,2024-01-08 13:40:28.769999981,2024-01-08,2024-01,2024,13,Monday,False
1704722411.234,1704722416.076,1,2020.442,2019.755,-0.7619999999998981,stop_loss,4.8420000076293945,0.0,-0.6869999999998981,0.34699999999998,838.4339999999838,2024-01-08 14:00:11.233999968,2024-01-08 14:00:16.075999975,2024-01-08,2024-01,2024,14,Monday,False
1704722462.27,1704722478.142,1,2021.245,2020.715,-0.6049999999999727,flow_flip,15.871999979019165,0.0,-0.5299999999999727,0.31999999999993634,837.8289999999838,2024-01-08 14:01:02.269999981,2024-01-08 14:01:18.141999960,2024-01-08,2024-01,2024,14,Monday,False
1704722809.727,1704722813.913,-1,2020.725,2021.155,-0.5050000000000636,stop_loss,4.186000108718872,0.0,-0.43000000000006366,0.3269999999999982,837.3239999999837,2024-01-08 14:06:49.726999998,2024-01-08 14:06:53.913000107,2024-01-08,2024-01,2024,14,Monday,False
1704724201.141,1704724203.664,-1,2019.505,2020.025,-0.5949999999999818,stop_loss,2.5230000019073486,0.0,-0.5199999999999818,0.3369999999999891,836.7289999999837,2024-01-08 14:30:01.141000032,2024-01-08 14:30:03.664000034,2024-01-08,2024-01,2024,14,Monday,False
1704724247.045,1704724250.772,1,2020.225,2019.685,-0.6149999999999636,stop_loss,3.7269999980926514,0.0,-0.5399999999999636,0.32999999999992724,836.1139999999837,2024-01-08 14:30:47.045000076,2024-01-08 14:30:50.772000074,2024-01-08,2024-01,2024,14,Monday,False
1704724325.336,1704724329.14,-1,2019.365,2019.935,-0.6449999999999363,stop_loss,3.80400013923645,0.0,-0.5699999999999363,0.31999999999993634,835.4689999999837,2024-01-08 14:32:05.335999966,2024-01-08 14:32:09.140000105,2024-01-08,2024-01,2024,14,Monday,False
1704724479.677,1704724489.371,1,2021.302,2021.685,0.3080000000000382,trail,9.694000005722046,0.5730000000000928,-0.3969999999999345,0.3170000000000073,835.7769999999837,2024-01-08 14:34:39.677000046,2024-01-08 14:34:49.371000051,2024-01-08,2024-01,2024,14,Monday,True
1704724501.099,1704724526.378,1,2022.702,2022.285,-0.49199999999991634,stop_loss,25.27900004386902,0.1230000000000473,-0.4169999999999163,0.30700000000001637,835.2849999999837,2024-01-08 14:35:01.098999977,2024-01-08 14:35:26.378000021,2024-01-08,2024-01,2024,14,Monday,False
1704724584.637,1704724596.151,-1,2021.715,2021.602,0.037999999999829004,trail,11.513999938964844,0.3289999999999509,-0.3269999999999982,0.31100000000014916,835.3229999999835,2024-01-08 14:36:24.637000084,2024-01-08 14:36:36.151000023,2024-01-08,2024-01,2024,14,Monday,True
1704724628.276,1704724631.049,-1,2021.555,2022.056,-0.5759999999999763,stop_loss,2.7730000019073486,0.0,-0.5009999999999764,0.30700000000001637,834.7469999999835,2024-01-08 14:37:08.276000023,2024-01-08 14:37:11.049000025,2024-01-08,2024-01,2024,14,Monday,False
1704724891.492,1704724892.234,1,2024.055,2023.515,-0.6149999999999636,stop_loss,0.7419998645782471,0.0,-0.5399999999999636,0.3500000000001364,834.1319999999835,2024-01-08 14:41:31.492000103,2024-01-08 14:41:32.233999968,2024-01-08,2024-01,2024,14,Monday,False
1704724919.438,1704724930.673,1,2024.665,2024.435,-0.3050000000000182,flow_flip,11.235000133514404,0.12000000000011823,-0.37999999999988177,0.33999999999991815,833.8269999999834,2024-01-08 14:41:59.437999964,2024-01-08 14:42:10.673000097,2024-01-08,2024-01,2024,14,Monday,False
1704725887.53,1704725925.676,1,2026.455,2025.915,-0.6149999999999636,flow_flip,38.146000146865845,0.3500000000001364,-0.5599999999999454,0.31999999999993634,833.2119999999834,2024-01-08 14:58:07.529999970,2024-01-08 14:58:45.676000118,2024-01-08,2024-01,2024,14,Monday,False
1704727886.43,1704727886.586,1,2031.522,2032.195,0.5980000000000019,take_profit,0.15599989891052246,0.6730000000000018,-0.03700000000003456,0.22699999999986176,833.8099999999833,2024-01-08 15:31:26.430000067,2024-01-08 15:31:26.585999966,2024-01-08,2024-01,2024,15,Monday,True
1704728833.875,1704728848.033,1,2034.052,2033.635,-0.49199999999991634,flow_flip,14.157999992370605,0.0,-0.45699999999987995,0.3369999999999891,833.3179999999834,2024-01-08 15:47:13.875000000,2024-01-08 15:47:28.032999992,2024-01-08,2024-01,2024,15,Monday,False
1704729600.705,1704729608.329,1,2034.705,2034.105,-0.674999999999909,stop_loss,7.624000072479248,0.0,-0.599999999999909,0.2999999999999545,832.6429999999834,2024-01-08 16:00:00.704999924,2024-01-08 16:00:08.328999996,2024-01-08,2024-01,2024,16,Monday,False
1704729652.861,1704729719.021,1,2035.915,2035.335,-0.6549999999999272,stop_loss,66.15999984741211,0.38000000000010914,-0.5799999999999272,0.31999999999993634,831.9879999999835,2024-01-08 16:00:52.861000061,2024-01-08 16:01:59.020999908,2024-01-08,2024-01,2024,16,Monday,False
1704729727.842,1704729746.391,-1,2034.775,2035.375,-0.674999999999909,stop_loss,18.549000024795532,0.0,-0.599999999999909,0.3269999999999982,831.3129999999835,2024-01-08 16:02:07.842000008,2024-01-08 16:02:26.391000032,2024-01-08,2024-01,2024,16,Monday,False
1704730783.848,1704730787.572,1,2036.086,2035.625,-0.5360000000000127,stop_loss,3.7239999771118164,0.0,-0.46100000000001273,0.3209999999999127,830.7769999999834,2024-01-08 16:19:43.848000050,2024-01-08 16:19:47.572000027,2024-01-08,2024-01,2024,16,Monday,False
1704730807.967,1704730827.667,1,2036.515,2035.945,-0.6450000000001637,stop_loss,19.700000047683716,0.0,-0.5700000000001637,0.3200000000001637,830.1319999999832,2024-01-08 16:20:07.967000008,2024-01-08 16:20:27.667000055,2024-01-08,2024-01,2024,16,Monday,False
1704731726.658,1704731739.456,-1,2032.315,2032.845,-0.6049999999999727,stop_loss,12.79800009727478,0.0,-0.5299999999999727,0.32999999999992724,829.5269999999832,2024-01-08 16:35:26.657999992,2024-01-08 16:35:39.456000090,2024-01-08,2024-01,2024,16,Monday,False
1704732062.054,1704732111.597,1,2032.702,2032.715,-0.06200000000008005,flow_flip,49.54299998283386,0.3330000000000837,-0.5670000000000073,0.3269999999999982,829.4649999999831,2024-01-08 16:41:02.053999901,2024-01-08 16:41:51.596999884,2024-01-08,2024-01,2024,16,Monday,False
1704732123.829,1704732136.165,1,2033.582,2033.195,-0.462000000000171,flow_flip,12.335999965667725,0.0,-0.4170000000001437,0.33700000000021646,829.0029999999829,2024-01-08 16:42:03.828999996,2024-01-08 16:42:16.164999962,2024-01-08,2024-01,2024,16,Monday,False
1704732650.431,1704732710.724,1,2032.322,2032.575,0.17800000000015642,trail,60.29299998283386,0.4730000000001837,-0.43699999999989814,0.3269999999999982,829.180999999983,2024-01-08 16:50:50.430999994,2024-01-08 16:51:50.723999977,2024-01-08,2024-01,2024,16,Monday,True
1704732868.905,1704732905.249,-1,2032.905,2033.125,-0.2950000000000273,flow_flip,36.34400010108948,0.0,-0.32999999999992724,0.3170000000000073,828.8859999999829,2024-01-08 16:54:28.904999971,2024-01-08 16:55:05.249000072,2024-01-08,2024-01,2024,16,Monday,False
1704733235.53,1704733253.559,1,2032.685,2031.795,-0.9649999999998726,stop_loss,18.02900004386902,0.0,-0.8899999999998727,0.32999999999992724,827.920999999983,2024-01-08 17:00:35.529999970,2024-01-08 17:00:53.559000015,2024-01-08,2024-01,2024,17,Monday,False
1704733265.341,1704733275.837,1,2032.635,2032.095,-0.6149999999999636,flow_flip,10.495999813079834,0.0,-0.5399999999999636,0.33999999999991815,827.305999999983,2024-01-08 17:01:05.341000080,2024-01-08 17:01:15.836999893,2024-01-08,2024-01,2024,17,Monday,False
1704735006.359,1704735047.46,-1,2029.505,2029.932,-0.5019999999999072,flow_flip,41.1010000705719,0.0,-0.42699999999990723,0.3169999999997799,826.803999999983,2024-01-08 17:30:06.358999968,2024-01-08 17:30:47.460000038,2024-01-08,2024-01,2024,17,Monday,False
1704735477.626,1704735512.323,1,2029.715,2029.205,-0.5849999999999909,stop_loss,34.69700002670288,0.0,-0.5099999999999909,0.30999999999994543,826.218999999983,2024-01-08 17:37:57.625999928,2024-01-08 17:38:32.322999954,2024-01-08,2024-01,2024,17,Monday,False
1704735634.315,1704735642.576,-1,2028.615,2029.095,-0.5550000000000181,flow_flip,8.260999917984009,0.0,-0.4800000000000182,0.3369999999999891,825.6639999999829,2024-01-08 17:40:34.315000057,2024-01-08 17:40:42.575999975,2024-01-08,2024-01,2024,17,Monday,False
1704735941.199,1704735942.965,-1,2027.245,2027.682,-0.5120000000001255,stop_loss,1.7660000324249268,0.0,-0.4370000000001255,0.3269999999999982,825.1519999999828,2024-01-08 17:45:41.198999882,2024-01-08 17:45:42.964999914,2024-01-08,2024-01,2024,17,Monday,False
1704737640.513,1704737664.074,1,2027.385,2027.035,-0.42499999999990906,flow_flip,23.560999870300293,0.0,-0.34999999999990905,0.31999999999993634,824.7269999999828,2024-01-08 18:14:00.513000011,2024-01-08 18:14:24.073999882,2024-01-08,2024-01,2024,18,Monday,False
1704738560.709,1704738614.191,-1,2027.105,2027.422,-0.3920000000000073,flow_flip,53.48199987411499,0.30999999999994543,-0.3170000000000073,0.2899999999999636,824.3349999999828,2024-01-08 18:29:20.709000111,2024-01-08 18:30:14.190999985,2024-01-08,2024-01,2024,18,Monday,False
1704739245.533,1704739307.077,-1,2027.585,2027.565,-0.0550000000000182,flow_flip,61.543999910354614,0.10000000000013642,-0.32999999999992724,0.3170000000000073,824.2799999999827,2024-01-08 18:40:45.532999992,2024-01-08 18:41:47.076999903,2024-01-08,2024-01,2024,18,Monday,False
1704740268.371,1704740283.303,1,2027.025,2026.495,-0.6050000000002,flow_flip,14.931999921798706,0.0,-0.5300000000002001,0.3100000000001728,823.6749999999824,2024-01-08 18:57:48.371000051,2024-01-08 18:58:03.302999973,2024-01-08,2024-01,2024,18,Monday,False
1704740297.905,1704740312.792,1,2026.955,2026.675,-0.3549999999999727,flow_flip,14.88700008392334,0.0,-0.2999999999999545,0.2999999999999545,823.3199999999824,2024-01-08 18:58:17.904999971,2024-01-08 18:58:32.792000055,2024-01-08,2024-01,2024,18,Monday,False
1704784320.274,1704784338.193,-1,2034.165,2034.535,-0.44500000000011825,flow_flip,17.919000148773193,0.0,-0.37000000000011823,0.31999999999993634,822.8749999999823,2024-01-09 07:12:00.273999929,2024-01-09 07:12:18.193000078,2024-01-09,2024-01,2024,7,Tuesday,False
1704784772.278,1704784787.263,1,2035.575,2034.915,-0.7350000000000818,flow_flip,14.984999895095825,0.0,-0.6600000000000819,0.2899999999999636,822.1399999999821,2024-01-09 07:19:32.278000116,2024-01-09 07:19:47.263000010,2024-01-09,2024-01,2024,7,Tuesday,False
1704785092.518,1704785125.63,1,2035.525,2036.235,0.634999999999809,trail,33.11200022697449,1.0799999999999272,-0.27700000000004366,0.27700000000004366,822.7749999999819,2024-01-09 07:24:52.517999887,2024-01-09 07:25:25.630000114,2024-01-09,2024-01,2024,7,Tuesday,True
1704785140.285,1704785156.868,1,2037.165,2036.525,-0.7149999999998726,stop_loss,16.58299994468689,0.0,-0.6399999999998727,0.30999999999994543,822.059999999982,2024-01-09 07:25:40.285000086,2024-01-09 07:25:56.868000031,2024-01-09,2024-01,2024,7,Tuesday,False
1704785699.759,1704785708.83,1,2036.105,2035.585,-0.5949999999999818,stop_loss,9.07099986076355,0.0,-0.5199999999999818,0.34699999999998,821.464999999982,2024-01-09 07:34:59.759000063,2024-01-09 07:35:08.829999924,2024-01-09,2024-01,2024,7,Tuesday,False
1704785735.074,1704785760.219,-1,2035.355,2035.815,-0.5350000000000363,flow_flip,25.145000219345093,0.0,-0.4600000000000364,0.30999999999994543,820.9299999999819,2024-01-09 07:35:35.073999882,2024-01-09 07:36:00.219000101,2024-01-09,2024-01,2024,7,Tuesday,False
1704786144.987,1704786148.375,-1,2036.345,2036.985,-0.7149999999998726,stop_loss,3.388000011444092,0.0,-0.6399999999998727,0.31999999999993634,820.214999999982,2024-01-09 07:42:24.986999989,2024-01-09 07:42:28.375000000,2024-01-09,2024-01,2024,7,Tuesday,False
1704786201.5,1704786211.878,-1,2036.305,2036.905,-0.674999999999909,stop_loss,10.378000020980835,0.0,-0.599999999999909,0.33999999999991815,819.539999999982,2024-01-09 07:43:21.500000000,2024-01-09 07:43:31.878000021,2024-01-09,2024-01,2024,7,Tuesday,False
1704786235.079,1704786284.663,-1,2035.955,2036.325,-0.44500000000011825,flow_flip,49.58400011062622,0.0,-0.37000000000011823,0.3300000000001546,819.0949999999818,2024-01-09 07:43:55.078999996,2024-01-09 07:44:44.663000107,2024-01-09,2024-01,2024,7,Tuesday,False
1704787220.619,1704787229.471,1,2036.755,2037.608,0.7779999999998382,take_profit,8.851999998092651,0.8529999999998381,-0.3300000000001546,0.3500000000001364,819.8729999999816,2024-01-09 08:00:20.618999958,2024-01-09 08:00:29.470999956,2024-01-09,2024-01,2024,8,Tuesday,True
1704787260.584,1704787317.879,-1,2036.765,2036.515,0.175,trail,57.294999837875366,0.540000000000191,-0.4299999999998363,0.2899999999999636,820.0479999999816,2024-01-09 08:01:00.584000111,2024-01-09 08:01:57.878999949,2024-01-09,2024-01,2024,8,Tuesday,True
1704787338.581,1704787343.072,-1,2036.595,2037.125,-0.6049999999999727,stop_loss,4.490999937057495,0.0,-0.5299999999999727,0.34999999999990905,819.4429999999816,2024-01-09 08:02:18.581000090,2024-01-09 08:02:23.072000027,2024-01-09,2024-01,2024,8,Tuesday,False
1704787378.129,1704787382.441,-1,2035.905,2036.445,-0.6149999999999636,stop_loss,4.312000036239624,0.0,-0.5399999999999636,0.33999999999991815,818.8279999999816,2024-01-09 08:02:58.128999949,2024-01-09 08:03:02.440999985,2024-01-09,2024-01,2024,8,Tuesday,False
1704787558.671,1704787576.357,-1,2034.605,2034.795,-0.2650000000000546,flow_flip,17.686000108718872,0.20000000000004547,-0.37999999999988177,0.33999999999991815,818.5629999999815,2024-01-09 08:05:58.671000004,2024-01-09 08:06:16.357000113,2024-01-09,2024-01,2024,8,Tuesday,False
1704787630.484,1704787633.257,-1,2033.885,2034.325,-0.5150000000000545,stop_loss,2.7730000019073486,0.0,-0.44000000000005457,0.31999999999993634,818.0479999999814,2024-01-09 08:07:10.483999968,2024-01-09 08:07:13.256999969,2024-01-09,2024-01,2024,8,Tuesday,False
1704788977.058,1704788988.241,1,2032.025,2031.595,-0.5050000000000636,stop_loss,11.182999849319458,0.0,-0.43000000000006366,0.3269999999999982,817.5429999999812,2024-01-09 08:29:37.058000088,2024-01-09 08:29:48.240999937,2024-01-09,2024-01,2024,8,Tuesday,False
1704789371.899,1704789372.907,-1,2032.888,2033.452,-0.6390000000000782,stop_loss,1.008000135421753,0.0,-0.5640000000000782,0.387000000000171,816.9039999999811,2024-01-09 08:36:11.898999929,2024-01-09 08:36:12.907000065,2024-01-09,2024-01,2024,8,Tuesday,False
1704790617.414,1704790635.896,-1,2034.235,2034.705,-0.5450000000000272,flow_flip,18.48199987411499,0.0,-0.4700000000000273,0.3300000000001546,816.358999999981,2024-01-09 08:56:57.414000034,2024-01-09 08:57:15.895999908,2024-01-09,2024-01,2024,8,Tuesday,False
1704791959.929,1704791993.32,-1,2033.945,2034.005,-0.13500000000017282,flow_flip,33.39100003242493,0.09999999999990905,-0.40000000000009095,0.3200000000001637,816.2239999999808,2024-01-09 09:19:19.928999901,2024-01-09 09:19:53.319999933,2024-01-09,2024-01,2024,9,Tuesday,False
1704792300.979,1704792305.479,-1,2033.985,2034.515,-0.6050000000002,stop_loss,4.5,0.0,-0.5300000000002001,0.3300000000001546,815.6189999999806,2024-01-09 09:25:00.979000092,2024-01-09 09:25:05.479000092,2024-01-09,2024-01,2024,9,Tuesday,False
1704792316.249,1704792355.848,1,2034.875,2034.995,0.04499999999989085,flow_flip,39.598999977111816,0.2999999999999545,-0.34999999999990905,0.34999999999990905,815.6639999999804,2024-01-09 09:25:16.249000072,2024-01-09 09:25:55.848000050,2024-01-09,2024-01,2024,9,Tuesday,True
1704792697.062,1704792736.211,1,2035.495,2036.025,0.4550000000002001,trail,39.1489999294281,0.8200000000001637,-0.2999999999999545,0.30999999999994543,816.1189999999806,2024-01-09 09:31:37.062000036,2024-01-09 09:32:16.210999966,2024-01-09,2024-01,2024,9,Tuesday,True
1704792822.915,1704792823.319,-1,2035.915,2036.402,-0.56200000000008,stop_loss,0.40400004386901855,0.0,-0.48700000000008004,0.3400000000001455,815.5569999999805,2024-01-09 09:33:42.914999962,2024-01-09 09:33:43.319000006,2024-01-09,2024-01,2024,9,Tuesday,False
1704793816.864,1704793835.448,-1,2036.655,2036.945,-0.36499999999996363,flow_flip,18.58399987220764,0.0,-0.2899999999999636,0.26099999999996726,815.1919999999805,2024-01-09 09:50:16.864000082,2024-01-09 09:50:35.447999954,2024-01-09,2024-01,2024,9,Tuesday,False
1704794726.484,1704794739.766,-1,2034.945,2035.455,-0.5849999999999909,flow_flip,13.282000064849854,0.0,-0.5099999999999909,0.2999999999999545,814.6069999999804,2024-01-09 10:05:26.483999968,2024-01-09 10:05:39.766000032,2024-01-09,2024-01,2024,10,Tuesday,False
1704795308.98,1704795332.016,1,2036.685,2036.225,-0.5350000000000363,flow_flip,23.03600001335144,0.0,-0.4600000000000364,0.32999999999992724,814.0719999999803,2024-01-09 10:15:08.980000019,2024-01-09 10:15:32.016000032,2024-01-09,2024-01,2024,10,Tuesday,False
1704795391.794,1704795406.965,1,2037.105,2036.898,-0.28200000000010733,flow_flip,15.171000003814697,0.0,-0.4069999999999254,0.2899999999999636,813.7899999999802,2024-01-09 10:16:31.793999910,2024-01-09 10:16:46.964999914,2024-01-09,2024-01,2024,10,Tuesday,False
1704795423.44,1704795435.203,1,2037.445,2036.985,-0.5350000000000363,stop_loss,11.763000011444092,0.0,-0.4600000000000364,0.3269999999999982,813.2549999999801,2024-01-09 10:17:03.440000057,2024-01-09 10:17:15.203000069,2024-01-09,2024-01,2024,10,Tuesday,False
1704795604.534,1704795633.904,-1,2036.855,2037.025,-0.24500000000007277,flow_flip,29.37000012397766,0.13000000000010914,-0.34999999999990905,0.2899999999999636,813.00999999998,2024-01-09 10:20:04.533999919,2024-01-09 10:20:33.904000044,2024-01-09,2024-01,2024,10,Tuesday,False
1704795974.365,1704796004.574,-1,2037.505,2036.745,0.6850000000002183,take_profit,30.20899987220764,0.7600000000002183,-0.3999999999998636,0.2999999999999545,813.6949999999802,2024-01-09 10:26:14.365000010,2024-01-09 10:26:44.573999882,2024-01-09,2024-01,2024,10,Tuesday,True
1704796083.545,1704796096.941,1,2037.395,2036.905,-0.565000000000009,stop_loss,13.395999908447266,0.0,-0.4900000000000091,0.32999999999992724,813.1299999999801,2024-01-09 10:28:03.545000076,2024-01-09 10:28:16.940999985,2024-01-09,2024-01,2024,10,Tuesday,False
1704796127.386,1704796140.121,1,2037.602,2037.225,-0.4520000000001801,flow_flip,12.735000133514404,0.0,-0.3770000000001801,0.24700000000007094,812.6779999999799,2024-01-09 10:28:47.385999918,2024-01-09 10:29:00.121000051,2024-01-09,2024-01,2024,10,Tuesday,False
1704796216.484,1704796231.809,-1,2037.555,2038.145,-0.6649999999999181,stop_loss,15.325000047683716,0.08300000000008367,-0.5899999999999181,0.28700000000003456,812.0129999999799,2024-01-09 10:30:16.483999968,2024-01-09 10:30:31.809000015,2024-01-09,2024-01,2024,10,Tuesday,False
1704796308.174,1704796318.837,1,2038.305,2037.785,-0.5949999999999818,stop_loss,10.662999868392944,0.0,-0.5199999999999818,0.37000000000011823,811.4179999999799,2024-01-09 10:31:48.174000025,2024-01-09 10:31:58.836999893,2024-01-09,2024-01,2024,10,Tuesday,False
1704797450.111,1704797486.311,-1,2035.925,2036.575,-0.7250000000000909,stop_loss,36.200000047683716,0.0,-0.650000000000091,0.2899999999999636,810.6929999999797,2024-01-09 10:50:50.111000061,2024-01-09 10:51:26.311000109,2024-01-09,2024-01,2024,10,Tuesday,False
1704797655.454,1704797678.157,-1,2035.455,2035.715,-0.3349999999999909,flow_flip,22.70300006866455,0.0,-0.38000000000010914,0.3200000000001637,810.3579999999797,2024-01-09 10:54:15.453999996,2024-01-09 10:54:38.157000065,2024-01-09,2024-01,2024,10,Tuesday,False
1704798041.434,1704798063.538,-1,2035.055,2035.355,-0.37499999999995454,flow_flip,22.104000091552734,0.0,-0.2999999999999545,0.2999999999999545,809.9829999999797,2024-01-09 11:00:41.434000015,2024-01-09 11:01:03.538000107,2024-01-09,2024-01,2024,11,Tuesday,False
1704798700.95,1704798761.099,1,2034.815,2034.365,-0.5250000000000454,flow_flip,60.1489999294281,0.0,-0.4500000000000455,0.3400000000001455,809.4579999999796,2024-01-09 11:11:40.950000048,2024-01-09 11:12:41.098999977,2024-01-09,2024-01,2024,11,Tuesday,False
1704798823.378,1704798902.753,-1,2034.095,2034.325,-0.3050000000000182,flow_flip,79.375,0.0,-0.32999999999992724,0.30700000000001637,809.1529999999796,2024-01-09 11:13:43.378000021,2024-01-09 11:15:02.753000021,2024-01-09,2024-01,2024,11,Tuesday,False
1704799412.762,1704799426.195,1,2034.965,2034.575,-0.4649999999998727,flow_flip,13.432999849319458,0.0,-0.38999999999987267,0.2899999999999636,808.6879999999796,2024-01-09 11:23:32.762000084,2024-01-09 11:23:46.194999933,2024-01-09,2024-01,2024,11,Tuesday,False
1704799582.824,1704799613.42,-1,2035.315,2035.725,-0.4849999999998545,flow_flip,30.59600019454956,0.0,-0.4099999999998545,0.25,808.2029999999797,2024-01-09 11:26:22.823999882,2024-01-09 11:26:53.420000076,2024-01-09,2024-01,2024,11,Tuesday,False
1704799674.027,1704799690.262,-1,2035.175,2035.575,-0.47500000000009096,stop_loss,16.235000133514404,0.0,-0.40000000000009095,0.2899999999999636,807.7279999999796,2024-01-09 11:27:54.026999950,2024-01-09 11:28:10.262000084,2024-01-09,2024-01,2024,11,Tuesday,False
1704799855.014,1704799863.817,-1,2034.805,2035.245,-0.5149999999998272,stop_loss,8.80299997329712,0.0,-0.4399999999998272,0.2999999999999545,807.2129999999797,2024-01-09 11:30:55.013999939,2024-01-09 11:31:03.816999912,2024-01-09,2024-01,2024,11,Tuesday,False
1704800726.155,1704800787.331,1,2034.675,2034.245,-0.5050000000000636,flow_flip,61.176000118255615,0.0,-0.5,0.2699999999999818,806.7079999999796,2024-01-09 11:45:26.154999971,2024-01-09 11:46:27.331000090,2024-01-09,2024-01,2024,11,Tuesday,False
1704801257.497,1704801287.502,-1,2033.895,2034.345,-0.5250000000000454,stop_loss,30.005000114440918,0.0,-0.4500000000000455,0.33999999999991815,806.1829999999795,2024-01-09 11:54:17.496999979,2024-01-09 11:54:47.502000093,2024-01-09,2024-01,2024,11,Tuesday,False
1704801681.172,1704801713.132,-1,2033.995,2034.295,-0.3750000000001819,flow_flip,31.960000038146973,0.0,-0.3400000000001455,0.3400000000001455,805.8079999999793,2024-01-09 12:01:21.171999931,2024-01-09 12:01:53.131999969,2024-01-09,2024-01,2024,12,Tuesday,False
1704803445.317,1704803479.443,-1,2034.845,2035.422,-0.6519999999999981,stop_loss,34.12600016593933,0.0,-0.5769999999999982,0.34699999999998,805.1559999999793,2024-01-09 12:30:45.316999912,2024-01-09 12:31:19.443000078,2024-01-09,2024-01,2024,12,Tuesday,False
1704805270.787,1704805288.342,-1,2034.785,2035.085,-0.37499999999995454,flow_flip,17.555000066757202,0.0,-0.34999999999990905,0.3170000000000073,804.7809999999793,2024-01-09 13:01:10.786999941,2024-01-09 13:01:28.342000008,2024-01-09,2024-01,2024,13,Tuesday,False
1704805322.293,1704805323.103,-1,2034.385,2034.825,-0.5150000000000545,stop_loss,0.809999942779541,0.0,-0.44000000000005457,0.3170000000000073,804.2659999999792,2024-01-09 13:02:02.292999983,2024-01-09 13:02:03.102999926,2024-01-09,2024-01,2024,13,Tuesday,False
1704805687.965,1704805688.469,-1,2033.375,2033.895,-0.5949999999999818,stop_loss,0.504000186920166,0.0,-0.5199999999999818,0.3269999999999982,803.6709999999791,2024-01-09 13:08:07.964999914,2024-01-09 13:08:08.469000101,2024-01-09,2024-01,2024,13,Tuesday,False
1704805725.697,1704805730.096,1,2034.012,2034.395,0.3080000000000382,trail,4.398999929428101,0.5630000000001019,-0.26700000000005275,0.29700000000002547,803.9789999999791,2024-01-09 13:08:45.697000027,2024-01-09 13:08:50.095999956,2024-01-09,2024-01,2024,13,Tuesday,True
1704805829.309,1704805842.889,1,2035.742,2035.195,-0.6220000000000254,stop_loss,13.579999923706055,0.0,-0.5470000000000255,0.34699999999998,803.356999999979,2024-01-09 13:10:29.309000015,2024-01-09 13:10:42.888999939,2024-01-09,2024-01,2024,13,Tuesday,False
1704805856.113,1704805876.636,-1,2034.795,2035.222,-0.5019999999999072,stop_loss,20.52300000190735,0.0,-0.42699999999990723,0.30999999999994543,802.8549999999791,2024-01-09 13:10:56.112999916,2024-01-09 13:11:16.635999918,2024-01-09,2024-01,2024,13,Tuesday,False
1704806423.521,1704806423.724,-1,2034.235,2034.645,-0.48500000000008187,stop_loss,0.20300006866455078,0.0,-0.41000000000008185,0.3100000000001728,802.369999999979,2024-01-09 13:20:23.520999907,2024-01-09 13:20:23.723999977,2024-01-09,2024-01,2024,13,Tuesday,False
1704806462.775,1704806476.047,1,2034.995,2034.515,-0.5549999999997908,stop_loss,13.271999835968018,0.0,-0.4799999999997908,0.32999999999992724,801.8149999999791,2024-01-09 13:21:02.775000095,2024-01-09 13:21:16.046999931,2024-01-09,2024-01,2024,13,Tuesday,False
1704806484.086,1704806509.055,-1,2034.265,2034.125,0.06500000000010003,trail,24.969000101089478,0.41000000000008185,-0.31999999999993634,0.2999999999999545,801.8799999999792,2024-01-09 13:21:24.085999966,2024-01-09 13:21:49.055000067,2024-01-09,2024-01,2024,13,Tuesday,True
1704806535.224,1704806547.762,1,2034.692,2034.235,-0.5320000000001073,stop_loss,12.538000106811523,0.0,-0.4570000000001073,0.3369999999999891,801.347999999979,2024-01-09 13:22:15.223999977,2024-01-09 13:22:27.762000084,2024-01-09,2024-01,2024,13,Tuesday,False
1704807024.871,1704807033.264,1,2034.205,2033.748,-0.5319999999998799,stop_loss,8.39299988746643,0.0,-0.45699999999987995,0.3269999999999982,800.8159999999791,2024-01-09 13:30:24.871000051,2024-01-09 13:30:33.263999939,2024-01-09,2024-01,2024,13,Tuesday,False
1704807046.034,1704807048.097,1,2034.525,2034.075,-0.5250000000000454,stop_loss,2.062999963760376,0.0,-0.4500000000000455,0.3200000000001637,800.290999999979,2024-01-09 13:30:46.033999920,2024-01-09 13:30:48.096999884,2024-01-09,2024-01,2024,13,Tuesday,False
1704807243.627,1704807256.955,1,2035.575,2035.058,-0.5920000000000527,stop_loss,13.327999830245972,0.0,-0.5170000000000528,0.3170000000000073,799.6989999999789,2024-01-09 13:34:03.627000093,2024-01-09 13:34:16.954999924,2024-01-09,2024-01,2024,13,Tuesday,False
1704807478.58,1704807489.813,1,2038.005,2038.908,0.8279999999997927,take_profit,11.233000040054321,0.9029999999997926,-0.43000000000006366,0.34700000000020736,800.5269999999787,2024-01-09 13:37:58.579999924,2024-01-09 13:38:09.812999964,2024-01-09,2024-01,2024,13,Tuesday,True
1704807517.201,1704807518.416,-1,2040.005,2040.715,-0.784999999999809,stop_loss,1.2149999141693115,0.0,-0.709999999999809,0.4099999999998545,799.7419999999788,2024-01-09 13:38:37.200999975,2024-01-09 13:38:38.415999889,2024-01-09,2024-01,2024,13,Tuesday,False
1704807540.323,1704807585.377,-1,2039.315,2039.275,-0.035000000000036384,flow_flip,45.05400013923645,0.4600000000000364,-0.5899999999999181,0.2999999999999545,799.7069999999787,2024-01-09 13:39:00.322999954,2024-01-09 13:39:45.377000093,2024-01-09,2024-01,2024,13,Tuesday,False
1704807605.218,1704807628.959,-1,2037.938,2037.275,0.588000000000011,take_profit,23.741000175476074,0.6630000000000109,-0.2769999999998163,0.3369999999999891,800.2949999999787,2024-01-09 13:40:05.217999935,2024-01-09 13:40:28.959000111,2024-01-09,2024-01,2024,13,Tuesday,True
1704807648.111,1704807655.923,-1,2036.225,2036.835,-0.6850000000001273,stop_loss,7.812000036239624,0.0,-0.6100000000001273,0.3100000000001728,799.6099999999785,2024-01-09 13:40:48.111000061,2024-01-09 13:40:55.923000097,2024-01-09,2024-01,2024,13,Tuesday,False
1704807955.731,1704808018.461,1,2037.405,2037.758,0.2780000000000655,trail,62.730000019073486,0.6030000000000655,-0.31999999999993634,0.30999999999994543,799.8879999999785,2024-01-09 13:45:55.730999947,2024-01-09 13:46:58.460999966,2024-01-09,2024-01,2024,13,Tuesday,True
1704808185.153,1704808189.436,-1,2037.558,2038.015,-0.5320000000001073,stop_loss,4.2829999923706055,0.0,-0.4570000000001073,0.27700000000004366,799.3559999999784,2024-01-09 13:49:45.153000116,2024-01-09 13:49:49.436000109,2024-01-09,2024-01,2024,13,Tuesday,False
1704808232.209,1704808241.459,1,2038.415,2037.875,-0.6149999999999636,stop_loss,9.25,0.013000000000147338,-0.5399999999999636,0.37999999999988177,798.7409999999784,2024-01-09 13:50:32.209000111,2024-01-09 13:50:41.459000111,2024-01-09,2024-01,2024,13,Tuesday,False
1704808394.73,1704808401.242,-1,2038.098,2038.695,-0.67199999999998,stop_loss,6.51200008392334,0.0,-0.59699999999998,0.3569999999999709,798.0689999999784,2024-01-09 13:53:14.730000019,2024-01-09 13:53:21.242000103,2024-01-09,2024-01,2024,13,Tuesday,False
1704809356.784,1704809361.24,-1,2038.365,2038.965,-0.674999999999909,stop_loss,4.456000089645386,0.0,-0.599999999999909,0.32999999999992724,797.3939999999784,2024-01-09 14:09:16.783999920,2024-01-09 14:09:21.240000010,2024-01-09,2024-01,2024,14,Tuesday,False
1704809482.082,1704809487.803,1,2039.405,2038.745,-0.7350000000000818,stop_loss,5.7209999561309814,0.0,-0.6600000000000819,0.32999999999992724,796.6589999999783,2024-01-09 14:11:22.082000017,2024-01-09 14:11:27.802999973,2024-01-09,2024-01,2024,14,Tuesday,False
1704809951.914,1704809986.499,-1,2036.815,2036.995,-0.2549999999998363,flow_flip,34.58500003814697,0.049999999999954525,-0.33999999999991815,0.33999999999991815,796.4039999999784,2024-01-09 14:19:11.914000034,2024-01-09 14:19:46.499000072,2024-01-09,2024-01,2024,14,Tuesday,False
1704810584.758,1704810584.911,-1,2036.438,2036.775,-0.4119999999999891,stop_loss,0.1530001163482666,0.0,-0.3369999999999891,0.25699999999983447,795.9919999999784,2024-01-09 14:29:44.757999897,2024-01-09 14:29:44.911000013,2024-01-09,2024-01,2024,14,Tuesday,False
1704810638.062,1704810639.155,-1,2036.175,2036.635,-0.5350000000000363,stop_loss,1.0929999351501465,0.0,-0.4600000000000364,0.2999999999999545,795.4569999999783,2024-01-09 14:30:38.062000036,2024-01-09 14:30:39.154999971,2024-01-09,2024-01,2024,14,Tuesday,False
1704810670.137,1704810677.316,1,2037.475,2036.995,-0.5550000000000181,stop_loss,7.178999900817871,0.0,-0.4800000000000182,0.2899999999999636,794.9019999999782,2024-01-09 14:31:10.137000084,2024-01-09 14:31:17.315999985,2024-01-09,2024-01,2024,14,Tuesday,False
1704810832.844,1704810838.755,1,2036.395,2035.905,-0.565000000000009,stop_loss,5.91100001335144,0.0,-0.4900000000000091,0.32999999999992724,794.3369999999782,2024-01-09 14:33:52.844000101,2024-01-09 14:33:58.755000114,2024-01-09,2024-01,2024,14,Tuesday,False
1704811201.068,1704811204.818,1,2036.396,2035.895,-0.5759999999999763,stop_loss,3.75,0.0,-0.5009999999999764,0.3209999999999127,793.7609999999781,2024-01-09 14:40:01.068000078,2024-01-09 14:40:04.818000078,2024-01-09,2024-01,2024,14,Tuesday,False
1704811567.409,1704811567.662,-1,2034.205,2034.752,-0.6220000000000254,stop_loss,0.25300002098083496,0.0,-0.5470000000000255,0.34699999999998,793.1389999999781,2024-01-09 14:46:07.408999920,2024-01-09 14:46:07.661999941,2024-01-09,2024-01,2024,14,Tuesday,False
1704811631.819,1704811647.233,1,2035.525,2035.035,-0.565000000000009,stop_loss,15.414000034332275,0.0,-0.4900000000000091,0.3100000000001728,792.573999999978,2024-01-09 14:47:11.819000006,2024-01-09 14:47:27.233000040,2024-01-09,2024-01,2024,14,Tuesday,False
1704811812.424,1704811847.698,-1,2034.745,2035.195,-0.5250000000000454,flow_flip,35.2739999294281,0.0,-0.650000000000091,0.3500000000001364,792.0489999999779,2024-01-09 14:50:12.424000025,2024-01-09 14:50:47.697999954,2024-01-09,2024-01,2024,14,Tuesday,False
1704812728.79,1704812738.533,-1,2034.054,2034.552,-0.5729999999998199,stop_loss,9.743000030517578,0.0,-0.4979999999998199,0.3009999999999309,791.4759999999781,2024-01-09 15:05:28.789999962,2024-01-09 15:05:38.532999992,2024-01-09,2024-01,2024,15,Tuesday,False
1704812978.994,1704812994.295,-1,2033.965,2033.825,0.06499999999987266,flow_flip,15.301000118255615,0.2899999999999636,-0.37000000000011823,0.3500000000001364,791.5409999999779,2024-01-09 15:09:38.993999958,2024-01-09 15:09:54.295000076,2024-01-09,2024-01,2024,15,Tuesday,True
1704814331.986,1704814332.499,-1,2034.185,2034.595,-0.48500000000008187,stop_loss,0.5130000114440918,0.0,-0.41000000000008185,0.30999999999994543,791.0559999999778,2024-01-09 15:32:11.986000061,2024-01-09 15:32:12.499000072,2024-01-09,2024-01,2024,15,Tuesday,False
1704815817.893,1704815825.837,-1,2030.845,2030.042,0.728000000000111,take_profit,7.944000005722046,0.803000000000111,-0.43000000000006366,0.33999999999991815,791.7839999999778,2024-01-09 15:56:57.892999887,2024-01-09 15:57:05.836999893,2024-01-09,2024-01,2024,15,Tuesday,True
1704815874.169,1704815891.001,-1,2029.365,2029.565,-0.2750000000000455,flow_flip,16.832000017166138,0.2899999999999636,-0.32999999999992724,0.2899999999999636,791.5089999999777,2024-01-09 15:57:54.168999910,2024-01-09 15:58:11.000999928,2024-01-09,2024-01,2024,15,Tuesday,False
1704815919.821,1704815921.901,1,2030.082,2029.605,-0.5520000000000891,stop_loss,2.0799999237060547,0.0,-0.47700000000008913,0.29700000000002547,790.9569999999776,2024-01-09 15:58:39.821000099,2024-01-09 15:58:41.901000023,2024-01-09,2024-01,2024,15,Tuesday,False
1704816089.475,1704816102.915,-1,2027.275,2027.355,-0.15499999999992725,flow_flip,13.440000057220459,0.43000000000006366,-0.31999999999993634,0.2899999999999636,790.8019999999776,2024-01-09 16:01:29.474999905,2024-01-09 16:01:42.914999962,2024-01-09,2024-01,2024,16,Tuesday,False
1704816968.645,1704816978.755,1,2028.075,2027.525,-0.6249999999999545,stop_loss,10.110000133514404,0.0,-0.5499999999999545,0.3300000000001546,790.1769999999776,2024-01-09 16:16:08.644999981,2024-01-09 16:16:18.755000114,2024-01-09,2024-01,2024,16,Tuesday,False
1704871050.318,1704871107.484,1,2027.645,2028.225,0.5049999999999273,flow_flip,57.16599988937378,0.7599999999999909,-0.4900000000000091,0.2899999999999636,790.6819999999775,2024-01-10 07:17:30.318000078,2024-01-10 07:18:27.483999968,2024-01-10,2024-01,2024,7,Wednesday,True
1704871142.323,1704871166.638,-1,2027.775,2028.225,-0.5249999999998181,stop_loss,24.31500005722046,0.040000000000190994,-0.4499999999998181,0.19699999999988904,790.1569999999776,2024-01-10 07:19:02.322999954,2024-01-10 07:19:26.638000011,2024-01-10,2024-01,2024,7,Wednesday,False
1704871246.516,1704871276.675,-1,2027.495,2028.085,-0.6650000000001455,stop_loss,30.158999919891357,0.0,-0.5900000000001455,0.28700000000003456,789.4919999999775,2024-01-10 07:20:46.516000032,2024-01-10 07:21:16.674999952,2024-01-10,2024-01,2024,7,Wednesday,False
1704871295.311,1704871295.869,1,2028.765,2028.125,-0.7150000000001,stop_loss,0.557999849319458,0.0,-0.6400000000001,0.3100000000001728,788.7769999999773,2024-01-10 07:21:35.311000109,2024-01-10 07:21:35.868999958,2024-01-10,2024-01,2024,7,Wednesday,False
1704871309.826,1704871356.826,-1,2028.055,2028.075,-0.09499999999998182,flow_flip,47.0,0.2300000000000182,-0.31999999999993634,0.30999999999994543,788.6819999999773,2024-01-10 07:21:49.825999975,2024-01-10 07:22:36.825999975,2024-01-10,2024-01,2024,7,Wednesday,False
1704871869.999,1704871872.164,1,2028.785,2028.295,-0.565000000000009,stop_loss,2.1649999618530273,0.0,-0.4900000000000091,0.2799999999999727,788.1169999999772,2024-01-10 07:31:09.999000072,2024-01-10 07:31:12.164000034,2024-01-10,2024-01,2024,7,Wednesday,False
1704871967.129,1704871991.133,1,2028.652,2028.425,-0.30200000000008914,flow_flip,24.003999948501587,0.0,-0.4170000000001437,0.29700000000002547,787.8149999999771,2024-01-10 07:32:47.128999949,2024-01-10 07:33:11.132999897,2024-01-10,2024-01,2024,7,Wednesday,False
1704872005.894,1704872024.881,1,2028.982,2028.625,-0.4319999999999709,flow_flip,18.986999988555908,0.0,-0.3569999999999709,0.30700000000001637,787.3829999999771,2024-01-10 07:33:25.894000053,2024-01-10 07:33:44.881000042,2024-01-10,2024-01,2024,7,Wednesday,False
1704872059.691,1704872062.16,-1,2028.485,2028.855,-0.44500000000011825,stop_loss,2.4690001010894775,0.0,-0.37000000000011823,0.2700000000002092,786.9379999999769,2024-01-10 07:34:19.690999985,2024-01-10 07:34:22.160000086,2024-01-10,2024-01,2024,7,Wednesday,False
1704872124.898,1704872130.793,1,2029.585,2028.995,-0.6650000000001455,stop_loss,5.894999980926514,0.0,-0.5900000000001455,0.2899999999999636,786.2729999999767,2024-01-10 07:35:24.898000002,2024-01-10 07:35:30.792999983,2024-01-10,2024-01,2024,7,Wednesday,False
1704872213.33,1704872272.677,1,2029.595,2029.715,0.04499999999989085,flow_flip,59.34700012207031,0.22000000000002728,-0.42000000000007276,0.2899999999999636,786.3179999999766,2024-01-10 07:36:53.329999924,2024-01-10 07:37:52.677000046,2024-01-10,2024-01,2024,7,Wednesday,True
1704872707.27,1704872719.775,1,2031.625,2031.155,-0.5450000000000272,stop_loss,12.505000114440918,0.0,-0.4700000000000273,0.34999999999990905,785.7729999999765,2024-01-10 07:45:07.269999981,2024-01-10 07:45:19.775000095,2024-01-10,2024-01,2024,7,Wednesday,False
1704872767.601,1704872795.471,-1,2030.978,2031.502,-0.5989999999998872,stop_loss,27.869999885559082,0.0,-0.5239999999998872,0.34699999999998,785.1739999999766,2024-01-10 07:46:07.601000071,2024-01-10 07:46:35.470999956,2024-01-10,2024-01,2024,7,Wednesday,False
1704872873.64,1704872939.979,-1,2031.005,2031.302,-0.3719999999997981,flow_flip,66.33899998664856,0.0,-0.34999999999990905,0.25,784.8019999999767,2024-01-10 07:47:53.640000105,2024-01-10 07:48:59.979000092,2024-01-10,2024-01,2024,7,Wednesday,False
1704873013.836,1704873016.953,-1,2030.835,2031.345,-0.5849999999999909,stop_loss,3.117000102996826,0.0,-0.5099999999999909,0.3569999999999709,784.2169999999767,2024-01-10 07:50:13.835999966,2024-01-10 07:50:16.953000069,2024-01-10,2024-01,2024,7,Wednesday,False
1704873732.523,1704873732.827,1,2032.165,2031.635,-0.6049999999999727,stop_loss,0.3039999008178711,0.0,-0.5299999999999727,0.33999999999991815,783.6119999999767,2024-01-10 08:02:12.523000001,2024-01-10 08:02:12.826999903,2024-01-10,2024-01,2024,8,Wednesday,False
1704873744.077,1704873747.515,-1,2031.028,2031.635,-0.6819999999999709,stop_loss,3.438000202178955,0.0,-0.6069999999999709,0.37400000000002365,782.9299999999766,2024-01-10 08:02:24.076999903,2024-01-10 08:02:27.515000105,2024-01-10,2024-01,2024,8,Wednesday,False
1704873970.406,1704873975.945,-1,2031.475,2032.105,-0.7050000000001091,stop_loss,5.539000034332275,0.0,-0.6300000000001091,0.3300000000001546,782.2249999999765,2024-01-10 08:06:10.405999899,2024-01-10 08:06:15.944999933,2024-01-10,2024-01,2024,8,Wednesday,False
1704874079.616,1704874081.213,1,2033.755,2033.218,-0.6120000000000345,stop_loss,1.5970001220703125,0.0,-0.5370000000000346,0.3200000000001637,781.6129999999764,2024-01-10 08:07:59.615999937,2024-01-10 08:08:01.213000059,2024-01-10,2024-01,2024,8,Wednesday,False
1704874228.942,1704874280.219,-1,2033.035,2033.665,-0.7049999999998817,stop_loss,51.277000188827515,0.16000000000008185,-0.6299999999998818,0.31999999999993634,780.9079999999765,2024-01-10 08:10:28.941999912,2024-01-10 08:11:20.219000101,2024-01-10,2024-01,2024,8,Wednesday,False
1704874295.792,1704874302.762,-1,2033.405,2033.835,-0.5050000000000636,flow_flip,6.9700000286102295,0.06999999999993634,-0.43000000000006366,0.3500000000001364,780.4029999999764,2024-01-10 08:11:35.792000055,2024-01-10 08:11:42.762000084,2024-01-10,2024-01,2024,8,Wednesday,False
1704874361.59,1704874372.374,-1,2032.985,2033.585,-0.6750000000001364,stop_loss,10.784000158309937,0.0,-0.6000000000001364,0.3400000000001455,779.7279999999762,2024-01-10 08:12:41.589999914,2024-01-10 08:12:52.374000072,2024-01-10,2024-01,2024,8,Wednesday,False
1704874948.384,1704874954.171,1,2035.065,2034.505,-0.6349999999999454,stop_loss,5.786999940872192,0.0,-0.5599999999999454,0.3200000000001637,779.0929999999762,2024-01-10 08:22:28.384000063,2024-01-10 08:22:34.171000004,2024-01-10,2024-01,2024,8,Wednesday,False
1704875347.424,1704875362.764,-1,2034.565,2034.645,-0.15499999999992725,flow_flip,15.339999914169312,0.3930000000000291,-0.2400000000000091,0.32999999999992724,778.9379999999762,2024-01-10 08:29:07.424000025,2024-01-10 08:29:22.763999939,2024-01-10,2024-01,2024,8,Wednesday,False
1704875475.854,1704875566.499,-1,2033.215,2033.255,-0.115000000000191,time_stop,90.64499998092651,0.0929999999998472,-0.4500000000000455,0.3400000000001455,778.822999999976,2024-01-10 08:31:15.854000092,2024-01-10 08:32:46.499000072,2024-01-10,2024-01,2024,8,Wednesday,False
1704876011.299,1704876012.058,-1,2032.155,2032.725,-0.6449999999999363,stop_loss,0.7590000629425049,0.0,-0.5699999999999363,0.32999999999992724,778.177999999976,2024-01-10 08:40:11.299000025,2024-01-10 08:40:12.058000088,2024-01-10,2024-01,2024,8,Wednesday,False
1704877206.542,1704877224.635,-1,2034.705,2035.205,-0.575,stop_loss,18.092999935150146,0.0,-0.5,0.3300000000001546,777.602999999976,2024-01-10 09:00:06.542000055,2024-01-10 09:00:24.634999990,2024-01-10,2024-01,2024,9,Wednesday,False
1704877260.552,1704877269.783,1,2035.385,2035.058,-0.4019999999999982,flow_flip,9.230999946594238,0.0,-0.3269999999999982,0.28700000000003456,777.2009999999759,2024-01-10 09:01:00.552000046,2024-01-10 09:01:09.782999992,2024-01-10,2024-01,2024,9,Wednesday,False
1704877727.971,1704877737.59,-1,2035.185,2035.542,-0.4319999999999709,flow_flip,9.61899995803833,0.0,-0.3569999999999709,0.3300000000001546,776.7689999999759,2024-01-10 09:08:47.970999956,2024-01-10 09:08:57.589999914,2024-01-10,2024-01,2024,9,Wednesday,False
1704878912.248,1704878918.889,-1,2035.465,2035.905,-0.5150000000000545,stop_loss,6.641000032424927,0.0,-0.44000000000005457,0.29700000000002547,776.2539999999758,2024-01-10 09:28:32.247999907,2024-01-10 09:28:38.888999939,2024-01-10,2024-01,2024,9,Wednesday,False
1704879753.916,1704879778.394,1,2035.522,2035.035,-0.5619999999998526,flow_flip,24.478000164031982,0.0,-0.48699999999985266,0.34699999999998,775.6919999999759,2024-01-10 09:42:33.915999889,2024-01-10 09:42:58.394000053,2024-01-10,2024-01,2024,9,Wednesday,False
1704880328.332,1704880339.216,1,2036.275,2035.815,-0.5350000000000363,stop_loss,10.884000062942505,0.0,-0.4600000000000364,0.3400000000001455,775.1569999999758,2024-01-10 09:52:08.332000017,2024-01-10 09:52:19.216000080,2024-01-10,2024-01,2024,9,Wednesday,False
1704881041.916,1704881082.681,1,2037.005,2037.875,0.7949999999998909,take_profit,40.765000104904175,0.8699999999998909,-0.3000000000001819,0.3100000000001728,775.9519999999757,2024-01-10 10:04:01.915999889,2024-01-10 10:04:42.680999994,2024-01-10,2024-01,2024,10,Wednesday,True
1704881132.482,1704881138.156,1,2039.845,2039.435,-0.48500000000008187,flow_flip,5.673999786376953,0.0,-0.41000000000008185,0.32999999999992724,775.4669999999755,2024-01-10 10:05:32.482000113,2024-01-10 10:05:38.155999899,2024-01-10,2024-01,2024,10,Wednesday,False
1704881146.233,1704881183.31,-1,2038.985,2038.685,0.22499999999995451,trail,37.07699990272522,0.5199999999999818,-0.3100000000001728,0.290000000000191,775.6919999999755,2024-01-10 10:05:46.233000040,2024-01-10 10:06:23.309999943,2024-01-10,2024-01,2024,10,Wednesday,True
1704881193.178,1704881193.229,-1,2038.115,2038.415,-0.37499999999995454,stop_loss,0.051000118255615234,0.0,-0.2999999999999545,0.21000000000003638,775.3169999999755,2024-01-10 10:06:33.177999973,2024-01-10 10:06:33.229000092,2024-01-10,2024-01,2024,10,Wednesday,False
1704881247.099,1704881277.331,-1,2037.955,2038.145,-0.2650000000000546,flow_flip,30.23200011253357,0.08999999999991815,-0.3500000000001364,0.3000000000001819,775.0519999999754,2024-01-10 10:07:27.098999977,2024-01-10 10:07:57.331000090,2024-01-10,2024-01,2024,10,Wednesday,False
1704884419.811,1704884426.104,1,2035.385,2034.995,-0.46500000000010006,flow_flip,6.292999982833862,0.0,-0.39000000000010004,0.32999999999992724,774.5869999999752,2024-01-10 11:00:19.811000109,2024-01-10 11:00:26.104000092,2024-01-10,2024-01,2024,11,Wednesday,False
1704884438.522,1704884457.444,-1,2034.865,2035.265,-0.47500000000009096,stop_loss,18.92199993133545,0.0,-0.40000000000009095,0.2899999999999636,774.1119999999751,2024-01-10 11:00:38.522000074,2024-01-10 11:00:57.444000006,2024-01-10,2024-01,2024,11,Wednesday,False
1704884655.038,1704884661.375,1,2035.395,2034.938,-0.5319999999998799,stop_loss,6.336999893188477,0.0,-0.45699999999987995,0.33999999999991815,773.5799999999751,2024-01-10 11:04:15.038000107,2024-01-10 11:04:21.375000000,2024-01-10,2024-01,2024,11,Wednesday,False
1704885028.529,1704885040.702,1,2035.225,2034.805,-0.4949999999998454,flow_flip,12.172999858856201,0.0,-0.4199999999998454,0.34999999999990905,773.0849999999753,2024-01-10 11:10:28.529000044,2024-01-10 11:10:40.701999903,2024-01-10,2024-01,2024,11,Wednesday,False
1704886639.32,1704886730.203,1,2033.742,2033.585,-0.23199999999992543,time_stop,90.88300013542175,0.0,-0.3669999999999618,0.3269999999999982,772.8529999999753,2024-01-10 11:37:19.319999933,2024-01-10 11:38:50.203000069,2024-01-10,2024-01,2024,11,Wednesday,False
1704886800.494,1704886804.774,-1,2033.005,2033.522,-0.5919999999998253,stop_loss,4.2799999713897705,0.0,-0.5169999999998254,0.33999999999991815,772.2609999999754,2024-01-10 11:40:00.493999958,2024-01-10 11:40:04.773999929,2024-01-10,2024-01,2024,11,Wednesday,False
1704887040.971,1704887134.184,1,2034.455,2034.585,0.05500000000010913,time_stop,93.21300005912781,0.14000000000010004,-0.4900000000000091,0.2899999999999636,772.3159999999755,2024-01-10 11:44:00.970999956,2024-01-10 11:45:34.184000015,2024-01-10,2024-01,2024,11,Wednesday,True
1704887351.115,1704887373.505,-1,2033.655,2033.982,-0.4019999999999982,flow_flip,22.390000104904175,0.0,-0.3269999999999982,0.2899999999999636,771.9139999999754,2024-01-10 11:49:11.115000010,2024-01-10 11:49:33.505000114,2024-01-10,2024-01,2024,11,Wednesday,False
1704887943.883,1704887995.857,-1,2033.825,2034.215,-0.4649999999998727,flow_flip,51.974000215530396,0.0,-0.38999999999987267,0.2999999999999545,771.4489999999755,2024-01-10 11:59:03.882999897,2024-01-10 11:59:55.857000113,2024-01-10,2024-01,2024,11,Wednesday,False
1704890295.626,1704890312.064,1,2034.565,2033.995,-0.6450000000001637,flow_flip,16.437999963760376,0.0,-0.5700000000001637,0.2999999999999545,770.8039999999753,2024-01-10 12:38:15.625999928,2024-01-10 12:38:32.063999891,2024-01-10,2024-01,2024,12,Wednesday,False
1704890337.482,1704890386.294,1,2034.555,2033.965,-0.6650000000001455,flow_flip,48.811999797821045,0.0,-0.5900000000001455,0.2999999999999545,770.1389999999751,2024-01-10 12:38:57.482000113,2024-01-10 12:39:46.293999910,2024-01-10,2024-01,2024,12,Wednesday,False
1704891228.393,1704891268.145,1,2032.395,2031.975,-0.49500000000007277,flow_flip,39.75200009346008,0.0,-0.42000000000007276,0.32999999999992724,769.643999999975,2024-01-10 12:53:48.392999887,2024-01-10 12:54:28.144999981,2024-01-10,2024-01,2024,12,Wednesday,False
1704891416.923,1704891424.28,-1,2031.405,2031.802,-0.4719999999999345,stop_loss,7.35699987411499,0.0,-0.3969999999999345,0.2899999999999636,769.171999999975,2024-01-10 12:56:56.923000097,2024-01-10 12:57:04.279999971,2024-01-10,2024-01,2024,12,Wednesday,False
1704891605.561,1704891606.368,-1,2030.935,2031.465,-0.6049999999999727,stop_loss,0.806999921798706,0.0,-0.5299999999999727,0.3369999999999891,768.566999999975,2024-01-10 13:00:05.561000109,2024-01-10 13:00:06.368000031,2024-01-10,2024-01,2024,13,Wednesday,False
1704891814.778,1704891818.057,-1,2030.165,2030.665,-0.575,stop_loss,3.2789998054504395,0.0,-0.5,0.3500000000001364,767.991999999975,2024-01-10 13:03:34.778000116,2024-01-10 13:03:38.056999922,2024-01-10,2024-01,2024,13,Wednesday,False
1704891866.265,1704891925.669,1,2031.315,2031.215,-0.17500000000013644,flow_flip,59.40399980545044,0.11999999999989086,-0.5099999999999909,0.30999999999994543,767.8169999999748,2024-01-10 13:04:26.265000105,2024-01-10 13:05:25.668999910,2024-01-10,2024-01,2024,13,Wednesday,False
1704892116.305,1704892141.298,-1,2031.525,2031.725,-0.2749999999998181,flow_flip,24.993000030517578,0.08300000000008367,-0.2599999999999909,0.30999999999994543,767.5419999999749,2024-01-10 13:08:36.305000067,2024-01-10 13:09:01.298000097,2024-01-10,2024-01,2024,13,Wednesday,False
1704892299.551,1704892320.549,1,2032.215,2031.965,-0.325,flow_flip,20.997999906539917,0.0,-0.33999999999991815,0.33999999999991815,767.2169999999749,2024-01-10 13:11:39.551000118,2024-01-10 13:12:00.549000025,2024-01-10,2024-01,2024,13,Wednesday,False
1704892532.481,1704892532.837,1,2033.745,2033.355,-0.4649999999998727,stop_loss,0.3559999465942383,0.0,-0.38999999999987267,0.2669999999998254,766.7519999999749,2024-01-10 13:15:32.480999947,2024-01-10 13:15:32.836999893,2024-01-10,2024-01,2024,13,Wednesday,False
1704893108.488,1704893112.587,1,2032.915,2032.445,-0.5450000000000272,stop_loss,4.098999977111816,0.0,-0.4700000000000273,0.2999999999999545,766.2069999999749,2024-01-10 13:25:08.487999916,2024-01-10 13:25:12.586999893,2024-01-10,2024-01,2024,13,Wednesday,False
1704893745.083,1704893757.245,-1,2031.795,2032.275,-0.5550000000000181,flow_flip,12.161999940872192,0.0,-0.4800000000000182,0.33999999999991815,765.6519999999748,2024-01-10 13:35:45.082999945,2024-01-10 13:35:57.244999886,2024-01-10,2024-01,2024,13,Wednesday,False
1704894249.431,1704894285.271,1,2031.465,2031.175,-0.36499999999996363,flow_flip,35.83999991416931,0.19299999999998363,-0.38999999999987267,0.32999999999992724,765.2869999999748,2024-01-10 13:44:09.430999994,2024-01-10 13:44:45.270999908,2024-01-10,2024-01,2024,13,Wednesday,False
1704894503.183,1704894535.544,1,2031.345,2031.015,-0.40499999999992725,flow_flip,32.36099982261658,0.0,-0.32999999999992724,0.31999999999993634,764.8819999999748,2024-01-10 13:48:23.183000088,2024-01-10 13:48:55.543999910,2024-01-10,2024-01,2024,13,Wednesday,False
1704895147.57,1704895182.058,-1,2030.038,2030.525,-0.56200000000008,stop_loss,34.48800015449524,0.0,-0.48700000000008004,0.3170000000000073,764.3199999999747,2024-01-10 13:59:07.569999933,2024-01-10 13:59:42.058000088,2024-01-10,2024-01,2024,13,Wednesday,False
1704895315.283,1704895386.983,1,2030.445,2030.765,0.2450000000001637,trail,71.70000004768372,0.5399999999999636,-0.4199999999998454,0.2999999999999545,764.5649999999748,2024-01-10 14:01:55.282999992,2024-01-10 14:03:06.983000040,2024-01-10,2024-01,2024,14,Wednesday,True
1704896321.765,1704896326.4,-1,2028.685,2029.145,-0.5350000000000363,stop_loss,4.634999990463257,0.0,-0.4600000000000364,0.3300000000001546,764.0299999999747,2024-01-10 14:18:41.765000105,2024-01-10 14:18:46.400000095,2024-01-10,2024-01,2024,14,Wednesday,False
1704897042.351,1704897051.835,-1,2029.208,2029.715,-0.5819999999998344,stop_loss,9.483999967575073,0.0,-0.5069999999998345,0.3269999999999982,763.4479999999749,2024-01-10 14:30:42.351000071,2024-01-10 14:30:51.835000038,2024-01-10,2024-01,2024,14,Wednesday,False
1704897064.262,1704897074.416,1,2031.215,2031.035,-0.2549999999998363,flow_flip,10.15399980545044,0.09300000000007458,-0.47699999999986176,0.30700000000001637,763.192999999975,2024-01-10 14:31:04.262000084,2024-01-10 14:31:14.415999889,2024-01-10,2024-01,2024,14,Wednesday,False
1704897098.289,1704897111.18,-1,2030.248,2030.955,-0.7819999999998799,stop_loss,12.891000032424927,0.0,-0.70699999999988,0.3369999999999891,762.410999999975,2024-01-10 14:31:38.289000034,2024-01-10 14:31:51.180000067,2024-01-10,2024-01,2024,14,Wednesday,False
1704897129.309,1704897133.914,1,2032.455,2032.118,-0.4119999999999891,flow_flip,4.605000019073486,0.10300000000006548,-0.3999999999998636,0.33999999999991815,761.998999999975,2024-01-10 14:32:09.309000015,2024-01-10 14:32:13.914000034,2024-01-10,2024-01,2024,14,Wednesday,False
1704897250.265,1704897268.013,-1,2032.075,2031.845,0.15500000000001818,trail,17.747999906539917,0.5099999999999909,-0.30999999999994543,0.32999999999992724,762.153999999975,2024-01-10 14:34:10.265000105,2024-01-10 14:34:28.013000011,2024-01-10,2024-01,2024,14,Wednesday,True
1704897322.495,1704897350.178,1,2032.505,2032.075,-0.5050000000000636,flow_flip,27.683000087738037,0.14999999999986358,-0.43000000000006366,0.3200000000001637,761.6489999999749,2024-01-10 14:35:22.494999886,2024-01-10 14:35:50.177999973,2024-01-10,2024-01,2024,14,Wednesday,False
1704897696.814,1704897731.288,-1,2029.385,2029.085,0.22499999999995451,trail,34.474000215530396,0.6099999999999,-0.5499999999999545,0.32999999999992724,761.8739999999748,2024-01-10 14:41:36.813999891,2024-01-10 14:42:11.288000107,2024-01-10,2024-01,2024,14,Wednesday,True
1704897934.309,1704897975.713,-1,2028.145,2027.955,0.11500000000005456,trail,41.40400004386902,0.37999999999988177,-0.31999999999993634,0.31999999999993634,761.9889999999748,2024-01-10 14:45:34.309000015,2024-01-10 14:46:15.713000059,2024-01-10,2024-01,2024,14,Wednesday,True
1704898972.194,1704898974.753,-1,2026.615,2027.075,-0.5350000000000363,stop_loss,2.559000015258789,0.0,-0.4600000000000364,0.28700000000003456,761.4539999999747,2024-01-10 15:02:52.194000006,2024-01-10 15:02:54.753000021,2024-01-10,2024-01,2024,15,Wednesday,False
1704899019.681,1704899021.166,-1,2025.955,2026.462,-0.5820000000000618,stop_loss,1.4849998950958252,0.0,-0.5070000000000618,0.3369999999999891,760.8719999999746,2024-01-10 15:03:39.680999994,2024-01-10 15:03:41.165999889,2024-01-10,2024-01,2024,15,Wednesday,False
1704899056.994,1704899059.821,-1,2024.845,2025.342,-0.5720000000000709,stop_loss,2.827000141143799,0.0,-0.49700000000007094,0.3569999999999709,760.2999999999745,2024-01-10 15:04:16.993999958,2024-01-10 15:04:19.821000099,2024-01-10,2024-01,2024,15,Wednesday,False
1704899215.687,1704899229.037,1,2027.235,2026.705,-0.6049999999999727,stop_loss,13.349999904632568,0.060000000000172804,-0.5299999999999727,0.31999999999993634,759.6949999999745,2024-01-10 15:06:55.687000036,2024-01-10 15:07:09.036999941,2024-01-10,2024-01,2024,15,Wednesday,False
1704901611.726,1704901617.61,-1,2028.045,2028.375,-0.40499999999992725,stop_loss,5.883999824523926,0.0,-0.32999999999992724,0.24699999999984357,759.2899999999745,2024-01-10 15:46:51.726000071,2024-01-10 15:46:57.609999895,2024-01-10,2024-01,2024,15,Wednesday,False
1704903342.264,1704903351.898,-1,2025.355,2025.825,-0.5450000000000272,stop_loss,9.634000062942505,0.0,-0.4700000000000273,0.30999999999994543,758.7449999999744,2024-01-10 16:15:42.263999939,2024-01-10 16:15:51.898000002,2024-01-10,2024-01,2024,16,Wednesday,False
1704903929.384,1704903961.716,-1,2026.155,2026.805,-0.7250000000000909,stop_loss,32.33200001716614,0.0,-0.650000000000091,0.2999999999999545,758.0199999999743,2024-01-10 16:25:29.384000063,2024-01-10 16:26:01.716000080,2024-01-10,2024-01,2024,16,Wednesday,False
1704956446.963,1704956454.019,1,2034.095,2033.655,-0.5150000000000545,stop_loss,7.055999994277954,0.0,-0.44000000000005457,0.32999999999992724,757.5049999999742,2024-01-11 07:00:46.963000059,2024-01-11 07:00:54.019000053,2024-01-11,2024-01,2024,7,Thursday,False
1704956701.513,1704956735.347,1,2034.522,2034.245,-0.35200000000004367,flow_flip,33.83399987220764,0.0,-0.28700000000003456,0.23699999999985266,757.1529999999741,2024-01-11 07:05:01.513000011,2024-01-11 07:05:35.346999884,2024-01-11,2024-01,2024,7,Thursday,False
1704957728.435,1704957802.174,-1,2034.595,2034.682,-0.1619999999999891,flow_flip,73.73900008201599,0.09300000000007458,-0.30999999999994543,0.19699999999988904,756.9909999999741,2024-01-11 07:22:08.434999943,2024-01-11 07:23:22.174000025,2024-01-11,2024-01,2024,7,Thursday,False
1704957932.664,1704957937.143,1,2035.165,2034.815,-0.42499999999990906,stop_loss,4.478999853134155,0.0,-0.34999999999990905,0.2699999999999818,756.5659999999741,2024-01-11 07:25:32.664000034,2024-01-11 07:25:37.142999887,2024-01-11,2024-01,2024,7,Thursday,False
1704958041.811,1704958081.209,-1,2035.175,2035.505,-0.4050000000001546,stop_loss,39.39800000190735,0.0,-0.3300000000001546,0.21700000000009823,756.1609999999739,2024-01-11 07:27:21.811000109,2024-01-11 07:28:01.209000111,2024-01-11,2024-01,2024,7,Thursday,False
1704958385.465,1704958392.805,1,2034.675,2034.238,-0.5119999999998981,stop_loss,7.340000152587891,0.0,-0.43699999999989814,0.3170000000000073,755.648999999974,2024-01-11 07:33:05.464999914,2024-01-11 07:33:12.805000067,2024-01-11,2024-01,2024,7,Thursday,False
1704958949.995,1704958961.657,1,2035.395,2034.905,-0.565000000000009,stop_loss,11.662000179290771,0.0,-0.4900000000000091,0.35999999999989996,755.0839999999739,2024-01-11 07:42:29.994999886,2024-01-11 07:42:41.657000065,2024-01-11,2024-01,2024,7,Thursday,False
1704960005.937,1704960019.408,-1,2033.685,2034.065,-0.45500000000010915,stop_loss,13.470999956130981,0.0,-0.38000000000010914,0.2599999999999909,754.6289999999738,2024-01-11 08:00:05.937000036,2024-01-11 08:00:19.407999992,2024-01-11,2024-01,2024,8,Thursday,False
1704960211.163,1704960214.084,-1,2032.835,2033.385,-0.6249999999999545,stop_loss,2.9210000038146973,0.0,-0.5499999999999545,0.31999999999993634,754.0039999999738,2024-01-11 08:03:31.163000107,2024-01-11 08:03:34.084000111,2024-01-11,2024-01,2024,8,Thursday,False
1704962897.703,1704962911.701,1,2032.322,2031.815,-0.5819999999998344,flow_flip,13.997999906539917,0.0,-0.5069999999998345,0.34699999999998,753.4219999999739,2024-01-11 08:48:17.703000069,2024-01-11 08:48:31.700999975,2024-01-11,2024-01,2024,8,Thursday,False
1704963001.658,1704963010.612,1,2031.895,2031.545,-0.42499999999990906,flow_flip,8.953999996185303,0.0,-0.34999999999990905,0.32999999999992724,752.9969999999739,2024-01-11 08:50:01.657999992,2024-01-11 08:50:10.611999989,2024-01-11,2024-01,2024,8,Thursday,False
1704963588.27,1704963588.574,1,2031.005,2030.625,-0.45500000000010915,stop_loss,0.3039999008178711,0.0,-0.38000000000010914,0.28700000000003456,752.5419999999738,2024-01-11 08:59:48.269999981,2024-01-11 08:59:48.573999882,2024-01-11,2024-01,2024,8,Thursday,False
1704964684.919,1704964726.025,-1,2031.845,2032.145,-0.37499999999995454,flow_flip,41.10600018501282,0.0,-0.3999999999998636,0.3170000000000073,752.1669999999738,2024-01-11 09:18:04.918999910,2024-01-11 09:18:46.025000095,2024-01-11,2024-01,2024,9,Thursday,False
1704964805.722,1704964830.187,-1,2031.065,2031.465,-0.4749999999998636,stop_loss,24.46500015258789,0.0,-0.3999999999998636,0.30999999999994543,751.6919999999739,2024-01-11 09:20:05.721999884,2024-01-11 09:20:30.187000036,2024-01-11,2024-01,2024,9,Thursday,False
1704967419.777,1704967462.157,1,2031.585,2031.074,-0.5859999999999672,stop_loss,42.38000011444092,0.0,-0.5109999999999673,0.2899999999999636,751.1059999999738,2024-01-11 10:03:39.776999950,2024-01-11 10:04:22.157000065,2024-01-11,2024-01,2024,10,Thursday,False
1704968358.629,1704968412.737,1,2031.235,2031.025,-0.284999999999809,flow_flip,54.10800004005432,0.0,-0.4299999999998363,0.32999999999992724,750.820999999974,2024-01-11 10:19:18.628999949,2024-01-11 10:20:12.736999989,2024-01-11,2024-01,2024,10,Thursday,False
1704969482.357,1704969483.515,1,2032.635,2032.298,-0.4119999999999891,stop_loss,1.1579999923706055,0.0,-0.3369999999999891,0.20699999999987995,750.408999999974,2024-01-11 10:38:02.357000113,2024-01-11 10:38:03.515000105,2024-01-11,2024-01,2024,10,Thursday,False
1704969820.78,1704969879.925,-1,2031.875,2032.025,-0.22500000000009096,flow_flip,59.144999980926514,0.07999999999992724,-0.30999999999994543,0.2699999999999818,750.1839999999738,2024-01-11 10:43:40.779999971,2024-01-11 10:44:39.924999952,2024-01-11,2024-01,2024,10,Thursday,False
1704970119.382,1704970128.24,-1,2031.555,2032.095,-0.6149999999999636,stop_loss,8.858000040054321,0.0,-0.5399999999999636,0.31999999999993634,749.5689999999738,2024-01-11 10:48:39.381999969,2024-01-11 10:48:48.240000010,2024-01-11,2024-01,2024,10,Thursday,False
1704970917.369,1704970945.574,-1,2031.345,2032.045,-0.7750000000000454,stop_loss,28.204999923706055,0.0,-0.7000000000000455,0.2899999999999636,748.7939999999737,2024-01-11 11:01:57.368999958,2024-01-11 11:02:25.573999882,2024-01-11,2024-01,2024,11,Thursday,False
1704971914.442,1704971942.686,1,2032.825,2032.305,-0.5949999999999818,stop_loss,28.24400019645691,0.0,-0.5199999999999818,0.3269999999999982,748.1989999999737,2024-01-11 11:18:34.441999912,2024-01-11 11:19:02.686000109,2024-01-11,2024-01,2024,11,Thursday,False
1704973239.941,1704973291.511,1,2034.0,2033.965,-0.11000000000008187,flow_flip,51.5699999332428,0.125,-0.30500000000006366,0.05199999999990723,748.0889999999736,2024-01-11 11:40:39.940999985,2024-01-11 11:41:31.510999918,2024-01-11,2024-01,2024,11,Thursday,False
1704973320.417,1704973323.392,-1,2033.675,2034.155,-0.5550000000000181,stop_loss,2.9749999046325684,0.0,-0.4800000000000182,0.2699999999999818,747.5339999999735,2024-01-11 11:42:00.417000055,2024-01-11 11:42:03.391999960,2024-01-11,2024-01,2024,11,Thursday,False
1704974960.449,1704975055.781,-1,2034.165,2034.042,0.04800000000004728,time_stop,95.33200001716614,0.18000000000006366,-0.42000000000007276,0.31999999999993634,747.5819999999735,2024-01-11 12:09:20.448999882,2024-01-11 12:10:55.780999899,2024-01-11,2024-01,2024,12,Thursday,True
1704975462.501,1704975473.387,1,2033.655,2033.175,-0.5550000000000181,stop_loss,10.886000156402588,0.012999999999919964,-0.4800000000000182,0.2899999999999636,747.0269999999734,2024-01-11 12:17:42.500999928,2024-01-11 12:17:53.387000084,2024-01-11,2024-01,2024,12,Thursday,False
1704975771.743,1704975779.784,1,2033.672,2033.235,-0.5120000000001255,stop_loss,8.04099988937378,0.0,-0.4370000000001255,0.3369999999999891,746.5149999999733,2024-01-11 12:22:51.743000031,2024-01-11 12:22:59.783999920,2024-01-11,2024-01,2024,12,Thursday,False
1704976231.55,1704976234.406,1,2034.522,2034.078,-0.5189999999999599,stop_loss,2.8559999465942383,0.0,-0.44399999999996,0.27700000000004366,745.9959999999733,2024-01-11 12:30:31.549999952,2024-01-11 12:30:34.405999899,2024-01-11,2024-01,2024,12,Thursday,False
1704976387.324,1704976412.65,-1,2033.625,2034.225,-0.674999999999909,flow_flip,25.326000213623047,0.0,-0.599999999999909,0.30999999999994543,745.3209999999733,2024-01-11 12:33:07.323999882,2024-01-11 12:33:32.650000095,2024-01-11,2024-01,2024,12,Thursday,False
1704976678.783,1704976721.628,-1,2033.275,2033.735,-0.534999999999809,flow_flip,42.84500002861023,0.0,-0.459999999999809,0.2799999999999727,744.7859999999735,2024-01-11 12:37:58.782999992,2024-01-11 12:38:41.628000021,2024-01-11,2024-01,2024,12,Thursday,False
1704976877.052,1704976884.555,1,2033.995,2033.675,-0.39499999999993635,flow_flip,7.503000020980835,0.0,-0.31999999999993634,0.2969999999997981,744.3909999999735,2024-01-11 12:41:17.052000046,2024-01-11 12:41:24.555000067,2024-01-11,2024-01,2024,12,Thursday,False
1704976980.703,1704976996.829,-1,2033.385,2033.825,-0.5150000000000545,stop_loss,16.125999927520752,0.0,-0.44000000000005457,0.2999999999999545,743.8759999999734,2024-01-11 12:43:00.703000069,2024-01-11 12:43:16.828999996,2024-01-11,2024-01,2024,12,Thursday,False
1704977183.505,1704977184.315,-1,2033.235,2033.695,-0.5350000000000363,stop_loss,0.809999942779541,0.0,-0.4600000000000364,0.3000000000001819,743.3409999999733,2024-01-11 12:46:23.505000114,2024-01-11 12:46:24.315000057,2024-01-11,2024-01,2024,12,Thursday,False
1704977881.961,1704977905.821,-1,2031.735,2032.105,-0.44500000000011825,flow_flip,23.860000133514404,0.0,-0.37000000000011823,0.3000000000001819,742.8959999999731,2024-01-11 12:58:01.960999966,2024-01-11 12:58:25.821000099,2024-01-11,2024-01,2024,12,Thursday,False
1704978061.477,1704978080.304,1,2033.345,2033.085,-0.3349999999999909,flow_flip,18.82699990272522,0.0,-0.36000000000012733,0.30999999999994543,742.5609999999731,2024-01-11 13:01:01.476999998,2024-01-11 13:01:20.303999901,2024-01-11,2024-01,2024,13,Thursday,False
1704978132.075,1704978157.136,1,2034.335,2034.088,-0.32200000000007095,flow_flip,25.060999870300293,0.0,-0.4370000000001255,0.30700000000001637,742.238999999973,2024-01-11 13:02:12.075000048,2024-01-11 13:02:37.135999918,2024-01-11,2024-01,2024,13,Thursday,False
1704978165.677,1704978191.237,-1,2033.725,2034.195,-0.5450000000000272,flow_flip,25.55999994277954,0.06999999999993634,-0.4700000000000273,0.3400000000001455,741.6939999999729,2024-01-11 13:02:45.677000046,2024-01-11 13:03:11.236999989,2024-01-11,2024-01,2024,13,Thursday,False
1704978205.208,1704978270.995,-1,2033.545,2033.875,-0.40499999999992725,flow_flip,65.78699994087219,0.2400000000000091,-0.32999999999992724,0.30999999999994543,741.2889999999729,2024-01-11 13:03:25.207999945,2024-01-11 13:04:30.994999886,2024-01-11,2024-01,2024,13,Thursday,False
1704978525.494,1704978564.123,-1,2034.158,2034.702,-0.6190000000000964,stop_loss,38.62899994850159,0.0,-0.5440000000000964,0.3369999999999891,740.6699999999728,2024-01-11 13:08:45.493999958,2024-01-11 13:09:24.122999907,2024-01-11,2024-01,2024,13,Thursday,False
1704979199.856,1704979201.526,-1,2033.748,2034.135,-0.4619999999999436,stop_loss,1.6700000762939453,0.0,-0.3869999999999436,0.24699999999984357,740.2079999999728,2024-01-11 13:19:59.855999947,2024-01-11 13:20:01.526000023,2024-01-11,2024-01,2024,13,Thursday,False
1704979226.038,1704979229.976,1,2034.255,2033.775,-0.5550000000000181,stop_loss,3.937999963760376,0.0,-0.4800000000000182,0.3200000000001637,739.6529999999727,2024-01-11 13:20:26.038000107,2024-01-11 13:20:29.976000071,2024-01-11,2024-01,2024,13,Thursday,False
1704979404.539,1704979414.386,1,2035.292,2034.885,-0.48199999999992543,stop_loss,9.846999883651733,0.0,-0.4069999999999254,0.2239999999999327,739.1709999999728,2024-01-11 13:23:24.539000034,2024-01-11 13:23:34.385999918,2024-01-11,2024-01,2024,13,Thursday,False
1704979433.666,1704979434.275,1,2036.495,2036.035,-0.534999999999809,stop_loss,0.6090002059936523,0.0,-0.459999999999809,0.32999999999992724,738.6359999999729,2024-01-11 13:23:53.665999889,2024-01-11 13:23:54.275000095,2024-01-11,2024-01,2024,13,Thursday,False
1704979482.931,1704979491.149,1,2038.565,2039.398,0.7579999999998563,take_profit,8.217999935150146,0.8329999999998563,-0.36000000000012733,0.3500000000001364,739.3939999999727,2024-01-11 13:24:42.930999994,2024-01-11 13:24:51.148999929,2024-01-11,2024-01,2024,13,Thursday,True
1704979538.621,1704979540.645,-1,2037.665,2038.305,-0.7150000000001,stop_loss,2.0239999294281006,0.0,-0.6400000000001,0.30999999999994543,738.6789999999726,2024-01-11 13:25:38.621000051,2024-01-11 13:25:40.644999981,2024-01-11,2024-01,2024,13,Thursday,False
1704979550.077,1704979571.121,-1,2037.495,2037.395,0.02499999999990904,flow_flip,21.044000148773193,0.2999999999999545,-0.44000000000005457,0.36000000000012733,738.7039999999724,2024-01-11 13:25:50.076999903,2024-01-11 13:26:11.121000051,2024-01-11,2024-01,2024,13,Thursday,True
1704979652.477,1704979653.136,1,2038.315,2037.925,-0.46500000000010006,stop_loss,0.6589999198913574,0.0,-0.39000000000010004,0.2599999999999909,738.2389999999723,2024-01-11 13:27:32.476999998,2024-01-11 13:27:33.135999918,2024-01-11,2024-01,2024,13,Thursday,False
1704979756.57,1704979759.702,1,2037.985,2037.515,-0.5449999999997999,stop_loss,3.131999969482422,0.0,-0.4699999999997999,0.35999999999989996,737.6939999999724,2024-01-11 13:29:16.569999933,2024-01-11 13:29:19.701999903,2024-01-11,2024-01,2024,13,Thursday,False
1704979832.574,1704979848.264,-1,2030.095,2029.015,1.0049999999999273,trail,15.690000057220459,2.1200000000001182,-0.36999999999989086,0.37999999999988177,738.6989999999723,2024-01-11 13:30:32.573999882,2024-01-11 13:30:48.263999939,2024-01-11,2024-01,2024,13,Thursday,True
1704979873.688,1704979893.032,-1,2026.774,2027.165,-0.4660000000000764,flow_flip,19.344000101089478,0.6089999999999236,-0.6710000000000491,0.2980000000000018,738.2329999999722,2024-01-11 13:31:13.687999964,2024-01-11 13:31:33.032000065,2024-01-11,2024-01,2024,13,Thursday,False
1704979945.177,1704979953.974,1,2026.395,2027.055,0.5850000000000819,trail,8.79699993133545,1.0599999999999454,-0.36999999999989086,0.34999999999990905,738.8179999999722,2024-01-11 13:32:25.177000046,2024-01-11 13:32:33.973999977,2024-01-11,2024-01,2024,13,Thursday,True
1704980002.503,1704980011.007,1,2032.475,2031.405,-1.1449999999999363,stop_loss,8.503999948501587,0.38000000000010914,-1.0699999999999363,0.42099999999982174,737.6729999999723,2024-01-11 13:33:22.503000020,2024-01-11 13:33:31.006999969,2024-01-11,2024-01,2024,13,Thursday,False
1704980039.492,1704980044.88,1,2033.615,2034.965,1.274999999999909,take_profit,5.388000011444092,1.349999999999909,-0.3569999999999709,0.33999999999991815,738.9479999999721,2024-01-11 13:33:59.492000103,2024-01-11 13:34:04.880000114,2024-01-11,2024-01,2024,13,Thursday,True
1704980061.237,1704980078.904,-1,2032.738,2031.855,0.8080000000000382,trail,17.66700005531311,1.3330000000000837,-0.7670000000000528,0.42699999999990723,739.7559999999721,2024-01-11 13:34:21.236999989,2024-01-11 13:34:38.904000044,2024-01-11,2024-01,2024,13,Thursday,True
1704980098.224,1704980104.866,1,2032.582,2031.585,-1.072000000000071,stop_loss,6.641999959945679,0.3429999999998472,-0.9970000000000709,0.4170000000001437,738.683999999972,2024-01-11 13:34:58.223999977,2024-01-11 13:35:04.865999937,2024-01-11,2024-01,2024,13,Thursday,False
1704980126.777,1704980132.592,1,2032.555,2032.865,0.23499999999994542,trail,5.815000057220459,0.76299999999992,-0.6200000000001182,0.4270000000001346,738.9189999999719,2024-01-11 13:35:26.776999950,2024-01-11 13:35:32.592000008,2024-01-11,2024-01,2024,13,Thursday,True
1704980173.791,1704980188.778,-1,2033.675,2034.775,-1.1750000000001364,stop_loss,14.987000226974487,0.31999999999993634,-1.1000000000001364,0.40000000000009095,737.7439999999717,2024-01-11 13:36:13.790999889,2024-01-11 13:36:28.778000116,2024-01-11,2024-01,2024,13,Thursday,False
1704980239.645,1704980251.825,-1,2031.585,2031.905,-0.39499999999993635,flow_flip,12.180000066757202,0.40000000000009095,-0.6499999999998636,0.35999999999989996,737.3489999999717,2024-01-11 13:37:19.644999981,2024-01-11 13:37:31.825000048,2024-01-11,2024-01,2024,13,Thursday,False
1704980334.447,1704980341.375,-1,2029.478,2030.295,-0.8920000000000072,stop_loss,6.927999973297119,0.0,-0.8170000000000073,0.3969999999999345,736.4569999999717,2024-01-11 13:38:54.447000027,2024-01-11 13:39:01.375000000,2024-01-11,2024-01,2024,13,Thursday,False
1704980986.78,1704980994.431,-1,2027.168,2027.825,-0.7320000000001528,stop_loss,7.651000022888184,0.0,-0.6570000000001528,0.3670000000001892,735.7249999999715,2024-01-11 13:49:46.779999971,2024-01-11 13:49:54.430999994,2024-01-11,2024-01,2024,13,Thursday,False
1704989777.565,1704989778.224,1,2026.162,2025.685,-0.5520000000000891,stop_loss,0.6589999198913574,0.0,-0.47700000000008913,0.28700000000003456,735.1729999999714,2024-01-11 16:16:17.565000057,2024-01-11 16:16:18.223999977,2024-01-11,2024-01,2024,16,Thursday,False
1704989824.79,1704989828.265,-1,2024.225,2024.715,-0.565000000000009,stop_loss,3.4750001430511475,0.0,-0.4900000000000091,0.3300000000001546,734.6079999999713,2024-01-11 16:17:04.789999962,2024-01-11 16:17:08.265000105,2024-01-11,2024-01,2024,16,Thursday,False
1704990199.632,1704990206.992,-1,2022.138,2022.622,-0.5590000000001509,stop_loss,7.360000133514404,0.17300000000000182,-0.484000000000151,0.2840000000001055,734.0489999999711,2024-01-11 16:23:19.631999969,2024-01-11 16:23:26.992000103,2024-01-11,2024-01,2024,16,Thursday,False
1704990295.373,1704990296.822,-1,2017.734,2018.516,-0.8570000000001528,stop_loss,1.4490001201629639,0.0,-0.7820000000001528,0.3610000000001037,733.1919999999709,2024-01-11 16:24:55.372999907,2024-01-11 16:24:56.822000027,2024-01-11,2024-01,2024,16,Thursday,False
1704991607.146,1704991618.275,1,2017.395,2016.745,-0.7250000000000909,stop_loss,11.129000186920166,0.0,-0.650000000000091,0.35999999999989996,732.4669999999708,2024-01-11 16:46:47.145999908,2024-01-11 16:46:58.275000095,2024-01-11,2024-01,2024,16,Thursday,False
1704991661.093,1704991681.273,1,2018.475,2018.745,0.1949999999999818,trail,20.180000066757202,0.5700000000001637,-0.30999999999994543,0.32999999999992724,732.6619999999707,2024-01-11 16:47:41.092999935,2024-01-11 16:48:01.273000002,2024-01-11,2024-01,2024,16,Thursday,True
1704991853.267,1704991857.759,-1,2018.475,2019.125,-0.7250000000000909,stop_loss,4.492000102996826,0.0,-0.650000000000091,0.3610000000001037,731.9369999999706,2024-01-11 16:50:53.266999959,2024-01-11 16:50:57.759000063,2024-01-11,2024-01,2024,16,Thursday,False
1704992463.059,1704992463.672,1,2018.155,2017.655,-0.575,stop_loss,0.6129999160766602,0.0,-0.5,0.30999999999994543,731.3619999999705,2024-01-11 17:01:03.059000015,2024-01-11 17:01:03.671999931,2024-01-11,2024-01,2024,17,Thursday,False
1704996120.09,1704996120.957,1,2016.246,2015.785,-0.5360000000000127,stop_loss,0.8670001029968262,0.0,-0.46100000000001273,0.28100000000017644,730.8259999999705,2024-01-11 18:02:00.089999914,2024-01-11 18:02:00.957000017,2024-01-11,2024-01,2024,18,Thursday,False
1704996377.531,1704996385.583,1,2017.015,2016.535,-0.5550000000000181,stop_loss,8.052000045776367,0.0,-0.4800000000000182,0.3300000000001546,730.2709999999704,2024-01-11 18:06:17.530999899,2024-01-11 18:06:25.582999945,2024-01-11,2024-01,2024,18,Thursday,False
1705042879.782,1705042883.274,-1,2034.645,2035.225,-0.6549999999999272,flow_flip,3.491999864578247,0.0,-0.5799999999999272,0.2999999999999545,729.6159999999704,2024-01-12 07:01:19.782000065,2024-01-12 07:01:23.273999929,2024-01-12,2024-01,2024,7,Friday,False
1705043384.102,1705043464.831,1,2035.292,2035.725,0.3579999999999927,flow_flip,80.72900009155273,0.6430000000000291,-0.34699999999998,0.3170000000000073,729.9739999999704,2024-01-12 07:09:44.101999998,2024-01-12 07:11:04.831000090,2024-01-12,2024-01,2024,7,Friday,True
1705044550.141,1705044558.125,1,2038.146,2037.845,-0.3759999999999309,flow_flip,7.983999967575073,0.0,-0.3009999999999309,0.29099999999994,729.5979999999704,2024-01-12 07:29:10.141000032,2024-01-12 07:29:18.125000000,2024-01-12,2024-01,2024,7,Friday,False
1705044668.33,1705044688.196,-1,2037.645,2037.452,0.11799999999998362,trail,19.866000175476074,0.4130000000000109,-0.3869999999999436,0.32999999999992724,729.7159999999703,2024-01-12 07:31:08.329999924,2024-01-12 07:31:28.196000099,2024-01-12,2024-01,2024,7,Friday,True
1705044740.949,1705044775.535,1,2037.535,2037.745,0.134999999999809,trail,34.586000204086304,0.3999999999998636,-0.3400000000001455,0.3100000000001728,729.8509999999701,2024-01-12 07:32:20.948999882,2024-01-12 07:32:55.535000086,2024-01-12,2024-01,2024,7,Friday,True
1705045634.413,1705045647.716,1,2036.845,2036.695,-0.22500000000009096,flow_flip,13.30299997329712,0.0,-0.3500000000001364,0.31999999999993634,729.62599999997,2024-01-12 07:47:14.413000107,2024-01-12 07:47:27.716000080,2024-01-12,2024-01,2024,7,Friday,False
1705046522.752,1705046551.859,1,2038.445,2038.315,-0.20499999999988178,flow_flip,29.10699987411499,0.10300000000006548,-0.32999999999992724,0.32999999999992724,729.42099999997,2024-01-12 08:02:02.752000093,2024-01-12 08:02:31.858999968,2024-01-12,2024-01,2024,8,Friday,False
1705046850.667,1705046852.944,1,2039.875,2039.405,-0.5450000000000272,stop_loss,2.2769999504089355,0.0,-0.4700000000000273,0.33999999999991815,728.87599999997,2024-01-12 08:07:30.667000055,2024-01-12 08:07:32.944000006,2024-01-12,2024-01,2024,8,Friday,False
1705047112.455,1705047121.322,1,2039.815,2039.215,-0.6750000000001364,stop_loss,8.867000102996826,0.0,-0.6000000000001364,0.30999999999994543,728.2009999999698,2024-01-12 08:11:52.454999924,2024-01-12 08:12:01.322000027,2024-01-12,2024-01,2024,8,Friday,False
1705047385.732,1705047411.041,-1,2038.995,2039.235,-0.3150000000000091,flow_flip,25.30899977684021,0.0,-0.3300000000001546,0.3269999999999982,727.8859999999697,2024-01-12 08:16:25.732000113,2024-01-12 08:16:51.040999889,2024-01-12,2024-01,2024,8,Friday,False
1705048024.277,1705048041.005,1,2039.502,2039.085,-0.49199999999991634,stop_loss,16.728000164031982,0.0,-0.4169999999999163,0.30700000000001637,727.3939999999698,2024-01-12 08:27:04.276999950,2024-01-12 08:27:21.005000114,2024-01-12,2024-01,2024,8,Friday,False
1705048331.4,1705048366.251,1,2038.915,2038.655,-0.3349999999999909,flow_flip,34.85099983215332,0.0,-0.4500000000000455,0.36999999999989086,727.0589999999697,2024-01-12 08:32:11.400000095,2024-01-12 08:32:46.250999927,2024-01-12,2024-01,2024,8,Friday,False
1705048441.413,1705048503.54,1,2039.776,2039.565,-0.28600000000001274,flow_flip,62.126999855041504,0.0,-0.3510000000001128,0.26099999999996726,726.7729999999697,2024-01-12 08:34:01.413000107,2024-01-12 08:35:03.539999962,2024-01-12,2024-01,2024,8,Friday,False
1705048939.075,1705048968.255,1,2038.545,2038.395,-0.22500000000009096,flow_flip,29.180000066757202,0.032999999999901775,-0.3000000000001819,0.2699999999999818,726.5479999999695,2024-01-12 08:42:19.075000048,2024-01-12 08:42:48.255000114,2024-01-12,2024-01,2024,8,Friday,False
1705049150.417,1705049154.196,-1,2037.065,2037.655,-0.6649999999999181,stop_loss,3.7790000438690186,0.0,-0.5899999999999181,0.35999999999989996,725.8829999999696,2024-01-12 08:45:50.417000055,2024-01-12 08:45:54.196000099,2024-01-12,2024-01,2024,8,Friday,False
1705049709.166,1705049755.011,1,2038.572,2038.235,-0.4119999999999891,flow_flip,45.84500002861023,0.0,-0.3669999999999618,0.3369999999999891,725.4709999999695,2024-01-12 08:55:09.165999889,2024-01-12 08:55:55.010999918,2024-01-12,2024-01,2024,8,Friday,False
1705050734.281,1705050751.636,-1,2039.395,2039.835,-0.5150000000000545,flow_flip,17.355000019073486,0.0,-0.44000000000005457,0.3269999999999982,724.9559999999694,2024-01-12 09:12:14.280999899,2024-01-12 09:12:31.635999918,2024-01-12,2024-01,2024,9,Friday,False
1705051574.059,1705051574.835,-1,2039.215,2039.655,-0.5150000000000545,stop_loss,0.7760000228881836,0.0,-0.44000000000005457,0.30700000000001637,724.4409999999693,2024-01-12 09:26:14.059000015,2024-01-12 09:26:14.835000038,2024-01-12,2024-01,2024,9,Friday,False
1705053648.185,1705053653.721,1,2038.872,2038.405,-0.5420000000000982,stop_loss,5.53600001335144,0.0,-0.4670000000000982,0.30700000000001637,723.8989999999692,2024-01-12 10:00:48.184999943,2024-01-12 10:00:53.720999956,2024-01-12,2024-01,2024,10,Friday,False
1705053663.989,1705053697.142,1,2038.972,2038.645,-0.4019999999999982,flow_flip,33.15299987792969,0.0,-0.3669999999999618,0.29700000000002547,723.4969999999691,2024-01-12 10:01:03.989000082,2024-01-12 10:01:37.141999960,2024-01-12,2024-01,2024,10,Friday,False
1705053809.575,1705053833.201,-1,2038.325,2038.822,-0.5719999999998435,stop_loss,23.625999927520752,0.0,-0.49699999999984357,0.3269999999999982,722.9249999999693,2024-01-12 10:03:29.575000048,2024-01-12 10:03:53.200999975,2024-01-12,2024-01,2024,10,Friday,False
1705054500.276,1705054504.306,1,2039.435,2038.995,-0.5150000000000545,stop_loss,4.0299999713897705,0.0,-0.44000000000005457,0.2999999999999545,722.4099999999692,2024-01-12 10:15:00.276000023,2024-01-12 10:15:04.305999994,2024-01-12,2024-01,2024,10,Friday,False
1705055332.14,1705055337.094,1,2040.525,2040.195,-0.4050000000001546,stop_loss,4.953999996185303,0.0,-0.3300000000001546,0.19000000000005457,722.004999999969,2024-01-12 10:28:52.140000105,2024-01-12 10:28:57.094000101,2024-01-12,2024-01,2024,10,Friday,False
1705055407.933,1705055443.801,-1,2039.655,2040.195,-0.6149999999999636,stop_loss,35.86800003051758,0.0,-0.5399999999999636,0.26700000000005275,721.389999999969,2024-01-12 10:30:07.933000088,2024-01-12 10:30:43.801000118,2024-01-12,2024-01,2024,10,Friday,False
1705055467.35,1705055482.416,-1,2039.455,2039.755,-0.3750000000001819,flow_flip,15.065999984741211,0.0,-0.3200000000001637,0.2899999999999636,721.0149999999687,2024-01-12 10:31:07.349999905,2024-01-12 10:31:22.415999889,2024-01-12,2024-01,2024,10,Friday,False
1705055725.35,1705055734.665,1,2040.765,2040.385,-0.45500000000010915,flow_flip,9.315000057220459,0.0,-0.38000000000010914,0.3100000000001728,720.5599999999686,2024-01-12 10:35:25.349999905,2024-01-12 10:35:34.664999962,2024-01-12,2024-01,2024,10,Friday,False
1705055758.316,1705055760.23,-1,2040.325,2040.765,-0.5150000000000545,stop_loss,1.9140000343322754,0.0,-0.44000000000005457,0.29700000000002547,720.0449999999685,2024-01-12 10:35:58.315999985,2024-01-12 10:36:00.230000019,2024-01-12,2024-01,2024,10,Friday,False
1705056135.56,1705056173.484,1,2041.502,2041.705,0.12799999999997452,trail,37.92400002479553,0.45299999999997453,-0.45699999999987995,0.3269999999999982,720.1729999999684,2024-01-12 10:42:15.559999943,2024-01-12 10:42:53.483999968,2024-01-12,2024-01,2024,10,Friday,True
1705056339.846,1705056364.329,1,2043.375,2042.805,-0.6449999999999363,stop_loss,24.48300004005432,0.2300000000000182,-0.5699999999999363,0.31999999999993634,719.5279999999684,2024-01-12 10:45:39.845999956,2024-01-12 10:46:04.328999996,2024-01-12,2024-01,2024,10,Friday,False
1705056901.114,1705056928.35,-1,2043.735,2043.955,-0.2950000000000273,flow_flip,27.235999822616577,0.0,-0.37000000000011823,0.3500000000001364,719.2329999999683,2024-01-12 10:55:01.114000082,2024-01-12 10:55:28.349999905,2024-01-12,2024-01,2024,10,Friday,False
1705057043.048,1705057053.5,1,2045.355,2044.835,-0.5949999999999818,flow_flip,10.45199990272522,0.0,-0.5199999999999818,0.30999999999994543,718.6379999999683,2024-01-12 10:57:23.048000097,2024-01-12 10:57:33.500000000,2024-01-12,2024-01,2024,10,Friday,False
1705057146.385,1705057159.126,1,2046.235,2045.765,-0.5449999999997999,flow_flip,12.740999937057495,0.0,-0.4900000000000091,0.30999999999994543,718.0929999999685,2024-01-12 10:59:06.384999990,2024-01-12 10:59:19.125999928,2024-01-12,2024-01,2024,10,Friday,False
1705057229.693,1705057245.839,-1,2045.815,2046.395,-0.6549999999999272,stop_loss,16.145999908447266,0.0,-0.5799999999999272,0.30999999999994543,717.4379999999685,2024-01-12 11:00:29.693000078,2024-01-12 11:00:45.838999987,2024-01-12,2024-01,2024,11,Friday,False
1705057266.703,1705057267.918,1,2047.202,2046.625,-0.6519999999999981,stop_loss,1.2149999141693115,0.0,-0.5769999999999982,0.34699999999998,716.7859999999685,2024-01-12 11:01:06.703000069,2024-01-12 11:01:07.917999983,2024-01-12,2024-01,2024,11,Friday,False
1705057311.791,1705057315.928,1,2047.622,2047.035,-0.661999999999989,stop_loss,4.13700008392334,0.0,-0.5869999999999891,0.3170000000000073,716.1239999999684,2024-01-12 11:01:51.790999889,2024-01-12 11:01:55.927999973,2024-01-12,2024-01,2024,11,Friday,False
1705057487.041,1705057504.064,-1,2045.758,2046.165,-0.48199999999992543,flow_flip,17.02300000190735,0.0,-0.4069999999999254,0.28700000000003456,715.6419999999684,2024-01-12 11:04:47.040999889,2024-01-12 11:05:04.063999891,2024-01-12,2024-01,2024,11,Friday,False
1705059606.736,1705059679.384,-1,2046.065,2046.355,-0.36499999999996363,flow_flip,72.64800000190735,0.0,-0.37999999999988177,0.34999999999990905,715.2769999999684,2024-01-12 11:40:06.736000061,2024-01-12 11:41:19.384000063,2024-01-12,2024-01,2024,11,Friday,False
1705059917.725,1705059919.739,-1,2044.505,2044.946,-0.5159999999998035,stop_loss,2.014000177383423,0.0,-0.44099999999980355,0.31999999999993634,714.7609999999686,2024-01-12 11:45:17.724999905,2024-01-12 11:45:19.739000082,2024-01-12,2024-01,2024,11,Friday,False
1705060173.327,1705060230.774,-1,2044.995,2044.805,0.11499999999982718,trail,57.44700002670288,0.5199999999999818,-0.4500000000000455,0.3400000000001455,714.8759999999684,2024-01-12 11:49:33.326999903,2024-01-12 11:50:30.773999929,2024-01-12,2024-01,2024,11,Friday,True
1705060249.054,1705060263.462,-1,2044.228,2044.385,-0.23199999999992543,flow_flip,14.407999992370605,0.0,-0.3769999999999527,0.29700000000002547,714.6439999999684,2024-01-12 11:50:49.053999901,2024-01-12 11:51:03.461999893,2024-01-12,2024-01,2024,11,Friday,False
1705060668.96,1705060747.004,-1,2045.145,2045.555,-0.48500000000008187,flow_flip,78.04399991035461,0.0,-0.42000000000007276,0.33999999999991815,714.1589999999683,2024-01-12 11:57:48.960000038,2024-01-12 11:59:07.003999949,2024-01-12,2024-01,2024,11,Friday,False
1705060807.639,1705060824.324,1,2046.275,2045.765,-0.5849999999999909,flow_flip,16.68499994277954,0.0,-0.5099999999999909,0.3100000000001728,713.5739999999682,2024-01-12 12:00:07.638999939,2024-01-12 12:00:24.323999882,2024-01-12,2024-01,2024,12,Friday,False
1705060972.447,1705060998.064,1,2047.415,2047.835,0.34500000000007275,trail,25.616999864578247,0.6799999999998363,-0.4600000000000364,0.3269999999999982,713.9189999999683,2024-01-12 12:02:52.447000027,2024-01-12 12:03:18.063999891,2024-01-12,2024-01,2024,12,Friday,True
1705061089.93,1705061180.483,-1,2048.455,2048.655,-0.27500000000027286,time_stop,90.55299997329712,0.32999999999992724,-0.38000000000010914,0.32999999999992724,713.643999999968,2024-01-12 12:04:49.930000067,2024-01-12 12:06:20.483000040,2024-01-12,2024-01,2024,12,Friday,False
1705061189.406,1705061193.146,-1,2048.045,2048.495,-0.5249999999998181,stop_loss,3.740000009536743,0.0,-0.4499999999998181,0.34999999999990905,713.1189999999681,2024-01-12 12:06:29.405999899,2024-01-12 12:06:33.145999908,2024-01-12,2024-01,2024,12,Friday,False
1705061285.39,1705061287.515,1,2051.155,2050.475,-0.755000000000291,stop_loss,2.125,0.0,-0.680000000000291,0.3000000000001819,712.3639999999677,2024-01-12 12:08:05.390000105,2024-01-12 12:08:07.515000105,2024-01-12,2024-01,2024,12,Friday,False
1705061308.927,1705061310.565,1,2052.045,2051.455,-0.6650000000001455,stop_loss,1.6380000114440918,0.0,-0.5900000000001455,0.387000000000171,711.6989999999676,2024-01-12 12:08:28.927000046,2024-01-12 12:08:30.565000057,2024-01-12,2024-01,2024,12,Friday,False
1705061367.084,1705061392.985,-1,2052.105,2051.886,0.14400000000005092,trail,25.900999784469604,0.6599999999998545,-0.5369999999998072,0.36000000000012733,711.8429999999676,2024-01-12 12:09:27.084000111,2024-01-12 12:09:52.984999895,2024-01-12,2024-01,2024,12,Friday,True
1705061442.999,1705061447.134,-1,2050.445,2051.035,-0.6649999999996907,stop_loss,4.134999990463257,0.0,-0.5899999999996908,0.27999999999974534,711.1779999999678,2024-01-12 12:10:42.999000072,2024-01-12 12:10:47.134000063,2024-01-12,2024-01,2024,12,Friday,False
1705061466.544,1705061471.504,-1,2050.995,2051.645,-0.7250000000000909,stop_loss,4.960000038146973,0.0,-0.650000000000091,0.3200000000001637,710.4529999999677,2024-01-12 12:11:06.543999910,2024-01-12 12:11:11.503999949,2024-01-12,2024-01,2024,12,Friday,False
1705062602.148,1705062628.092,1,2049.245,2049.205,-0.11499999999996363,flow_flip,25.944000005722046,0.11999999999989086,-0.30999999999994543,0.30999999999994543,710.3379999999677,2024-01-12 12:30:02.148000002,2024-01-12 12:30:28.092000008,2024-01-12,2024-01,2024,12,Friday,False
1705063383.744,1705063396.164,1,2049.715,2049.325,-0.46500000000032743,flow_flip,12.420000076293945,0.0,-0.3900000000003274,0.3000000000001819,709.8729999999673,2024-01-12 12:43:03.743999958,2024-01-12 12:43:16.164000034,2024-01-12,2024-01,2024,12,Friday,False
1705064401.042,1705064401.855,-1,2047.265,2047.822,-0.631999999999789,stop_loss,0.812999963760376,0.0,-0.556999999999789,0.33999999999991815,709.2409999999675,2024-01-12 13:00:01.042000055,2024-01-12 13:00:01.855000019,2024-01-12,2024-01,2024,13,Friday,False
1705064410.163,1705064414.109,-1,2046.858,2047.345,-0.56200000000008,stop_loss,3.94599986076355,0.0,-0.48700000000008004,0.3669999999999618,708.6789999999673,2024-01-12 13:00:10.163000107,2024-01-12 13:00:14.108999968,2024-01-12,2024-01,2024,13,Friday,False
1705064511.337,1705064545.441,-1,2045.495,2046.145,-0.7250000000000909,stop_loss,34.104000091552734,0.06999999999993634,-0.650000000000091,0.3100000000001728,707.9539999999672,2024-01-12 13:01:51.336999893,2024-01-12 13:02:25.440999985,2024-01-12,2024-01,2024,13,Friday,False
1705064935.757,1705064955.391,-1,2047.165,2047.455,-0.36499999999996363,flow_flip,19.634000062942505,0.0,-0.32999999999992724,0.31999999999993634,707.5889999999672,2024-01-12 13:08:55.756999969,2024-01-12 13:09:15.391000032,2024-01-12,2024-01,2024,13,Friday,False
1705064994.064,1705065018.923,-1,2046.218,2046.585,-0.4419999999999618,stop_loss,24.859000205993652,0.0,-0.3669999999999618,0.19699999999988904,707.1469999999672,2024-01-12 13:09:54.063999891,2024-01-12 13:10:18.923000097,2024-01-12,2024-01,2024,13,Friday,False
1705065619.902,1705065652.484,-1,2044.845,2045.285,-0.5150000000000545,stop_loss,32.58200001716614,0.2699999999999818,-0.44000000000005457,0.2899999999999636,706.6319999999671,2024-01-12 13:20:19.901999950,2024-01-12 13:20:52.483999968,2024-01-12,2024-01,2024,13,Friday,False
1705066203.287,1705066203.643,1,2052.335,2051.735,-0.674999999999909,stop_loss,0.3559999465942383,0.0,-0.599999999999909,0.4070000000001528,705.9569999999671,2024-01-12 13:30:03.286999941,2024-01-12 13:30:03.642999887,2024-01-12,2024-01,2024,13,Friday,False
1705066348.21,1705066352.445,1,2054.465,2053.685,-0.8550000000002,stop_loss,4.234999895095825,0.0,-0.7800000000002001,0.38000000000010914,705.1019999999669,2024-01-12 13:32:28.210000038,2024-01-12 13:32:32.444999933,2024-01-12,2024-01,2024,13,Friday,False
1705066455.041,1705066466.258,1,2053.065,2052.515,-0.6250000000001819,flow_flip,11.217000007629395,0.0,-0.5500000000001819,0.3400000000001455,704.4769999999667,2024-01-12 13:34:15.040999889,2024-01-12 13:34:26.257999896,2024-01-12,2024-01,2024,13,Friday,False
1705066534.54,1705066555.351,1,2053.875,2053.845,-0.1050000000002001,flow_flip,20.811000108718872,0.40000000000009095,-0.4499999999998181,0.38999999999987267,704.3719999999664,2024-01-12 13:35:34.539999962,2024-01-12 13:35:55.351000071,2024-01-12,2024-01,2024,13,Friday,False
1705066600.231,1705066619.498,-1,2054.898,2054.435,0.3880000000001928,trail,19.26699995994568,0.7130000000001928,-0.4669999999996435,0.3569999999999709,704.7599999999666,2024-01-12 13:36:40.230999947,2024-01-12 13:36:59.497999907,2024-01-12,2024-01,2024,13,Friday,True
1705068134.924,1705068157.113,1,2058.215,2057.745,-0.5450000000002546,stop_loss,22.188999891281128,0.10999999999967258,-0.47000000000025466,0.3400000000001455,704.2149999999663,2024-01-12 14:02:14.924000025,2024-01-12 14:02:37.112999916,2024-01-12,2024-01,2024,14,Friday,False
1705068363.178,1705068453.256,1,2057.975,2057.905,-0.14499999999970897,time_stop,90.07800006866455,0.2600000000002183,-0.5099999999997635,0.36000000000012733,704.0699999999665,2024-01-12 14:06:03.177999973,2024-01-12 14:07:33.256000041,2024-01-12,2024-01,2024,14,Friday,False
1705068728.012,1705068759.481,-1,2055.578,2056.065,-0.56200000000008,flow_flip,31.4689998626709,0.23300000000017462,-0.48700000000008004,0.32700000000022555,703.5079999999664,2024-01-12 14:12:08.012000084,2024-01-12 14:12:39.480999947,2024-01-12,2024-01,2024,14,Friday,False
1705069926.8,1705069928.586,1,2059.946,2059.385,-0.6359999999996944,stop_loss,1.7860000133514404,0.0,-0.5609999999996944,0.39800000000013824,702.8719999999666,2024-01-12 14:32:06.799999952,2024-01-12 14:32:08.585999966,2024-01-12,2024-01,2024,14,Friday,False
1705069937.868,1705069940.924,1,2060.662,2060.075,-0.661999999999989,stop_loss,3.055999994277954,0.0,-0.5869999999999891,0.3269999999997708,702.2099999999666,2024-01-12 14:32:17.868000031,2024-01-12 14:32:20.924000025,2024-01-12,2024-01,2024,14,Friday,False
1705069961.489,1705069964.551,-1,2059.405,2059.895,-0.5649999999997817,flow_flip,3.062000036239624,0.0,-0.4899999999997817,0.33999999999969077,701.6449999999668,2024-01-12 14:32:41.489000082,2024-01-12 14:32:44.551000118,2024-01-12,2024-01,2024,14,Friday,False
1705073801.519,1705073844.384,-1,2054.445,2054.605,-0.2349999999998545,flow_flip,42.86500000953674,0.18000000000029104,-0.38999999999987267,0.3799999999996544,701.4099999999669,2024-01-12 15:36:41.519000052,2024-01-12 15:37:24.384000063,2024-01-12,2024-01,2024,15,Friday,False
1705074433.686,1705074442.314,1,2052.575,2052.065,-0.5849999999997635,stop_loss,8.627999782562256,0.0,-0.5099999999997635,0.31999999999970896,700.8249999999671,2024-01-12 15:47:13.686000109,2024-01-12 15:47:22.313999891,2024-01-12,2024-01,2024,15,Friday,False
1705302001.159,1705302042.204,-1,2054.885,2055.095,-0.28499999999958164,flow_flip,41.045000076293945,0.0,-0.419999999999618,0.3170000000000073,700.5399999999674,2024-01-15 07:00:01.158999920,2024-01-15 07:00:42.203999996,2024-01-15,2024-01,2024,7,Monday,False
1705303024.89,1705303073.252,-1,2054.265,2054.755,-0.5650000000002364,flow_flip,48.36199998855591,0.0,-0.5199999999999818,0.28700000000026193,699.9749999999672,2024-01-15 07:17:04.890000105,2024-01-15 07:17:53.252000092,2024-01-15,2024-01,2024,7,Monday,False
1705303563.33,1705303568.474,1,2054.805,2054.365,-0.5150000000000545,stop_loss,5.144000053405762,0.0,-0.44000000000005457,0.32999999999992724,699.4599999999671,2024-01-15 07:26:03.329999924,2024-01-15 07:26:08.473999977,2024-01-15,2024-01,2024,7,Monday,False
1705303902.459,1705303911.376,-1,2053.635,2053.902,-0.3419999999998254,flow_flip,8.916999816894531,0.0,-0.3799999999996544,0.30999999999994543,699.1179999999672,2024-01-15 07:31:42.459000111,2024-01-15 07:31:51.375999928,2024-01-15,2024-01,2024,7,Monday,False
1705303933.329,1705303940.142,-1,2053.235,2053.445,-0.2850000000000364,flow_flip,6.812999963760376,0.0,-0.31999999999970896,0.31999999999970896,698.8329999999671,2024-01-15 07:32:13.328999996,2024-01-15 07:32:20.141999960,2024-01-15,2024-01,2024,7,Monday,False
1705303951.045,1705303957.544,1,2053.695,2053.218,-0.5520000000003165,stop_loss,6.498999834060669,0.0,-0.4770000000003165,0.30700000000024374,698.2809999999668,2024-01-15 07:32:31.045000076,2024-01-15 07:32:37.543999910,2024-01-15,2024-01,2024,7,Monday,False
1705303978.972,1705303986.326,1,2054.225,2053.584,-0.7160000000000764,stop_loss,7.354000091552734,0.0,-0.6410000000000764,0.33999999999969077,697.5649999999666,2024-01-15 07:32:58.971999884,2024-01-15 07:33:06.325999975,2024-01-15,2024-01,2024,7,Monday,False
1705304030.989,1705304034.166,-1,2053.355,2053.875,-0.5949999999999818,flow_flip,3.176999807357788,0.0,-0.5199999999999818,0.2800000000002001,696.9699999999666,2024-01-15 07:33:50.989000082,2024-01-15 07:33:54.165999889,2024-01-15,2024-01,2024,7,Monday,False
1705304051.866,1705304056.652,1,2054.805,2054.175,-0.7049999999996543,stop_loss,4.78600001335144,0.0,-0.6299999999996544,0.3799999999996544,696.2649999999669,2024-01-15 07:34:11.865999937,2024-01-15 07:34:16.651999950,2024-01-15,2024-01,2024,7,Monday,False
1705304822.925,1705304873.45,-1,2054.475,2054.715,-0.3150000000002365,flow_flip,50.52500009536743,0.15299999999979264,-0.32700000000022555,0.28700000000026193,695.9499999999666,2024-01-15 07:47:02.924999952,2024-01-15 07:47:53.450000048,2024-01-15,2024-01,2024,7,Monday,False
1705305437.609,1705305443.715,1,2054.416,2053.815,-0.6760000000001127,stop_loss,6.105999946594238,0.0,-0.6010000000001128,0.33100000000013097,695.2739999999665,2024-01-15 07:57:17.608999968,2024-01-15 07:57:23.714999914,2024-01-15,2024-01,2024,7,Monday,False
1705305917.464,1705305930.907,1,2055.675,2055.445,-0.3050000000000182,flow_flip,13.443000078201294,0.0,-0.3500000000003638,0.3100000000004002,694.9689999999664,2024-01-15 08:05:17.463999987,2024-01-15 08:05:30.907000065,2024-01-15,2024-01,2024,8,Monday,False
1705307256.567,1705307281.18,1,2056.615,2056.155,-0.5349999999995816,flow_flip,24.61300015449524,0.0,-0.45999999999958163,0.2899999999999636,694.4339999999668,2024-01-15 08:27:36.566999912,2024-01-15 08:28:01.180000067,2024-01-15,2024-01,2024,8,Monday,False
1705307431.138,1705307462.901,-1,2055.885,2056.252,-0.44199999999973444,flow_flip,31.763000011444092,0.0,-0.3669999999997344,0.2969999999995707,693.991999999967,2024-01-15 08:30:31.138000011,2024-01-15 08:31:02.901000023,2024-01-15,2024-01,2024,8,Monday,False
1705308127.887,1705308160.077,1,2057.802,2057.785,-0.09200000000028014,flow_flip,32.18999981880188,0.3330000000000837,-0.32700000000022555,0.3170000000000073,693.8999999999667,2024-01-15 08:42:07.887000084,2024-01-15 08:42:40.076999903,2024-01-15,2024-01,2024,8,Monday,False
1705308183.601,1705308190.247,-1,2057.365,2057.945,-0.6550000000003819,stop_loss,6.645999908447266,0.0,-0.580000000000382,0.330000000000382,693.2449999999662,2024-01-15 08:43:03.601000071,2024-01-15 08:43:10.246999979,2024-01-15,2024-01,2024,8,Monday,False
1705309211.838,1705309302.116,-1,2056.035,2055.405,0.5549999999996544,time_stop,90.27799987792969,0.6299999999996544,-0.5399999999999636,0.2899999999999636,693.7999999999658,2024-01-15 09:00:11.838000059,2024-01-15 09:01:42.115999937,2024-01-15,2024-01,2024,9,Monday,True
1705309609.157,1705309663.928,1,2056.745,2056.205,-0.6149999999999636,stop_loss,54.770999908447266,0.0,-0.5399999999999636,0.33999999999969077,693.1849999999658,2024-01-15 09:06:49.157000065,2024-01-15 09:07:43.927999973,2024-01-15,2024-01,2024,9,Monday,False
1705311377.139,1705311387.214,-1,2054.715,2055.255,-0.6149999999999636,stop_loss,10.075000047683716,0.0,-0.5399999999999636,0.33999999999969077,692.5699999999658,2024-01-15 09:36:17.138999939,2024-01-15 09:36:27.213999987,2024-01-15,2024-01,2024,9,Monday,False
1705311731.135,1705311745.041,-1,2053.958,2054.405,-0.5220000000001164,flow_flip,13.905999898910522,0.0,-0.4470000000001164,0.27700000000004366,692.0479999999657,2024-01-15 09:42:11.134999990,2024-01-15 09:42:25.040999889,2024-01-15,2024-01,2024,9,Monday,False
1705312082.23,1705312095.576,-1,2053.558,2053.875,-0.3920000000000073,flow_flip,13.345999956130981,0.0,-0.3170000000000073,0.27700000000004366,691.6559999999656,2024-01-15 09:48:02.230000019,2024-01-15 09:48:15.575999975,2024-01-15,2024-01,2024,9,Monday,False
1705312151.917,1705312200.704,1,2054.215,2053.715,-0.575,flow_flip,48.78699994087219,0.0,-0.5,0.3569999999999709,691.0809999999656,2024-01-15 09:49:11.917000055,2024-01-15 09:50:00.703999996,2024-01-15,2024-01,2024,9,Monday,False
1705312243.043,1705312251.675,1,2054.245,2053.778,-0.5420000000000982,stop_loss,8.631999969482422,0.0,-0.4670000000000982,0.33999999999969077,690.5389999999654,2024-01-15 09:50:43.042999983,2024-01-15 09:50:51.674999952,2024-01-15,2024-01,2024,9,Monday,False
1705312383.635,1705312384.802,-1,2052.908,2053.325,-0.49199999999991634,stop_loss,1.1670000553131104,0.0,-0.4169999999999163,0.32700000000022555,690.0469999999655,2024-01-15 09:53:03.634999990,2024-01-15 09:53:04.802000046,2024-01-15,2024-01,2024,9,Monday,False
1705313325.143,1705313326.301,1,2054.745,2054.295,-0.5249999999998181,stop_loss,1.1580002307891846,0.0,-0.4499999999998181,0.33999999999969077,689.5219999999656,2024-01-15 10:08:45.142999887,2024-01-15 10:08:46.301000118,2024-01-15,2024-01,2024,10,Monday,False
1705313529.256,1705313560.091,-1,2053.645,2054.055,-0.4849999999998545,flow_flip,30.835000038146973,0.0,-0.4099999999998545,0.3200000000001637,689.0369999999657,2024-01-15 10:12:09.256000041,2024-01-15 10:12:40.091000080,2024-01-15,2024-01,2024,10,Monday,False
1705313890.937,1705313934.826,1,2053.875,2053.545,-0.40499999999992725,flow_flip,43.888999938964844,0.0,-0.4800000000000182,0.34999999999990905,688.6319999999657,2024-01-15 10:18:10.937000036,2024-01-15 10:18:54.825999975,2024-01-15,2024-01,2024,10,Monday,False
1705314573.815,1705314577.787,1,2053.045,2052.198,-0.9220000000002073,stop_loss,3.9719998836517334,0.0,-0.8470000000002074,0.34999999999990905,687.7099999999655,2024-01-15 10:29:33.815000057,2024-01-15 10:29:37.786999941,2024-01-15,2024-01,2024,10,Monday,False
1705314631.81,1705314721.866,1,2053.172,2053.495,0.24799999999986538,time_stop,90.05599999427795,0.49299999999993815,-0.25700000000006185,0.3369999999999891,687.9579999999653,2024-01-15 10:30:31.809999943,2024-01-15 10:32:01.865999937,2024-01-15,2024-01,2024,10,Monday,True
1705314737.221,1705314743.118,1,2054.165,2053.515,-0.7250000000000909,stop_loss,5.897000074386597,0.0,-0.650000000000091,0.32999999999992724,687.2329999999652,2024-01-15 10:32:17.220999956,2024-01-15 10:32:23.118000031,2024-01-15,2024-01,2024,10,Monday,False
1705314905.711,1705314911.897,-1,2052.878,2053.295,-0.49199999999991634,flow_flip,6.186000108718872,0.0,-0.4169999999999163,0.2869999999998072,686.7409999999652,2024-01-15 10:35:05.710999966,2024-01-15 10:35:11.897000074,2024-01-15,2024-01,2024,10,Monday,False
1705316709.622,1705316717.76,-1,2052.915,2053.445,-0.6050000000002,stop_loss,8.138000011444092,0.0,-0.5300000000002001,0.30999999999994543,686.135999999965,2024-01-15 11:05:09.621999979,2024-01-15 11:05:17.759999990,2024-01-15,2024-01,2024,11,Monday,False
1705317018.173,1705317022.197,1,2053.005,2052.545,-0.5350000000000363,stop_loss,4.023999929428101,0.0,-0.4600000000000364,0.32999999999992724,685.6009999999649,2024-01-15 11:10:18.173000097,2024-01-15 11:10:22.197000027,2024-01-15,2024-01,2024,11,Monday,False
1705317041.454,1705317041.958,1,2053.015,2052.615,-0.47500000000009096,stop_loss,0.5039999485015869,0.0,-0.40000000000009095,0.30999999999994543,685.1259999999647,2024-01-15 11:10:41.453999996,2024-01-15 11:10:41.957999945,2024-01-15,2024-01,2024,11,Monday,False
1705317518.053,1705317530.229,-1,2051.485,2051.975,-0.5649999999997817,flow_flip,12.176000118255615,0.0,-0.4899999999997817,0.2899999999999636,684.5609999999649,2024-01-15 11:18:38.052999973,2024-01-15 11:18:50.229000092,2024-01-15,2024-01,2024,11,Monday,False
1705317706.03,1705317769.747,1,2052.635,2052.165,-0.5450000000002546,stop_loss,63.717000007629395,0.0,-0.47000000000025466,0.3400000000001455,684.0159999999646,2024-01-15 11:21:46.029999971,2024-01-15 11:22:49.746999979,2024-01-15,2024-01,2024,11,Monday,False
1705317974.009,1705318009.744,1,2053.185,2052.798,-0.462000000000171,flow_flip,35.734999895095825,0.0,-0.387000000000171,0.3200000000001637,683.5539999999644,2024-01-15 11:26:14.009000063,2024-01-15 11:26:49.743999958,2024-01-15,2024-01,2024,11,Monday,False
1705318923.382,1705319013.418,1,2053.455,2053.085,-0.44499999999989087,time_stop,90.03600001335144,0.0,-0.5199999999999818,0.29999999999972715,683.1089999999645,2024-01-15 11:42:03.381999969,2024-01-15 11:43:33.417999983,2024-01-15,2024-01,2024,11,Monday,False
1705320133.762,1705320144.289,-1,2052.955,2053.425,-0.5450000000002546,stop_loss,10.526999950408936,0.0,-0.47000000000025466,0.32700000000022555,682.5639999999642,2024-01-15 12:02:13.762000084,2024-01-15 12:02:24.289000034,2024-01-15,2024-01,2024,12,Monday,False
1705321516.745,1705321520.988,-1,2052.225,2052.615,-0.4649999999998727,stop_loss,4.243000030517578,0.0,-0.38999999999987267,0.2670000000002801,682.0989999999642,2024-01-15 12:25:16.744999886,2024-01-15 12:25:20.987999916,2024-01-15,2024-01,2024,12,Monday,False
1705321550.159,1705321553.849,-1,2052.115,2052.505,-0.46500000000032743,stop_loss,3.690000057220459,0.0,-0.3900000000003274,0.29700000000002547,681.6339999999639,2024-01-15 12:25:50.158999920,2024-01-15 12:25:53.848999977,2024-01-15,2024-01,2024,12,Monday,False
1705321923.809,1705321931.199,1,2052.295,2051.898,-0.4719999999999345,flow_flip,7.389999866485596,0.0,-0.40000000000009095,0.2899999999999636,681.1619999999639,2024-01-15 12:32:03.809000015,2024-01-15 12:32:11.198999882,2024-01-15,2024-01,2024,12,Monday,False
1705322275.386,1705322299.759,1,2052.222,2051.695,-0.6020000000000436,stop_loss,24.373000144958496,0.0,-0.5270000000000437,0.3369999999999891,680.5599999999638,2024-01-15 12:37:55.385999918,2024-01-15 12:38:19.759000063,2024-01-15,2024-01,2024,12,Monday,False
1705323601.75,1705323621.63,1,2053.275,2053.085,-0.2650000000000546,flow_flip,19.880000114440918,0.0,-0.36999999999989086,0.2899999999999636,680.2949999999637,2024-01-15 13:00:01.750000000,2024-01-15 13:00:21.630000114,2024-01-15,2024-01,2024,13,Monday,False
1705323774.329,1705323797.938,1,2053.215,2052.815,-0.47500000000009096,flow_flip,23.608999967575073,0.0,-0.41000000000030923,0.3400000000001455,679.8199999999636,2024-01-15 13:02:54.328999996,2024-01-15 13:03:17.937999964,2024-01-15,2024-01,2024,13,Monday,False
1705324385.078,1705324394.622,-1,2053.205,2053.795,-0.6650000000001455,stop_loss,9.543999910354614,0.0,-0.5900000000001455,0.2670000000002801,679.1549999999634,2024-01-15 13:13:05.078000069,2024-01-15 13:13:14.621999979,2024-01-15,2024-01,2024,13,Monday,False
1705325739.467,1705325761.464,1,2053.552,2053.055,-0.5720000000002983,stop_loss,21.996999979019165,0.0,-0.4970000000002983,0.3369999999999891,678.582999999963,2024-01-15 13:35:39.467000008,2024-01-15 13:36:01.463999987,2024-01-15,2024-01,2024,13,Monday,False
1705327656.013,1705327674.249,-1,2052.985,2053.355,-0.44499999999989087,flow_flip,18.236000061035156,0.0,-0.36999999999989086,0.31999999999970896,678.1379999999631,2024-01-15 14:07:36.013000011,2024-01-15 14:07:54.249000072,2024-01-15,2024-01,2024,14,Monday,False
1705328341.309,1705328395.254,-1,2053.385,2053.905,-0.5949999999999818,flow_flip,53.9449999332428,0.0,-0.5399999999999636,0.2869999999998072,677.5429999999631,2024-01-15 14:19:01.309000015,2024-01-15 14:19:55.253999949,2024-01-15,2024-01,2024,14,Monday,False
1705329499.189,1705329503.315,1,2053.175,2052.775,-0.47500000000009096,stop_loss,4.126000165939331,0.0,-0.40000000000009095,0.3100000000004002,677.0679999999629,2024-01-15 14:38:19.188999891,2024-01-15 14:38:23.315000057,2024-01-15,2024-01,2024,14,Monday,False
1705330646.161,1705330656.47,1,2052.835,2052.455,-0.45500000000010915,stop_loss,10.309000015258789,0.0,-0.38000000000010914,0.2899999999999636,676.6129999999628,2024-01-15 14:57:26.161000013,2024-01-15 14:57:36.470000029,2024-01-15,2024-01,2024,14,Monday,False
1705330801.117,1705330802.33,1,2052.725,2051.995,-0.8050000000000181,stop_loss,1.2129998207092285,0.0,-0.7300000000000182,0.32999999999992724,675.8079999999627,2024-01-15 15:00:01.117000103,2024-01-15 15:00:02.329999924,2024-01-15,2024-01,2024,15,Monday,False
1705330918.756,1705330976.185,-1,2050.995,2051.185,-0.2650000000000546,flow_flip,57.42899990081787,0.09999999999990905,-0.3900000000003274,0.3400000000001455,675.5429999999626,2024-01-15 15:01:58.756000042,2024-01-15 15:02:56.184999943,2024-01-15,2024-01,2024,15,Monday,False
1705331272.38,1705331287.893,1,2051.795,2051.385,-0.4849999999998545,stop_loss,15.512999773025513,0.0,-0.4099999999998545,0.3170000000000073,675.0579999999627,2024-01-15 15:07:52.380000114,2024-01-15 15:08:07.892999887,2024-01-15,2024-01,2024,15,Monday,False
1705331947.799,1705331948.664,-1,2049.29,2049.745,-0.5299999999999272,stop_loss,0.8650000095367432,0.0,-0.45499999999992724,0.2359999999998763,674.5279999999627,2024-01-15 15:19:07.799000025,2024-01-15 15:19:08.664000034,2024-01-15,2024-01,2024,15,Monday,False
1705332326.353,1705332357.562,1,2051.765,2051.455,-0.38499999999994544,flow_flip,31.20900011062622,0.0,-0.34999999999990905,0.29999999999972715,674.1429999999627,2024-01-15 15:25:26.352999926,2024-01-15 15:25:57.562000036,2024-01-15,2024-01,2024,15,Monday,False
1705333840.381,1705333883.14,1,2053.185,2053.425,0.16500000000023646,trail,42.759000062942505,0.443000000000211,-0.1799999999998363,0.2869999999998072,674.3079999999629,2024-01-15 15:50:40.381000042,2024-01-15 15:51:23.140000105,2024-01-15,2024-01,2024,15,Monday,True
1705334063.744,1705334088.715,1,2053.885,2053.535,-0.4250000000003638,flow_flip,24.97099995613098,0.0,-0.3500000000003638,0.330000000000382,673.8829999999625,2024-01-15 15:54:23.743999958,2024-01-15 15:54:48.714999914,2024-01-15,2024-01,2024,15,Monday,False
1705334617.654,1705334620.173,-1,2053.265,2053.625,-0.43500000000012734,stop_loss,2.5190000534057617,0.0,-0.36000000000012733,0.2699999999999818,673.4479999999623,2024-01-15 16:03:37.654000044,2024-01-15 16:03:40.173000097,2024-01-15,2024-01,2024,16,Monday,False
1705334805.692,1705334820.685,1,2054.815,2054.348,-0.5420000000000982,flow_flip,14.993000030517578,0.0,-0.4670000000000982,0.3369999999999891,672.9059999999622,2024-01-15 16:06:45.691999912,2024-01-15 16:07:00.684999943,2024-01-15,2024-01,2024,16,Monday,False
1705334887.045,1705334976.169,-1,2053.685,2053.975,-0.36499999999996363,flow_flip,89.12399983406067,0.0,-0.47000000000025466,0.3400000000001455,672.5409999999622,2024-01-15 16:08:07.045000076,2024-01-15 16:09:36.168999910,2024-01-15,2024-01,2024,16,Monday,False
1705389142.922,1705389187.862,1,2049.512,2048.945,-0.6420000000000072,flow_flip,44.94000005722046,0.0,-0.5670000000000073,0.28700000000026193,671.8989999999621,2024-01-16 07:12:22.921999931,2024-01-16 07:13:07.861999989,2024-01-16,2024-01,2024,7,Tuesday,False
1705389626.046,1705389629.974,-1,2048.025,2048.475,-0.5249999999998181,stop_loss,3.927999973297119,0.0,-0.4499999999998181,0.2899999999999636,671.3739999999623,2024-01-16 07:20:26.046000004,2024-01-16 07:20:29.973999977,2024-01-16,2024-01,2024,7,Tuesday,False
1705389902.502,1705389926.134,-1,2048.725,2048.752,-0.10200000000004367,flow_flip,23.631999969482422,0.20299999999997453,-0.29700000000002547,0.27700000000004366,671.2719999999622,2024-01-16 07:25:02.502000093,2024-01-16 07:25:26.134000063,2024-01-16,2024-01,2024,7,Tuesday,False
1705389980.854,1705389994.358,-1,2048.735,2049.132,-0.4719999999999345,flow_flip,13.503999948501587,0.0,-0.3969999999999345,0.3269999999997708,670.7999999999622,2024-01-16 07:26:20.854000092,2024-01-16 07:26:34.358000040,2024-01-16,2024-01,2024,7,Tuesday,False
1705390508.118,1705390519.464,1,2049.135,2048.815,-0.3950000000001637,flow_flip,11.345999956130981,0.0,-0.33700000000044383,0.30700000000024374,670.404999999962,2024-01-16 07:35:08.118000031,2024-01-16 07:35:19.463999987,2024-01-16,2024-01,2024,7,Tuesday,False
1705390729.514,1705390819.727,1,2049.815,2049.658,-0.2320000000001528,time_stop,90.21300005912781,0.0,-0.5670000000000073,0.3670000000001892,670.1729999999618,2024-01-16 07:38:49.513999938,2024-01-16 07:40:19.726999998,2024-01-16,2024-01,2024,7,Tuesday,False
1705392553.206,1705392592.172,1,2049.235,2048.675,-0.6349999999999454,flow_flip,38.96599984169006,0.0,-0.5599999999999454,0.36000000000012733,669.5379999999618,2024-01-16 08:09:13.206000090,2024-01-16 08:09:52.171999931,2024-01-16,2024-01,2024,8,Tuesday,False
1705392843.401,1705392849.296,1,2048.455,2048.065,-0.4649999999998727,stop_loss,5.894999980926514,0.0,-0.38999999999987267,0.29999999999972715,669.0729999999619,2024-01-16 08:14:03.401000023,2024-01-16 08:14:09.296000004,2024-01-16,2024-01,2024,8,Tuesday,False
1705393304.989,1705393313.981,1,2049.265,2049.655,0.3150000000003274,trail,8.991999864578247,0.7300000000000182,-0.33999999999969077,0.2899999999999636,669.3879999999622,2024-01-16 08:21:44.989000082,2024-01-16 08:21:53.980999947,2024-01-16,2024-01,2024,8,Tuesday,True
1705393828.921,1705393842.856,-1,2046.995,2047.425,-0.5050000000000636,stop_loss,13.934999942779541,0.0,-0.43000000000006366,0.3400000000001455,668.8829999999621,2024-01-16 08:30:28.921000004,2024-01-16 08:30:42.855999947,2024-01-16,2024-01,2024,8,Tuesday,False
1705394110.964,1705394113.472,-1,2044.885,2045.405,-0.5949999999999818,stop_loss,2.507999897003174,0.0,-0.5199999999999818,0.2999999999999545,668.287999999962,2024-01-16 08:35:10.963999987,2024-01-16 08:35:13.471999884,2024-01-16,2024-01,2024,8,Tuesday,False
1705394295.103,1705394299.149,-1,2043.238,2043.775,-0.6120000000000345,stop_loss,4.046000003814697,0.0,-0.5370000000000346,0.30700000000001637,667.675999999962,2024-01-16 08:38:15.102999926,2024-01-16 08:38:19.148999929,2024-01-16,2024-01,2024,8,Tuesday,False
1705394324.477,1705394340.917,-1,2042.975,2043.505,-0.6050000000002,stop_loss,16.44000005722046,0.0,-0.5300000000002001,0.30700000000001637,667.0709999999617,2024-01-16 08:38:44.476999998,2024-01-16 08:39:00.917000055,2024-01-16,2024-01,2024,8,Tuesday,False
1705395904.976,1705395914.554,-1,2042.005,2042.195,-0.2649999999998272,flow_flip,9.577999830245972,0.03000000000020009,-0.2899999999999636,0.2899999999999636,666.8059999999618,2024-01-16 09:05:04.976000071,2024-01-16 09:05:14.553999901,2024-01-16,2024-01,2024,9,Tuesday,False
1705396008.093,1705396018.681,1,2041.735,2041.345,-0.4649999999998727,stop_loss,10.588000059127808,0.0,-0.38999999999987267,0.306999999999789,666.3409999999619,2024-01-16 09:06:48.092999935,2024-01-16 09:06:58.680999994,2024-01-16,2024-01,2024,9,Tuesday,False
1705396296.572,1705396304.989,-1,2039.798,2040.085,-0.36200000000003457,flow_flip,8.41700005531311,0.0,-0.4169999999999163,0.3369999999999891,665.9789999999618,2024-01-16 09:11:36.572000027,2024-01-16 09:11:44.989000082,2024-01-16,2024-01,2024,9,Tuesday,False
1705396324.179,1705396326.802,-1,2039.525,2040.005,-0.5550000000000181,stop_loss,2.623000144958496,0.0,-0.4800000000000182,0.2999999999999545,665.4239999999618,2024-01-16 09:12:04.178999901,2024-01-16 09:12:06.802000046,2024-01-16,2024-01,2024,9,Tuesday,False
1705396891.611,1705396894.293,-1,2039.655,2040.085,-0.5050000000000636,stop_loss,2.681999921798706,0.0,-0.43000000000006366,0.2899999999999636,664.9189999999617,2024-01-16 09:21:31.611000061,2024-01-16 09:21:34.292999983,2024-01-16,2024-01,2024,9,Tuesday,False
1705397031.38,1705397031.939,1,2039.615,2039.185,-0.5050000000000636,stop_loss,0.55899977684021,0.0,-0.43000000000006366,0.2300000000000182,664.4139999999616,2024-01-16 09:23:51.380000114,2024-01-16 09:23:51.938999891,2024-01-16,2024-01,2024,9,Tuesday,False
1705397056.622,1705397107.657,1,2039.735,2040.345,0.5350000000001274,take_profit,51.03500008583069,0.6100000000001273,-0.35999999999989996,0.32999999999992724,664.9489999999616,2024-01-16 09:24:16.621999979,2024-01-16 09:25:07.657000065,2024-01-16,2024-01,2024,9,Tuesday,True
1705398759.084,1705398782.934,1,2040.732,2040.385,-0.42199999999998,flow_flip,23.84999990463257,0.0,-0.34699999999998,0.25700000000006185,664.5269999999616,2024-01-16 09:52:39.084000111,2024-01-16 09:53:02.934000015,2024-01-16,2024-01,2024,9,Tuesday,False
1705399906.953,1705399947.133,-1,2041.084,2041.205,-0.19599999999986722,flow_flip,40.17999982833862,0.0,-0.3809999999998581,0.27099999999995816,664.3309999999617,2024-01-16 10:11:46.953000069,2024-01-16 10:12:27.132999897,2024-01-16,2024-01,2024,10,Tuesday,False
1705401667.125,1705401679.675,1,2039.915,2039.698,-0.29199999999987086,flow_flip,12.549999952316284,0.0,-0.4099999999998545,0.32999999999992724,664.0389999999618,2024-01-16 10:41:07.125000000,2024-01-16 10:41:19.674999952,2024-01-16,2024-01,2024,10,Tuesday,False
1705401718.353,1705401736.654,1,2040.552,2040.145,-0.48199999999992543,flow_flip,18.301000118255615,0.0,-0.4069999999999254,0.3569999999999709,663.5569999999618,2024-01-16 10:41:58.352999926,2024-01-16 10:42:16.654000044,2024-01-16,2024-01,2024,10,Tuesday,False
1705402227.118,1705402233.41,-1,2039.838,2040.255,-0.4920000000001437,stop_loss,6.29200005531311,0.0,-0.4170000000001437,0.3170000000000073,663.0649999999616,2024-01-16 10:50:27.118000031,2024-01-16 10:50:33.410000086,2024-01-16,2024-01,2024,10,Tuesday,False
1705402301.224,1705402321.167,1,2040.395,2040.018,-0.4519999999999527,stop_loss,19.943000078201294,0.0,-0.3769999999999527,0.27700000000004366,662.6129999999616,2024-01-16 10:51:41.223999977,2024-01-16 10:52:01.167000055,2024-01-16,2024-01,2024,10,Tuesday,False
1705403955.794,1705403963.154,1,2040.965,2040.538,-0.5019999999999072,stop_loss,7.360000133514404,0.0,-0.42699999999990723,0.2869999999998072,662.1109999999617,2024-01-16 11:19:15.793999910,2024-01-16 11:19:23.154000044,2024-01-16,2024-01,2024,11,Tuesday,False
1705403989.145,1705403998.351,-1,2040.554,2040.945,-0.46599999999984903,flow_flip,9.206000089645386,0.0,-0.44099999999980355,0.29099999999994,661.6449999999618,2024-01-16 11:19:49.144999981,2024-01-16 11:19:58.351000071,2024-01-16,2024-01,2024,11,Tuesday,False
1705404061.917,1705404069.142,-1,2040.305,2040.685,-0.4549999999998818,stop_loss,7.224999904632568,0.0,-0.37999999999988177,0.2999999999999545,661.1899999999619,2024-01-16 11:21:01.917000055,2024-01-16 11:21:09.141999960,2024-01-16,2024-01,2024,11,Tuesday,False
1705406021.045,1705406048.003,-1,2039.355,2039.685,-0.40499999999992725,flow_flip,26.95799994468689,0.0,-0.38999999999987267,0.30999999999994543,660.7849999999619,2024-01-16 11:53:41.045000076,2024-01-16 11:54:08.003000021,2024-01-16,2024-01,2024,11,Tuesday,False
1705406327.752,1705406329.212,-1,2039.008,2039.555,-0.6220000000000254,stop_loss,1.4599997997283936,0.0,-0.5470000000000255,0.34699999999998,660.1629999999618,2024-01-16 11:58:47.752000093,2024-01-16 11:58:49.211999893,2024-01-16,2024-01,2024,11,Tuesday,False
1705406391.595,1705406396.135,-1,2039.075,2039.625,-0.6249999999999545,stop_loss,4.539999961853027,0.0,-0.5499999999999545,0.33999999999991815,659.5379999999618,2024-01-16 11:59:51.595000029,2024-01-16 11:59:56.134999990,2024-01-16,2024-01,2024,11,Tuesday,False
1705406550.616,1705406554.138,1,2040.005,2039.515,-0.565000000000009,stop_loss,3.5220000743865967,0.0,-0.4900000000000091,0.3400000000001455,658.9729999999618,2024-01-16 12:02:30.615999937,2024-01-16 12:02:34.138000011,2024-01-16,2024-01,2024,12,Tuesday,False
1705407084.307,1705407110.473,-1,2037.715,2038.375,-0.7350000000000818,stop_loss,26.16600012779236,0.11999999999989086,-0.6600000000000819,0.3500000000001364,658.2379999999616,2024-01-16 12:11:24.306999922,2024-01-16 12:11:50.473000050,2024-01-16,2024-01,2024,12,Tuesday,False
1705407171.731,1705407181.346,-1,2036.975,2037.665,-0.7650000000000545,stop_loss,9.615000009536743,0.0,-0.6900000000000546,0.3100000000001728,657.4729999999615,2024-01-16 12:12:51.730999947,2024-01-16 12:13:01.345999956,2024-01-16,2024-01,2024,12,Tuesday,False
1705407199.084,1705407217.199,-1,2035.728,2036.435,-0.7819999999998799,stop_loss,18.114999771118164,0.0,-0.70699999999988,0.3269999999999982,656.6909999999616,2024-01-16 12:13:19.084000111,2024-01-16 12:13:37.198999882,2024-01-16,2024-01,2024,12,Tuesday,False
1705407291.191,1705407303.013,1,2036.545,2036.005,-0.6149999999999636,stop_loss,11.82200002670288,0.0,-0.5399999999999636,0.3300000000001546,656.0759999999616,2024-01-16 12:14:51.190999985,2024-01-16 12:15:03.013000011,2024-01-16,2024-01,2024,12,Tuesday,False
1705407315.733,1705407330.369,-1,2035.775,2036.085,-0.38499999999994544,flow_flip,14.635999917984009,0.0,-0.32999999999992724,0.30999999999994543,655.6909999999616,2024-01-16 12:15:15.733000040,2024-01-16 12:15:30.368999958,2024-01-16,2024-01,2024,12,Tuesday,False
1705407387.761,1705407388.17,1,2037.165,2036.595,-0.6449999999999363,stop_loss,0.4090001583099365,0.0,-0.5699999999999363,0.31999999999993634,655.0459999999616,2024-01-16 12:16:27.760999918,2024-01-16 12:16:28.170000076,2024-01-16,2024-01,2024,12,Tuesday,False
1705407654.921,1705407678.277,-1,2037.345,2037.865,-0.5949999999999818,flow_flip,23.35599994659424,0.0,-0.5199999999999818,0.31999999999993634,654.4509999999616,2024-01-16 12:20:54.921000004,2024-01-16 12:21:18.276999950,2024-01-16,2024-01,2024,12,Tuesday,False
1705408223.99,1705408234.825,1,2040.125,2039.555,-0.6449999999999363,stop_loss,10.835000038146973,0.0,-0.5699999999999363,0.31999999999993634,653.8059999999616,2024-01-16 12:30:23.990000010,2024-01-16 12:30:34.825000048,2024-01-16,2024-01,2024,12,Tuesday,False
1705408388.095,1705408395.047,1,2039.942,2039.394,-0.6230000000000018,stop_loss,6.95199990272522,0.0,-0.5480000000000018,0.3269999999999982,653.1829999999616,2024-01-16 12:33:08.095000029,2024-01-16 12:33:15.046999931,2024-01-16,2024-01,2024,12,Tuesday,False
1705408481.576,1705408509.462,1,2039.545,2039.295,-0.325,flow_flip,27.88599991798401,0.052999999999883585,-0.2899999999999636,0.25,652.8579999999615,2024-01-16 12:34:41.575999975,2024-01-16 12:35:09.461999893,2024-01-16,2024-01,2024,12,Tuesday,False
1705408521.939,1705408577.401,-1,2038.935,2038.475,0.38500000000003637,trail,55.462000131607056,0.6699999999998454,-0.3300000000001546,0.3500000000001364,653.2429999999615,2024-01-16 12:35:21.938999891,2024-01-16 12:36:17.401000023,2024-01-16,2024-01,2024,12,Tuesday,True
1705409565.65,1705409578.833,-1,2037.038,2037.455,-0.49199999999991634,stop_loss,13.182999849319458,0.0,-0.4169999999999163,0.28700000000003456,652.7509999999616,2024-01-16 12:52:45.650000095,2024-01-16 12:52:58.832999945,2024-01-16,2024-01,2024,12,Tuesday,False
1705410005.287,1705410030.332,1,2038.995,2038.555,-0.5149999999998272,flow_flip,25.045000076293945,0.060000000000172804,-0.4399999999998272,0.31999999999993634,652.2359999999617,2024-01-16 13:00:05.286999941,2024-01-16 13:00:30.332000017,2024-01-16,2024-01,2024,13,Tuesday,False
1705410461.104,1705410475.558,1,2038.475,2038.245,-0.3050000000000182,flow_flip,14.453999996185303,0.0,-0.4099999999998545,0.33999999999991815,651.9309999999616,2024-01-16 13:07:41.104000092,2024-01-16 13:07:55.558000088,2024-01-16,2024-01,2024,13,Tuesday,False
1705410695.341,1705410715.552,-1,2036.075,2036.585,-0.5849999999999909,stop_loss,20.210999965667725,0.0,-0.5099999999999909,0.30999999999994543,651.3459999999616,2024-01-16 13:11:35.341000080,2024-01-16 13:11:55.552000046,2024-01-16,2024-01,2024,13,Tuesday,False
1705410725.194,1705410727.705,-1,2035.488,2036.115,-0.7019999999999527,stop_loss,2.510999917984009,0.0,-0.6269999999999527,0.3769999999999527,650.6439999999616,2024-01-16 13:12:05.194000006,2024-01-16 13:12:07.704999924,2024-01-16,2024-01,2024,13,Tuesday,False
1705410795.233,1705410816.777,-1,2035.015,2035.885,-0.9449999999998908,stop_loss,21.543999910354614,0.0,-0.8699999999998909,0.30999999999994543,649.6989999999616,2024-01-16 13:13:15.233000040,2024-01-16 13:13:36.776999950,2024-01-16,2024-01,2024,13,Tuesday,False
1705410877.675,1705410891.035,1,2034.275,2033.015,-1.3349999999999909,stop_loss,13.360000133514404,0.0,-1.259999999999991,0.2800000000002001,648.3639999999616,2024-01-16 13:14:37.674999952,2024-01-16 13:14:51.035000086,2024-01-16,2024-01,2024,13,Tuesday,False
1705410970.514,1705410999.151,-1,2032.675,2032.915,-0.3150000000000091,flow_flip,28.63700008392334,0.049999999999954525,-0.650000000000091,0.3400000000001455,648.0489999999616,2024-01-16 13:16:10.513999938,2024-01-16 13:16:39.151000023,2024-01-16,2024-01,2024,13,Tuesday,False
1705411033.067,1705411035.71,-1,2031.884,2032.415,-0.605999999999949,stop_loss,2.6430001258850098,0.23900000000003274,-0.5309999999999491,0.3009999999999309,647.4429999999616,2024-01-16 13:17:13.066999911,2024-01-16 13:17:15.710000038,2024-01-16,2024-01,2024,13,Tuesday,False
1705411201.448,1705411203.145,1,2033.786,2033.195,-0.6660000000001218,stop_loss,1.6970000267028809,0.0,-0.5910000000001219,0.23099999999999454,646.7769999999614,2024-01-16 13:20:01.447999954,2024-01-16 13:20:03.144999981,2024-01-16,2024-01,2024,13,Tuesday,False
1705411828.415,1705411837.672,1,2035.466,2034.635,-0.9059999999999035,stop_loss,9.256999969482422,0.0,-0.8309999999999036,0.27099999999995816,645.8709999999614,2024-01-16 13:30:28.414999962,2024-01-16 13:30:37.671999931,2024-01-16,2024-01,2024,13,Tuesday,False
1705411939.435,1705411943.647,1,2036.685,2035.845,-0.9149999999999181,stop_loss,4.212000131607056,0.0,-0.8399999999999181,0.29099999999994,644.9559999999615,2024-01-16 13:32:19.434999943,2024-01-16 13:32:23.647000074,2024-01-16,2024-01,2024,13,Tuesday,False
1705474892.585,1705474896.438,-1,2018.645,2019.065,-0.49500000000007277,stop_loss,3.8529999256134033,0.0,-0.42000000000007276,0.28700000000003456,644.4609999999614,2024-01-17 07:01:32.585000038,2024-01-17 07:01:36.437999964,2024-01-17,2024-01,2024,7,Wednesday,False
1705476205.27,1705476285.075,1,2019.425,2019.495,-0.005000000000063676,flow_flip,79.8050000667572,0.3400000000001455,-0.35999999999989996,0.2999999999999545,644.4559999999613,2024-01-17 07:23:25.269999981,2024-01-17 07:24:45.075000048,2024-01-17,2024-01,2024,7,Wednesday,False
1705476359.007,1705476370.399,1,2020.322,2019.795,-0.6019999999998162,stop_loss,11.391999959945679,0.0,-0.5269999999998163,0.3269999999999982,643.8539999999614,2024-01-17 07:25:59.006999969,2024-01-17 07:26:10.398999929,2024-01-17,2024-01,2024,7,Wednesday,False
1705476379.928,1705476421.984,1,2020.646,2020.505,-0.21599999999984903,flow_flip,42.055999994277954,0.05899999999996908,-0.48099999999999454,0.3409999999998945,643.6379999999615,2024-01-17 07:26:19.927999973,2024-01-17 07:27:01.983999968,2024-01-17,2024-01,2024,7,Wednesday,False
1705476492.526,1705476512.606,1,2020.846,2020.565,-0.3559999999999491,flow_flip,20.079999923706055,0.0,-0.3309999999999036,0.3109999999999218,643.2819999999615,2024-01-17 07:28:12.526000023,2024-01-17 07:28:32.605999947,2024-01-17,2024-01,2024,7,Wednesday,False
1705476604.708,1705476633.469,-1,2019.515,2019.875,-0.43499999999989997,flow_flip,28.761000156402588,0.0,-0.38999999999987267,0.31999999999993634,642.8469999999616,2024-01-17 07:30:04.707999945,2024-01-17 07:30:33.469000101,2024-01-17,2024-01,2024,7,Wednesday,False
1705476811.063,1705476813.248,1,2021.142,2021.295,0.07800000000002,trail,2.184999942779541,0.3329999999998563,-0.20700000000010732,0.28700000000003456,642.9249999999615,2024-01-17 07:33:31.062999964,2024-01-17 07:33:33.247999907,2024-01-17,2024-01,2024,7,Wednesday,True
1705477319.524,1705477326.49,1,2022.142,2021.665,-0.5520000000000891,stop_loss,6.966000080108643,0.0,-0.47700000000008913,0.28700000000003456,642.3729999999614,2024-01-17 07:41:59.523999929,2024-01-17 07:42:06.490000010,2024-01-17,2024-01,2024,7,Wednesday,False
1705477394.574,1705477406.438,1,2022.902,2023.215,0.23799999999987448,trail,11.864000082015991,0.47299999999995634,-0.24700000000007094,0.24700000000007094,642.6109999999612,2024-01-17 07:43:14.573999882,2024-01-17 07:43:26.437999964,2024-01-17,2024-01,2024,7,Wednesday,True
1705477415.442,1705477451.431,1,2023.945,2023.785,-0.2349999999998545,flow_flip,35.98900008201599,0.08000000000015461,-0.38999999999987267,0.2799999999999727,642.3759999999613,2024-01-17 07:43:35.441999912,2024-01-17 07:44:11.430999994,2024-01-17,2024-01,2024,7,Wednesday,False
1705477480.332,1705477491.456,1,2024.615,2024.485,-0.20500000000010915,flow_flip,11.124000072479248,0.049999999999954525,-0.2899999999999636,0.2899999999999636,642.1709999999612,2024-01-17 07:44:40.332000017,2024-01-17 07:44:51.456000090,2024-01-17,2024-01,2024,7,Wednesday,False
1705477531.555,1705477536.843,-1,2023.575,2024.105,-0.6049999999999727,stop_loss,5.287999868392944,0.0,-0.5299999999999727,0.2999999999999545,641.5659999999612,2024-01-17 07:45:31.555000067,2024-01-17 07:45:36.842999935,2024-01-17,2024-01,2024,7,Wednesday,False
1705478387.154,1705478388.974,-1,2025.165,2025.725,-0.6349999999999454,stop_loss,1.8199999332427979,0.0,-0.5599999999999454,0.30999999999994543,640.9309999999612,2024-01-17 07:59:47.154000044,2024-01-17 07:59:48.973999977,2024-01-17,2024-01,2024,7,Wednesday,False
1705478525.627,1705478527.752,1,2026.785,2026.165,-0.6950000000001182,stop_loss,2.125,0.0,-0.6200000000001182,0.28700000000003456,640.235999999961,2024-01-17 08:02:05.627000093,2024-01-17 08:02:07.752000093,2024-01-17,2024-01,2024,8,Wednesday,False
1705481418.597,1705481436.83,-1,2021.665,2022.235,-0.6449999999999363,flow_flip,18.23300004005432,0.0,-0.5699999999999363,0.31999999999993634,639.590999999961,2024-01-17 08:50:18.596999884,2024-01-17 08:50:36.829999924,2024-01-17,2024-01,2024,8,Wednesday,False
1705482046.468,1705482060.788,1,2021.525,2021.095,-0.5050000000000636,flow_flip,14.320000171661377,0.0,-0.5,0.290000000000191,639.0859999999609,2024-01-17 09:00:46.467999935,2024-01-17 09:01:00.788000107,2024-01-17,2024-01,2024,9,Wednesday,False
1705482830.028,1705482834.852,1,2019.725,2019.205,-0.5949999999999818,stop_loss,4.823999881744385,0.0,-0.5199999999999818,0.33999999999991815,638.4909999999609,2024-01-17 09:13:50.028000116,2024-01-17 09:13:54.851999998,2024-01-17,2024-01,2024,9,Wednesday,False
1705482870.965,1705482883.798,1,2019.802,2019.245,-0.6320000000000163,stop_loss,12.833000183105469,0.0,-0.5570000000000164,0.3170000000000073,637.8589999999608,2024-01-17 09:14:30.964999914,2024-01-17 09:14:43.798000097,2024-01-17,2024-01,2024,9,Wednesday,False
1705482892.954,1705482893.644,1,2019.925,2019.405,-0.5949999999999818,stop_loss,0.690000057220459,0.0,-0.5199999999999818,0.32999999999992724,637.2639999999608,2024-01-17 09:14:52.953999996,2024-01-17 09:14:53.644000053,2024-01-17,2024-01,2024,9,Wednesday,False
1705482931.324,1705482932.339,1,2019.895,2019.465,-0.5050000000000636,stop_loss,1.0150001049041748,0.0,-0.43000000000006366,0.2999999999999545,636.7589999999607,2024-01-17 09:15:31.323999882,2024-01-17 09:15:32.338999987,2024-01-17,2024-01,2024,9,Wednesday,False
1705482957.21,1705482957.515,1,2020.395,2020.005,-0.4649999999998727,stop_loss,0.30500006675720215,0.0,-0.38999999999987267,0.2699999999999818,636.2939999999608,2024-01-17 09:15:57.210000038,2024-01-17 09:15:57.515000105,2024-01-17,2024-01,2024,9,Wednesday,False
1705483694.855,1705483708.624,1,2020.595,2020.195,-0.47500000000009096,stop_loss,13.769000053405762,0.0,-0.40000000000009095,0.2999999999999545,635.8189999999606,2024-01-17 09:28:14.855000019,2024-01-17 09:28:28.624000072,2024-01-17,2024-01,2024,9,Wednesday,False
1705484295.712,1705484318.025,1,2022.035,2021.465,-0.6450000000001637,flow_flip,22.313000202178955,0.0,-0.5700000000001637,0.3400000000001455,635.1739999999604,2024-01-17 09:38:15.711999893,2024-01-17 09:38:38.025000095,2024-01-17,2024-01,2024,9,Wednesday,False
1705485553.378,1705485593.397,1,2023.215,2023.755,0.465000000000191,trail,40.01900005340576,0.9500000000000455,-0.25,0.2999999999999545,635.6389999999606,2024-01-17 09:59:13.378000021,2024-01-17 09:59:53.397000074,2024-01-17,2024-01,2024,9,Wednesday,True
1705485621.434,1705485626.349,1,2024.655,2024.125,-0.6049999999999727,flow_flip,4.914999961853027,0.0,-0.5299999999999727,0.31999999999993634,635.0339999999605,2024-01-17 10:00:21.434000015,2024-01-17 10:00:26.348999977,2024-01-17,2024-01,2024,10,Wednesday,False
1705486260.034,1705486274.408,1,2023.976,2023.555,-0.4960000000000491,stop_loss,14.374000072479248,0.0,-0.4210000000000491,0.32100000000014006,634.5379999999604,2024-01-17 10:11:00.033999920,2024-01-17 10:11:14.407999992,2024-01-17,2024-01,2024,10,Wednesday,False
1705486323.162,1705486414.739,1,2024.072,2023.925,-0.22199999999993453,time_stop,91.5770001411438,0.0,-0.34699999999998,0.306999999999789,634.3159999999605,2024-01-17 10:12:03.161999941,2024-01-17 10:13:34.739000082,2024-01-17,2024-01,2024,10,Wednesday,False
1705486440.771,1705486499.128,-1,2023.745,2023.992,-0.32200000000007095,flow_flip,58.35700011253357,0.0,-0.5100000000002183,0.33100000000013097,633.9939999999604,2024-01-17 10:14:00.770999908,2024-01-17 10:14:59.128000020,2024-01-17,2024-01,2024,10,Wednesday,False
1705487414.706,1705487415.218,1,2028.122,2027.555,-0.6420000000000072,stop_loss,0.5119998455047607,0.0,-0.5670000000000073,0.3669999999999618,633.3519999999603,2024-01-17 10:30:14.706000090,2024-01-17 10:30:15.217999935,2024-01-17,2024-01,2024,10,Wednesday,False
1705487542.586,1705487544.391,1,2028.215,2027.675,-0.6149999999999636,stop_loss,1.8050000667572021,0.0,-0.5399999999999636,0.33999999999991815,632.7369999999603,2024-01-17 10:32:22.585999966,2024-01-17 10:32:24.391000032,2024-01-17,2024-01,2024,10,Wednesday,False
1705488942.119,1705488947.257,1,2026.875,2026.405,-0.5450000000000272,stop_loss,5.138000011444092,0.0,-0.4700000000000273,0.31999999999993634,632.1919999999602,2024-01-17 10:55:42.118999958,2024-01-17 10:55:47.256999969,2024-01-17,2024-01,2024,10,Wednesday,False
1705489038.937,1705489060.858,-1,2026.085,2026.445,-0.43499999999989997,flow_flip,21.921000003814697,0.0,-0.4700000000000273,0.2799999999999727,631.7569999999603,2024-01-17 10:57:18.937000036,2024-01-17 10:57:40.858000040,2024-01-17,2024-01,2024,10,Wednesday,False
1705489739.356,1705489740.82,-1,2024.905,2025.235,-0.40499999999992725,stop_loss,1.4639999866485596,0.0,-0.32999999999992724,0.2400000000000091,631.3519999999603,2024-01-17 11:08:59.355999947,2024-01-17 11:09:00.819999933,2024-01-17,2024-01,2024,11,Wednesday,False
1705490290.191,1705490381.064,-1,2024.665,2024.395,0.1949999999999818,time_stop,90.87299990653992,0.2899999999999636,-0.40000000000009095,0.32999999999992724,631.5469999999602,2024-01-17 11:18:10.190999985,2024-01-17 11:19:41.063999891,2024-01-17,2024-01,2024,11,Wednesday,True
1705490619.15,1705490654.691,1,2026.075,2025.555,-0.5949999999999818,flow_flip,35.54099988937378,0.0,-0.6469999999999345,0.34699999999998,630.9519999999602,2024-01-17 11:23:39.150000095,2024-01-17 11:24:14.690999985,2024-01-17,2024-01,2024,11,Wednesday,False
1705492415.719,1705492489.207,-1,2024.495,2024.405,0.014999999999918134,flow_flip,73.48799991607666,0.2699999999999818,-0.2600000000002183,0.2600000000002183,630.9669999999601,2024-01-17 11:53:35.719000101,2024-01-17 11:54:49.207000017,2024-01-17,2024-01,2024,11,Wednesday,True
1705492883.12,1705492892.049,1,2025.295,2024.715,-0.6550000000001546,stop_loss,8.92900013923645,0.0,-0.5800000000001546,0.28700000000003456,630.3119999999599,2024-01-17 12:01:23.119999886,2024-01-17 12:01:32.049000025,2024-01-17,2024-01,2024,12,Wednesday,False
1705492986.428,1705493006.666,1,2025.535,2025.205,-0.4050000000001546,flow_flip,20.23799991607666,0.0,-0.42000000000007276,0.3269999999999982,629.9069999999597,2024-01-17 12:03:06.427999973,2024-01-17 12:03:26.665999889,2024-01-17,2024-01,2024,12,Wednesday,False
1705493131.947,1705493162.056,-1,2025.115,2025.695,-0.6549999999999272,stop_loss,30.108999967575073,0.0,-0.5799999999999272,0.2899999999999636,629.2519999999597,2024-01-17 12:05:31.947000027,2024-01-17 12:06:02.055999994,2024-01-17,2024-01,2024,12,Wednesday,False
1705493228.467,1705493243.106,1,2026.285,2025.865,-0.49500000000007277,stop_loss,14.638999938964844,0.0,-0.42000000000007276,0.30700000000001637,628.7569999999596,2024-01-17 12:07:08.467000008,2024-01-17 12:07:23.105999947,2024-01-17,2024-01,2024,12,Wednesday,False
1705493314.833,1705493337.128,-1,2025.595,2026.205,-0.6849999999998999,flow_flip,22.295000076293945,0.0,-0.6099999999999,0.2899999999999636,628.0719999999596,2024-01-17 12:08:34.832999945,2024-01-17 12:08:57.128000020,2024-01-17,2024-01,2024,12,Wednesday,False
1705493619.71,1705493713.11,1,2026.535,2026.698,0.0880000000000109,time_stop,93.39999985694885,0.16300000000001091,-0.5070000000000618,0.30700000000001637,628.1599999999596,2024-01-17 12:13:39.710000038,2024-01-17 12:15:13.109999895,2024-01-17,2024-01,2024,12,Wednesday,True
1705493772.691,1705493813.331,-1,2025.405,2026.135,-0.8050000000000181,flow_flip,40.640000104904175,0.0,-0.7300000000000182,0.37000000000011823,627.3549999999595,2024-01-17 12:16:12.690999985,2024-01-17 12:16:53.331000090,2024-01-17,2024-01,2024,12,Wednesday,False
1705493885.829,1705493961.951,1,2026.815,2026.965,0.07499999999986356,flow_flip,76.12199997901917,0.4500000000000455,-0.40000000000009095,0.3300000000001546,627.4299999999594,2024-01-17 12:18:05.828999996,2024-01-17 12:19:21.950999975,2024-01-17,2024-01,2024,12,Wednesday,True
1705494013.951,1705494074.25,-1,2027.265,2027.585,-0.39499999999993635,flow_flip,60.29900002479553,0.18000000000006366,-0.31999999999993634,0.30999999999994543,627.0349999999594,2024-01-17 12:20:13.950999975,2024-01-17 12:21:14.250000000,2024-01-17,2024-01,2024,12,Wednesday,False
1705494361.162,1705494369.089,1,2028.152,2027.575,-0.6519999999999981,stop_loss,7.927000045776367,0.0,-0.5769999999999982,0.3269999999999982,626.3829999999593,2024-01-17 12:26:01.161999941,2024-01-17 12:26:09.088999987,2024-01-17,2024-01,2024,12,Wednesday,False
1705495252.706,1705495266.072,-1,2027.125,2027.615,-0.565000000000009,flow_flip,13.365999937057495,0.0,-0.4900000000000091,0.31999999999993634,625.8179999999593,2024-01-17 12:40:52.706000090,2024-01-17 12:41:06.072000027,2024-01-17,2024-01,2024,12,Wednesday,False
1705496452.586,1705496473.913,-1,2027.565,2028.025,-0.5350000000000363,flow_flip,21.3270001411438,0.049999999999954525,-0.5309999999999491,0.31999999999993634,625.2829999999592,2024-01-17 13:00:52.585999966,2024-01-17 13:01:13.913000107,2024-01-17,2024-01,2024,13,Wednesday,False
1705496555.213,1705496569.672,-1,2026.785,2027.195,-0.4849999999998545,stop_loss,14.458999872207642,0.0,-0.4099999999998545,0.2869999999998072,624.7979999999593,2024-01-17 13:02:35.213000059,2024-01-17 13:02:49.671999931,2024-01-17,2024-01,2024,13,Wednesday,False
1705496770.066,1705496770.977,1,2027.435,2026.915,-0.5949999999999818,stop_loss,0.9110000133514404,0.0,-0.5199999999999818,0.30999999999994543,624.2029999999593,2024-01-17 13:06:10.065999985,2024-01-17 13:06:10.976999998,2024-01-17,2024-01,2024,13,Wednesday,False
1705496851.87,1705496867.966,-1,2026.145,2026.725,-0.6549999999999272,stop_loss,16.09600019454956,0.0,-0.5799999999999272,0.36000000000012733,623.5479999999593,2024-01-17 13:07:31.869999886,2024-01-17 13:07:47.966000080,2024-01-17,2024-01,2024,13,Wednesday,False
1705497220.113,1705497300.28,1,2026.815,2026.175,-0.7150000000001,flow_flip,80.16700005531311,0.36999999999989086,-0.6400000000001,0.2599999999999909,622.8329999999592,2024-01-17 13:13:40.112999916,2024-01-17 13:15:00.279999971,2024-01-17,2024-01,2024,13,Wednesday,False
1705498203.2,1705498206.859,-1,2021.245,2020.935,0.23499999999994542,trail,3.6589999198913574,0.8099999999999454,-0.6100000000001273,0.44000000000005457,623.067999999959,2024-01-17 13:30:03.200000048,2024-01-17 13:30:06.858999968,2024-01-17,2024-01,2024,13,Wednesday,True
1705498274.371,1705498283.371,-1,2019.455,2019.785,-0.4050000000001546,flow_flip,9.0,0.06299999999987449,-0.6000000000001364,0.3369999999999891,622.6629999999589,2024-01-17 13:31:14.371000051,2024-01-17 13:31:23.371000051,2024-01-17,2024-01,2024,13,Wednesday,False
1705498292.375,1705498299.425,1,2020.675,2019.545,-1.2049999999998817,stop_loss,7.049999952316284,0.0,-1.1299999999998818,0.36999999999989086,621.4579999999589,2024-01-17 13:31:32.375000000,2024-01-17 13:31:39.424999952,2024-01-17,2024-01,2024,13,Wednesday,False
1705498311.187,1705498312.303,1,2021.032,2020.385,-0.7219999999999345,stop_loss,1.1159999370574951,0.0,-0.6469999999999345,0.3869999999999436,620.735999999959,2024-01-17 13:31:51.187000036,2024-01-17 13:31:52.302999973,2024-01-17,2024-01,2024,13,Wednesday,False
1705498320.322,1705498322.001,1,2021.345,2020.645,-0.7750000000000454,stop_loss,1.678999900817871,0.0,-0.7000000000000455,0.33999999999991815,619.9609999999589,2024-01-17 13:32:00.322000027,2024-01-17 13:32:02.000999928,2024-01-17,2024-01,2024,13,Wednesday,False
1705498382.953,1705498385.446,1,2021.805,2021.225,-0.6550000000001546,stop_loss,2.493000030517578,0.0,-0.5800000000001546,0.3710000000000946,619.3059999999587,2024-01-17 13:33:02.953000069,2024-01-17 13:33:05.446000099,2024-01-17,2024-01,2024,13,Wednesday,False
1705498435.031,1705498439.837,1,2021.805,2022.705,0.8249999999998636,take_profit,4.805999994277954,0.8999999999998636,-0.42000000000007276,0.3200000000001637,620.1309999999585,2024-01-17 13:33:55.030999899,2024-01-17 13:33:59.836999893,2024-01-17,2024-01,2024,13,Wednesday,True
1705498498.794,1705498503.665,-1,2021.565,2022.155,-0.6649999999999181,stop_loss,4.871000051498413,0.0,-0.5899999999999181,0.31999999999993634,619.4659999999585,2024-01-17 13:34:58.793999910,2024-01-17 13:35:03.664999962,2024-01-17,2024-01,2024,13,Wednesday,False
1705498561.166,1705498574.386,1,2022.655,2022.735,0.004999999999927229,flow_flip,13.22000002861023,0.2799999999999727,-0.37999999999988177,0.38999999999987267,619.4709999999584,2024-01-17 13:36:01.165999889,2024-01-17 13:36:14.385999918,2024-01-17,2024-01,2024,13,Wednesday,True
1705500689.284,1705500703.292,-1,2017.635,2016.702,0.8579999999999928,take_profit,14.008000135421753,0.9329999999999927,-0.3669999999999618,0.3170000000000073,620.3289999999583,2024-01-17 14:11:29.283999920,2024-01-17 14:11:43.292000055,2024-01-17,2024-01,2024,14,Wednesday,True
1705500714.655,1705500717.764,1,2018.535,2017.775,-0.8349999999999909,stop_loss,3.1089999675750732,0.2799999999999727,-0.7599999999999909,0.38000000000010914,619.4939999999583,2024-01-17 14:11:54.654999971,2024-01-17 14:11:57.763999939,2024-01-17,2024-01,2024,14,Wednesday,False
1705500918.834,1705500928.028,-1,2017.925,2018.455,-0.6049999999999727,stop_loss,9.194000005722046,0.09999999999990905,-0.5299999999999727,0.42000000000007276,618.8889999999583,2024-01-17 14:15:18.834000111,2024-01-17 14:15:28.028000116,2024-01-17,2024-01,2024,14,Wednesday,False
1705561257.133,1705561262.989,1,2013.315,2012.785,-0.6049999999999727,stop_loss,5.856000185012817,0.0,-0.5299999999999727,0.38000000000010914,618.2839999999583,2024-01-18 07:00:57.132999897,2024-01-18 07:01:02.989000082,2024-01-18,2024-01,2024,7,Thursday,False
1705562106.33,1705562109.26,-1,2012.835,2013.215,-0.4549999999998818,stop_loss,2.930000066757202,0.0,-0.37999999999988177,0.28700000000003456,617.8289999999583,2024-01-18 07:15:06.329999924,2024-01-18 07:15:09.259999990,2024-01-18,2024-01,2024,7,Thursday,False
1705562144.983,1705562154.327,1,2013.522,2013.085,-0.5119999999998981,stop_loss,9.343999862670898,0.0,-0.43699999999989814,0.28700000000003456,617.3169999999584,2024-01-18 07:15:44.983000040,2024-01-18 07:15:54.326999903,2024-01-18,2024-01,2024,7,Thursday,False
1705563111.151,1705563173.555,1,2012.285,2012.455,0.09499999999984537,trail,62.40400004386902,0.4099999999998545,-0.4500000000000455,0.3300000000001546,617.4119999999582,2024-01-18 07:31:51.151000023,2024-01-18 07:32:53.555000067,2024-01-18,2024-01,2024,7,Thursday,True
1705564301.422,1705564314.708,1,2013.495,2012.965,-0.6049999999999727,stop_loss,13.28600001335144,0.0,-0.5299999999999727,0.35999999999989996,616.8069999999582,2024-01-18 07:51:41.421999931,2024-01-18 07:51:54.707999945,2024-01-18,2024-01,2024,7,Thursday,False
1705565255.91,1705565267.433,-1,2011.045,2011.315,-0.3449999999999818,flow_flip,11.523000001907349,0.0,-0.2899999999999636,0.31999999999993634,616.4619999999582,2024-01-18 08:07:35.910000086,2024-01-18 08:07:47.433000088,2024-01-18,2024-01,2024,8,Thursday,False
1705565439.425,1705565459.339,-1,2009.745,2010.405,-0.7350000000000818,flow_flip,19.914000034332275,0.0,-0.6600000000000819,0.37000000000011823,615.726999999958,2024-01-18 08:10:39.424999952,2024-01-18 08:10:59.338999987,2024-01-18,2024-01,2024,8,Thursday,False
1705566042.475,1705566111.298,1,2010.935,2010.475,-0.5350000000000363,stop_loss,68.82300019264221,0.0,-0.4600000000000364,0.32999999999992724,615.1919999999579,2024-01-18 08:20:42.474999905,2024-01-18 08:21:51.298000097,2024-01-18,2024-01,2024,8,Thursday,False
1705566896.265,1705566906.163,-1,2010.325,2010.665,-0.41499999999991816,flow_flip,9.898000001907349,0.0,-0.34999999999990905,0.31999999999993634,614.776999999958,2024-01-18 08:34:56.265000105,2024-01-18 08:35:06.163000107,2024-01-18,2024-01,2024,8,Thursday,False
1705567912.262,1705567936.535,-1,2009.785,2010.325,-0.6149999999999636,stop_loss,24.27300000190735,0.0,-0.5399999999999636,0.2899999999999636,614.161999999958,2024-01-18 08:51:52.262000084,2024-01-18 08:52:16.535000086,2024-01-18,2024-01,2024,8,Thursday,False
1705568139.068,1705568202.727,1,2010.205,2009.895,-0.38499999999994544,flow_flip,63.65899991989136,0.0,-0.35999999999989996,0.34999999999990905,613.776999999958,2024-01-18 08:55:39.068000078,2024-01-18 08:56:42.726999998,2024-01-18,2024-01,2024,8,Thursday,False
1705568400.343,1705568450.408,-1,2009.445,2009.345,0.02499999999990904,flow_flip,50.06500005722046,0.32999999999992724,-0.3300000000001546,0.3500000000001364,613.8019999999578,2024-01-18 09:00:00.342999935,2024-01-18 09:00:50.407999992,2024-01-18,2024-01,2024,9,Thursday,True
1705568508.175,1705568530.584,-1,2008.885,2009.095,-0.2850000000000364,flow_flip,22.409000158309937,0.01999999999998181,-0.31999999999993634,0.31999999999993634,613.5169999999578,2024-01-18 09:01:48.174999952,2024-01-18 09:02:10.584000111,2024-01-18,2024-01,2024,9,Thursday,False
1705568671.499,1705568734.153,1,2008.915,2009.255,0.2650000000001455,flow_flip,62.65400004386902,0.44000000000005457,-0.37999999999988177,0.2899999999999636,613.7819999999579,2024-01-18 09:04:31.499000072,2024-01-18 09:05:34.153000116,2024-01-18,2024-01,2024,9,Thursday,True
1705570063.221,1705570125.238,1,2012.075,2011.775,-0.37499999999995454,flow_flip,62.01699995994568,0.05999999999994543,-0.42000000000007276,0.2899999999999636,613.4069999999579,2024-01-18 09:27:43.220999956,2024-01-18 09:28:45.237999916,2024-01-18,2024-01,2024,9,Thursday,False
1705570138.157,1705570146.755,-1,2011.455,2011.855,-0.47500000000009096,stop_loss,8.598000049591064,0.0,-0.40000000000009095,0.3100000000001728,612.9319999999577,2024-01-18 09:28:58.157000065,2024-01-18 09:29:06.755000114,2024-01-18,2024-01,2024,9,Thursday,False
1705570407.028,1705570417.371,1,2013.025,2012.725,-0.3750000000001819,flow_flip,10.342999935150146,0.0,-0.37000000000011823,0.290000000000191,612.5569999999575,2024-01-18 09:33:27.028000116,2024-01-18 09:33:37.371000051,2024-01-18,2024-01,2024,9,Thursday,False
1705570437.257,1705570517.76,-1,2012.325,2012.285,-0.035000000000036384,flow_flip,80.50300002098083,0.11000000000012733,-0.33999999999991815,0.33999999999991815,612.5219999999574,2024-01-18 09:33:57.256999969,2024-01-18 09:35:17.759999990,2024-01-18,2024-01,2024,9,Thursday,False
1705570724.702,1705570728.205,1,2013.035,2012.605,-0.5050000000000636,stop_loss,3.503000020980835,0.0,-0.43000000000006366,0.3400000000001455,612.0169999999573,2024-01-18 09:38:44.701999903,2024-01-18 09:38:48.204999924,2024-01-18,2024-01,2024,9,Thursday,False
1705570992.287,1705571016.555,-1,2011.445,2011.805,-0.43500000000012734,flow_flip,24.26800012588501,0.0,-0.36000000000012733,0.3200000000001637,611.5819999999571,2024-01-18 09:43:12.286999941,2024-01-18 09:43:36.555000067,2024-01-18,2024-01,2024,9,Thursday,False
1705571731.824,1705571753.062,-1,2010.985,2011.295,-0.3850000000001728,flow_flip,21.23800015449524,0.0,-0.3100000000001728,0.3100000000001728,611.1969999999569,2024-01-18 09:55:31.823999882,2024-01-18 09:55:53.062000036,2024-01-18,2024-01,2024,9,Thursday,False
1705574046.523,1705574058.932,-1,2011.294,2011.645,-0.4259999999998854,flow_flip,12.408999919891357,0.0,-0.3609999999998763,0.3309999999999036,610.770999999957,2024-01-18 10:34:06.523000001,2024-01-18 10:34:18.931999922,2024-01-18,2024-01,2024,10,Thursday,False
1705574078.678,1705574145.326,-1,2010.858,2010.525,0.2579999999998563,flow_flip,66.64800000190735,0.5329999999999018,-0.3369999999999891,0.3369999999999891,611.0289999999568,2024-01-18 10:34:38.677999973,2024-01-18 10:35:45.325999975,2024-01-18,2024-01,2024,10,Thursday,True
1705574762.857,1705574804.921,-1,2010.178,2010.625,-0.521999999999889,flow_flip,42.06399989128113,0.0,-0.44699999999988904,0.3269999999999982,610.5069999999569,2024-01-18 10:46:02.857000113,2024-01-18 10:46:44.921000004,2024-01-18,2024-01,2024,10,Thursday,False
1705574892.411,1705574921.145,1,2011.065,2010.545,-0.5949999999999818,flow_flip,28.733999967575073,0.0,-0.5199999999999818,0.3300000000001546,609.9119999999568,2024-01-18 10:48:12.411000013,2024-01-18 10:48:41.144999981,2024-01-18,2024-01,2024,10,Thursday,False
1705575724.341,1705575788.28,-1,2011.705,2011.775,-0.14500000000016372,flow_flip,63.93899989128113,0.05999999999994543,-0.4700000000000273,0.2899999999999636,609.7669999999566,2024-01-18 11:02:04.341000080,2024-01-18 11:03:08.279999971,2024-01-18,2024-01,2024,11,Thursday,False
1705575865.38,1705575891.78,1,2011.675,2011.185,-0.565000000000009,stop_loss,26.399999856948853,0.0,-0.4900000000000091,0.2899999999999636,609.2019999999566,2024-01-18 11:04:25.380000114,2024-01-18 11:04:51.779999971,2024-01-18,2024-01,2024,11,Thursday,False
1705576423.864,1705576501.576,1,2011.195,2011.085,-0.18499999999989997,flow_flip,77.71199989318848,0.049999999999954525,-0.35999999999989996,0.2899999999999636,609.0169999999566,2024-01-18 11:13:43.864000082,2024-01-18 11:15:01.575999975,2024-01-18,2024-01,2024,11,Thursday,False
1705576637.515,1705576700.084,1,2011.985,2012.145,0.08500000000008184,trail,62.569000005722046,0.3400000000001455,-0.22999999999979082,0.22999999999979082,609.1019999999567,2024-01-18 11:17:17.515000105,2024-01-18 11:18:20.084000111,2024-01-18,2024-01,2024,11,Thursday,True
1705578894.696,1705578916.104,1,2012.095,2011.815,-0.3549999999999727,flow_flip,21.407999992370605,0.0,-0.33999999999991815,0.33999999999991815,608.7469999999566,2024-01-18 11:54:54.696000099,2024-01-18 11:55:16.104000092,2024-01-18,2024-01,2024,11,Thursday,False
1705579141.333,1705579176.291,1,2012.855,2012.675,-0.2550000000000637,flow_flip,34.95799994468689,0.0,-0.34999999999990905,0.2999999999999545,608.4919999999565,2024-01-18 11:59:01.332999945,2024-01-18 11:59:36.290999889,2024-01-18,2024-01,2024,11,Thursday,False
1705579502.378,1705579504.605,1,2014.975,2015.235,0.1849999999999909,trail,2.2269999980926514,0.6900000000000546,-0.24699999999984357,0.2899999999999636,608.6769999999565,2024-01-18 12:05:02.378000021,2024-01-18 12:05:04.605000019,2024-01-18,2024-01,2024,12,Thursday,True
1705579539.44,1705579556.427,1,2015.795,2015.245,-0.6250000000001819,stop_loss,16.986999988555908,0.0,-0.5500000000001819,0.3500000000001364,608.0519999999563,2024-01-18 12:05:39.440000057,2024-01-18 12:05:56.427000046,2024-01-18,2024-01,2024,12,Thursday,False
1705579596.877,1705579618.43,-1,2014.865,2015.075,-0.2850000000000364,flow_flip,21.55299997329712,0.0,-0.34999999999990905,0.33999999999991815,607.7669999999562,2024-01-18 12:06:36.877000093,2024-01-18 12:06:58.430000067,2024-01-18,2024-01,2024,12,Thursday,False
1705580102.796,1705580105.684,1,2015.905,2015.425,-0.5550000000000181,stop_loss,2.888000011444092,0.0,-0.4800000000000182,0.34699999999998,607.2119999999561,2024-01-18 12:15:02.796000004,2024-01-18 12:15:05.684000015,2024-01-18,2024-01,2024,12,Thursday,False
1705581191.773,1705581221.143,-1,2015.685,2015.025,0.5849999999998545,take_profit,29.369999885559082,0.6599999999998545,-0.36000000000012733,0.3200000000001637,607.7969999999559,2024-01-18 12:33:11.773000002,2024-01-18 12:33:41.142999887,2024-01-18,2024-01,2024,12,Thursday,True
1705581270.32,1705581295.121,-1,2014.365,2014.855,-0.565000000000009,stop_loss,24.801000118255615,0.0,-0.4900000000000091,0.33999999999991815,607.2319999999559,2024-01-18 12:34:30.319999933,2024-01-18 12:34:55.121000051,2024-01-18,2024-01,2024,12,Thursday,False
1705581319.375,1705581346.131,-1,2014.198,2014.575,-0.4519999999999527,stop_loss,26.75600004196167,0.1330000000000382,-0.3769999999999527,0.2769999999998163,606.7799999999559,2024-01-18 12:35:19.375000000,2024-01-18 12:35:46.131000042,2024-01-18,2024-01,2024,12,Thursday,False
1705581367.58,1705581373.154,1,2014.865,2014.458,-0.48199999999992543,stop_loss,5.574000120162964,0.0,-0.4069999999999254,0.28700000000003456,606.2979999999559,2024-01-18 12:36:07.579999924,2024-01-18 12:36:13.154000044,2024-01-18,2024-01,2024,12,Thursday,False
1705582274.024,1705582280.075,-1,2015.278,2015.765,-0.56200000000008,stop_loss,6.051000118255615,0.0,-0.48700000000008004,0.30700000000001637,605.7359999999558,2024-01-18 12:51:14.023999929,2024-01-18 12:51:20.075000048,2024-01-18,2024-01,2024,12,Thursday,False
1705582891.691,1705582900.787,-1,2013.895,2014.345,-0.5250000000000454,stop_loss,9.095999956130981,0.0,-0.4500000000000455,0.34999999999990905,605.2109999999557,2024-01-18 13:01:31.690999985,2024-01-18 13:01:40.786999941,2024-01-18,2024-01,2024,13,Thursday,False
1705584002.435,1705584062.775,-1,2012.895,2012.965,-0.14499999999993635,flow_flip,60.34000015258789,0.2300000000000182,-0.39000000000010004,0.30999999999994543,605.0659999999557,2024-01-18 13:20:02.434999943,2024-01-18 13:21:02.775000095,2024-01-18,2024-01,2024,13,Thursday,False
1705584181.138,1705584186.786,1,2013.195,2012.675,-0.5949999999999818,flow_flip,5.648000001907349,0.0,-0.5199999999999818,0.32999999999992724,604.4709999999557,2024-01-18 13:23:01.138000011,2024-01-18 13:23:06.786000013,2024-01-18,2024-01,2024,13,Thursday,False
1705584660.492,1705584670.762,1,2011.066,2010.775,-0.36599999999994,flow_flip,10.269999980926514,0.45900000000006,-0.5509999999999309,0.4010000000000673,604.1049999999557,2024-01-18 13:31:00.492000103,2024-01-18 13:31:10.762000084,2024-01-18,2024-01,2024,13,Thursday,False
1705584714.386,1705584722.855,1,2011.775,2011.074,-0.7760000000000218,stop_loss,8.469000101089478,0.01999999999998181,-0.7010000000000218,0.36000000000012733,603.3289999999556,2024-01-18 13:31:54.385999918,2024-01-18 13:32:02.855000019,2024-01-18,2024-01,2024,13,Thursday,False
1705584770.351,1705584778.777,-1,2010.095,2010.635,-0.6149999999999636,flow_flip,8.425999879837036,0.0,-0.5399999999999636,0.35999999999989996,602.7139999999556,2024-01-18 13:32:50.351000071,2024-01-18 13:32:58.776999950,2024-01-18,2024-01,2024,13,Thursday,False
1705584829.668,1705584850.641,1,2011.605,2012.465,0.7849999999999,take_profit,20.973000049591064,0.8599999999999,-0.2599999999999909,0.33999999999991815,603.4989999999555,2024-01-18 13:33:49.667999983,2024-01-18 13:34:10.641000032,2024-01-18,2024-01,2024,13,Thursday,True
1705584905.474,1705584922.399,1,2012.815,2012.635,-0.2550000000000637,flow_flip,16.924999952316284,0.2999999999999545,-0.3400000000001455,0.3300000000001546,603.2439999999553,2024-01-18 13:35:05.473999977,2024-01-18 13:35:22.398999929,2024-01-18,2024-01,2024,13,Thursday,False
1705587183.919,1705587230.883,-1,2012.375,2011.955,0.34500000000007275,trail,46.96399998664856,0.6600000000000819,-0.44000000000005457,0.30999999999994543,603.5889999999554,2024-01-18 14:13:03.918999910,2024-01-18 14:13:50.882999897,2024-01-18,2024-01,2024,14,Thursday,True
1705588254.279,1705588285.966,1,2012.565,2011.985,-0.6550000000001546,stop_loss,31.687000036239624,0.35999999999989996,-0.5800000000001546,0.30999999999994543,602.9339999999552,2024-01-18 14:30:54.279000044,2024-01-18 14:31:25.966000080,2024-01-18,2024-01,2024,14,Thursday,False
1705588302.971,1705588305.568,-1,2011.445,2012.075,-0.7050000000001091,stop_loss,2.5970001220703125,0.0,-0.6300000000001091,0.3300000000001546,602.228999999955,2024-01-18 14:31:42.970999956,2024-01-18 14:31:45.568000078,2024-01-18,2024-01,2024,14,Thursday,False
1705588860.362,1705588872.755,1,2012.892,2012.415,-0.5520000000000891,stop_loss,12.39300012588501,0.0,-0.47700000000008913,0.29700000000002547,601.6769999999549,2024-01-18 14:41:00.361999989,2024-01-18 14:41:12.755000114,2024-01-18,2024-01,2024,14,Thursday,False
1705589169.952,1705589174.744,1,2012.535,2011.925,-0.6850000000001273,stop_loss,4.79200005531311,0.0,-0.6100000000001273,0.36000000000012733,600.9919999999547,2024-01-18 14:46:09.951999903,2024-01-18 14:46:14.743999958,2024-01-18,2024-01,2024,14,Thursday,False
1705589243.964,1705589249.929,-1,2012.685,2013.385,-0.7750000000000454,stop_loss,5.9649999141693115,0.0,-0.7000000000000455,0.3500000000001364,600.2169999999546,2024-01-18 14:47:23.963999987,2024-01-18 14:47:29.928999901,2024-01-18,2024-01,2024,14,Thursday,False
1705590067.971,1705590070.511,1,2014.165,2013.655,-0.5849999999999909,stop_loss,2.5399999618530273,0.0,-0.5099999999999909,0.30999999999994543,599.6319999999546,2024-01-18 15:01:07.970999956,2024-01-18 15:01:10.510999918,2024-01-18,2024-01,2024,15,Thursday,False
1705590082.756,1705590089.138,1,2014.602,2014.045,-0.6320000000000163,stop_loss,6.381999969482422,0.0,-0.5570000000000164,0.3369999999999891,598.9999999999545,2024-01-18 15:01:22.756000042,2024-01-18 15:01:29.138000011,2024-01-18,2024-01,2024,15,Thursday,False
1705592193.236,1705592211.611,1,2015.466,2014.965,-0.5759999999999763,stop_loss,18.375,0.0,-0.5009999999999764,0.3009999999999309,598.4239999999545,2024-01-18 15:36:33.236000061,2024-01-18 15:36:51.611000061,2024-01-18,2024-01,2024,15,Thursday,False
1705592348.196,1705592352.489,-1,2014.705,2015.245,-0.6149999999999636,stop_loss,4.292999982833862,0.0,-0.5399999999999636,0.3100000000001728,597.8089999999545,2024-01-18 15:39:08.196000099,2024-01-18 15:39:12.489000082,2024-01-18,2024-01,2024,15,Thursday,False
1705592478.233,1705592480.973,1,2014.662,2014.185,-0.5520000000000891,stop_loss,2.740000009536743,0.0,-0.47700000000008913,0.3170000000000073,597.2569999999544,2024-01-18 15:41:18.233000040,2024-01-18 15:41:20.973000050,2024-01-18,2024-01,2024,15,Thursday,False
1705592809.615,1705592810.378,1,2014.635,2014.215,-0.49500000000007277,stop_loss,0.7630000114440918,0.0,-0.42000000000007276,0.31999999999993634,596.7619999999542,2024-01-18 15:46:49.615000010,2024-01-18 15:46:50.378000021,2024-01-18,2024-01,2024,15,Thursday,False
1705595321.555,1705595366.045,1,2017.262,2016.925,-0.4119999999999891,flow_flip,44.49000000953674,0.3730000000000473,-0.3369999999999891,0.3269999999999982,596.3499999999542,2024-01-18 16:28:41.555000067,2024-01-18 16:29:26.045000076,2024-01-18,2024-01,2024,16,Thursday,False
1705597083.322,1705597121.569,1,2014.555,2014.695,0.06499999999987266,flow_flip,38.246999979019165,0.16999999999984539,-0.2999999999999545,0.2599999999999909,596.414999999954,2024-01-18 16:58:03.322000027,2024-01-18 16:58:41.569000006,2024-01-18,2024-01,2024,16,Thursday,True
1705597271.054,1705597274.603,1,2015.785,2015.305,-0.5550000000000181,stop_loss,3.5490000247955322,0.0,-0.4800000000000182,0.290000000000191,595.859999999954,2024-01-18 17:01:11.053999901,2024-01-18 17:01:14.602999926,2024-01-18,2024-01,2024,17,Thursday,False
1705598642.307,1705598692.703,1,2014.925,2014.815,-0.18499999999989997,flow_flip,50.396000146865845,0.10000000000013642,-0.33999999999991815,0.2899999999999636,595.674999999954,2024-01-18 17:24:02.306999922,2024-01-18 17:24:52.703000069,2024-01-18,2024-01,2024,17,Thursday,False
1705600815.214,1705600857.757,-1,2015.835,2016.095,-0.3349999999999909,flow_flip,42.54299998283386,0.0,-0.2799999999999727,0.2999999999999545,595.339999999954,2024-01-18 18:00:15.213999987,2024-01-18 18:00:57.756999969,2024-01-18,2024-01,2024,18,Thursday,False
1705600965.099,1705600988.582,-1,2015.615,2016.225,-0.6849999999998999,stop_loss,23.48300004005432,0.0,-0.6099999999999,0.32999999999992724,594.654999999954,2024-01-18 18:02:45.098999977,2024-01-18 18:03:08.582000017,2024-01-18,2024-01,2024,18,Thursday,False
1705601134.139,1705601139.161,1,2016.895,2016.385,-0.5849999999999909,flow_flip,5.022000074386597,0.0,-0.5099999999999909,0.2899999999999636,594.069999999954,2024-01-18 18:05:34.138999939,2024-01-18 18:05:39.161000013,2024-01-18,2024-01,2024,18,Thursday,False
1705647601.521,1705647602.129,-1,2023.535,2023.895,-0.43499999999989997,stop_loss,0.6080000400543213,0.0,-0.35999999999989996,0.2799999999999727,593.6349999999541,2024-01-19 07:00:01.520999907,2024-01-19 07:00:02.128999949,2024-01-19,2024-01,2024,7,Friday,False
1705648520.162,1705648539.179,-1,2024.298,2024.795,-0.5720000000000709,stop_loss,19.01699995994568,0.0,-0.49700000000007094,0.3269999999999982,593.062999999954,2024-01-19 07:15:20.161999941,2024-01-19 07:15:39.178999901,2024-01-19,2024-01,2024,7,Friday,False
1705648993.427,1705648994.034,1,2026.285,2025.795,-0.565000000000009,stop_loss,0.6069998741149902,0.0,-0.4900000000000091,0.290000000000191,592.4979999999539,2024-01-19 07:23:13.427000046,2024-01-19 07:23:14.033999920,2024-01-19,2024-01,2024,7,Friday,False
1705649411.106,1705649444.157,-1,2026.525,2026.645,-0.19499999999989087,flow_flip,33.051000118255615,0.19000000000005457,-0.2599999999999909,0.32999999999992724,592.302999999954,2024-01-19 07:30:11.105999947,2024-01-19 07:30:44.157000065,2024-01-19,2024-01,2024,7,Friday,False
1705650055.254,1705650088.933,1,2027.655,2027.275,-0.4549999999998818,flow_flip,33.67900013923645,0.0,-0.37999999999988177,0.32999999999992724,591.847999999954,2024-01-19 07:40:55.253999949,2024-01-19 07:41:28.933000088,2024-01-19,2024-01,2024,7,Friday,False
1705650127.713,1705650137.025,1,2028.275,2027.745,-0.6050000000002,stop_loss,9.312000036239624,0.0,-0.5300000000002001,0.3400000000001455,591.2429999999538,2024-01-19 07:42:07.713000059,2024-01-19 07:42:17.025000095,2024-01-19,2024-01,2024,7,Friday,False
1705650475.647,1705650477.367,-1,2028.545,2028.985,-0.5149999999998272,stop_loss,1.7200000286102295,0.0,-0.4399999999998272,0.3269999999999982,590.7279999999539,2024-01-19 07:47:55.647000074,2024-01-19 07:47:57.367000103,2024-01-19,2024-01,2024,7,Friday,False
1705650506.413,1705650514.45,1,2029.465,2029.055,-0.4849999999998545,stop_loss,8.036999940872192,0.0,-0.4099999999998545,0.2999999999999545,590.242999999954,2024-01-19 07:48:26.413000107,2024-01-19 07:48:34.450000048,2024-01-19,2024-01,2024,7,Friday,False
1705651195.602,1705651234.457,-1,2027.885,2027.475,0.33500000000008184,trail,38.855000019073486,0.6299999999998818,-0.34999999999990905,0.2999999999999545,590.577999999954,2024-01-19 07:59:55.601999998,2024-01-19 08:00:34.457000017,2024-01-19,2024-01,2024,7,Friday,True
1705651245.228,1705651260.688,-1,2027.015,2027.465,-0.5249999999998181,stop_loss,15.460000038146973,0.0,-0.4499999999998181,0.2599999999999909,590.0529999999542,2024-01-19 08:00:45.227999926,2024-01-19 08:01:00.687999964,2024-01-19,2024-01,2024,8,Friday,False
1705653014.016,1705653016.143,1,2026.965,2026.575,-0.4649999999998727,stop_loss,2.126999855041504,0.0,-0.38999999999987267,0.2999999999999545,589.5879999999543,2024-01-19 08:30:14.016000032,2024-01-19 08:30:16.142999887,2024-01-19,2024-01,2024,8,Friday,False
1705654243.888,1705654260.183,-1,2028.248,2028.705,-0.5319999999998799,flow_flip,16.295000076293945,0.0,-0.45699999999987995,0.3769999999999527,589.0559999999543,2024-01-19 08:50:43.888000011,2024-01-19 08:51:00.183000088,2024-01-19,2024-01,2024,8,Friday,False
1705654309.879,1705654349.863,1,2028.845,2028.635,-0.2850000000000364,flow_flip,39.98399996757507,0.0,-0.3669999999999618,0.3669999999999618,588.7709999999543,2024-01-19 08:51:49.878999949,2024-01-19 08:52:29.862999916,2024-01-19,2024-01,2024,8,Friday,False
1705654899.228,1705654918.917,-1,2029.435,2029.845,-0.48500000000008187,flow_flip,19.689000129699707,0.0,-0.4700000000000273,0.3300000000001546,588.2859999999541,2024-01-19 09:01:39.227999926,2024-01-19 09:01:58.917000055,2024-01-19,2024-01,2024,9,Friday,False
1705655040.871,1705655051.859,1,2030.125,2029.705,-0.49500000000007277,flow_flip,10.98799991607666,0.0,-0.42000000000007276,0.2899999999999636,587.790999999954,2024-01-19 09:04:00.871000051,2024-01-19 09:04:11.858999968,2024-01-19,2024-01,2024,9,Friday,False
1705655075.141,1705655088.1,-1,2029.435,2029.875,-0.5150000000000545,flow_flip,12.958999872207642,0.0,-0.44000000000005457,0.30999999999994543,587.2759999999539,2024-01-19 09:04:35.141000032,2024-01-19 09:04:48.099999905,2024-01-19,2024-01,2024,9,Friday,False
1705655472.054,1705655493.126,-1,2029.535,2029.395,0.06500000000010003,trail,21.07200002670288,0.2799999999999727,-0.22000000000002728,0.209999999999809,587.340999999954,2024-01-19 09:11:12.053999901,2024-01-19 09:11:33.125999928,2024-01-19,2024-01,2024,9,Friday,True
1705655682.015,1705655700.342,-1,2029.705,2030.055,-0.42500000000013644,flow_flip,18.32699990272522,0.0,-0.3500000000001364,0.3500000000001364,586.9159999999538,2024-01-19 09:14:42.015000105,2024-01-19 09:15:00.342000008,2024-01-19,2024-01,2024,9,Friday,False
1705657141.819,1705657147.549,1,2028.925,2028.435,-0.565000000000009,stop_loss,5.730000019073486,0.0,-0.4900000000000091,0.2999999999999545,586.3509999999537,2024-01-19 09:39:01.819000006,2024-01-19 09:39:07.549000025,2024-01-19,2024-01,2024,9,Friday,False
1705659097.31,1705659141.392,1,2030.565,2030.295,-0.3449999999999818,flow_flip,44.08200001716614,0.0,-0.39000000000010004,0.2899999999999636,586.0059999999537,2024-01-19 10:11:37.309999943,2024-01-19 10:12:21.391999960,2024-01-19,2024-01,2024,10,Friday,False
1705659947.305,1705659979.726,-1,2029.905,2030.455,-0.6249999999999545,flow_flip,32.4210000038147,0.0,-0.5499999999999545,0.32999999999992724,585.3809999999537,2024-01-19 10:25:47.305000067,2024-01-19 10:26:19.726000071,2024-01-19,2024-01,2024,10,Friday,False
1705660092.188,1705660112.006,1,2030.535,2029.965,-0.6450000000001637,stop_loss,19.818000078201294,0.0,-0.5700000000001637,0.3500000000001364,584.7359999999535,2024-01-19 10:28:12.187999964,2024-01-19 10:28:32.006000042,2024-01-19,2024-01,2024,10,Friday,False
1705660212.063,1705660223.298,-1,2029.085,2029.575,-0.565000000000009,flow_flip,11.235000133514404,0.0,-0.4900000000000091,0.2899999999999636,584.1709999999534,2024-01-19 10:30:12.062999964,2024-01-19 10:30:23.298000097,2024-01-19,2024-01,2024,10,Friday,False
1705660288.446,1705660300.667,-1,2029.155,2029.705,-0.6249999999999545,stop_loss,12.220999956130981,0.0,-0.5499999999999545,0.33999999999991815,583.5459999999534,2024-01-19 10:31:28.446000099,2024-01-19 10:31:40.667000055,2024-01-19,2024-01,2024,10,Friday,False
1705660356.119,1705660407.137,-1,2029.055,2029.185,-0.20499999999988178,flow_flip,51.01800012588501,0.0,-0.35999999999989996,0.36999999999989086,583.3409999999535,2024-01-19 10:32:36.118999958,2024-01-19 10:33:27.137000084,2024-01-19,2024-01,2024,10,Friday,False
1705660457.532,1705660549.942,1,2029.605,2029.375,-0.3050000000000182,time_stop,92.40999984741211,0.0,-0.4700000000000273,0.31999999999993634,583.0359999999534,2024-01-19 10:34:17.532000064,2024-01-19 10:35:49.941999912,2024-01-19,2024-01,2024,10,Friday,False
1705660895.397,1705660901.996,1,2030.195,2029.685,-0.5849999999999909,stop_loss,6.598999977111816,0.0,-0.5099999999999909,0.33999999999991815,582.4509999999534,2024-01-19 10:41:35.397000074,2024-01-19 10:41:41.996000051,2024-01-19,2024-01,2024,10,Friday,False
1705661667.844,1705661693.555,1,2031.035,2030.755,-0.3549999999999727,flow_flip,25.710999965667725,0.0,-0.3500000000001364,0.3300000000001546,582.0959999999534,2024-01-19 10:54:27.844000101,2024-01-19 10:54:53.555000067,2024-01-19,2024-01,2024,10,Friday,False
1705662443.911,1705662507.524,1,2031.635,2031.145,-0.565000000000009,flow_flip,63.61299991607666,0.0,-0.4900000000000091,0.2899999999999636,581.5309999999533,2024-01-19 11:07:23.911000013,2024-01-19 11:08:27.523999929,2024-01-19,2024-01,2024,11,Friday,False
1705662517.539,1705662537.384,-1,2030.755,2031.035,-0.3549999999999727,flow_flip,19.84500002861023,0.0,-0.33999999999991815,0.2899999999999636,581.1759999999533,2024-01-19 11:08:37.539000034,2024-01-19 11:08:57.384000063,2024-01-19,2024-01,2024,11,Friday,False
1705662722.257,1705662740.439,1,2031.585,2031.235,-0.42500000000013644,flow_flip,18.181999921798706,0.0,-0.36000000000012733,0.30700000000001637,580.7509999999531,2024-01-19 11:12:02.256999969,2024-01-19 11:12:20.438999891,2024-01-19,2024-01,2024,11,Friday,False
1705662776.238,1705662785.404,-1,2030.605,2030.995,-0.4649999999998727,stop_loss,9.166000127792358,0.0,-0.38999999999987267,0.2400000000000091,580.2859999999532,2024-01-19 11:12:56.237999916,2024-01-19 11:13:05.404000044,2024-01-19,2024-01,2024,11,Friday,False
1705663257.756,1705663286.227,-1,2029.025,2029.615,-0.6649999999999181,stop_loss,28.47099995613098,0.09000000000014552,-0.5899999999999181,0.2199999999997999,579.6209999999533,2024-01-19 11:20:57.756000042,2024-01-19 11:21:26.226999998,2024-01-19,2024-01,2024,11,Friday,False
1705664288.341,1705664380.873,1,2031.345,2031.305,-0.11499999999996363,time_stop,92.53199982643127,0.03999999999996362,-0.37000000000011823,0.31999999999993634,579.5059999999532,2024-01-19 11:38:08.341000080,2024-01-19 11:39:40.872999907,2024-01-19,2024-01,2024,11,Friday,False
1705664446.196,1705664448.719,1,2031.935,2031.475,-0.5350000000000363,stop_loss,2.5230000019073486,0.0,-0.4600000000000364,0.2899999999999636,578.9709999999532,2024-01-19 11:40:46.196000099,2024-01-19 11:40:48.719000101,2024-01-19,2024-01,2024,11,Friday,False
1705665803.123,1705665812.85,1,2032.625,2032.135,-0.565000000000009,stop_loss,9.726999998092651,0.0,-0.4900000000000091,0.32999999999992724,578.4059999999531,2024-01-19 12:03:23.122999907,2024-01-19 12:03:32.849999905,2024-01-19,2024-01,2024,12,Friday,False
1705665832.729,1705665882.081,1,2032.682,2033.325,0.5680000000000291,take_profit,49.35199999809265,0.6430000000000291,-0.3669999999999618,0.29700000000002547,578.9739999999531,2024-01-19 12:03:52.729000092,2024-01-19 12:04:42.081000090,2024-01-19,2024-01,2024,12,Friday,True
1705665971.055,1705665981.249,1,2034.245,2033.855,-0.4649999999998727,flow_flip,10.194000005722046,0.0,-0.5,0.33999999999991815,578.5089999999532,2024-01-19 12:06:11.055000067,2024-01-19 12:06:21.249000072,2024-01-19,2024-01,2024,12,Friday,False
1705666078.949,1705666101.518,-1,2033.045,2033.345,-0.37499999999995454,flow_flip,22.569000005722046,0.0,-0.4199999999998454,0.32999999999992724,578.1339999999532,2024-01-19 12:07:58.948999882,2024-01-19 12:08:21.517999887,2024-01-19,2024-01,2024,12,Friday,False
1705666182.264,1705666228.209,1,2033.555,2033.245,-0.3850000000001728,flow_flip,45.94500017166138,0.0,-0.3100000000001728,0.3300000000001546,577.748999999953,2024-01-19 12:09:42.263999939,2024-01-19 12:10:28.209000111,2024-01-19,2024-01,2024,12,Friday,False
1705667021.289,1705667032.059,1,2033.445,2032.965,-0.5550000000000181,stop_loss,10.769999980926514,0.0,-0.4800000000000182,0.34999999999990905,577.1939999999529,2024-01-19 12:23:41.289000034,2024-01-19 12:23:52.059000015,2024-01-19,2024-01,2024,12,Friday,False
1705667202.189,1705667214.681,1,2033.765,2033.225,-0.615000000000191,stop_loss,12.492000102996826,0.0,-0.540000000000191,0.3400000000001455,576.5789999999527,2024-01-19 12:26:42.188999891,2024-01-19 12:26:54.680999994,2024-01-19,2024-01,2024,12,Friday,False
1705667496.631,1705667593.109,-1,2033.135,2033.665,-0.6049999999999727,time_stop,96.4779999256134,0.0,-0.7799999999999727,0.2899999999999636,575.9739999999526,2024-01-19 12:31:36.631000042,2024-01-19 12:33:13.108999968,2024-01-19,2024-01,2024,12,Friday,False
1705668080.118,1705668098.061,-1,2033.488,2034.085,-0.67199999999998,flow_flip,17.943000078201294,0.0,-0.6040000000000418,0.29700000000002547,575.3019999999526,2024-01-19 12:41:20.118000031,2024-01-19 12:41:38.061000109,2024-01-19,2024-01,2024,12,Friday,False
1705668137.831,1705668161.108,1,2034.255,2033.965,-0.365000000000191,flow_flip,23.276999950408936,0.0,-0.33700000000021646,0.33700000000021646,574.9369999999524,2024-01-19 12:42:17.831000090,2024-01-19 12:42:41.108000040,2024-01-19,2024-01,2024,12,Friday,False
1705668215.604,1705668251.683,1,2034.605,2034.575,-0.10499999999997273,flow_flip,36.0789999961853,0.2599999999999909,-0.2799999999999727,0.2899999999999636,574.8319999999524,2024-01-19 12:43:35.604000092,2024-01-19 12:44:11.683000088,2024-01-19,2024-01,2024,12,Friday,False
1705668270.259,1705668293.914,1,2035.265,2034.885,-0.45500000000010915,flow_flip,23.65499997138977,0.0,-0.4700000000000273,0.3500000000001364,574.3769999999522,2024-01-19 12:44:30.259000063,2024-01-19 12:44:53.914000034,2024-01-19,2024-01,2024,12,Friday,False
1705668637.18,1705668654.557,-1,2034.285,2034.555,-0.3449999999999818,flow_flip,17.376999855041504,0.0,-0.3999999999998636,0.31999999999993634,574.0319999999522,2024-01-19 12:50:37.180000067,2024-01-19 12:50:54.556999922,2024-01-19,2024-01,2024,12,Friday,False
1705668675.341,1705668688.809,-1,2033.985,2034.145,-0.23500000000008187,flow_flip,13.467999935150146,0.0,-0.3000000000001819,0.2599999999999909,573.796999999952,2024-01-19 12:51:15.341000080,2024-01-19 12:51:28.809000015,2024-01-19,2024-01,2024,12,Friday,False
1705668846.248,1705668928.308,-1,2033.245,2033.345,-0.17500000000013644,flow_flip,82.06000018119812,0.12999999999988177,-0.3000000000001819,0.3100000000001728,573.6219999999519,2024-01-19 12:54:06.247999907,2024-01-19 12:55:28.308000088,2024-01-19,2024-01,2024,12,Friday,False
1705669210.675,1705669220.004,1,2033.295,2032.945,-0.42500000000013644,flow_flip,9.328999996185303,0.0,-0.3500000000001364,0.2899999999999636,573.1969999999517,2024-01-19 13:00:10.674999952,2024-01-19 13:00:20.003999949,2024-01-19,2024-01,2024,13,Friday,False
1705669239.56,1705669255.661,1,2033.745,2033.485,-0.3349999999999909,flow_flip,16.1010000705719,0.18000000000006366,-0.34999999999990905,0.31999999999993634,572.8619999999516,2024-01-19 13:00:39.559999943,2024-01-19 13:00:55.661000013,2024-01-19,2024-01,2024,13,Friday,False
1705669315.467,1705669316.071,1,2033.655,2033.255,-0.4749999999998636,stop_loss,0.6040000915527344,0.0,-0.3999999999998636,0.30999999999994543,572.3869999999517,2024-01-19 13:01:55.467000008,2024-01-19 13:01:56.071000099,2024-01-19,2024-01,2024,13,Friday,False
1705670140.768,1705670154.516,1,2036.185,2035.715,-0.5450000000000272,flow_flip,13.748000144958496,0.0,-0.4800000000000182,0.32999999999992724,571.8419999999517,2024-01-19 13:15:40.767999887,2024-01-19 13:15:54.516000032,2024-01-19,2024-01,2024,13,Friday,False
1705670162.817,1705670192.033,-1,2035.085,2035.325,-0.3150000000000091,flow_flip,29.216000080108643,0.16000000000008185,-0.36999999999989086,0.2699999999999818,571.5269999999516,2024-01-19 13:16:02.816999912,2024-01-19 13:16:32.032999992,2024-01-19,2024-01,2024,13,Friday,False
1705670299.249,1705670301.879,-1,2036.045,2036.545,-0.575,stop_loss,2.629999876022339,0.0,-0.5,0.25,570.9519999999516,2024-01-19 13:18:19.249000072,2024-01-19 13:18:21.878999949,2024-01-19,2024-01,2024,13,Friday,False
1705670315.099,1705670327.014,1,2036.915,2036.525,-0.4649999999998727,stop_loss,11.914999961853027,0.0,-0.38999999999987267,0.28700000000003456,570.4869999999516,2024-01-19 13:18:35.098999977,2024-01-19 13:18:47.013999939,2024-01-19,2024-01,2024,13,Friday,False
1705670345.745,1705670350.136,1,2037.375,2036.975,-0.47500000000009096,stop_loss,4.391000032424927,0.0,-0.40000000000009095,0.30999999999994543,570.0119999999515,2024-01-19 13:19:05.744999886,2024-01-19 13:19:10.135999918,2024-01-19,2024-01,2024,13,Friday,False
1705906800.969,1705906816.143,-1,2020.334,2020.895,-0.6359999999999217,flow_flip,15.173999786376953,0.0,-0.5609999999999218,0.27099999999995816,569.3759999999515,2024-01-22 07:00:00.969000101,2024-01-22 07:00:16.142999887,2024-01-22,2024-01,2024,7,Monday,False
1705906843.11,1705906933.302,-1,2019.778,2019.445,0.25800000000008366,time_stop,90.19200015068054,0.3630000000000564,-0.3869999999999436,0.29700000000002547,569.6339999999516,2024-01-22 07:00:43.109999895,2024-01-22 07:02:13.302000046,2024-01-22,2024-01,2024,7,Monday,True
1705907058.657,1705907080.896,1,2020.775,2020.985,0.134999999999809,flow_flip,22.238999843597412,0.459999999999809,-0.2400000000000091,0.3100000000001728,569.7689999999513,2024-01-22 07:04:18.657000065,2024-01-22 07:04:40.895999908,2024-01-22,2024-01,2024,7,Monday,True
1705907340.173,1705907349.244,1,2021.505,2021.065,-0.5150000000000545,flow_flip,9.07099986076355,0.0,-0.5200000000002092,0.36000000000012733,569.2539999999512,2024-01-22 07:09:00.173000097,2024-01-22 07:09:09.243999958,2024-01-22,2024-01,2024,7,Monday,False
1705907795.452,1705907806.211,-1,2021.595,2022.015,-0.49500000000007277,flow_flip,10.759000062942505,0.0,-0.42000000000007276,0.32999999999992724,568.7589999999511,2024-01-22 07:16:35.451999903,2024-01-22 07:16:46.210999966,2024-01-22,2024-01,2024,7,Monday,False
1705907823.835,1705907856.342,1,2022.975,2022.915,-0.13499999999994544,flow_flip,32.50699996948242,0.41000000000008185,-0.4199999999998454,0.32999999999992724,568.6239999999511,2024-01-22 07:17:03.835000038,2024-01-22 07:17:36.342000008,2024-01-22,2024-01,2024,7,Monday,False
1705907885.974,1705907886.68,1,2023.895,2023.495,-0.47500000000009096,stop_loss,0.7060000896453857,0.0,-0.40000000000009095,0.2999999999999545,568.148999999951,2024-01-22 07:18:05.973999977,2024-01-22 07:18:06.680000067,2024-01-22,2024-01,2024,7,Monday,False
1705908031.444,1705908047.922,1,2024.332,2023.825,-0.5820000000000618,stop_loss,16.477999925613403,0.0,-0.5070000000000618,0.34700000000020736,567.5669999999509,2024-01-22 07:20:31.444000006,2024-01-22 07:20:47.921999931,2024-01-22,2024-01,2024,7,Monday,False
1705908601.894,1705908606.686,-1,2022.318,2022.735,-0.49199999999991634,stop_loss,4.79200005531311,0.0,-0.4169999999999163,0.3170000000000073,567.0749999999509,2024-01-22 07:30:01.894000053,2024-01-22 07:30:06.686000109,2024-01-22,2024-01,2024,7,Monday,False
1705908641.952,1705908669.955,-1,2022.008,2022.405,-0.4719999999999345,flow_flip,28.003000020980835,0.0,-0.3969999999999345,0.30700000000001637,566.602999999951,2024-01-22 07:30:41.951999903,2024-01-22 07:31:09.954999924,2024-01-22,2024-01,2024,7,Monday,False
1705908971.457,1705908987.264,-1,2021.875,2022.395,-0.5949999999999818,flow_flip,15.806999921798706,0.0,-0.5199999999999818,0.31999999999993634,566.0079999999509,2024-01-22 07:36:11.457000017,2024-01-22 07:36:27.263999939,2024-01-22,2024-01,2024,7,Monday,False
1705909022.66,1705909080.217,-1,2021.955,2022.315,-0.43500000000012734,flow_flip,57.556999921798706,0.0,-0.36000000000012733,0.3000000000001819,565.5729999999508,2024-01-22 07:37:02.660000086,2024-01-22 07:38:00.217000008,2024-01-22,2024-01,2024,7,Monday,False
1705909484.528,1705909486.046,-1,2022.305,2022.885,-0.6549999999999272,stop_loss,1.5179998874664307,0.0,-0.5799999999999272,0.31999999999993634,564.9179999999508,2024-01-22 07:44:44.528000115,2024-01-22 07:44:46.046000004,2024-01-22,2024-01,2024,7,Monday,False
1705910018.889,1705910021.866,-1,2023.605,2024.095,-0.565000000000009,stop_loss,2.9769999980926514,0.0,-0.4900000000000091,0.31999999999993634,564.3529999999507,2024-01-22 07:53:38.888999939,2024-01-22 07:53:41.865999937,2024-01-22,2024-01,2024,7,Monday,False
1705910036.446,1705910127.507,-1,2023.395,2023.065,0.25499999999992723,time_stop,91.0609998703003,0.4500000000000455,-0.38000000000010914,0.33999999999991815,564.6079999999506,2024-01-22 07:53:56.446000099,2024-01-22 07:55:27.506999969,2024-01-22,2024-01,2024,7,Monday,True
1705910914.525,1705910926.927,-1,2021.298,2021.615,-0.3920000000000073,flow_flip,12.401999950408936,0.04299999999989268,-0.3369999999999891,0.3369999999999891,564.2159999999506,2024-01-22 08:08:34.525000095,2024-01-22 08:08:46.927000046,2024-01-22,2024-01,2024,8,Monday,False
1705911570.427,1705911588.408,-1,2022.785,2023.235,-0.5249999999998181,flow_flip,17.98099994659424,0.0,-0.4499999999998181,0.30999999999994543,563.6909999999507,2024-01-22 08:19:30.427000046,2024-01-22 08:19:48.407999992,2024-01-22,2024-01,2024,8,Monday,False
1705911768.011,1705911770.485,1,2024.385,2023.835,-0.6249999999999545,stop_loss,2.4739999771118164,0.0,-0.5499999999999545,0.2999999999999545,563.0659999999507,2024-01-22 08:22:48.010999918,2024-01-22 08:22:50.484999895,2024-01-22,2024-01,2024,8,Monday,False
1705911904.489,1705911909.375,1,2024.685,2024.145,-0.6149999999999636,stop_loss,4.885999917984009,0.0,-0.5399999999999636,0.34999999999990905,562.4509999999507,2024-01-22 08:25:04.489000082,2024-01-22 08:25:09.375000000,2024-01-22,2024-01,2024,8,Monday,False
1705911917.437,1705911921.918,-1,2024.045,2024.475,-0.5049999999998362,stop_loss,4.480999946594238,0.0,-0.4299999999998363,0.2999999999999545,561.9459999999508,2024-01-22 08:25:17.437000036,2024-01-22 08:25:21.917999983,2024-01-22,2024-01,2024,8,Monday,False
1705912082.927,1705912086.106,1,2026.245,2025.905,-0.41499999999991816,stop_loss,3.178999900817871,0.0,-0.33999999999991815,0.2199999999997999,561.5309999999508,2024-01-22 08:28:02.927000046,2024-01-22 08:28:06.105999947,2024-01-22,2024-01,2024,8,Monday,False
1705913164.361,1705913188.834,1,2022.835,2022.335,-0.575,stop_loss,24.473000049591064,0.0,-0.5,0.3400000000001455,560.9559999999508,2024-01-22 08:46:04.361000061,2024-01-22 08:46:28.834000111,2024-01-22,2024-01,2024,8,Monday,False
1705913905.108,1705913916.95,1,2022.205,2021.905,-0.37499999999995454,flow_flip,11.842000007629395,0.0,-0.2999999999999545,0.2599999999999909,560.5809999999508,2024-01-22 08:58:25.108000040,2024-01-22 08:58:36.950000048,2024-01-22,2024-01,2024,8,Monday,False
1705913957.452,1705913968.848,1,2022.412,2021.955,-0.5320000000001073,stop_loss,11.396000146865845,0.0,-0.4570000000001073,0.34699999999998,560.0489999999506,2024-01-22 08:59:17.451999903,2024-01-22 08:59:28.848000050,2024-01-22,2024-01,2024,8,Monday,False
1705914846.412,1705914917.204,-1,2022.775,2022.555,0.14500000000002727,flow_flip,70.79200005531311,0.3400000000001455,-0.32999999999992724,0.2999999999999545,560.1939999999506,2024-01-22 09:14:06.411999941,2024-01-22 09:15:17.203999996,2024-01-22,2024-01,2024,9,Monday,True
1705915122.725,1705915149.112,1,2023.762,2023.195,-0.6420000000000072,flow_flip,26.38700008392334,0.0,-0.5670000000000073,0.27700000000004366,559.5519999999506,2024-01-22 09:18:42.724999905,2024-01-22 09:19:09.111999989,2024-01-22,2024-01,2024,9,Monday,False
1705915231.6,1705915270.094,-1,2023.315,2023.545,-0.3050000000000182,flow_flip,38.49400019645691,0.0,-0.31999999999993634,0.30999999999994543,559.2469999999505,2024-01-22 09:20:31.599999905,2024-01-22 09:21:10.094000101,2024-01-22,2024-01,2024,9,Monday,False
1705915395.285,1705915452.072,-1,2023.305,2023.485,-0.2549999999998363,flow_flip,56.78699994087219,0.01999999999998181,-0.4399999999998272,0.34999999999990905,558.9919999999506,2024-01-22 09:23:15.285000086,2024-01-22 09:24:12.072000027,2024-01-22,2024-01,2024,9,Monday,False
1705915522.65,1705915554.008,-1,2022.198,2022.625,-0.5019999999999072,flow_flip,31.357999801635742,0.0,-0.42699999999990723,0.3569999999999709,558.4899999999507,2024-01-22 09:25:22.650000095,2024-01-22 09:25:54.007999897,2024-01-22,2024-01,2024,9,Monday,False
1705915959.213,1705916010.257,1,2022.545,2022.735,0.11499999999982718,flow_flip,51.043999910354614,0.32999999999992724,-0.36000000000012733,0.2899999999999636,558.6049999999505,2024-01-22 09:32:39.213000059,2024-01-22 09:33:30.256999969,2024-01-22,2024-01,2024,9,Monday,True
1705916174.433,1705916181.803,-1,2022.325,2022.915,-0.6649999999999181,stop_loss,7.369999885559082,0.0,-0.5899999999999181,0.2999999999999545,557.9399999999505,2024-01-22 09:36:14.433000088,2024-01-22 09:36:21.802999973,2024-01-22,2024-01,2024,9,Monday,False
1705916225.472,1705916314.681,-1,2022.175,2021.985,0.11500000000005456,flow_flip,89.20900011062622,0.2699999999999818,-0.2999999999999545,0.2899999999999636,558.0549999999505,2024-01-22 09:37:05.471999884,2024-01-22 09:38:34.680999994,2024-01-22,2024-01,2024,9,Monday,True
1705916409.325,1705916500.045,-1,2021.195,2021.085,0.034999999999899944,time_stop,90.72000002861023,0.12999999999988177,-0.2699999999999818,0.2899999999999636,558.0899999999504,2024-01-22 09:40:09.325000048,2024-01-22 09:41:40.045000076,2024-01-22,2024-01,2024,9,Monday,True
1705916662.243,1705916668.73,1,2021.575,2021.145,-0.5050000000000636,stop_loss,6.486999988555908,0.0,-0.43000000000006366,0.2999999999999545,557.5849999999502,2024-01-22 09:44:22.243000031,2024-01-22 09:44:28.730000019,2024-01-22,2024-01,2024,9,Monday,False
1705916726.313,1705916734.67,-1,2021.205,2021.785,-0.6550000000001546,stop_loss,8.35700011253357,0.0,-0.5800000000001546,0.2899999999999636,556.92999999995,2024-01-22 09:45:26.312999964,2024-01-22 09:45:34.670000076,2024-01-22,2024-01,2024,9,Monday,False
1705917755.775,1705917844.319,1,2021.685,2021.945,0.1849999999999909,trail,88.54399991035461,0.5900000000001455,-0.2999999999999545,0.2899999999999636,557.11499999995,2024-01-22 10:02:35.775000095,2024-01-22 10:04:04.319000006,2024-01-22,2024-01,2024,10,Monday,True
1705917953.011,1705918059.049,1,2021.795,2022.045,0.175,time_stop,106.03800010681152,0.2799999999999727,-0.3100000000001728,0.2899999999999636,557.2899999999499,2024-01-22 10:05:53.010999918,2024-01-22 10:07:39.049000025,2024-01-22,2024-01,2024,10,Monday,True
1705918563.223,1705918604.487,-1,2022.885,2023.165,-0.3549999999999727,flow_flip,41.263999938964844,0.0,-0.2999999999999545,0.2899999999999636,556.9349999999499,2024-01-22 10:16:03.223000050,2024-01-22 10:16:44.486999989,2024-01-22,2024-01,2024,10,Monday,False
1705918686.368,1705918700.675,-1,2022.155,2022.575,-0.49500000000007277,flow_flip,14.306999921798706,0.0,-0.42000000000007276,0.2999999999999545,556.4399999999498,2024-01-22 10:18:06.368000031,2024-01-22 10:18:20.674999952,2024-01-22,2024-01,2024,10,Monday,False
1705918717.178,1705918793.65,1,2022.915,2022.965,-0.02500000000004548,flow_flip,76.47200012207031,0.22000000000002728,-0.31999999999993634,0.2999999999999545,556.4149999999497,2024-01-22 10:18:37.177999973,2024-01-22 10:19:53.650000095,2024-01-22,2024-01,2024,10,Monday,False
1705918978.282,1705919068.448,1,2023.835,2024.015,0.10500000000006365,time_stop,90.16599988937378,0.2899999999999636,-0.36000000000012733,0.25,556.5199999999497,2024-01-22 10:22:58.282000065,2024-01-22 10:24:28.447999954,2024-01-22,2024-01,2024,10,Monday,True
1705919431.031,1705919460.342,1,2024.165,2024.185,-0.0550000000000182,flow_flip,29.311000108718872,0.25,-0.30999999999994543,0.32999999999992724,556.4649999999497,2024-01-22 10:30:31.030999899,2024-01-22 10:31:00.342000008,2024-01-22,2024-01,2024,10,Monday,False
1705920556.967,1705920641.319,1,2024.265,2024.285,-0.0550000000000182,flow_flip,84.35199999809265,0.1999999999998181,-0.37000000000011823,0.3200000000001637,556.4099999999496,2024-01-22 10:49:16.967000008,2024-01-22 10:50:41.319000006,2024-01-22,2024-01,2024,10,Monday,False
1705920671.226,1705920677.874,-1,2023.965,2024.565,-0.6750000000001364,flow_flip,6.648000001907349,0.0,-0.6000000000001364,0.3000000000001819,555.7349999999494,2024-01-22 10:51:11.226000071,2024-01-22 10:51:17.874000072,2024-01-22,2024-01,2024,10,Monday,False
1705920772.479,1705920817.413,-1,2023.815,2024.035,-0.2950000000000273,flow_flip,44.93400001525879,0.0,-0.31999999999993634,0.30999999999994543,555.4399999999494,2024-01-22 10:52:52.479000092,2024-01-22 10:53:37.413000107,2024-01-22,2024-01,2024,10,Monday,False
1705920927.704,1705921017.733,-1,2023.395,2022.755,0.5649999999998727,time_stop,90.02900004386902,0.6399999999998727,-0.32999999999992724,0.34999999999990905,556.0049999999492,2024-01-22 10:55:27.703999996,2024-01-22 10:56:57.733000040,2024-01-22,2024-01,2024,10,Monday,True
1705921097.8,1705921128.077,-1,2022.565,2023.185,-0.6949999999998908,stop_loss,30.276999950408936,0.0,-0.6199999999998909,0.33999999999991815,555.3099999999492,2024-01-22 10:58:17.799999952,2024-01-22 10:58:48.076999903,2024-01-22,2024-01,2024,10,Monday,False
1705921372.853,1705921420.075,-1,2022.675,2022.705,-0.10499999999997273,flow_flip,47.22200012207031,0.08999999999991815,-0.30999999999994543,0.2899999999999636,555.2049999999492,2024-01-22 11:02:52.852999926,2024-01-22 11:03:40.075000048,2024-01-22,2024-01,2024,11,Monday,False
1705921511.044,1705921535.238,1,2023.255,2022.985,-0.3450000000002092,flow_flip,24.194000005722046,0.0,-0.3300000000001546,0.3500000000001364,554.859999999949,2024-01-22 11:05:11.043999910,2024-01-22 11:05:35.237999916,2024-01-22,2024-01,2024,11,Monday,False
1705922073.565,1705922090.068,1,2023.315,2023.125,-0.2650000000000546,flow_flip,16.503000020980835,0.009999999999990905,-0.38000000000010914,0.2899999999999636,554.5949999999489,2024-01-22 11:14:33.565000057,2024-01-22 11:14:50.068000078,2024-01-22,2024-01,2024,11,Monday,False
1705922269.517,1705922320.922,1,2024.075,2023.795,-0.3549999999999727,flow_flip,51.40499997138977,0.36999999999989086,-0.3300000000001546,0.3300000000001546,554.2399999999489,2024-01-22 11:17:49.516999960,2024-01-22 11:18:40.921999931,2024-01-22,2024-01,2024,11,Monday,False
1705922463.274,1705922481.791,-1,2023.395,2023.755,-0.43500000000012734,flow_flip,18.51699995994568,0.0,-0.36000000000012733,0.30999999999994543,553.8049999999487,2024-01-22 11:21:03.273999929,2024-01-22 11:21:21.790999889,2024-01-22,2024-01,2024,11,Monday,False
1705923565.669,1705923627.019,1,2025.885,2025.345,-0.6149999999999636,flow_flip,61.35000014305115,0.0,-0.5399999999999636,0.2999999999999545,553.1899999999487,2024-01-22 11:39:25.668999910,2024-01-22 11:40:27.019000053,2024-01-22,2024-01,2024,11,Monday,False
1705924500.697,1705924515.43,-1,2025.498,2025.905,-0.48199999999992543,stop_loss,14.733000040054321,0.0,-0.4069999999999254,0.29700000000002547,552.7079999999487,2024-01-22 11:55:00.697000027,2024-01-22 11:55:15.430000067,2024-01-22,2024-01,2024,11,Monday,False
1705925181.18,1705925181.332,1,2027.515,2027.125,-0.46500000000010006,stop_loss,0.15199995040893555,0.0,-0.39000000000010004,0.30700000000001637,552.2429999999486,2024-01-22 12:06:21.180000067,2024-01-22 12:06:21.332000017,2024-01-22,2024-01,2024,12,Monday,False
1705925275.838,1705925295.36,-1,2025.445,2025.945,-0.575,flow_flip,19.521999835968018,0.0,-0.5,0.3100000000001728,551.6679999999485,2024-01-22 12:07:55.838000059,2024-01-22 12:08:15.359999895,2024-01-22,2024-01,2024,12,Monday,False
1705925534.243,1705925538.674,1,2026.182,2025.705,-0.5520000000000891,stop_loss,4.430999994277954,0.0,-0.47700000000008913,0.34699999999998,551.1159999999484,2024-01-22 12:12:14.243000031,2024-01-22 12:12:18.674000025,2024-01-22,2024-01,2024,12,Monday,False
1705925773.319,1705925789.472,1,2027.392,2026.945,-0.5220000000001164,stop_loss,16.152999877929688,0.0,-0.4470000000001164,0.3369999999999891,550.5939999999482,2024-01-22 12:16:13.319000006,2024-01-22 12:16:29.471999884,2024-01-22,2024-01,2024,12,Monday,False
1705929599.084,1705929600.046,1,2025.155,2024.595,-0.6349999999999454,stop_loss,0.9619998931884766,0.0,-0.5599999999999454,0.38999999999987267,549.9589999999482,2024-01-22 13:19:59.084000111,2024-01-22 13:20:00.046000004,2024-01-22,2024-01,2024,13,Monday,False
1705929791.534,1705929800.888,1,2026.295,2025.905,-0.46500000000010006,flow_flip,9.354000091552734,0.0,-0.39000000000010004,0.3500000000001364,549.4939999999481,2024-01-22 13:23:11.533999919,2024-01-22 13:23:20.888000011,2024-01-22,2024-01,2024,13,Monday,False
1705929814.89,1705929825.189,1,2026.795,2026.315,-0.5550000000000181,stop_loss,10.298999786376953,0.0,-0.4800000000000182,0.3400000000001455,548.938999999948,2024-01-22 13:23:34.890000105,2024-01-22 13:23:45.188999891,2024-01-22,2024-01,2024,13,Monday,False
1705930319.878,1705930319.98,-1,2023.125,2023.572,-0.521999999999889,stop_loss,0.10199999809265137,0.0,-0.44699999999988904,0.29700000000002547,548.4169999999481,2024-01-22 13:31:59.878000021,2024-01-22 13:31:59.980000019,2024-01-22,2024-01,2024,13,Monday,False
1705930468.681,1705930471.255,-1,2022.595,2023.135,-0.6149999999999636,stop_loss,2.574000120162964,0.0,-0.5399999999999636,0.33999999999991815,547.8019999999481,2024-01-22 13:34:28.680999994,2024-01-22 13:34:31.255000114,2024-01-22,2024-01,2024,13,Monday,False
1705931134.365,1705931134.619,-1,2022.565,2022.955,-0.4649999999998727,stop_loss,0.2539999485015869,0.0,-0.38999999999987267,0.2400000000000091,547.3369999999481,2024-01-22 13:45:34.365000010,2024-01-22 13:45:34.618999958,2024-01-22,2024-01,2024,13,Monday,False
1705931415.485,1705931416.398,1,2023.035,2022.465,-0.6450000000001637,stop_loss,0.9130001068115234,0.0,-0.5700000000001637,0.37000000000011823,546.6919999999479,2024-01-22 13:50:15.484999895,2024-01-22 13:50:16.398000002,2024-01-22,2024-01,2024,13,Monday,False
1705993200.685,1705993206.5,1,2035.735,2035.155,-0.6549999999999272,stop_loss,5.815000057220459,0.0,-0.5799999999999272,0.32999999999992724,546.036999999948,2024-01-23 07:00:00.684999943,2024-01-23 07:00:06.500000000,2024-01-23,2024-01,2024,7,Tuesday,False
1705993379.038,1705993381.009,-1,2035.715,2036.155,-0.5150000000000545,stop_loss,1.9709999561309814,0.0,-0.44000000000005457,0.2599999999999909,545.5219999999479,2024-01-23 07:02:59.038000107,2024-01-23 07:03:01.009000063,2024-01-23,2024-01,2024,7,Tuesday,False
1705993399.624,1705993411.893,-1,2035.355,2035.525,-0.24500000000007277,trail,12.268999814987183,0.33999999999991815,-0.31999999999993634,0.2999999999999545,545.2769999999477,2024-01-23 07:03:19.624000072,2024-01-23 07:03:31.892999887,2024-01-23,2024-01,2024,7,Tuesday,False
1705993746.9,1705993749.024,-1,2035.965,2036.376,-0.4860000000000582,stop_loss,2.123999834060669,0.0,-0.4110000000000582,0.25,544.7909999999476,2024-01-23 07:09:06.900000095,2024-01-23 07:09:09.023999929,2024-01-23,2024-01,2024,7,Tuesday,False
1705993766.27,1705993847.221,-1,2035.175,2034.805,0.29499999999989085,flow_flip,80.95099997520447,0.4800000000000182,-0.3400000000001455,0.31999999999993634,545.0859999999475,2024-01-23 07:09:26.269999981,2024-01-23 07:10:47.220999956,2024-01-23,2024-01,2024,7,Tuesday,True
1705994102.765,1705994112.554,-1,2033.385,2033.935,-0.6249999999999545,stop_loss,9.788999795913696,0.0,-0.5499999999999545,0.31999999999993634,544.4609999999475,2024-01-23 07:15:02.765000105,2024-01-23 07:15:12.553999901,2024-01-23,2024-01,2024,7,Tuesday,False
1705994426.93,1705994427.488,-1,2031.255,2031.655,-0.4749999999998636,stop_loss,0.557999849319458,0.0,-0.3999999999998636,0.2999999999999545,543.9859999999476,2024-01-23 07:20:26.930000067,2024-01-23 07:20:27.487999916,2024-01-23,2024-01,2024,7,Tuesday,False
1705994884.971,1705994911.447,-1,2028.145,2028.265,-0.19500000000011825,flow_flip,26.4760000705719,0.17000000000007276,-0.42000000000007276,0.38000000000010914,543.7909999999474,2024-01-23 07:28:04.970999956,2024-01-23 07:28:31.447000027,2024-01-23,2024-01,2024,7,Tuesday,False
1705994925.345,1705994926.257,1,2028.995,2028.495,-0.575,stop_loss,0.9119999408721924,0.0,-0.5,0.31999999999993634,543.2159999999474,2024-01-23 07:28:45.345000029,2024-01-23 07:28:46.256999969,2024-01-23,2024-01,2024,7,Tuesday,False
1705994936.369,1705994978.546,1,2029.336,2029.235,-0.1760000000001128,flow_flip,42.17700004577637,0.1089999999999236,-0.4010000000000673,0.29099999999994,543.0399999999472,2024-01-23 07:28:56.368999958,2024-01-23 07:29:38.546000004,2024-01-23,2024-01,2024,7,Tuesday,False
1705996872.167,1705996898.306,-1,2030.525,2030.805,-0.3549999999999727,flow_flip,26.138999938964844,0.0,-0.35999999999989996,0.31999999999993634,542.6849999999472,2024-01-23 08:01:12.167000055,2024-01-23 08:01:38.305999994,2024-01-23,2024-01,2024,8,Tuesday,False
1705996962.426,1705996972.049,-1,2030.135,2030.615,-0.5550000000000181,stop_loss,9.622999906539917,0.0,-0.4800000000000182,0.33999999999991815,542.1299999999471,2024-01-23 08:02:42.426000118,2024-01-23 08:02:52.049000025,2024-01-23,2024-01,2024,8,Tuesday,False
1705996980.624,1705996994.273,-1,2029.845,2030.155,-0.38499999999994544,flow_flip,13.6489999294281,0.0,-0.32999999999992724,0.34999999999990905,541.7449999999471,2024-01-23 08:03:00.624000072,2024-01-23 08:03:14.273000002,2024-01-23,2024-01,2024,8,Tuesday,False
1705997909.075,1705997978.519,-1,2030.215,2029.942,0.19799999999991086,trail,69.44400000572205,0.4700000000000273,-0.3500000000001364,0.3500000000001364,541.942999999947,2024-01-23 08:18:29.075000048,2024-01-23 08:19:38.519000052,2024-01-23,2024-01,2024,8,Tuesday,True
1705998199.336,1705998203.931,-1,2028.645,2029.055,-0.48500000000008187,stop_loss,4.5950000286102295,0.0,-0.41000000000008185,0.30999999999994543,541.4579999999469,2024-01-23 08:23:19.335999966,2024-01-23 08:23:23.930999994,2024-01-23,2024-01,2024,8,Tuesday,False
1705998225.58,1705998253.554,1,2029.496,2029.685,0.11399999999985083,trail,27.973999977111816,0.3589999999999236,-0.23099999999999454,0.28100000000017644,541.5719999999467,2024-01-23 08:23:45.579999924,2024-01-23 08:24:13.553999901,2024-01-23,2024-01,2024,8,Tuesday,True
1705999278.515,1705999320.86,1,2028.355,2028.255,-0.17499999999990906,flow_flip,42.34499979019165,0.08999999999991815,-0.43000000000006366,0.32999999999992724,541.3969999999467,2024-01-23 08:41:18.515000105,2024-01-23 08:42:00.859999895,2024-01-23,2024-01,2024,8,Tuesday,False
1705999662.415,1705999748.5,-1,2029.775,2029.902,-0.20199999999995272,flow_flip,86.08500003814697,0.0,-0.3269999999999982,0.3269999999999982,541.1949999999467,2024-01-23 08:47:42.414999962,2024-01-23 08:49:08.500000000,2024-01-23,2024-01,2024,8,Tuesday,False
1705999999.291,1706000029.198,1,2029.102,2028.785,-0.3920000000000073,flow_flip,29.907000064849854,0.0,-0.3170000000000073,0.26700000000005275,540.8029999999467,2024-01-23 08:53:19.290999889,2024-01-23 08:53:49.197999954,2024-01-23,2024-01,2024,8,Tuesday,False
1706000676.522,1706000680.632,1,2029.135,2028.735,-0.47500000000009096,stop_loss,4.109999895095825,0.0,-0.40000000000009095,0.30999999999994543,540.3279999999465,2024-01-23 09:04:36.522000074,2024-01-23 09:04:40.631999969,2024-01-23,2024-01,2024,9,Tuesday,False
1706000905.022,1706000921.756,1,2028.295,2027.815,-0.5550000000000181,stop_loss,16.733999967575073,0.0,-0.4800000000000182,0.2899999999999636,539.7729999999465,2024-01-23 09:08:25.022000074,2024-01-23 09:08:41.756000042,2024-01-23,2024-01,2024,9,Tuesday,False
1706001066.593,1706001085.641,1,2028.935,2028.455,-0.5550000000000181,stop_loss,19.04800009727478,0.0,-0.4800000000000182,0.2899999999999636,539.2179999999464,2024-01-23 09:11:06.592999935,2024-01-23 09:11:25.641000032,2024-01-23,2024-01,2024,9,Tuesday,False
1706001261.301,1706001288.241,1,2029.535,2029.295,-0.3150000000000091,flow_flip,26.93999981880188,0.03999999999996362,-0.3200000000001637,0.3100000000001728,538.9029999999464,2024-01-23 09:14:21.301000118,2024-01-23 09:14:48.240999937,2024-01-23,2024-01,2024,9,Tuesday,False
1706001310.964,1706001312.786,-1,2028.785,2029.215,-0.5049999999998362,stop_loss,1.8220000267028809,0.0,-0.4299999999998363,0.30999999999994543,538.3979999999465,2024-01-23 09:15:10.963999987,2024-01-23 09:15:12.786000013,2024-01-23,2024-01,2024,9,Tuesday,False
1706002691.162,1706002758.585,-1,2029.498,2029.105,0.3180000000000291,flow_flip,67.42300009727478,0.54300000000012,-0.3170000000000073,0.3369999999999891,538.7159999999465,2024-01-23 09:38:11.161999941,2024-01-23 09:39:18.585000038,2024-01-23,2024-01,2024,9,Tuesday,True
1706002873.236,1706002885.305,-1,2028.725,2029.215,-0.565000000000009,stop_loss,12.069000005722046,0.0,-0.4900000000000091,0.29700000000002547,538.1509999999464,2024-01-23 09:41:13.236000061,2024-01-23 09:41:25.305000067,2024-01-23,2024-01,2024,9,Tuesday,False
1706002894.372,1706002908.798,1,2029.315,2029.185,-0.20500000000010915,flow_flip,14.426000118255615,0.0,-0.2899999999999636,0.2899999999999636,537.9459999999463,2024-01-23 09:41:34.371999979,2024-01-23 09:41:48.798000097,2024-01-23,2024-01,2024,9,Tuesday,False
1706004406.126,1706004442.509,1,2026.655,2026.455,-0.2750000000000455,flow_flip,36.38300013542175,0.17000000000007276,-0.35999999999989996,0.34999999999990905,537.6709999999462,2024-01-23 10:06:46.125999928,2024-01-23 10:07:22.509000063,2024-01-23,2024-01,2024,10,Tuesday,False
1706004520.827,1706004542.654,1,2027.525,2027.725,0.12499999999981809,trail,21.8270001411438,0.37999999999988177,-0.3300000000001546,0.2699999999999818,537.7959999999459,2024-01-23 10:08:40.826999903,2024-01-23 10:09:02.654000044,2024-01-23,2024-01,2024,10,Tuesday,True
1706005620.799,1706005674.449,-1,2026.175,2026.465,-0.36499999999996363,flow_flip,53.64999985694885,0.0,-0.36000000000012733,0.3170000000000073,537.4309999999459,2024-01-23 10:27:00.799000025,2024-01-23 10:27:54.448999882,2024-01-23,2024-01,2024,10,Tuesday,False
1706005862.569,1706005882.463,-1,2026.445,2026.705,-0.3349999999999909,flow_flip,19.89400005340576,0.0,-0.5199999999999818,0.3970000000001619,537.0959999999459,2024-01-23 10:31:02.569000006,2024-01-23 10:31:22.463000059,2024-01-23,2024-01,2024,10,Tuesday,False
1706006780.358,1706006799.626,-1,2025.275,2025.855,-0.6549999999999272,flow_flip,19.26799988746643,0.0,-0.5799999999999272,0.32999999999992724,536.4409999999459,2024-01-23 10:46:20.358000040,2024-01-23 10:46:39.625999928,2024-01-23,2024-01,2024,10,Tuesday,False
1706007045.106,1706007053.864,-1,2024.765,2025.335,-0.6449999999999363,stop_loss,8.758000135421753,0.0,-0.5699999999999363,0.33999999999991815,535.7959999999459,2024-01-23 10:50:45.105999947,2024-01-23 10:50:53.864000082,2024-01-23,2024-01,2024,10,Tuesday,False
1706007619.004,1706007691.933,-1,2024.585,2024.075,0.4349999999999909,trail,72.92900013923645,0.7400000000000091,-0.4900000000000091,0.30999999999994543,536.2309999999459,2024-01-23 11:00:19.003999949,2024-01-23 11:01:31.933000088,2024-01-23,2024-01,2024,11,Tuesday,True
1706007715.189,1706007770.74,1,2024.325,2024.515,0.11500000000005456,flow_flip,55.551000118255615,0.2999999999999545,-0.42000000000007276,0.3300000000001546,536.3459999999459,2024-01-23 11:01:55.188999891,2024-01-23 11:02:50.740000010,2024-01-23,2024-01,2024,11,Tuesday,True
1706007856.073,1706007864.565,-1,2024.375,2024.955,-0.6549999999999272,flow_flip,8.492000102996826,0.0,-0.5799999999999272,0.33999999999991815,535.6909999999459,2024-01-23 11:04:16.072999954,2024-01-23 11:04:24.565000057,2024-01-23,2024-01,2024,11,Tuesday,False
1706007914.664,1706008005.497,-1,2024.315,2024.295,-0.0550000000000182,time_stop,90.83299994468689,0.029999999999972715,-0.4199999999998454,0.32999999999992724,535.6359999999459,2024-01-23 11:05:14.664000034,2024-01-23 11:06:45.496999979,2024-01-23,2024-01,2024,11,Tuesday,False
1706008050.18,1706008140.393,1,2024.625,2024.725,0.02499999999990904,time_stop,90.21299982070923,0.19299999999998363,-0.31999999999993634,0.33999999999991815,535.6609999999457,2024-01-23 11:07:30.180000067,2024-01-23 11:09:00.392999887,2024-01-23,2024-01,2024,11,Tuesday,True
1706008484.335,1706008501.672,1,2026.255,2025.875,-0.45500000000010915,flow_flip,17.336999893188477,0.0,-0.40000000000009095,0.3100000000001728,535.2059999999456,2024-01-23 11:14:44.335000038,2024-01-23 11:15:01.671999931,2024-01-23,2024-01,2024,11,Tuesday,False
1706009242.655,1706009278.23,-1,2022.385,2022.815,-0.5050000000000636,flow_flip,35.575000047683716,0.0,-0.43000000000006366,0.33999999999991815,534.7009999999455,2024-01-23 11:27:22.654999971,2024-01-23 11:27:58.230000019,2024-01-23,2024-01,2024,11,Tuesday,False
1706009776.581,1706009791.83,-1,2022.425,2022.935,-0.5849999999999909,stop_loss,15.248999834060669,0.0,-0.5099999999999909,0.3400000000001455,534.1159999999454,2024-01-23 11:36:16.581000090,2024-01-23 11:36:31.829999924,2024-01-23,2024-01,2024,11,Tuesday,False
1706009814.674,1706009854.996,1,2023.615,2023.405,-0.2850000000000364,flow_flip,40.32200002670288,0.0,-0.34999999999990905,0.34999999999990905,533.8309999999453,2024-01-23 11:36:54.674000025,2024-01-23 11:37:34.996000051,2024-01-23,2024-01,2024,11,Tuesday,False
1706010252.645,1706010276.04,1,2023.316,2022.735,-0.6560000000001309,flow_flip,23.394999980926514,0.0,-0.581000000000131,0.3009999999999309,533.1749999999452,2024-01-23 11:44:12.644999981,2024-01-23 11:44:36.039999962,2024-01-23,2024-01,2024,11,Tuesday,False
1706010296.565,1706010303.769,1,2023.615,2023.205,-0.48500000000008187,stop_loss,7.203999996185303,0.0,-0.41000000000008185,0.2999999999999545,532.689999999945,2024-01-23 11:44:56.565000057,2024-01-23 11:45:03.769000053,2024-01-23,2024-01,2024,11,Tuesday,False
1706010726.53,1706010756.564,-1,2023.305,2023.615,-0.38499999999994544,flow_flip,30.033999919891357,0.0,-0.34999999999990905,0.32999999999992724,532.304999999945,2024-01-23 11:52:06.529999970,2024-01-23 11:52:36.563999891,2024-01-23,2024-01,2024,11,Tuesday,False
1706011801.39,1706011838.043,-1,2024.095,2024.215,-0.19499999999989087,flow_flip,36.65299987792969,0.03999999999996362,-0.35999999999989996,0.32999999999992724,532.1099999999451,2024-01-23 12:10:01.390000105,2024-01-23 12:10:38.042999983,2024-01-23,2024-01,2024,12,Tuesday,False
1706012135.104,1706012143.072,-1,2024.645,2025.115,-0.5450000000000272,stop_loss,7.9679999351501465,0.0,-0.4700000000000273,0.2999999999999545,531.564999999945,2024-01-23 12:15:35.104000092,2024-01-23 12:15:43.072000027,2024-01-23,2024-01,2024,12,Tuesday,False
1706012325.789,1706012399.163,-1,2024.425,2024.775,-0.42500000000013644,flow_flip,73.37400007247925,0.0,-0.3500000000001364,0.2699999999999818,531.1399999999448,2024-01-23 12:18:45.789000034,2024-01-23 12:19:59.163000107,2024-01-23,2024-01,2024,12,Tuesday,False
1706012438.065,1706012448.759,-1,2024.135,2024.595,-0.5350000000000363,stop_loss,10.694000005722046,0.0,-0.4600000000000364,0.33999999999991815,530.6049999999448,2024-01-23 12:20:38.065000057,2024-01-23 12:20:48.759000063,2024-01-23,2024-01,2024,12,Tuesday,False
1706014225.916,1706014240.367,-1,2024.635,2024.875,-0.3150000000000091,flow_flip,14.451000213623047,0.0,-0.41000000000008185,0.33999999999991815,530.2899999999447,2024-01-23 12:50:25.915999889,2024-01-23 12:50:40.367000103,2024-01-23,2024-01,2024,12,Tuesday,False
1706014460.628,1706014540.236,1,2026.495,2026.685,0.11500000000005456,flow_flip,79.60800004005432,0.39000000000010004,-0.459999999999809,0.33999999999991815,530.4049999999447,2024-01-23 12:54:20.628000021,2024-01-23 12:55:40.236000061,2024-01-23,2024-01,2024,12,Tuesday,True
1706014801.038,1706014823.808,1,2026.355,2026.708,0.2780000000000655,trail,22.769999980926514,0.5529999999998836,-0.42699999999990723,0.3269999999999982,530.6829999999447,2024-01-23 13:00:01.038000107,2024-01-23 13:00:23.808000088,2024-01-23,2024-01,2024,13,Tuesday,True
1706014843.51,1706014852.753,1,2027.275,2026.885,-0.46500000000010006,stop_loss,9.243000030517578,0.0,-0.39000000000010004,0.29700000000002547,530.2179999999446,2024-01-23 13:00:43.509999989,2024-01-23 13:00:52.753000021,2024-01-23,2024-01,2024,13,Tuesday,False
1706014932.436,1706014943.078,-1,2026.735,2027.175,-0.5150000000000545,flow_flip,10.641999959945679,0.0,-0.44000000000005457,0.3400000000001455,529.7029999999445,2024-01-23 13:02:12.436000109,2024-01-23 13:02:23.078000069,2024-01-23,2024-01,2024,13,Tuesday,False
1706015203.873,1706015206.743,1,2027.015,2026.565,-0.5250000000000454,stop_loss,2.870000123977661,0.0,-0.4500000000000455,0.3500000000001364,529.1779999999444,2024-01-23 13:06:43.872999907,2024-01-23 13:06:46.743000031,2024-01-23,2024-01,2024,13,Tuesday,False
1706015883.207,1706015901.785,-1,2026.505,2026.885,-0.4549999999998818,flow_flip,18.57800006866455,0.0,-0.4399999999998272,0.33999999999991815,528.7229999999445,2024-01-23 13:18:03.207000017,2024-01-23 13:18:21.785000086,2024-01-23,2024-01,2024,13,Tuesday,False
1706016064.422,1706016081.008,-1,2027.395,2027.745,-0.42499999999990906,flow_flip,16.585999965667725,0.0,-0.4900000000000091,0.31999999999993634,528.2979999999445,2024-01-23 13:21:04.421999931,2024-01-23 13:21:21.007999897,2024-01-23,2024-01,2024,13,Tuesday,False
1706016481.329,1706016517.953,1,2027.625,2027.895,0.1949999999999818,trail,36.62400007247925,0.599999999999909,-0.33999999999991815,0.33999999999991815,528.4929999999445,2024-01-23 13:28:01.328999996,2024-01-23 13:28:37.953000069,2024-01-23,2024-01,2024,13,Tuesday,True
1706016554.85,1706016645.476,-1,2028.328,2028.075,0.17799999999992905,time_stop,90.62600016593933,0.25299999999992906,-0.34699999999998,0.3170000000000073,528.6709999999443,2024-01-23 13:29:14.849999905,2024-01-23 13:30:45.476000071,2024-01-23,2024-01,2024,13,Tuesday,True
1706016710.897,1706016729.292,-1,2027.378,2026.735,0.5680000000000291,take_profit,18.394999980926514,0.6430000000000291,-0.3770000000001801,0.3269999999999982,529.2389999999443,2024-01-23 13:31:50.897000074,2024-01-23 13:32:09.292000055,2024-01-23,2024-01,2024,13,Tuesday,True
1706018130.253,1706018155.161,-1,2024.665,2024.185,0.4050000000000182,trail,24.907999992370605,0.7529999999999291,-0.36000000000012733,0.3400000000001455,529.6439999999443,2024-01-23 13:55:30.253000021,2024-01-23 13:55:55.161000013,2024-01-23,2024-01,2024,13,Tuesday,True
1706018707.762,1706018753.001,-1,2024.744,2024.895,-0.2260000000000673,flow_flip,45.23899984359741,0.05899999999996908,-0.4210000000000491,0.30100000000015825,529.4179999999442,2024-01-23 14:05:07.762000084,2024-01-23 14:05:53.000999928,2024-01-23,2024-01,2024,14,Tuesday,False
1706019020.721,1706019036.133,1,2023.895,2023.425,-0.5450000000000272,stop_loss,15.411999940872192,0.0,-0.4700000000000273,0.32999999999992724,528.8729999999441,2024-01-23 14:10:20.720999956,2024-01-23 14:10:36.132999897,2024-01-23,2024-01,2024,14,Tuesday,False
1706020230.466,1706020236.763,1,2023.455,2023.005,-0.5249999999998181,stop_loss,6.296999931335449,0.0,-0.4499999999998181,0.33999999999991815,528.3479999999442,2024-01-23 14:30:30.466000080,2024-01-23 14:30:36.763000011,2024-01-23,2024-01,2024,14,Tuesday,False
1706020258.813,1706020265.193,1,2024.285,2023.838,-0.5220000000001164,flow_flip,6.380000114440918,0.0,-0.4470000000001164,0.3300000000001546,527.8259999999441,2024-01-23 14:30:58.812999964,2024-01-23 14:31:05.193000078,2024-01-23,2024-01,2024,14,Tuesday,False
1706020273.315,1706020273.67,-1,2023.455,2023.935,-0.5550000000000181,stop_loss,0.35500001907348633,0.0,-0.4800000000000182,0.3200000000001637,527.270999999944,2024-01-23 14:31:13.315000057,2024-01-23 14:31:13.670000076,2024-01-23,2024-01,2024,14,Tuesday,False
1706020289.615,1706020293.228,-1,2023.425,2023.865,-0.5150000000000545,stop_loss,3.61299991607666,0.0,-0.44000000000005457,0.31999999999993634,526.7559999999439,2024-01-23 14:31:29.615000010,2024-01-23 14:31:33.227999926,2024-01-23,2024-01,2024,14,Tuesday,False
1706020373.625,1706020417.54,-1,2022.785,2022.605,0.10500000000006365,flow_flip,43.91499996185303,0.41000000000008185,-0.4099999999998545,0.32999999999992724,526.8609999999439,2024-01-23 14:32:53.625000000,2024-01-23 14:33:37.539999962,2024-01-23,2024-01,2024,14,Tuesday,True
1706020503.358,1706020522.368,-1,2022.314,2021.905,0.3340000000001055,trail,19.009999990463257,0.6890000000000782,-0.29099999999994,0.29099999999994,527.194999999944,2024-01-23 14:35:03.358000040,2024-01-23 14:35:22.368000031,2024-01-23,2024-01,2024,14,Tuesday,True
1706020553.024,1706020607.873,1,2023.135,2022.985,-0.22500000000009096,flow_flip,54.848999977111816,0.17000000000007276,-0.33999999999991815,0.31999999999993634,526.9699999999439,2024-01-23 14:35:53.023999929,2024-01-23 14:36:47.872999907,2024-01-23,2024-01,2024,14,Tuesday,False
1706020691.347,1706020718.714,1,2024.802,2024.905,0.028000000000065473,trail,27.367000102996826,0.4130000000000109,-0.48699999999985266,0.34699999999998,526.9979999999439,2024-01-23 14:38:11.346999884,2024-01-23 14:38:38.713999987,2024-01-23,2024-01,2024,14,Tuesday,True
1706020800.637,1706020841.969,-1,2023.775,2022.885,0.8150000000001001,take_profit,41.33200001716614,0.8900000000001,-0.4099999999998545,0.33999999999991815,527.8129999999439,2024-01-23 14:40:00.637000084,2024-01-23 14:40:41.969000101,2024-01-23,2024-01,2024,14,Tuesday,True
1706020850.211,1706020883.513,-1,2021.988,2022.016,-0.10300000000002002,flow_flip,33.30200004577637,0.18299999999999272,-0.3969999999999345,0.30700000000001637,527.7099999999439,2024-01-23 14:40:50.210999966,2024-01-23 14:41:23.513000011,2024-01-23,2024-01,2024,14,Tuesday,False
1706021048.444,1706021100.963,-1,2023.715,2023.945,-0.3050000000000182,flow_flip,52.51900005340576,0.1999999999998181,-0.2300000000000182,0.2400000000000091,527.4049999999438,2024-01-23 14:44:08.444000006,2024-01-23 14:45:00.963000059,2024-01-23,2024-01,2024,14,Tuesday,False
1706022290.479,1706022290.732,1,2024.265,2023.825,-0.5150000000000545,stop_loss,0.25300002098083496,0.0,-0.44000000000005457,0.3300000000001546,526.8899999999437,2024-01-23 15:04:50.479000092,2024-01-23 15:04:50.732000113,2024-01-23,2024-01,2024,15,Tuesday,False
1706022451.194,1706022465.674,1,2026.435,2026.005,-0.5049999999998362,stop_loss,14.480000019073486,0.013000000000147338,-0.4299999999998363,0.31999999999993634,526.3849999999438,2024-01-23 15:07:31.194000006,2024-01-23 15:07:45.674000025,2024-01-23,2024-01,2024,15,Tuesday,False
1706023241.169,1706023241.876,1,2025.895,2025.434,-0.5360000000000127,stop_loss,0.7070000171661377,0.0,-0.46100000000001273,0.32999999999992724,525.8489999999438,2024-01-23 15:20:41.168999910,2024-01-23 15:20:41.875999928,2024-01-23,2024-01,2024,15,Tuesday,False
1706024709.667,1706024750.479,1,2025.155,2024.795,-0.43499999999989997,flow_flip,40.812000036239624,0.0,-0.5299999999999727,0.32999999999992724,525.4139999999438,2024-01-23 15:45:09.667000055,2024-01-23 15:45:50.479000092,2024-01-23,2024-01,2024,15,Tuesday,False
1706024769.529,1706024796.706,1,2025.765,2025.215,-0.6250000000001819,stop_loss,27.177000045776367,0.0,-0.5500000000001819,0.3300000000001546,524.7889999999436,2024-01-23 15:46:09.529000044,2024-01-23 15:46:36.706000090,2024-01-23,2024-01,2024,15,Tuesday,False
1706079928.042,1706079938.218,1,2027.755,2027.065,-0.7650000000000545,flow_flip,10.175999879837036,0.0,-0.6900000000000546,0.3400000000001455,524.0239999999435,2024-01-24 07:05:28.042000055,2024-01-24 07:05:38.217999935,2024-01-24,2024-01,2024,7,Wednesday,False
1706080559.306,1706080595.577,-1,2027.375,2027.355,-0.0550000000000182,flow_flip,36.270999908447266,0.11999999999989086,-0.2300000000000182,0.30999999999994543,523.9689999999434,2024-01-24 07:15:59.305999994,2024-01-24 07:16:35.576999903,2024-01-24,2024-01,2024,7,Wednesday,False
1706081973.591,1706082021.23,-1,2029.295,2029.245,-0.024999999999818105,flow_flip,47.638999938964844,0.3400000000001455,-0.30999999999994543,0.34999999999990905,523.9439999999436,2024-01-24 07:39:33.591000080,2024-01-24 07:40:21.230000019,2024-01-24,2024-01,2024,7,Wednesday,False
1706082217.885,1706082235.959,1,2030.075,2029.528,-0.6220000000000254,flow_flip,18.074000120162964,0.0,-0.6269999999999527,0.30999999999994543,523.3219999999435,2024-01-24 07:43:37.884999990,2024-01-24 07:43:55.959000111,2024-01-24,2024-01,2024,7,Wednesday,False
1706082275.926,1706082280.271,1,2031.205,2030.705,-0.575,stop_loss,4.34499979019165,0.0,-0.5,0.33999999999991815,522.7469999999435,2024-01-24 07:44:35.926000118,2024-01-24 07:44:40.270999908,2024-01-24,2024-01,2024,7,Wednesday,False
1706082312.216,1706082334.154,-1,2030.805,2030.555,0.175,trail,21.937999963760376,0.5199999999999818,-0.2300000000000182,0.33999999999991815,522.9219999999434,2024-01-24 07:45:12.216000080,2024-01-24 07:45:34.154000044,2024-01-24,2024-01,2024,7,Wednesday,True
1706083263.789,1706083280.505,1,2030.815,2030.405,-0.48500000000008187,stop_loss,16.716000080108643,0.0,-0.41000000000008185,0.2999999999999545,522.4369999999433,2024-01-24 08:01:03.789000034,2024-01-24 08:01:20.505000114,2024-01-24,2024-01,2024,8,Wednesday,False
1706083330.275,1706083332.5,1,2031.655,2031.265,-0.4649999999998727,stop_loss,2.2249999046325684,0.0,-0.38999999999987267,0.2699999999999818,521.9719999999434,2024-01-24 08:02:10.275000095,2024-01-24 08:02:12.500000000,2024-01-24,2024-01,2024,8,Wednesday,False
1706084323.755,1706084331.57,-1,2028.275,2028.702,-0.5019999999999072,flow_flip,7.81499981880188,0.0,-0.42699999999990723,0.36999999999989086,521.4699999999434,2024-01-24 08:18:43.755000114,2024-01-24 08:18:51.569999933,2024-01-24,2024-01,2024,8,Wednesday,False
1706084976.366,1706084980.336,1,2029.465,2028.905,-0.6349999999999454,stop_loss,3.9700000286102295,0.0,-0.5599999999999454,0.35999999999989996,520.8349999999434,2024-01-24 08:29:36.365999937,2024-01-24 08:29:40.335999966,2024-01-24,2024-01,2024,8,Wednesday,False
1706085000.18,1706085000.282,1,2029.536,2028.984,-0.6270000000001346,stop_loss,0.10199999809265137,0.0,-0.5520000000001346,0.2380000000000564,520.2079999999432,2024-01-24 08:30:00.180000067,2024-01-24 08:30:00.282000065,2024-01-24,2024-01,2024,8,Wednesday,False
1706085137.136,1706085139.057,1,2031.962,2031.565,-0.4719999999999345,stop_loss,1.9210000038146973,0.0,-0.3969999999999345,0.29700000000002547,519.7359999999433,2024-01-24 08:32:17.135999918,2024-01-24 08:32:19.056999922,2024-01-24,2024-01,2024,8,Wednesday,False
1706085148.969,1706085157.843,1,2032.372,2031.905,-0.5420000000000982,stop_loss,8.873999834060669,0.0,-0.4670000000000982,0.30700000000001637,519.1939999999431,2024-01-24 08:32:28.969000101,2024-01-24 08:32:37.842999935,2024-01-24,2024-01,2024,8,Wednesday,False
1706085168.915,1706085183.469,-1,2031.265,2031.642,-0.4519999999999527,flow_flip,14.55400013923645,0.0,-0.3769999999999527,0.2869999999998072,518.7419999999431,2024-01-24 08:32:48.914999962,2024-01-24 08:33:03.469000101,2024-01-24,2024-01,2024,8,Wednesday,False
1706086864.867,1706086866.832,-1,2029.845,2030.525,-0.7550000000000636,stop_loss,1.9649999141693115,0.0,-0.6800000000000637,0.33999999999991815,517.986999999943,2024-01-24 09:01:04.867000103,2024-01-24 09:01:06.832000017,2024-01-24,2024-01,2024,9,Wednesday,False
1706087443.293,1706087458.312,-1,2032.565,2033.285,-0.7950000000000272,stop_loss,15.019000053405762,0.0,-0.7200000000000273,0.35999999999989996,517.1919999999429,2024-01-24 09:10:43.292999983,2024-01-24 09:10:58.312000036,2024-01-24,2024-01,2024,9,Wednesday,False
1706087506.899,1706087591.787,-1,2032.765,2032.535,0.15500000000001818,trail,84.88800001144409,0.42000000000007276,-0.37999999999988177,0.30999999999994543,517.3469999999429,2024-01-24 09:11:46.898999929,2024-01-24 09:13:11.786999941,2024-01-24,2024-01,2024,9,Wednesday,True
1706088072.84,1706088116.085,1,2032.555,2032.015,-0.6149999999999636,stop_loss,43.24500012397766,0.0,-0.5399999999999636,0.36000000000012733,516.7319999999429,2024-01-24 09:21:12.839999914,2024-01-24 09:21:56.085000038,2024-01-24,2024-01,2024,9,Wednesday,False
1706088179.402,1706088210.124,1,2032.535,2032.455,-0.15500000000015463,flow_flip,30.722000122070312,0.06999999999993634,-0.3500000000001364,0.3200000000001637,516.5769999999427,2024-01-24 09:22:59.401999950,2024-01-24 09:23:30.124000072,2024-01-24,2024-01,2024,9,Wednesday,False
1706088600.911,1706088610.8,-1,2031.868,2032.385,-0.5920000000000527,stop_loss,9.888999938964844,0.0,-0.5170000000000528,0.3269999999999982,515.9849999999426,2024-01-24 09:30:00.911000013,2024-01-24 09:30:10.799999952,2024-01-24,2024-01,2024,9,Wednesday,False
1706088661.343,1706088664.872,1,2032.695,2032.225,-0.5450000000000272,stop_loss,3.5290000438690186,0.0,-0.4700000000000273,0.34999999999990905,515.4399999999425,2024-01-24 09:31:01.342999935,2024-01-24 09:31:04.871999979,2024-01-24,2024-01,2024,9,Wednesday,False
1706088725.227,1706088736.921,1,2033.115,2032.675,-0.5150000000000545,flow_flip,11.694000005722046,0.0,-0.4600000000000364,0.33999999999991815,514.9249999999424,2024-01-24 09:32:05.226999998,2024-01-24 09:32:16.921000004,2024-01-24,2024-01,2024,9,Wednesday,False
1706088753.957,1706088757.848,1,2033.185,2032.755,-0.5049999999998362,stop_loss,3.8910000324249268,0.0,-0.4299999999998363,0.33999999999991815,514.4199999999425,2024-01-24 09:32:33.957000017,2024-01-24 09:32:37.848000050,2024-01-24,2024-01,2024,9,Wednesday,False
1706089078.425,1706089098.257,-1,2032.645,2033.085,-0.5150000000000545,flow_flip,19.832000017166138,0.0,-0.44000000000005457,0.33999999999991815,513.9049999999424,2024-01-24 09:37:58.424999952,2024-01-24 09:38:18.256999969,2024-01-24,2024-01,2024,9,Wednesday,False
1706089229.488,1706089237.546,1,2034.265,2033.755,-0.5849999999999909,stop_loss,8.058000087738037,0.0,-0.5099999999999909,0.3400000000001455,513.3199999999424,2024-01-24 09:40:29.487999916,2024-01-24 09:40:37.546000004,2024-01-24,2024-01,2024,9,Wednesday,False
1706089344.533,1706089394.357,-1,2032.725,2032.395,0.25499999999992723,trail,49.824000120162964,0.5599999999999454,-0.43000000000006366,0.3400000000001455,513.5749999999423,2024-01-24 09:42:24.532999992,2024-01-24 09:43:14.357000113,2024-01-24,2024-01,2024,9,Wednesday,True
1706089767.14,1706089827.385,1,2031.615,2031.865,0.175,flow_flip,60.24499988555908,0.44000000000005457,-0.33999999999991815,0.33999999999991815,513.7499999999422,2024-01-24 09:49:27.140000105,2024-01-24 09:50:27.384999990,2024-01-24,2024-01,2024,9,Wednesday,True
1706090378.388,1706090441.115,-1,2030.895,2030.835,-0.015000000000054574,flow_flip,62.72699999809265,0.18000000000006366,-0.2699999999999818,0.2599999999999909,513.7349999999421,2024-01-24 09:59:38.388000011,2024-01-24 10:00:41.115000010,2024-01-24,2024-01,2024,9,Wednesday,False
1706091601.311,1706091645.693,1,2031.222,2030.785,-0.5119999999998981,flow_flip,44.38199996948242,0.0,-0.49700000000007094,0.34699999999998,513.2229999999422,2024-01-24 10:20:01.311000109,2024-01-24 10:20:45.693000078,2024-01-24,2024-01,2024,10,Wednesday,False
1706092260.651,1706092266.095,1,2031.025,2030.545,-0.5550000000000181,stop_loss,5.444000005722046,0.0,-0.4800000000000182,0.3200000000001637,512.6679999999421,2024-01-24 10:31:00.651000023,2024-01-24 10:31:06.095000029,2024-01-24,2024-01,2024,10,Wednesday,False
1706092697.623,1706092740.344,-1,2030.385,2030.175,0.13500000000003637,trail,42.72100019454956,0.5699999999999363,-0.2999999999999545,0.2999999999999545,512.8029999999421,2024-01-24 10:38:17.622999907,2024-01-24 10:39:00.344000101,2024-01-24,2024-01,2024,10,Wednesday,True
1706092981.763,1706092982.471,1,2029.925,2029.485,-0.5150000000000545,stop_loss,0.7079999446868896,0.0,-0.44000000000005457,0.3269999999999982,512.287999999942,2024-01-24 10:43:01.763000011,2024-01-24 10:43:02.470999956,2024-01-24,2024-01,2024,10,Wednesday,False
1706093758.641,1706093797.099,1,2032.822,2032.565,-0.3319999999998345,flow_flip,38.45799994468689,0.03300000000012915,-0.3869999999999436,0.306999999999789,511.9559999999422,2024-01-24 10:55:58.641000032,2024-01-24 10:56:37.098999977,2024-01-24,2024-01,2024,10,Wednesday,False
1706093949.02,1706093968.772,1,2033.185,2032.735,-0.5250000000000454,flow_flip,19.752000093460083,0.0,-0.4500000000000455,0.33999999999991815,511.4309999999422,2024-01-24 10:59:09.019999981,2024-01-24 10:59:28.772000074,2024-01-24,2024-01,2024,10,Wednesday,False
1706094269.781,1706094300.445,1,2032.295,2031.715,-0.6550000000001546,stop_loss,30.664000034332275,0.0,-0.5800000000001546,0.3400000000001455,510.77599999994203,2024-01-24 11:04:29.780999899,2024-01-24 11:05:00.444999933,2024-01-24,2024-01,2024,11,Wednesday,False
1706094400.818,1706094420.144,1,2032.465,2032.105,-0.43499999999989997,flow_flip,19.325999975204468,0.0,-0.35999999999989996,0.2699999999999818,510.34099999994214,2024-01-24 11:06:40.818000078,2024-01-24 11:07:00.144000053,2024-01-24,2024-01,2024,11,Wednesday,False
1706094552.074,1706094574.467,-1,2031.395,2031.335,-0.015000000000054574,flow_flip,22.39300012588501,0.22000000000002728,-0.39000000000010004,0.33999999999991815,510.3259999999421,2024-01-24 11:09:12.073999882,2024-01-24 11:09:34.467000008,2024-01-24,2024-01,2024,11,Wednesday,False
1706094605.174,1706094607.954,1,2031.556,2030.985,-0.64600000000014,stop_loss,2.7799999713897705,0.0,-0.5710000000001401,0.32100000000014006,509.67999999994197,2024-01-24 11:10:05.174000025,2024-01-24 11:10:07.953999996,2024-01-24,2024-01,2024,11,Wednesday,False
1706094624.25,1706094648.523,1,2031.755,2031.495,-0.3350000000002183,flow_flip,24.27300000190735,0.03999999999996362,-0.3200000000001637,0.2800000000002001,509.34499999994176,2024-01-24 11:10:24.250000000,2024-01-24 11:10:48.523000001,2024-01-24,2024-01,2024,11,Wednesday,False
1706096102.46,1706096130.523,-1,2031.805,2032.205,-0.4749999999998636,flow_flip,28.062999963760376,0.0,-0.3999999999998636,0.33999999999991815,508.8699999999419,2024-01-24 11:35:02.460000038,2024-01-24 11:35:30.523000001,2024-01-24,2024-01,2024,11,Wednesday,False
1706097091.492,1706097133.49,1,2033.585,2033.445,-0.21500000000010006,flow_flip,41.99799990653992,0.0,-0.36000000000012733,0.36000000000012733,508.6549999999418,2024-01-24 11:51:31.492000103,2024-01-24 11:52:13.490000010,2024-01-24,2024-01,2024,11,Wednesday,False
1706097470.11,1706097543.599,1,2033.975,2033.645,-0.40499999999992725,flow_flip,73.48900008201599,0.0500000000001819,-0.5,0.3869999999999436,508.2499999999419,2024-01-24 11:57:50.109999895,2024-01-24 11:59:03.598999977,2024-01-24,2024-01,2024,11,Wednesday,False
1706097563.053,1706097587.124,-1,2033.328,2033.695,-0.4419999999999618,flow_flip,24.07100009918213,0.0,-0.3769999999999527,0.3769999999999527,507.80799999994196,2024-01-24 11:59:23.052999973,2024-01-24 11:59:47.124000072,2024-01-24,2024-01,2024,11,Wednesday,False
1706097920.699,1706097926.382,-1,2033.835,2034.295,-0.5350000000000363,stop_loss,5.683000087738037,0.0,-0.4600000000000364,0.2999999999999545,507.27299999994193,2024-01-24 12:05:20.698999882,2024-01-24 12:05:26.381999969,2024-01-24,2024-01,2024,12,Wednesday,False
1706098713.112,1706098729.495,1,2033.515,2032.905,-0.6850000000001273,stop_loss,16.382999897003174,0.0,-0.6100000000001273,0.3100000000001728,506.5879999999418,2024-01-24 12:18:33.111999989,2024-01-24 12:18:49.494999886,2024-01-24,2024-01,2024,12,Wednesday,False
1706099771.881,1706099780.424,-1,2032.435,2032.975,-0.6149999999999636,stop_loss,8.542999982833862,0.0,-0.5399999999999636,0.3669999999999618,505.97299999994186,2024-01-24 12:36:11.881000042,2024-01-24 12:36:20.424000025,2024-01-24,2024-01,2024,12,Wednesday,False
1706100046.479,1706100072.854,-1,2033.335,2033.716,-0.45599999999985813,flow_flip,26.375,0.0,-0.3809999999998581,0.38999999999987267,505.516999999942,2024-01-24 12:40:46.479000092,2024-01-24 12:41:12.854000092,2024-01-24,2024-01,2024,12,Wednesday,False
1706100787.908,1706100809.092,1,2033.235,2032.925,-0.38499999999994544,flow_flip,21.18400001525879,0.0,-0.30999999999994543,0.33999999999991815,505.1319999999421,2024-01-24 12:53:07.907999992,2024-01-24 12:53:29.092000008,2024-01-24,2024-01,2024,12,Wednesday,False
1706101129.103,1706101130.197,1,2033.195,2032.805,-0.4649999999998727,stop_loss,1.0940001010894775,0.0,-0.38999999999987267,0.2799999999999727,504.6669999999422,2024-01-24 12:58:49.102999926,2024-01-24 12:58:50.197000027,2024-01-24,2024-01,2024,12,Wednesday,False
1706102368.61,1706102381.386,-1,2035.225,2035.725,-0.575,stop_loss,12.776000022888184,0.0,-0.5,0.36000000000012733,504.09199999994223,2024-01-24 13:19:28.609999895,2024-01-24 13:19:41.385999918,2024-01-24,2024-01,2024,13,Wednesday,False
1706102399.47,1706102400.943,-1,2034.585,2035.245,-0.7349999999998544,stop_loss,1.4730000495910645,0.0,-0.6599999999998545,0.38999999999987267,503.3569999999424,2024-01-24 13:19:59.470000029,2024-01-24 13:20:00.943000078,2024-01-24,2024-01,2024,13,Wednesday,False
1706166009.569,1706166100.04,-1,2015.335,2015.545,-0.2850000000000364,time_stop,90.47099995613098,0.11000000000012733,-0.33999999999991815,0.2899999999999636,503.07199999994236,2024-01-25 07:00:09.569000006,2024-01-25 07:01:40.039999962,2024-01-25,2024-01,2024,7,Thursday,False
1706167088.438,1706167139.385,1,2017.015,2016.485,-0.6050000000002,stop_loss,50.94700002670288,0.0,-0.5300000000002001,0.36000000000012733,502.4669999999422,2024-01-25 07:18:08.437999964,2024-01-25 07:18:59.384999990,2024-01-25,2024-01,2024,7,Thursday,False
1706167148.223,1706167156.175,-1,2016.075,2016.465,-0.4649999999998727,stop_loss,7.95199990272522,0.0,-0.38999999999987267,0.2799999999999727,502.0019999999423,2024-01-25 07:19:08.223000050,2024-01-25 07:19:16.174999952,2024-01-25,2024-01,2024,7,Thursday,False
1706167462.776,1706167554.558,-1,2015.575,2015.615,-0.11499999999996363,time_stop,91.78200006484985,0.0,-0.5270000000000437,0.3269999999999982,501.88699999994236,2024-01-25 07:24:22.776000023,2024-01-25 07:25:54.558000088,2024-01-25,2024-01,2024,7,Thursday,False
1706167573.306,1706167603.473,-1,2015.115,2015.335,-0.2950000000000273,flow_flip,30.16700005531311,0.0,-0.34999999999990905,0.32999999999992724,501.59199999994235,2024-01-25 07:26:13.305999994,2024-01-25 07:26:43.473000050,2024-01-25,2024-01,2024,7,Thursday,False
1706167616.605,1706167706.69,1,2015.715,2016.135,0.34500000000007275,time_stop,90.08500003814697,0.5099999999999909,-0.2799999999999727,0.2599999999999909,501.93699999994243,2024-01-25 07:26:56.605000019,2024-01-25 07:28:26.690000057,2024-01-25,2024-01,2024,7,Thursday,True
1706167817.259,1706167817.361,-1,2016.245,2016.702,-0.5320000000001073,stop_loss,0.10199999809265137,0.0,-0.4570000000001073,0.27100000000018554,501.40499999994233,2024-01-25 07:30:17.259000063,2024-01-25 07:30:17.361000061,2024-01-25,2024-01,2024,7,Thursday,False
1706167863.497,1706167864.664,1,2018.302,2017.965,-0.4119999999999891,stop_loss,1.1670000553131104,0.0,-0.3369999999999891,0.24699999999984357,500.99299999994236,2024-01-25 07:31:03.496999979,2024-01-25 07:31:04.664000034,2024-01-25,2024-01,2024,7,Thursday,False
1706169376.421,1706169394.51,-1,2015.778,2016.195,-0.49199999999991634,flow_flip,18.08899998664856,0.0,-0.4169999999999163,0.3170000000000073,500.50099999994245,2024-01-25 07:56:16.421000004,2024-01-25 07:56:34.509999989,2024-01-25,2024-01,2024,7,Thursday,False
1706171454.221,1706171454.826,-1,2013.165,2013.675,-0.5849999999999909,stop_loss,0.6050000190734863,0.0,-0.5099999999999909,0.31999999999993634,499.91599999994247,2024-01-25 08:30:54.220999956,2024-01-25 08:30:54.825999975,2024-01-25,2024-01,2024,8,Thursday,False
1706171487.482,1706171510.147,1,2013.845,2013.425,-0.49500000000007277,flow_flip,22.664999961853027,0.0,-0.42000000000007276,0.33999999999991815,499.4209999999424,2024-01-25 08:31:27.482000113,2024-01-25 08:31:50.147000074,2024-01-25,2024-01,2024,8,Thursday,False
1706171631.269,1706171639.278,-1,2014.525,2014.865,-0.41499999999991816,flow_flip,8.009000062942505,0.0,-0.33999999999991815,0.31999999999993634,499.0059999999425,2024-01-25 08:33:51.269000053,2024-01-25 08:33:59.278000116,2024-01-25,2024-01,2024,8,Thursday,False
1706172844.877,1706172889.199,-1,2013.525,2013.835,-0.38499999999994544,flow_flip,44.3219997882843,0.0,-0.5499999999999545,0.33999999999991815,498.62099999994257,2024-01-25 08:54:04.877000093,2024-01-25 08:54:49.198999882,2024-01-25,2024-01,2024,8,Thursday,False
1706172972.62,1706173018.774,1,2014.345,2013.965,-0.45500000000010915,flow_flip,46.15400004386902,0.0,-0.44000000000005457,0.33999999999991815,498.16599999994247,2024-01-25 08:56:12.619999886,2024-01-25 08:56:58.773999929,2024-01-25,2024-01,2024,8,Thursday,False
1706173253.487,1706173292.95,1,2014.435,2014.375,-0.13499999999994544,flow_flip,39.46300005912781,0.19000000000005457,-0.21000000000003638,0.22000000000002728,498.03099999994254,2024-01-25 09:00:53.486999989,2024-01-25 09:01:32.950000048,2024-01-25,2024-01,2024,9,Thursday,False
1706174871.261,1706174880.771,1,2014.405,2014.075,-0.40499999999992725,flow_flip,9.509999990463257,0.0,-0.34999999999990905,0.2899999999999636,497.6259999999426,2024-01-25 09:27:51.260999918,2024-01-25 09:28:00.770999908,2024-01-25,2024-01,2024,9,Thursday,False
1706175029.774,1706175036.059,1,2015.142,2014.775,-0.4419999999999618,stop_loss,6.2850000858306885,0.0,-0.3669999999999618,0.24700000000007094,497.18399999994267,2024-01-25 09:30:29.773999929,2024-01-25 09:30:36.059000015,2024-01-25,2024-01,2024,9,Thursday,False
1706175381.323,1706175393.351,1,2015.405,2015.015,-0.4649999999998727,stop_loss,12.028000116348267,0.0,-0.38999999999987267,0.2999999999999545,496.7189999999428,2024-01-25 09:36:21.322999954,2024-01-25 09:36:33.351000071,2024-01-25,2024-01,2024,9,Thursday,False
1706175425.414,1706175431.114,1,2015.975,2015.575,-0.4749999999998636,stop_loss,5.700000047683716,0.0,-0.3999999999998636,0.2300000000000182,496.24399999994296,2024-01-25 09:37:05.414000034,2024-01-25 09:37:11.114000082,2024-01-25,2024-01,2024,9,Thursday,False
1706176370.656,1706176460.889,1,2017.625,2017.428,-0.27199999999988905,time_stop,90.23300004005432,0.05999999999994543,-0.5299999999999727,0.34699999999998,495.9719999999431,2024-01-25 09:52:50.655999899,2024-01-25 09:54:20.888999939,2024-01-25,2024-01,2024,9,Thursday,False
1706177032.998,1706177066.313,-1,2018.415,2018.595,-0.2550000000000637,flow_flip,33.31500005722046,0.03999999999996362,-0.2799999999999727,0.3400000000001455,495.716999999943,2024-01-25 10:03:52.997999907,2024-01-25 10:04:26.312999964,2024-01-25,2024-01,2024,10,Thursday,False
1706177252.556,1706177263.42,1,2018.655,2018.195,-0.5350000000000363,stop_loss,10.864000082015991,0.0,-0.4600000000000364,0.32999999999992724,495.181999999943,2024-01-25 10:07:32.555999994,2024-01-25 10:07:43.420000076,2024-01-25,2024-01,2024,10,Thursday,False
1706177504.309,1706177530.386,1,2019.315,2018.805,-0.5849999999999909,stop_loss,26.07699990272522,0.0,-0.5099999999999909,0.30999999999994543,494.596999999943,2024-01-25 10:11:44.309000015,2024-01-25 10:12:10.385999918,2024-01-25,2024-01,2024,10,Thursday,False
1706178530.439,1706178536.665,-1,2017.365,2017.845,-0.5550000000000181,stop_loss,6.226000070571899,0.0,-0.4800000000000182,0.34999999999990905,494.041999999943,2024-01-25 10:28:50.438999891,2024-01-25 10:28:56.664999962,2024-01-25,2024-01,2024,10,Thursday,False
1706178662.443,1706178700.492,1,2018.525,2018.125,-0.47500000000009096,flow_flip,38.04900002479553,0.0,-0.4670000000000982,0.3269999999999982,493.56699999994294,2024-01-25 10:31:02.443000078,2024-01-25 10:31:40.492000103,2024-01-25,2024-01,2024,10,Thursday,False
1706179293.179,1706179313.882,1,2017.725,2017.415,-0.38499999999994544,flow_flip,20.70300006866455,0.0,-0.30999999999994543,0.33999999999991815,493.181999999943,2024-01-25 10:41:33.178999901,2024-01-25 10:41:53.881999969,2024-01-25,2024-01,2024,10,Thursday,False
1706179545.078,1706179548.405,1,2018.765,2018.175,-0.6650000000001455,stop_loss,3.3269999027252197,0.0,-0.5900000000001455,0.3400000000001455,492.51699999994287,2024-01-25 10:45:45.078000069,2024-01-25 10:45:48.404999971,2024-01-25,2024-01,2024,10,Thursday,False
1706181863.193,1706181871.233,1,2019.235,2018.725,-0.5849999999999909,stop_loss,8.039999961853027,0.0,-0.5099999999999909,0.33999999999991815,491.9319999999429,2024-01-25 11:24:23.193000078,2024-01-25 11:24:31.233000040,2024-01-25,2024-01,2024,11,Thursday,False
1706181980.154,1706181999.195,1,2019.175,2018.675,-0.575,stop_loss,19.04099988937378,0.0,-0.5,0.33999999999991815,491.3569999999429,2024-01-25 11:26:20.154000044,2024-01-25 11:26:39.194999933,2024-01-25,2024-01,2024,11,Thursday,False
1706182290.426,1706182310.022,-1,2018.435,2018.775,-0.41500000000014553,flow_flip,19.59599995613098,0.0,-0.3400000000001455,0.3400000000001455,490.94199999994277,2024-01-25 11:31:30.426000118,2024-01-25 11:31:50.022000074,2024-01-25,2024-01,2024,11,Thursday,False
1706182390.86,1706182419.749,-1,2018.115,2017.935,0.10500000000006365,trail,28.889000177383423,0.43000000000006366,-0.31999999999993634,0.33999999999991815,491.04699999994284,2024-01-25 11:33:10.859999895,2024-01-25 11:33:39.749000072,2024-01-25,2024-01,2024,11,Thursday,True
1706182502.333,1706182505.203,1,2017.305,2016.778,-0.6020000000000436,stop_loss,2.870000123977661,0.0,-0.5270000000000437,0.3300000000001546,490.4449999999428,2024-01-25 11:35:02.332999945,2024-01-25 11:35:05.203000069,2024-01-25,2024-01,2024,11,Thursday,False
1706182515.397,1706182531.474,1,2017.552,2016.935,-0.6919999999999618,stop_loss,16.07699990272522,0.0,-0.6169999999999618,0.30700000000001637,489.75299999994286,2024-01-25 11:35:15.397000074,2024-01-25 11:35:31.473999977,2024-01-25,2024-01,2024,11,Thursday,False
1706182676.331,1706182692.075,1,2017.665,2017.355,-0.38499999999994544,flow_flip,15.74399995803833,0.0,-0.30999999999994543,0.34999999999990905,489.3679999999429,2024-01-25 11:37:56.331000090,2024-01-25 11:38:12.075000048,2024-01-25,2024-01,2024,11,Thursday,False
1706184095.355,1706184137.529,-1,2016.645,2016.792,-0.22199999999993453,flow_flip,42.17400002479553,0.06999999999993634,-0.38000000000010914,0.33999999999991815,489.145999999943,2024-01-25 12:01:35.355000019,2024-01-25 12:02:17.529000044,2024-01-25,2024-01,2024,12,Thursday,False
1706184183.417,1706184274.766,1,2016.955,2016.555,-0.4749999999998636,time_stop,91.34899997711182,0.0,-0.6099999999999,0.33999999999991815,488.67099999994315,2024-01-25 12:03:03.417000055,2024-01-25 12:04:34.766000032,2024-01-25,2024-01,2024,12,Thursday,False
1706184692.069,1706184720.371,1,2017.442,2017.198,-0.3189999999999145,flow_flip,28.302000045776367,0.11300000000005639,-0.3170000000000073,0.27700000000004366,488.35199999994325,2024-01-25 12:11:32.069000006,2024-01-25 12:12:00.371000051,2024-01-25,2024-01,2024,12,Thursday,False
1706184739.052,1706184739.457,-1,2016.665,2017.165,-0.575,stop_loss,0.4049999713897705,0.0,-0.5,0.3500000000001364,487.77699999994326,2024-01-25 12:12:19.052000046,2024-01-25 12:12:19.457000017,2024-01-25,2024-01,2024,12,Thursday,False
1706184748.213,1706184784.463,-1,2016.555,2016.875,-0.39499999999993635,flow_flip,36.25,0.0,-0.31999999999993634,0.2899999999999636,487.38199999994333,2024-01-25 12:12:28.213000059,2024-01-25 12:13:04.463000059,2024-01-25,2024-01,2024,12,Thursday,False
1706185383.414,1706185393.738,-1,2015.555,2015.985,-0.5049999999998362,flow_flip,10.323999881744385,0.0,-0.4299999999998363,0.31999999999993634,486.8769999999435,2024-01-25 12:23:03.414000034,2024-01-25 12:23:13.737999916,2024-01-25,2024-01,2024,12,Thursday,False
1706185442.286,1706185490.401,-1,2015.145,2015.305,-0.23500000000008187,flow_flip,48.11500000953674,0.0,-0.40000000000009095,0.33999999999991815,486.64199999994344,2024-01-25 12:24:02.286000013,2024-01-25 12:24:50.401000023,2024-01-25,2024-01,2024,12,Thursday,False
1706185529.668,1706185576.683,-1,2014.625,2015.002,-0.4519999999999527,flow_flip,47.015000104904175,0.0,-0.4800000000000182,0.33999999999991815,486.1899999999435,2024-01-25 12:25:29.667999983,2024-01-25 12:26:16.683000088,2024-01-25,2024-01,2024,12,Thursday,False
1706185598.11,1706185643.252,-1,2014.365,2014.555,-0.2650000000000546,flow_flip,45.14200019836426,0.03999999999996362,-0.35999999999989996,0.33999999999991815,485.92499999994345,2024-01-25 12:26:38.109999895,2024-01-25 12:27:23.252000092,2024-01-25,2024-01,2024,12,Thursday,False
1706185802.611,1706185828.236,-1,2014.305,2014.635,-0.40499999999992725,flow_flip,25.625,0.0,-0.38999999999987267,0.2699999999999818,485.51999999994354,2024-01-25 12:30:02.611000061,2024-01-25 12:30:28.236000061,2024-01-25,2024-01,2024,12,Thursday,False
1706185840.658,1706185864.499,-1,2013.895,2014.065,-0.24500000000007277,flow_flip,23.841000080108643,0.09999999999990905,-0.30999999999994543,0.2799999999999727,485.2749999999435,2024-01-25 12:30:40.657999992,2024-01-25 12:31:04.499000072,2024-01-25,2024-01,2024,12,Thursday,False
1706186671.533,1706186736.23,-1,2015.045,2015.525,-0.5550000000000181,stop_loss,64.69700002670288,0.0,-0.4800000000000182,0.33999999999991815,484.71999999994347,2024-01-25 12:44:31.532999992,2024-01-25 12:45:36.230000019,2024-01-25,2024-01,2024,12,Thursday,False
1706186812.978,1706186847.992,-1,2014.565,2014.285,0.2049999999999727,trail,35.01400017738342,0.5499999999999545,-0.32999999999992724,0.32999999999992724,484.92499999994345,2024-01-25 12:46:52.977999926,2024-01-25 12:47:27.992000103,2024-01-25,2024-01,2024,12,Thursday,True
1706187017.949,1706187031.961,1,2014.205,2013.895,-0.38499999999994544,flow_flip,14.01200008392334,0.0,-0.4700000000000273,0.32999999999992724,484.5399999999435,2024-01-25 12:50:17.948999882,2024-01-25 12:50:31.960999966,2024-01-25,2024-01,2024,12,Thursday,False
1706187279.57,1706187338.867,1,2014.625,2014.335,-0.36499999999996363,flow_flip,59.29700016975403,0.0,-0.2999999999999545,0.2699999999999818,484.17499999994357,2024-01-25 12:54:39.569999933,2024-01-25 12:55:38.867000103,2024-01-25,2024-01,2024,12,Thursday,False
1706188175.255,1706188203.169,1,2015.225,2014.985,-0.3150000000000091,flow_flip,27.913999795913696,0.09000000000014552,-0.2400000000000091,0.33999999999991815,483.85999999994357,2024-01-25 13:09:35.255000114,2024-01-25 13:10:03.168999910,2024-01-25,2024-01,2024,13,Thursday,False
1706188561.636,1706188574.557,1,2016.492,2016.005,-0.5619999999998526,stop_loss,12.921000003814697,0.0,-0.48699999999985266,0.3769999999999527,483.2979999999437,2024-01-25 13:16:01.635999918,2024-01-25 13:16:14.556999922,2024-01-25,2024-01,2024,13,Thursday,False
1706188623.133,1706188636.138,1,2016.542,2016.595,-0.021999999999889046,flow_flip,13.005000114440918,0.26300000000014734,-0.2869999999998072,0.30700000000001637,483.27599999994385,2024-01-25 13:17:03.132999897,2024-01-25 13:17:16.138000011,2024-01-25,2024-01,2024,13,Thursday,False
1706188698.856,1706188701.991,-1,2016.505,2017.075,-0.6449999999999363,stop_loss,3.134999990463257,0.0,-0.5699999999999363,0.30999999999994543,482.6309999999439,2024-01-25 13:18:18.855999947,2024-01-25 13:18:21.990999937,2024-01-25,2024-01,2024,13,Thursday,False
1706252446.094,1706252455.153,1,2022.232,2021.945,-0.36200000000003457,flow_flip,9.059000015258789,0.0,-0.3769999999999527,0.23700000000008004,482.2689999999439,2024-01-26 07:00:46.094000101,2024-01-26 07:00:55.153000116,2024-01-26,2024-01,2024,7,Friday,False
1706252653.842,1706252664.807,-1,2021.665,2021.935,-0.3449999999999818,flow_flip,10.964999914169312,0.0,-0.2699999999999818,0.2899999999999636,481.92399999994393,2024-01-26 07:04:13.842000008,2024-01-26 07:04:24.806999922,2024-01-26,2024-01,2024,7,Friday,False
1706252690.881,1706252753.174,1,2022.345,2022.185,-0.23500000000008187,flow_flip,62.29299998283386,0.0,-0.31999999999993634,0.2899999999999636,481.68899999994386,2024-01-26 07:04:50.881000042,2024-01-26 07:05:53.174000025,2024-01-26,2024-01,2024,7,Friday,False
1706252916.432,1706252934.194,1,2022.112,2021.705,-0.4820000000001528,flow_flip,17.76200008392334,0.0,-0.4070000000001528,0.34699999999998,481.2069999999437,2024-01-26 07:08:36.431999922,2024-01-26 07:08:54.194000006,2024-01-26,2024-01,2024,7,Friday,False
1706253412.992,1706253445.221,-1,2020.135,2020.266,-0.2060000000000855,flow_flip,32.228999853134155,0.09999999999990905,-0.3569999999999709,0.34699999999998,481.00099999994364,2024-01-26 07:16:52.992000103,2024-01-26 07:17:25.220999956,2024-01-26,2024-01,2024,7,Friday,False
1706253752.852,1706253767.335,1,2020.862,2020.435,-0.5020000000001346,flow_flip,14.483000040054321,0.0,-0.4270000000001346,0.30700000000001637,480.4989999999435,2024-01-26 07:22:32.851999998,2024-01-26 07:22:47.335000038,2024-01-26,2024-01,2024,7,Friday,False
1706254020.347,1706254028.797,1,2021.655,2021.385,-0.3449999999999818,flow_flip,8.450000047683716,0.0,-0.2999999999999545,0.32999999999992724,480.15399999994355,2024-01-26 07:27:00.346999884,2024-01-26 07:27:08.796999931,2024-01-26,2024-01,2024,7,Friday,False
1706254537.06,1706254561.965,1,2022.825,2022.655,-0.24500000000007277,flow_flip,24.90499997138977,0.0,-0.3400000000001455,0.30999999999994543,479.9089999999435,2024-01-26 07:35:37.059999943,2024-01-26 07:36:01.964999914,2024-01-26,2024-01,2024,7,Friday,False
1706255238.271,1706255248.234,1,2021.125,2020.665,-0.5350000000000363,flow_flip,9.963000059127808,0.0,-0.4600000000000364,0.34999999999990905,479.37399999994346,2024-01-26 07:47:18.270999908,2024-01-26 07:47:28.233999968,2024-01-26,2024-01,2024,7,Friday,False
1706255309.825,1706255404.456,1,2020.915,2020.805,-0.18499999999989997,time_stop,94.63100004196167,0.0,-0.37999999999988177,0.35999999999989996,479.1889999999436,2024-01-26 07:48:29.825000048,2024-01-26 07:50:04.456000090,2024-01-26,2024-01,2024,7,Friday,False
1706256100.798,1706256136.364,1,2021.555,2021.445,-0.18500000000012734,flow_flip,35.56599998474121,0.1799999999998363,-0.39000000000010004,0.2899999999999636,479.00399999994346,2024-01-26 08:01:40.798000097,2024-01-26 08:02:16.364000082,2024-01-26,2024-01,2024,8,Friday,False
1706256351.344,1706256359.202,-1,2020.625,2021.155,-0.6049999999999727,flow_flip,7.857999801635742,0.0,-0.5299999999999727,0.34699999999998,478.3989999999435,2024-01-26 08:05:51.344000101,2024-01-26 08:05:59.201999903,2024-01-26,2024-01,2024,8,Friday,False
1706256761.245,1706256773.537,1,2021.485,2021.175,-0.38499999999994544,flow_flip,12.29200005531311,0.0,-0.30999999999994543,0.2899999999999636,478.01399999994356,2024-01-26 08:12:41.244999886,2024-01-26 08:12:53.536999941,2024-01-26,2024-01,2024,8,Friday,False
1706258361.106,1706258386.772,-1,2020.525,2020.855,-0.40499999999992725,flow_flip,25.66600012779236,0.0,-0.32999999999992724,0.2899999999999636,477.60899999994365,2024-01-26 08:39:21.105999947,2024-01-26 08:39:46.772000074,2024-01-26,2024-01,2024,8,Friday,False
1706259275.605,1706259326.947,-1,2021.145,2021.425,-0.3549999999999727,flow_flip,51.342000007629395,0.0,-0.30999999999994543,0.31999999999993634,477.2539999999437,2024-01-26 08:54:35.605000019,2024-01-26 08:55:26.947000027,2024-01-26,2024-01,2024,8,Friday,False
1706259591.079,1706259622.328,-1,2020.535,2021.065,-0.6049999999999727,stop_loss,31.249000072479248,0.0,-0.5299999999999727,0.2699999999999818,476.6489999999437,2024-01-26 08:59:51.078999996,2024-01-26 09:00:22.328000069,2024-01-26,2024-01,2024,8,Friday,False
1706259868.254,1706259881.545,1,2020.365,2019.995,-0.44500000000011825,flow_flip,13.291000127792358,0.0,-0.39000000000010004,0.34999999999990905,476.2039999999436,2024-01-26 09:04:28.253999949,2024-01-26 09:04:41.545000076,2024-01-26,2024-01,2024,9,Friday,False
1706260033.875,1706260037.553,-1,2019.035,2019.425,-0.4649999999998727,stop_loss,3.677999973297119,0.0,-0.38999999999987267,0.2799999999999727,475.73899999994376,2024-01-26 09:07:13.875000000,2024-01-26 09:07:17.552999973,2024-01-26,2024-01,2024,9,Friday,False
1706260076.321,1706260087.379,-1,2018.725,2019.135,-0.48500000000008187,flow_flip,11.057999849319458,0.0,-0.41000000000008185,0.290000000000191,475.2539999999437,2024-01-26 09:07:56.321000099,2024-01-26 09:08:07.378999949,2024-01-26,2024-01,2024,9,Friday,False
1706260111.531,1706260122.093,-1,2018.755,2019.095,-0.41499999999991816,flow_flip,10.562000036239624,0.0,-0.33999999999991815,0.31999999999993634,474.8389999999438,2024-01-26 09:08:31.530999899,2024-01-26 09:08:42.092999935,2024-01-26,2024-01,2024,9,Friday,False
1706260130.165,1706260168.471,-1,2018.348,2018.865,-0.5920000000000527,stop_loss,38.305999994277954,0.0,-0.5170000000000528,0.3269999999999982,474.24699999994374,2024-01-26 09:08:50.164999962,2024-01-26 09:09:28.470999956,2024-01-26,2024-01,2024,9,Friday,False
1706261342.05,1706261346.579,-1,2019.415,2019.915,-0.575,flow_flip,4.5290000438690186,0.0,-0.5,0.32999999999992724,473.67199999994375,2024-01-26 09:29:02.049999952,2024-01-26 09:29:06.578999996,2024-01-26,2024-01,2024,9,Friday,False
1706262491.67,1706262508.715,1,2021.985,2021.555,-0.5049999999998362,flow_flip,17.044999837875366,0.0,-0.4299999999998363,0.2999999999999545,473.1669999999439,2024-01-26 09:48:11.670000076,2024-01-26 09:48:28.714999914,2024-01-26,2024-01,2024,9,Friday,False
1706262530.84,1706262533.307,1,2021.945,2021.475,-0.5450000000000272,stop_loss,2.4670000076293945,0.0,-0.4700000000000273,0.29700000000002547,472.6219999999439,2024-01-26 09:48:50.839999914,2024-01-26 09:48:53.306999922,2024-01-26,2024-01,2024,9,Friday,False
1706262553.835,1706262577.268,1,2022.195,2021.905,-0.36499999999996363,flow_flip,23.432999849319458,0.14000000000010004,-0.33999999999991815,0.30999999999994543,472.25699999994396,2024-01-26 09:49:13.835000038,2024-01-26 09:49:37.267999887,2024-01-26,2024-01,2024,9,Friday,False
1706262586.148,1706262627.222,-1,2021.735,2022.275,-0.615000000000191,stop_loss,41.073999881744385,0.0,-0.540000000000191,0.2300000000000182,471.6419999999438,2024-01-26 09:49:46.148000002,2024-01-26 09:50:27.221999884,2024-01-26,2024-01,2024,9,Friday,False
1706263117.987,1706263124.567,-1,2020.845,2021.265,-0.49500000000007277,flow_flip,6.579999923706055,0.0,-0.42000000000007276,0.31999999999993634,471.1469999999437,2024-01-26 09:58:37.986999989,2024-01-26 09:58:44.566999912,2024-01-26,2024-01,2024,9,Friday,False
1706264487.746,1706264510.056,-1,2022.365,2022.875,-0.5849999999999909,flow_flip,22.30999994277954,0.0,-0.5099999999999909,0.34999999999990905,470.56199999994374,2024-01-26 10:21:27.746000051,2024-01-26 10:21:50.055999994,2024-01-26,2024-01,2024,10,Friday,False
1706264753.292,1706264760.731,1,2023.235,2022.735,-0.575,flow_flip,7.438999891281128,0.0,-0.5,0.33999999999991815,469.98699999994375,2024-01-26 10:25:53.292000055,2024-01-26 10:26:00.730999947,2024-01-26,2024-01,2024,10,Friday,False
1706265420.768,1706265425.461,1,2022.325,2021.865,-0.5350000000000363,stop_loss,4.693000078201294,0.0,-0.4600000000000364,0.2899999999999636,469.4519999999437,2024-01-26 10:37:00.767999887,2024-01-26 10:37:05.460999966,2024-01-26,2024-01,2024,10,Friday,False
1706265461.322,1706265462.281,-1,2021.025,2021.425,-0.4749999999998636,stop_loss,0.9589998722076416,0.0,-0.3999999999998636,0.2999999999999545,468.97699999994387,2024-01-26 10:37:41.322000027,2024-01-26 10:37:42.280999899,2024-01-26,2024-01,2024,10,Friday,False
1706265475.085,1706265477.612,1,2021.785,2021.315,-0.5450000000000272,stop_loss,2.5269999504089355,0.0,-0.4700000000000273,0.3400000000001455,468.43199999994386,2024-01-26 10:37:55.085000038,2024-01-26 10:37:57.611999989,2024-01-26,2024-01,2024,10,Friday,False
1706265531.378,1706265621.567,1,2022.015,2022.318,0.22799999999988357,time_stop,90.18899989128113,0.3029999999998836,-0.39000000000010004,0.3400000000001455,468.65999999994375,2024-01-26 10:38:51.378000021,2024-01-26 10:40:21.566999912,2024-01-26,2024-01,2024,10,Friday,True
1706266299.599,1706266340.395,1,2023.996,2023.575,-0.4960000000000491,flow_flip,40.7960000038147,0.0,-0.5210000000001855,0.3510000000001128,468.1639999999437,2024-01-26 10:51:39.598999977,2024-01-26 10:52:20.394999981,2024-01-26,2024-01,2024,10,Friday,False
1706266440.986,1706266446.023,1,2023.805,2023.295,-0.5849999999999909,stop_loss,5.036999940872192,0.0,-0.5099999999999909,0.38000000000010914,467.57899999994373,2024-01-26 10:54:00.986000061,2024-01-26 10:54:06.023000002,2024-01-26,2024-01,2024,10,Friday,False
1706267170.12,1706267182.313,-1,2023.665,2023.995,-0.40499999999992725,flow_flip,12.193000078201294,0.0,-0.3400000000001455,0.2999999999999545,467.1739999999438,2024-01-26 11:06:10.119999886,2024-01-26 11:06:22.312999964,2024-01-26,2024-01,2024,11,Friday,False
1706267198.67,1706267229.342,-1,2023.415,2023.805,-0.46500000000010006,flow_flip,30.67199993133545,0.0,-0.39000000000010004,0.2999999999999545,466.7089999999437,2024-01-26 11:06:38.670000076,2024-01-26 11:07:09.342000008,2024-01-26,2024-01,2024,11,Friday,False
1706267439.505,1706267480.448,1,2023.275,2023.285,-0.0650000000000091,flow_flip,40.942999839782715,0.05999999999994543,-0.2699999999999818,0.290000000000191,466.64399999994373,2024-01-26 11:10:39.505000114,2024-01-26 11:11:20.447999954,2024-01-26,2024-01,2024,11,Friday,False
1706267732.464,1706267749.674,-1,2022.785,2023.225,-0.5149999999998272,flow_flip,17.210000038146973,0.0,-0.4399999999998272,0.30999999999994543,466.1289999999439,2024-01-26 11:15:32.463999987,2024-01-26 11:15:49.674000025,2024-01-26,2024-01,2024,11,Friday,False
1706268238.713,1706268329.792,-1,2023.435,2023.455,-0.09499999999998182,time_stop,91.0789999961853,0.049999999999954525,-0.43000000000006366,0.3500000000001364,466.03399999994394,2024-01-26 11:23:58.713000059,2024-01-26 11:25:29.792000055,2024-01-26,2024-01,2024,11,Friday,False
1706268819.257,1706268912.777,-1,2023.985,2024.455,-0.5450000000000272,time_stop,93.51999998092651,0.0,-0.6400000000001,0.290000000000191,465.4889999999439,2024-01-26 11:33:39.256999969,2024-01-26 11:35:12.776999950,2024-01-26,2024-01,2024,11,Friday,False
1706269083.94,1706269095.001,-1,2023.045,2023.335,-0.36499999999996363,flow_flip,11.060999870300293,0.0,-0.31999999999993634,0.30999999999994543,465.123999999944,2024-01-26 11:38:03.940000057,2024-01-26 11:38:15.000999928,2024-01-26,2024-01,2024,11,Friday,False
1706269323.193,1706269336.576,1,2023.555,2023.195,-0.43500000000012734,flow_flip,13.382999897003174,0.0,-0.36000000000012733,0.2999999999999545,464.68899999994386,2024-01-26 11:42:03.193000078,2024-01-26 11:42:16.575999975,2024-01-26,2024-01,2024,11,Friday,False
1706269439.668,1706269485.034,-1,2022.775,2022.985,-0.284999999999809,flow_flip,45.365999937057495,0.0,-0.2799999999999727,0.2899999999999636,464.40399999994406,2024-01-26 11:43:59.667999983,2024-01-26 11:44:45.033999920,2024-01-26,2024-01,2024,11,Friday,False
1706269977.197,1706270040.314,-1,2022.525,2022.795,-0.3449999999999818,flow_flip,63.11699986457825,0.0,-0.31999999999993634,0.2899999999999636,464.0589999999441,2024-01-26 11:52:57.197000027,2024-01-26 11:54:00.313999891,2024-01-26,2024-01,2024,11,Friday,False
1706270086.345,1706270093.946,-1,2022.435,2022.925,-0.565000000000009,stop_loss,7.601000070571899,0.0,-0.4900000000000091,0.2899999999999636,463.4939999999441,2024-01-26 11:54:46.345000029,2024-01-26 11:54:53.946000099,2024-01-26,2024-01,2024,11,Friday,False
1706270127.858,1706270174.003,1,2023.515,2023.315,-0.2750000000000455,flow_flip,46.144999980926514,0.0,-0.3200000000001637,0.3000000000001819,463.21899999994406,2024-01-26 11:55:27.858000040,2024-01-26 11:56:14.003000021,2024-01-26,2024-01,2024,11,Friday,False
1706511699.441,1706511716.947,1,2029.762,2029.245,-0.5920000000000527,stop_loss,17.50600004196167,0.0,-0.5170000000000528,0.30700000000001637,462.626999999944,2024-01-29 07:01:39.440999985,2024-01-29 07:01:56.947000027,2024-01-29,2024-01,2024,7,Monday,False
1706511910.93,1706511937.917,-1,2029.565,2030.055,-0.565000000000009,stop_loss,26.986999988555908,0.0,-0.4900000000000091,0.3509999999998854,462.061999999944,2024-01-29 07:05:10.930000067,2024-01-29 07:05:37.917000055,2024-01-29,2024-01,2024,7,Monday,False
1706512368.807,1706512379.526,1,2031.045,2030.825,-0.2950000000000273,flow_flip,10.719000101089478,0.0,-0.3300000000001546,0.3300000000001546,461.766999999944,2024-01-29 07:12:48.806999922,2024-01-29 07:12:59.526000023,2024-01-29,2024-01,2024,7,Monday,False
1706512501.219,1706512511.172,1,2031.475,2031.125,-0.42499999999990906,flow_flip,9.952999830245972,0.0,-0.34999999999990905,0.32999999999992724,461.3419999999441,2024-01-29 07:15:01.219000101,2024-01-29 07:15:11.171999931,2024-01-29,2024-01,2024,7,Monday,False
1706513408.149,1706513408.961,1,2032.565,2031.895,-0.7450000000000727,stop_loss,0.812000036239624,0.0,-0.6700000000000728,0.2999999999999545,460.59699999994405,2024-01-29 07:30:08.148999929,2024-01-29 07:30:08.960999966,2024-01-29,2024-01,2024,7,Monday,False
1706513599.303,1706513612.553,1,2033.075,2032.685,-0.46500000000010006,flow_flip,13.25,0.06999999999993634,-0.39000000000010004,0.31999999999993634,460.13199999994396,2024-01-29 07:33:19.302999973,2024-01-29 07:33:32.552999973,2024-01-29,2024-01,2024,7,Monday,False
1706513628.059,1706513679.061,1,2033.175,2033.335,0.08500000000008184,flow_flip,51.00200009346008,0.2799999999999727,-0.4600000000000364,0.32999999999992724,460.21699999994405,2024-01-29 07:33:48.059000015,2024-01-29 07:34:39.061000109,2024-01-29,2024-01,2024,7,Monday,True
1706513801.125,1706513839.131,-1,2032.805,2032.935,-0.20499999999988178,flow_flip,38.00600004196167,0.0,-0.34999999999990905,0.31999999999993634,460.0119999999442,2024-01-29 07:36:41.125000000,2024-01-29 07:37:19.131000042,2024-01-29,2024-01,2024,7,Monday,False
1706514167.266,1706514186.53,-1,2032.335,2032.705,-0.44499999999989087,stop_loss,19.263999938964844,0.0,-0.36999999999989086,0.2300000000000182,459.5669999999443,2024-01-29 07:42:47.266000032,2024-01-29 07:43:06.529999970,2024-01-29,2024-01,2024,7,Monday,False
1706514452.967,1706514456.953,1,2033.095,2032.734,-0.4360000000001037,stop_loss,3.9860000610351562,0.0,-0.3610000000001037,0.2699999999999818,459.1309999999442,2024-01-29 07:47:32.967000008,2024-01-29 07:47:36.953000069,2024-01-29,2024-01,2024,7,Monday,False
1706514629.618,1706514655.683,-1,2032.018,2031.345,0.5980000000000019,take_profit,26.06500005722046,0.6730000000000018,-0.3569999999999709,0.3269999999999982,459.7289999999442,2024-01-29 07:50:29.618000031,2024-01-29 07:50:55.683000088,2024-01-29,2024-01,2024,7,Monday,True
1706515249.447,1706515286.346,1,2031.705,2032.645,0.8650000000000546,take_profit,36.8989999294281,0.9400000000000546,-0.2799999999999727,0.2899999999999636,460.5939999999443,2024-01-29 08:00:49.447000027,2024-01-29 08:01:26.345999956,2024-01-29,2024-01,2024,8,Monday,True
1706516525.979,1706516549.397,1,2033.055,2032.575,-0.5550000000000181,stop_loss,23.417999982833862,0.0,-0.4800000000000182,0.3200000000001637,460.0389999999443,2024-01-29 08:22:05.979000092,2024-01-29 08:22:29.397000074,2024-01-29,2024-01,2024,8,Monday,False
1706516892.955,1706516903.104,-1,2032.045,2032.505,-0.5350000000000363,flow_flip,10.14900016784668,0.0,-0.4600000000000364,0.34999999999990905,459.50399999994426,2024-01-29 08:28:12.954999924,2024-01-29 08:28:23.104000092,2024-01-29,2024-01,2024,8,Monday,False
1706517122.569,1706517130.562,1,2031.975,2031.645,-0.40499999999992725,flow_flip,7.993000030517578,0.0,-0.35999999999989996,0.2899999999999636,459.09899999994434,2024-01-29 08:32:02.569000006,2024-01-29 08:32:10.562000036,2024-01-29,2024-01,2024,8,Monday,False
1706517223.54,1706517235.064,-1,2032.025,2032.535,-0.5849999999999909,stop_loss,11.5239999294281,0.0,-0.5099999999999909,0.35999999999989996,458.51399999994436,2024-01-29 08:33:43.539999962,2024-01-29 08:33:55.063999891,2024-01-29,2024-01,2024,8,Monday,False
1706519075.877,1706519095.415,1,2031.385,2031.275,-0.18499999999989997,flow_flip,19.537999868392944,0.06999999999993634,-0.2599999999999909,0.2899999999999636,458.3289999999445,2024-01-29 09:04:35.877000093,2024-01-29 09:04:55.414999962,2024-01-29,2024-01,2024,9,Monday,False
1706519119.162,1706519147.277,-1,2031.065,2031.295,-0.3050000000000182,flow_flip,28.115000009536743,0.0,-0.4600000000000364,0.30999999999994543,458.02399999994446,2024-01-29 09:05:19.161999941,2024-01-29 09:05:47.276999950,2024-01-29,2024-01,2024,9,Monday,False
1706519286.458,1706519337.879,-1,2030.165,2030.545,-0.45500000000010915,flow_flip,51.4210000038147,0.0,-0.4600000000000364,0.3400000000001455,457.56899999994437,2024-01-29 09:08:06.457999945,2024-01-29 09:08:57.878999949,2024-01-29,2024-01,2024,9,Monday,False
1706519396.347,1706519445.704,1,2031.145,2030.875,-0.3449999999999818,flow_flip,49.35700011253357,0.0,-0.40000000000009095,0.2999999999999545,457.2239999999444,2024-01-29 09:09:56.346999884,2024-01-29 09:10:45.703999996,2024-01-29,2024-01,2024,9,Monday,False
1706519545.389,1706519588.212,-1,2030.335,2030.245,0.015000000000145508,flow_flip,42.82299995422363,0.2999999999999545,-0.35999999999989996,0.34999999999990905,457.23899999994455,2024-01-29 09:12:25.388999939,2024-01-29 09:13:08.211999893,2024-01-29,2024-01,2024,9,Monday,True
1706519839.013,1706519914.173,1,2029.855,2029.705,-0.22500000000009096,flow_flip,75.16000008583069,0.0,-0.3369999999999891,0.25700000000006185,457.0139999999445,2024-01-29 09:17:19.013000011,2024-01-29 09:18:34.173000097,2024-01-29,2024-01,2024,9,Monday,False
1706520661.469,1706520677.912,1,2030.336,2030.055,-0.3559999999999491,flow_flip,16.442999839782715,0.0,-0.28099999999994907,0.28099999999994907,456.65799999994454,2024-01-29 09:31:01.469000101,2024-01-29 09:31:17.911999941,2024-01-29,2024-01,2024,9,Monday,False
1706521507.069,1706521521.807,-1,2028.655,2028.975,-0.39499999999993635,flow_flip,14.73799991607666,0.0,-0.32999999999992724,0.2799999999999727,456.2629999999446,2024-01-29 09:45:07.069000006,2024-01-29 09:45:21.806999922,2024-01-29,2024-01,2024,9,Monday,False
1706522315.421,1706522330.176,-1,2028.335,2028.675,-0.41499999999991816,flow_flip,14.755000114440918,0.0,-0.33999999999991815,0.2899999999999636,455.8479999999447,2024-01-29 09:58:35.421000004,2024-01-29 09:58:50.176000118,2024-01-29,2024-01,2024,9,Monday,False
1706522347.723,1706522396.176,-1,2027.875,2028.525,-0.7250000000000909,stop_loss,48.45300006866455,0.0,-0.650000000000091,0.2400000000000091,455.1229999999446,2024-01-29 09:59:07.723000050,2024-01-29 09:59:56.176000118,2024-01-29,2024-01,2024,9,Monday,False
1706522539.425,1706522545.46,-1,2027.225,2027.745,-0.5949999999999818,flow_flip,6.0350000858306885,0.0,-0.5199999999999818,0.290000000000191,454.52799999994465,2024-01-29 10:02:19.424999952,2024-01-29 10:02:25.460000038,2024-01-29,2024-01,2024,10,Monday,False
1706523059.74,1706523065.321,1,2028.215,2027.825,-0.4649999999998727,flow_flip,5.581000089645386,0.0,-0.38999999999987267,0.2869999999998072,454.0629999999448,2024-01-29 10:10:59.740000010,2024-01-29 10:11:05.321000099,2024-01-29,2024-01,2024,10,Monday,False
1706523219.851,1706523249.263,-1,2027.935,2028.335,-0.47500000000009096,flow_flip,29.411999940872192,0.0,-0.40000000000009095,0.3300000000001546,453.5879999999447,2024-01-29 10:13:39.851000071,2024-01-29 10:14:09.263000010,2024-01-29,2024-01,2024,10,Monday,False
1706523424.202,1706523446.46,-1,2028.225,2028.525,-0.3750000000001819,flow_flip,22.258000135421753,0.0,-0.37000000000011823,0.3300000000001546,453.21299999994454,2024-01-29 10:17:04.201999903,2024-01-29 10:17:26.460000038,2024-01-29,2024-01,2024,10,Monday,False
1706523701.667,1706523706.087,-1,2027.935,2028.355,-0.49500000000007277,stop_loss,4.419999837875366,0.0,-0.42000000000007276,0.30999999999994543,452.7179999999445,2024-01-29 10:21:41.667000055,2024-01-29 10:21:46.086999893,2024-01-29,2024-01,2024,10,Monday,False
1706523788.452,1706523874.161,1,2028.545,2028.315,-0.3050000000000182,flow_flip,85.70900011062622,0.0,-0.43000000000006366,0.3400000000001455,452.4129999999445,2024-01-29 10:23:08.451999903,2024-01-29 10:24:34.161000013,2024-01-29,2024-01,2024,10,Monday,False
1706524372.538,1706524418.261,1,2027.835,2027.515,-0.39499999999993635,flow_flip,45.722999811172485,0.0,-0.3400000000001455,0.31999999999993634,452.01799999994455,2024-01-29 10:32:52.538000107,2024-01-29 10:33:38.260999918,2024-01-29,2024-01,2024,10,Monday,False
1706524466.552,1706524519.724,-1,2027.215,2027.635,-0.49500000000007277,flow_flip,53.17199993133545,0.0,-0.4270000000001346,0.3369999999999891,451.5229999999445,2024-01-29 10:34:26.552000046,2024-01-29 10:35:19.723999977,2024-01-29,2024-01,2024,10,Monday,False
1706524796.347,1706524810.528,-1,2027.085,2027.485,-0.4749999999998636,flow_flip,14.181000232696533,0.0,-0.3999999999998636,0.2899999999999636,451.04799999994464,2024-01-29 10:39:56.346999884,2024-01-29 10:40:10.528000115,2024-01-29,2024-01,2024,10,Monday,False
1706524838.686,1706524929.057,-1,2026.785,2026.225,0.4850000000001728,time_stop,90.37099981307983,0.5700000000001637,-0.34999999999990905,0.2799999999999727,451.5329999999448,2024-01-29 10:40:38.686000109,2024-01-29 10:42:09.056999922,2024-01-29,2024-01,2024,10,Monday,True
1706524965.763,1706524966.421,1,2026.535,2026.025,-0.5849999999999909,stop_loss,0.6579999923706055,0.0,-0.5099999999999909,0.290000000000191,450.94799999994484,2024-01-29 10:42:45.763000011,2024-01-29 10:42:46.421000004,2024-01-29,2024-01,2024,10,Monday,False
1706525093.076,1706525190.84,1,2026.395,2026.485,0.014999999999918134,time_stop,97.76399993896484,0.19000000000005457,-0.34999999999990905,0.2899999999999636,450.96299999994477,2024-01-29 10:44:53.075999975,2024-01-29 10:46:30.839999914,2024-01-29,2024-01,2024,10,Monday,True
1706525211.13,1706525293.23,1,2027.155,2026.975,-0.2550000000000637,flow_flip,82.09999990463257,0.21000000000003638,-0.35999999999989996,0.31999999999993634,450.7079999999447,2024-01-29 10:46:51.130000114,2024-01-29 10:48:13.230000019,2024-01-29,2024-01,2024,10,Monday,False
1706525708.788,1706525725.684,-1,2026.725,2027.135,-0.48500000000008187,flow_flip,16.895999908447266,0.0,-0.41000000000008185,0.3200000000001637,450.22299999994465,2024-01-29 10:55:08.788000107,2024-01-29 10:55:25.684000015,2024-01-29,2024-01,2024,10,Monday,False
1706525982.455,1706525992.49,-1,2027.285,2027.745,-0.534999999999809,flow_flip,10.035000085830688,0.0,-0.459999999999809,0.33999999999991815,449.68799999994485,2024-01-29 10:59:42.454999924,2024-01-29 10:59:52.490000010,2024-01-29,2024-01,2024,10,Monday,False
1706526097.809,1706526104.747,-1,2026.995,2027.485,-0.565000000000009,stop_loss,6.937999963760376,0.0,-0.4900000000000091,0.290000000000191,449.12299999994485,2024-01-29 11:01:37.809000015,2024-01-29 11:01:44.746999979,2024-01-29,2024-01,2024,11,Monday,False
1706526417.462,1706526476.51,-1,2027.895,2028.005,-0.18500000000012734,flow_flip,59.04800009727478,0.04299999999989268,-0.36000000000012733,0.2899999999999636,448.93799999994474,2024-01-29 11:06:57.461999893,2024-01-29 11:07:56.509999989,2024-01-29,2024-01,2024,11,Monday,False
1706526845.147,1706526903.91,1,2026.615,2026.245,-0.44500000000011825,flow_flip,58.76300001144409,0.0,-0.37000000000011823,0.31999999999993634,448.49299999994463,2024-01-29 11:14:05.147000074,2024-01-29 11:15:03.910000086,2024-01-29,2024-01,2024,11,Monday,False
1706527020.983,1706527027.483,1,2026.595,2026.135,-0.5350000000000363,stop_loss,6.5,0.0,-0.4600000000000364,0.2999999999999545,447.9579999999446,2024-01-29 11:17:00.983000040,2024-01-29 11:17:07.483000040,2024-01-29,2024-01,2024,11,Monday,False
1706527505.995,1706527597.217,1,2026.065,2026.425,0.28499999999989994,time_stop,91.22200012207031,0.35999999999989996,-0.3200000000001637,0.3400000000001455,448.2429999999445,2024-01-29 11:25:05.994999886,2024-01-29 11:26:37.217000008,2024-01-29,2024-01,2024,11,Monday,True
1706528380.877,1706528418.582,1,2027.365,2027.215,-0.22500000000009096,flow_flip,37.704999923706055,0.029999999999972715,-0.2699999999999818,0.33999999999991815,448.01799999994444,2024-01-29 11:39:40.877000093,2024-01-29 11:40:18.582000017,2024-01-29,2024-01,2024,11,Monday,False
1706529102.282,1706529192.863,-1,2027.195,2027.475,-0.3549999999999727,time_stop,90.5809998512268,0.0,-0.3200000000001637,0.2799999999999727,447.6629999999445,2024-01-29 11:51:42.282000065,2024-01-29 11:53:12.862999916,2024-01-29,2024-01,2024,11,Monday,False
1706529295.911,1706529342.258,1,2027.655,2027.285,-0.44499999999989087,flow_flip,46.34699988365173,0.0,-0.36999999999989086,0.2899999999999636,447.2179999999446,2024-01-29 11:54:55.911000013,2024-01-29 11:55:42.257999896,2024-01-29,2024-01,2024,11,Monday,False
1706530665.792,1706530691.154,-1,2028.935,2029.225,-0.36499999999996363,flow_flip,25.361999988555908,0.0,-0.4500000000000455,0.2899999999999636,446.85299999994464,2024-01-29 12:17:45.792000055,2024-01-29 12:18:11.154000044,2024-01-29,2024-01,2024,12,Monday,False
1706530767.611,1706530798.394,1,2029.615,2029.495,-0.19500000000011825,flow_flip,30.782999992370605,0.0,-0.2799999999999727,0.2899999999999636,446.65799999994454,2024-01-29 12:19:27.611000061,2024-01-29 12:19:58.394000053,2024-01-29,2024-01,2024,12,Monday,False
1706530863.893,1706530885.386,-1,2029.175,2029.595,-0.49500000000007277,stop_loss,21.493000030517578,0.0,-0.42000000000007276,0.2999999999999545,446.1629999999445,2024-01-29 12:21:03.892999887,2024-01-29 12:21:25.385999918,2024-01-29,2024-01,2024,12,Monday,False
1706531030.32,1706531120.366,1,2030.185,2030.005,-0.2549999999998363,time_stop,90.0460000038147,0.0,-0.37999999999988177,0.2899999999999636,445.90799999994465,2024-01-29 12:23:50.319999933,2024-01-29 12:25:20.365999937,2024-01-29,2024-01,2024,12,Monday,False
1706531142.748,1706531186.693,-1,2029.975,2030.335,-0.43500000000012734,flow_flip,43.94500017166138,0.0,-0.36000000000012733,0.3200000000001637,445.47299999994453,2024-01-29 12:25:42.747999907,2024-01-29 12:26:26.693000078,2024-01-29,2024-01,2024,12,Monday,False
1706531535.99,1706531625.122,1,2030.235,2029.635,-0.674999999999909,flow_flip,89.13199996948242,0.0,-0.599999999999909,0.30999999999994543,444.79799999994464,2024-01-29 12:32:15.990000010,2024-01-29 12:33:45.121999979,2024-01-29,2024-01,2024,12,Monday,False
1706531786.425,1706531807.585,-1,2029.155,2029.675,-0.5949999999999818,stop_loss,21.16000008583069,0.0,-0.5199999999999818,0.2899999999999636,444.20299999994467,2024-01-29 12:36:26.424999952,2024-01-29 12:36:47.585000038,2024-01-29,2024-01,2024,12,Monday,False
1706599803.144,1706599808.695,1,2036.335,2035.915,-0.49500000000007277,stop_loss,5.550999879837036,0.0,-0.42000000000007276,0.19000000000005457,443.7079999999446,2024-01-30 07:30:03.144000053,2024-01-30 07:30:08.694999933,2024-01-30,2024-01,2024,7,Tuesday,False
1706600128.8,1706600129.659,1,2038.885,2038.455,-0.5050000000000636,stop_loss,0.8589999675750732,0.0,-0.43000000000006366,0.2999999999999545,443.20299999994455,2024-01-30 07:35:28.799999952,2024-01-30 07:35:29.658999920,2024-01-30,2024-01,2024,7,Tuesday,False
1706600156.544,1706600165.943,-1,2039.025,2039.385,-0.43499999999989997,flow_flip,9.39900016784668,0.0,-0.4800000000000182,0.2999999999999545,442.76799999994466,2024-01-30 07:35:56.543999910,2024-01-30 07:36:05.943000078,2024-01-30,2024-01,2024,7,Tuesday,False
1706600215.828,1706600224.504,-1,2038.875,2039.345,-0.5450000000000272,stop_loss,8.675999879837036,0.0,-0.4700000000000273,0.32999999999992724,442.22299999994465,2024-01-30 07:36:55.828000069,2024-01-30 07:37:04.503999949,2024-01-30,2024-01,2024,7,Tuesday,False
1706601605.678,1706601609.98,-1,2037.455,2038.105,-0.7250000000000909,stop_loss,4.302000045776367,0.0,-0.650000000000091,0.3100000000001728,441.49799999994457,2024-01-30 08:00:05.677999973,2024-01-30 08:00:09.980000019,2024-01-30,2024-01,2024,8,Tuesday,False
1706601649.605,1706601664.754,1,2038.395,2038.118,-0.35200000000004367,flow_flip,15.1489999294281,0.05999999999994543,-0.31999999999993634,0.32999999999992724,441.14599999994454,2024-01-30 08:00:49.605000019,2024-01-30 08:01:04.753999949,2024-01-30,2024-01,2024,8,Tuesday,False
1706601813.792,1706601817.513,1,2038.345,2037.914,-0.50600000000004,stop_loss,3.7209999561309814,0.0,-0.43100000000004,0.30700000000001637,440.6399999999445,2024-01-30 08:03:33.792000055,2024-01-30 08:03:37.513000011,2024-01-30,2024-01,2024,8,Tuesday,False
1706602062.77,1706602152.916,1,2037.825,2037.945,0.04499999999989085,time_stop,90.14599990844727,0.21299999999996544,-0.38000000000010914,0.3269999999999982,440.6849999999444,2024-01-30 08:07:42.769999981,2024-01-30 08:09:12.915999889,2024-01-30,2024-01,2024,8,Tuesday,True
1706602262.01,1706602274.849,-1,2037.335,2037.865,-0.6049999999999727,stop_loss,12.83899998664856,0.16000000000008185,-0.5299999999999727,0.2699999999999818,440.07999999994445,2024-01-30 08:11:02.009999990,2024-01-30 08:11:14.848999977,2024-01-30,2024-01,2024,8,Tuesday,False
1706605986.403,1706606041.453,-1,2037.965,2038.235,-0.3449999999999818,flow_flip,55.049999952316284,0.0,-0.3100000000001728,0.290000000000191,439.7349999999445,2024-01-30 09:13:06.403000116,2024-01-30 09:14:01.453000069,2024-01-30,2024-01,2024,9,Tuesday,False
1706606224.553,1706606296.913,-1,2037.845,2038.135,-0.36499999999996363,flow_flip,72.3600001335144,0.0,-0.32999999999992724,0.30999999999994543,439.3699999999445,2024-01-30 09:17:04.552999973,2024-01-30 09:18:16.913000107,2024-01-30,2024-01,2024,9,Tuesday,False
1706606387.875,1706606391.597,-1,2037.025,2037.355,-0.40499999999992725,stop_loss,3.7219998836517334,0.0,-0.32999999999992724,0.25,438.9649999999446,2024-01-30 09:19:47.875000000,2024-01-30 09:19:51.596999884,2024-01-30,2024-01,2024,9,Tuesday,False
1706606744.917,1706606793.165,-1,2036.905,2037.355,-0.5250000000000454,flow_flip,48.24799990653992,0.0,-0.4500000000000455,0.2999999999999545,438.4399999999446,2024-01-30 09:25:44.917000055,2024-01-30 09:26:33.164999962,2024-01-30,2024-01,2024,9,Tuesday,False
1706607036.363,1706607054.562,-1,2036.435,2036.935,-0.575,flow_flip,18.199000120162964,0.0,-0.5,0.3300000000001546,437.8649999999446,2024-01-30 09:30:36.362999916,2024-01-30 09:30:54.562000036,2024-01-30,2024-01,2024,9,Tuesday,False
1706607081.6,1706607180.188,1,2037.155,2037.115,-0.11499999999996363,time_stop,98.58800005912781,0.16000000000008185,-0.2599999999999909,0.2999999999999545,437.74999999994463,2024-01-30 09:31:21.599999905,2024-01-30 09:33:00.187999964,2024-01-30,2024-01,2024,9,Tuesday,False
1706607456.412,1706607487.169,-1,2037.845,2038.205,-0.43499999999989997,flow_flip,30.756999969482422,0.0,-0.38999999999987267,0.31999999999993634,437.31499999994475,2024-01-30 09:37:36.411999941,2024-01-30 09:38:07.168999910,2024-01-30,2024-01,2024,9,Tuesday,False
1706608229.817,1706608238.525,1,2036.665,2036.225,-0.5150000000000545,flow_flip,8.708000183105469,0.0,-0.44000000000005457,0.2899999999999636,436.7999999999447,2024-01-30 09:50:29.816999912,2024-01-30 09:50:38.525000095,2024-01-30,2024-01,2024,9,Tuesday,False
1706608882.443,1706608975.094,1,2036.535,2036.205,-0.4050000000001546,time_stop,92.65100002288818,0.0,-0.3400000000001455,0.290000000000191,436.39499999994456,2024-01-30 10:01:22.443000078,2024-01-30 10:02:55.094000101,2024-01-30,2024-01,2024,10,Tuesday,False
1706609457.294,1706609477.856,-1,2035.425,2035.825,-0.47500000000009096,flow_flip,20.562000036239624,0.0,-0.40000000000009095,0.2999999999999545,435.9199999999445,2024-01-30 10:10:57.293999910,2024-01-30 10:11:17.855999947,2024-01-30,2024-01,2024,10,Tuesday,False
1706610423.666,1706610519.59,-1,2036.425,2036.595,-0.24500000000007277,time_stop,95.92400002479553,0.0,-0.38000000000010914,0.2899999999999636,435.6749999999444,2024-01-30 10:27:03.665999889,2024-01-30 10:28:39.589999914,2024-01-30,2024-01,2024,10,Tuesday,False
1706610634.429,1706610649.568,1,2036.905,2036.675,-0.3050000000000182,flow_flip,15.139000177383423,0.0,-0.38999999999987267,0.2899999999999636,435.3699999999444,2024-01-30 10:30:34.428999901,2024-01-30 10:30:49.568000078,2024-01-30,2024-01,2024,10,Tuesday,False
1706610658.016,1706610678.004,-1,2036.485,2037.015,-0.6050000000002,stop_loss,19.98799991607666,0.0,-0.5300000000002001,0.3610000000001037,434.7649999999442,2024-01-30 10:30:58.016000032,2024-01-30 10:31:18.003999949,2024-01-30,2024-01,2024,10,Tuesday,False
1706610728.909,1706610738.103,1,2036.925,2036.455,-0.5450000000000272,stop_loss,9.194000005722046,0.0,-0.4700000000000273,0.35999999999989996,434.2199999999442,2024-01-30 10:32:08.908999920,2024-01-30 10:32:18.102999926,2024-01-30,2024-01,2024,10,Tuesday,False
1706610964.561,1706610972.952,1,2036.865,2036.445,-0.49500000000007277,flow_flip,8.390999794006348,0.0,-0.42000000000007276,0.2699999999999818,433.72499999994415,2024-01-30 10:36:04.561000109,2024-01-30 10:36:12.951999903,2024-01-30,2024-01,2024,10,Tuesday,False
1706611994.789,1706612085.935,1,2035.765,2035.865,0.02499999999990904,time_stop,91.14599990844727,0.2899999999999636,-0.2599999999999909,0.290000000000191,433.74999999994407,2024-01-30 10:53:14.789000034,2024-01-30 10:54:45.934999943,2024-01-30,2024-01,2024,10,Tuesday,True
1706613603.554,1706613620.294,-1,2033.515,2033.815,-0.37499999999995454,flow_flip,16.740000009536743,0.0,-0.30999999999994543,0.32999999999992724,433.3749999999441,2024-01-30 11:20:03.553999901,2024-01-30 11:20:20.293999910,2024-01-30,2024-01,2024,11,Tuesday,False
1706613658.719,1706613693.111,-1,2033.478,2033.865,-0.4619999999999436,flow_flip,34.39199995994568,0.0,-0.45699999999987995,0.34699999999998,432.9129999999442,2024-01-30 11:20:58.719000101,2024-01-30 11:21:33.111000061,2024-01-30,2024-01,2024,11,Tuesday,False
1706613749.21,1706613783.391,1,2034.115,2033.825,-0.36499999999996363,flow_flip,34.180999994277954,0.0,-0.2999999999999545,0.2999999999999545,432.54799999994424,2024-01-30 11:22:29.210000038,2024-01-30 11:23:03.391000032,2024-01-30,2024-01,2024,11,Tuesday,False
1706614048.517,1706614060.179,-1,2033.505,2031.775,1.6550000000000182,take_profit,11.661999940872192,1.7300000000000182,-0.2699999999999818,0.2899999999999636,434.20299999994427,2024-01-30 11:27:28.516999960,2024-01-30 11:27:40.178999901,2024-01-30,2024-01,2024,11,Tuesday,True
1706614135.104,1706614136.616,-1,2033.025,2033.485,-0.534999999999809,stop_loss,1.5119998455047607,0.0,-0.459999999999809,0.32999999999992724,433.66799999994447,2024-01-30 11:28:55.104000092,2024-01-30 11:28:56.615999937,2024-01-30,2024-01,2024,11,Tuesday,False
1706614200.738,1706614201.446,-1,2032.725,2033.175,-0.5250000000000454,stop_loss,0.7080001831054688,0.0,-0.4500000000000455,0.3100000000001728,433.14299999994444,2024-01-30 11:30:00.737999916,2024-01-30 11:30:01.446000099,2024-01-30,2024-01,2024,11,Tuesday,False
1706615795.647,1706615823.081,1,2034.682,2034.195,-0.56200000000008,flow_flip,27.43400001525879,0.0,-0.48700000000008004,0.3170000000000073,432.58099999994437,2024-01-30 11:56:35.647000074,2024-01-30 11:57:03.081000090,2024-01-30,2024-01,2024,11,Tuesday,False
1706615881.843,1706615913.806,-1,2033.975,2034.442,-0.5420000000000982,stop_loss,31.963000059127808,0.0,-0.4670000000000982,0.3300000000001546,432.0389999999443,2024-01-30 11:58:01.842999935,2024-01-30 11:58:33.805999994,2024-01-30,2024-01,2024,11,Tuesday,False
1706616001.431,1706616042.394,-1,2034.155,2034.535,-0.45500000000010915,flow_flip,40.96300005912781,0.0,-0.38000000000010914,0.2899999999999636,431.5839999999442,2024-01-30 12:00:01.430999994,2024-01-30 12:00:42.394000053,2024-01-30,2024-01,2024,12,Tuesday,False
1706616476.291,1706616560.026,1,2034.722,2034.165,-0.6320000000000163,flow_flip,83.7350001335144,0.0,-0.6069999999999709,0.30700000000001637,430.9519999999442,2024-01-30 12:07:56.290999889,2024-01-30 12:09:20.026000023,2024-01-30,2024-01,2024,12,Tuesday,False
1706616600.397,1706616622.814,-1,2034.055,2034.435,-0.4549999999998818,flow_flip,22.41699981689453,0.0,-0.37999999999988177,0.28700000000003456,430.4969999999443,2024-01-30 12:10:00.397000074,2024-01-30 12:10:22.813999891,2024-01-30,2024-01,2024,12,Tuesday,False
1706617105.281,1706617121.854,-1,2034.905,2035.252,-0.42199999999998,flow_flip,16.573000192642212,0.0,-0.34699999999998,0.29700000000002547,430.07499999994434,2024-01-30 12:18:25.280999899,2024-01-30 12:18:41.854000092,2024-01-30,2024-01,2024,12,Tuesday,False
1706618218.271,1706618294.901,-1,2034.395,2034.795,-0.47500000000009096,stop_loss,76.63000011444092,0.0,-0.40000000000009095,0.2999999999999545,429.59999999994426,2024-01-30 12:36:58.270999908,2024-01-30 12:38:14.901000023,2024-01-30,2024-01,2024,12,Tuesday,False
1706618528.562,1706618550.199,1,2035.015,2034.755,-0.3349999999999909,flow_flip,21.63699984550476,0.06999999999993634,-0.3100000000001728,0.290000000000191,429.2649999999443,2024-01-30 12:42:08.562000036,2024-01-30 12:42:30.198999882,2024-01-30,2024-01,2024,12,Tuesday,False
1706618651.171,1706618689.593,-1,2034.535,2035.025,-0.565000000000009,flow_flip,38.42199993133545,0.0,-0.4900000000000091,0.2899999999999636,428.6999999999443,2024-01-30 12:44:11.171000004,2024-01-30 12:44:49.592999935,2024-01-30,2024-01,2024,12,Tuesday,False
1706618990.212,1706619021.138,1,2035.045,2034.765,-0.3549999999999727,flow_flip,30.926000118255615,0.0,-0.37000000000011823,0.3200000000001637,428.3449999999443,2024-01-30 12:49:50.211999893,2024-01-30 12:50:21.138000011,2024-01-30,2024-01,2024,12,Tuesday,False
1706619886.393,1706619927.108,-1,2035.845,2036.022,-0.25199999999990724,flow_flip,40.71500015258789,0.22299999999995634,-0.3109999999999218,0.30700000000001637,428.0929999999444,2024-01-30 13:04:46.392999887,2024-01-30 13:05:27.108000040,2024-01-30,2024-01,2024,13,Tuesday,False
1706619968.057,1706619990.548,-1,2035.133,2035.375,-0.3169999999999618,flow_flip,22.491000175476074,0.008000000000038199,-0.26900000000000546,0.21100000000001273,427.7759999999445,2024-01-30 13:06:08.056999922,2024-01-30 13:06:30.548000097,2024-01-30,2024-01,2024,13,Tuesday,False
1706620334.32,1706620339.811,-1,2033.625,2034.185,-0.6349999999999454,flow_flip,5.491000175476074,0.0,-0.5599999999999454,0.31999999999993634,427.14099999994454,2024-01-30 13:12:14.319999933,2024-01-30 13:12:19.811000109,2024-01-30,2024-01,2024,13,Tuesday,False
1706620773.675,1706620792.858,1,2035.155,2034.565,-0.6649999999999181,stop_loss,19.183000087738037,0.0,-0.5899999999999181,0.31999999999993634,426.47599999994463,2024-01-30 13:19:33.674999952,2024-01-30 13:19:52.858000040,2024-01-30,2024-01,2024,13,Tuesday,False
1706620801.729,1706620802.993,-1,2034.205,2034.932,-0.8020000000000891,stop_loss,1.2639999389648438,0.0,-0.7270000000000891,0.3200000000001637,425.67399999994456,2024-01-30 13:20:01.729000092,2024-01-30 13:20:02.993000031,2024-01-30,2024-01,2024,13,Tuesday,False
1706684400.775,1706684470.629,-1,2034.105,2034.402,-0.3720000000000255,flow_flip,69.85399985313416,0.0,-0.29700000000002547,0.38999999999987267,425.30199999994454,2024-01-31 07:00:00.775000095,2024-01-31 07:01:10.628999949,2024-01-31,2024-01,2024,7,Wednesday,False
1706685112.803,1706685134.562,1,2036.265,2035.965,-0.3750000000001819,flow_flip,21.759000062942505,0.0,-0.3100000000001728,0.3100000000001728,424.92699999994437,2024-01-31 07:11:52.802999973,2024-01-31 07:12:14.562000036,2024-01-31,2024-01,2024,7,Wednesday,False
1706685145.826,1706685146.079,1,2036.515,2036.065,-0.5250000000000454,stop_loss,0.25300002098083496,0.0,-0.4500000000000455,0.3100000000001728,424.40199999994434,2024-01-31 07:12:25.825999975,2024-01-31 07:12:26.078999996,2024-01-31,2024-01,2024,7,Wednesday,False
1706685782.065,1706685787.707,1,2037.382,2036.705,-0.7520000000001346,stop_loss,5.641999959945679,0.0,-0.6770000000001346,0.3769999999999527,423.6499999999442,2024-01-31 07:23:02.065000057,2024-01-31 07:23:07.707000017,2024-01-31,2024-01,2024,7,Wednesday,False
1706686515.213,1706686527.583,1,2038.675,2038.065,-0.6849999999998999,stop_loss,12.369999885559082,0.0,-0.6099999999999,0.38999999999987267,422.9649999999443,2024-01-31 07:35:15.213000059,2024-01-31 07:35:27.582999945,2024-01-31,2024-01,2024,7,Wednesday,False
1706687124.037,1706687214.056,-1,2036.825,2036.905,-0.15499999999992725,time_stop,90.01900005340576,0.08000000000015461,-0.44000000000005457,0.32999999999992724,422.8099999999444,2024-01-31 07:45:24.036999941,2024-01-31 07:46:54.055999994,2024-01-31,2024-01,2024,7,Wednesday,False
1706689851.248,1706689862.37,-1,2038.905,2039.215,-0.38499999999994544,flow_flip,11.121999979019165,0.0,-0.30999999999994543,0.2799999999999727,422.4249999999445,2024-01-31 08:30:51.247999907,2024-01-31 08:31:02.369999886,2024-01-31,2024-01,2024,8,Wednesday,False
1706692999.071,1706693063.792,1,2039.315,2039.325,-0.0650000000000091,flow_flip,64.72099995613098,0.13999999999987267,-0.3369999999999891,0.3769999999999527,422.3599999999445,2024-01-31 09:23:19.071000099,2024-01-31 09:24:23.792000055,2024-01-31,2024-01,2024,9,Wednesday,False
1706693234.225,1706693257.365,1,2039.705,2039.215,-0.565000000000009,stop_loss,23.140000104904175,0.0,-0.4900000000000091,0.2799999999999727,421.7949999999445,2024-01-31 09:27:14.224999905,2024-01-31 09:27:37.365000010,2024-01-31,2024-01,2024,9,Wednesday,False
1706693559.096,1706693577.889,1,2040.055,2039.515,-0.6149999999999636,stop_loss,18.792999982833862,0.0,-0.5399999999999636,0.39000000000010004,421.1799999999445,2024-01-31 09:32:39.095999956,2024-01-31 09:32:57.888999939,2024-01-31,2024-01,2024,9,Wednesday,False
1706697030.743,1706697039.152,1,2037.905,2037.525,-0.4549999999998818,flow_flip,8.408999919891357,0.0,-0.37999999999988177,0.2699999999999818,420.72499999994466,2024-01-31 10:30:30.743000031,2024-01-31 10:30:39.151999950,2024-01-31,2024-01,2024,10,Wednesday,False
1706697166.789,1706697197.349,1,2038.302,2038.015,-0.3619999999998072,flow_flip,30.55999994277954,0.0,-0.3669999999999618,0.3369999999999891,420.36299999994486,2024-01-31 10:32:46.789000034,2024-01-31 10:33:17.348999977,2024-01-31,2024-01,2024,10,Wednesday,False
1706699761.057,1706699818.594,-1,2038.165,2038.555,-0.46500000000010006,flow_flip,57.53700017929077,0.0,-0.40000000000009095,0.2799999999999727,419.8979999999448,2024-01-31 11:16:01.056999922,2024-01-31 11:16:58.594000101,2024-01-31,2024-01,2024,11,Wednesday,False
1706701010.906,1706701021.607,-1,2037.795,2038.225,-0.5049999999998362,stop_loss,10.701000213623047,0.0,-0.4299999999998363,0.2999999999999545,419.39299999994495,2024-01-31 11:36:50.905999899,2024-01-31 11:37:01.607000113,2024-01-31,2024-01,2024,11,Wednesday,False
1706702431.326,1706702451.383,-1,2037.275,2037.795,-0.5949999999999818,stop_loss,20.056999921798706,0.0,-0.5199999999999818,0.25,418.797999999945,2024-01-31 12:00:31.325999975,2024-01-31 12:00:51.382999897,2024-01-31,2024-01,2024,12,Wednesday,False
1706702721.812,1706702782.242,1,2037.875,2037.895,-0.0550000000000182,flow_flip,60.4300000667572,0.19000000000005457,-0.31999999999993634,0.2899999999999636,418.74299999994497,2024-01-31 12:05:21.812000036,2024-01-31 12:06:22.242000103,2024-01-31,2024-01,2024,12,Wednesday,False
1706702817.896,1706702825.717,-1,2037.815,2038.195,-0.4549999999998818,flow_flip,7.821000099182129,0.0,-0.37999999999988177,0.2999999999999545,418.2879999999451,2024-01-31 12:06:57.895999908,2024-01-31 12:07:05.717000008,2024-01-31,2024-01,2024,12,Wednesday,False
1706703035.815,1706703041.204,-1,2038.015,2038.375,-0.43499999999989997,stop_loss,5.388999938964844,0.0,-0.35999999999989996,0.2400000000000091,417.8529999999452,2024-01-31 12:10:35.815000057,2024-01-31 12:10:41.203999996,2024-01-31,2024-01,2024,12,Wednesday,False
1706703527.353,1706703611.613,1,2038.722,2038.605,-0.1919999999999618,flow_flip,84.25999999046326,0.012999999999919964,-0.28700000000003456,0.26700000000005275,417.66099999994526,2024-01-31 12:18:47.352999926,2024-01-31 12:20:11.612999916,2024-01-31,2024-01,2024,12,Wednesday,False
1706704319.942,1706704412.99,-1,2038.145,2038.055,0.014999999999918134,time_stop,93.04800009727478,0.11999999999989086,-0.4500000000000455,0.32999999999992724,417.6759999999452,2024-01-31 12:31:59.941999912,2024-01-31 12:33:32.990000010,2024-01-31,2024-01,2024,12,Wednesday,True
1706704830.111,1706704920.922,1,2038.505,2038.385,-0.19500000000011825,time_stop,90.8109998703003,0.0,-0.2700000000002092,0.3000000000001819,417.4809999999451,2024-01-31 12:40:30.111000061,2024-01-31 12:42:00.921999931,2024-01-31,2024-01,2024,12,Wednesday,False
1706704969.017,1706704982.942,-1,2038.415,2038.835,-0.49500000000007277,stop_loss,13.924999952316284,0.0,-0.42000000000007276,0.30999999999994543,416.985999999945,2024-01-31 12:42:49.016999960,2024-01-31 12:43:02.941999912,2024-01-31,2024-01,2024,12,Wednesday,False
1706705282.523,1706705288.12,1,2039.505,2038.985,-0.5950000000002091,stop_loss,5.596999883651733,0.0,-0.5200000000002092,0.290000000000191,416.3909999999448,2024-01-31 12:48:02.523000001,2024-01-31 12:48:08.119999886,2024-01-31,2024-01,2024,12,Wednesday,False
1706705485.319,1706705493.824,-1,2038.915,2039.405,-0.565000000000009,flow_flip,8.504999876022339,0.0,-0.4900000000000091,0.2999999999999545,415.8259999999448,2024-01-31 12:51:25.319000006,2024-01-31 12:51:33.823999882,2024-01-31,2024-01,2024,12,Wednesday,False
1706705807.487,1706705851.092,-1,2038.755,2038.925,-0.2449999999998454,flow_flip,43.605000019073486,0.0,-0.2799999999999727,0.2799999999999727,415.580999999945,2024-01-31 12:56:47.486999989,2024-01-31 12:57:31.092000008,2024-01-31,2024-01,2024,12,Wednesday,False
1706705975.86,1706706000.11,-1,2038.305,2038.745,-0.5149999999998272,flow_flip,24.25,0.0,-0.4399999999998272,0.30999999999994543,415.0659999999452,2024-01-31 12:59:35.859999895,2024-01-31 13:00:00.109999895,2024-01-31,2024-01,2024,12,Wednesday,False
1706706018.907,1706706053.742,-1,2037.955,2038.095,-0.21500000000010006,flow_flip,34.83500003814697,0.01999999999998181,-0.4600000000000364,0.2899999999999636,414.8509999999451,2024-01-31 13:00:18.907000065,2024-01-31 13:00:53.742000103,2024-01-31,2024-01,2024,13,Wednesday,False
1706706073.085,1706706075.859,-1,2037.585,2038.035,-0.5250000000000454,stop_loss,2.7739999294281006,0.0,-0.4500000000000455,0.2799999999999727,414.32599999994505,2024-01-31 13:01:13.085000038,2024-01-31 13:01:15.858999968,2024-01-31,2024-01,2024,13,Wednesday,False
1706706204.708,1706706233.7,-1,2037.585,2037.695,-0.18499999999989997,flow_flip,28.992000102996826,0.15000000000009095,-0.21000000000003638,0.30999999999994543,414.14099999994517,2024-01-31 13:03:24.707999945,2024-01-31 13:03:53.700000048,2024-01-31,2024-01,2024,13,Wednesday,False
1706706278.989,1706706336.398,-1,2036.715,2036.522,0.11799999999998362,trail,57.40899991989136,0.4399999999998272,-0.4800000000000182,0.3200000000001637,414.25899999994516,2024-01-31 13:04:38.989000082,2024-01-31 13:05:36.398000002,2024-01-31,2024-01,2024,13,Wednesday,True
1706706344.955,1706706398.585,1,2037.115,2037.325,0.13500000000003637,flow_flip,53.63000011444092,0.31999999999993634,-0.38000000000010914,0.31999999999993634,414.3939999999452,2024-01-31 13:05:44.954999924,2024-01-31 13:06:38.585000038,2024-01-31,2024-01,2024,13,Wednesday,True
1706706660.257,1706706666.866,-1,2036.685,2037.185,-0.575,stop_loss,6.608999967575073,0.0,-0.5,0.2999999999999545,413.8189999999452,2024-01-31 13:11:00.256999969,2024-01-31 13:11:06.865999937,2024-01-31,2024-01,2024,13,Wednesday,False
1706706856.684,1706706860.109,-1,2036.355,2036.705,-0.42499999999990906,stop_loss,3.424999952316284,0.0,-0.34999999999990905,0.2400000000000091,413.3939999999453,2024-01-31 13:14:16.684000015,2024-01-31 13:14:20.108999968,2024-01-31,2024-01,2024,13,Wednesday,False
1706707026.392,1706707030.592,-1,2038.395,2038.905,-0.5849999999999909,stop_loss,4.200000047683716,0.0,-0.5099999999999909,0.32999999999992724,412.80899999994534,2024-01-31 13:17:06.391999960,2024-01-31 13:17:10.592000008,2024-01-31,2024-01,2024,13,Wednesday,False
1706707801.435,1706707802.201,1,2040.264,2040.358,0.01900000000005092,trail,0.7660000324249268,0.2940000000000964,-0.11899999999991451,0.265999999999849,412.8279999999454,2024-01-31 13:30:01.434999943,2024-01-31 13:30:02.200999975,2024-01-31,2024-01,2024,13,Wednesday,True
1706707863.469,1706707875.708,-1,2038.254,2038.565,-0.38600000000014917,flow_flip,12.238999843597412,0.14899999999988722,-0.6610000000000582,0.3410000000001219,412.44199999994527,2024-01-31 13:31:03.469000101,2024-01-31 13:31:15.707999945,2024-01-31,2024-01,2024,13,Wednesday,False
1706707989.239,1706707989.747,1,2040.706,2040.135,-0.6459999999999126,stop_loss,0.5079998970031738,0.0,-0.5709999999999127,0.3709999999998672,411.79599999994537,2024-01-31 13:33:09.239000082,2024-01-31 13:33:09.746999979,2024-01-31,2024-01,2024,13,Wednesday,False
1706708179.038,1706708199.373,-1,2039.285,2039.935,-0.7249999999998635,stop_loss,20.334999799728394,0.0,-0.6499999999998636,0.30999999999994543,411.0709999999455,2024-01-31 13:36:19.038000107,2024-01-31 13:36:39.372999907,2024-01-31,2024-01,2024,13,Wednesday,False
1706708570.302,1706708599.705,1,2041.965,2041.475,-0.565000000000009,stop_loss,29.402999877929688,0.0500000000001819,-0.4900000000000091,0.32999999999992724,410.5059999999455,2024-01-31 13:42:50.302000046,2024-01-31 13:43:19.704999924,2024-01-31,2024-01,2024,13,Wednesday,False
1706708679.6,1706708681.876,-1,2040.815,2041.295,-0.5550000000000181,stop_loss,2.2760000228881836,0.0,-0.4800000000000182,0.3569999999999709,409.9509999999455,2024-01-31 13:44:39.599999905,2024-01-31 13:44:41.875999928,2024-01-31,2024-01,2024,13,Wednesday,False
1706709850.117,1706709850.978,1,2042.126,2041.665,-0.5360000000000127,stop_loss,0.8609998226165771,0.0,-0.46100000000001273,0.29099999999994,409.4149999999455,2024-01-31 14:04:10.117000103,2024-01-31 14:04:10.977999926,2024-01-31,2024-01,2024,14,Wednesday,False
1706711584.462,1706711594.704,1,2045.785,2045.335,-0.5250000000000454,stop_loss,10.242000102996826,0.0,-0.4500000000000455,0.3400000000001455,408.8899999999455,2024-01-31 14:33:04.461999893,2024-01-31 14:33:14.703999996,2024-01-31,2024-01,2024,14,Wednesday,False
1706711776.351,1706711787.682,1,2045.892,2045.355,-0.6120000000000345,stop_loss,11.330999851226807,0.0,-0.5370000000000346,0.3369999999999891,408.27799999994545,2024-01-31 14:36:16.351000071,2024-01-31 14:36:27.681999922,2024-01-31,2024-01,2024,14,Wednesday,False
1706770801.724,1706770806.913,-1,2043.185,2043.575,-0.46500000000010006,stop_loss,5.189000129699707,0.0,-0.39000000000010004,0.2899999999999636,407.81299999994536,2024-02-01 07:00:01.723999977,2024-02-01 07:00:06.913000107,2024-02-01,2024-02,2024,7,Thursday,False
1706770829.541,1706770833.438,-1,2042.855,2043.295,-0.5150000000000545,stop_loss,3.8970000743865967,0.0,-0.44000000000005457,0.2899999999999636,407.2979999999453,2024-02-01 07:00:29.540999889,2024-02-01 07:00:33.437999964,2024-02-01,2024-02,2024,7,Thursday,False
1706770924.373,1706770938.292,-1,2042.875,2043.245,-0.44499999999989087,flow_flip,13.919000148773193,0.0,-0.36999999999989086,0.2599999999999909,406.85299999994544,2024-02-01 07:02:04.372999907,2024-02-01 07:02:18.292000055,2024-02-01,2024-02,2024,7,Thursday,False
1706770981.221,1706771026.44,1,2043.405,2043.145,-0.3349999999999909,flow_flip,45.21900010108948,0.0,-0.3999999999998636,0.3269999999999982,406.51799999994546,2024-02-01 07:03:01.220999956,2024-02-01 07:03:46.440000057,2024-02-01,2024-02,2024,7,Thursday,False
1706771317.094,1706771369.723,-1,2042.125,2042.545,-0.49500000000007277,flow_flip,52.62899994850159,0.0,-0.5099999999999909,0.2899999999999636,406.0229999999454,2024-02-01 07:08:37.094000101,2024-02-01 07:09:29.723000050,2024-02-01,2024-02,2024,7,Thursday,False
1706771417.873,1706771424.917,1,2042.975,2042.505,-0.5449999999997999,flow_flip,7.044000148773193,0.0,-0.4699999999997999,0.2899999999999636,405.4779999999456,2024-02-01 07:10:17.872999907,2024-02-01 07:10:24.917000055,2024-02-01,2024-02,2024,7,Thursday,False
1706771665.69,1706771671.736,-1,2042.455,2042.915,-0.5350000000000363,stop_loss,6.046000003814697,0.0,-0.4600000000000364,0.3500000000001364,404.9429999999456,2024-02-01 07:14:25.690000057,2024-02-01 07:14:31.736000061,2024-02-01,2024-02,2024,7,Thursday,False
1706771833.864,1706771873.37,1,2043.445,2043.215,-0.3050000000000182,flow_flip,39.50599980354309,0.060000000000172804,-0.4399999999998272,0.32999999999992724,404.6379999999456,2024-02-01 07:17:13.864000082,2024-02-01 07:17:53.369999886,2024-02-01,2024-02,2024,7,Thursday,False
1706772391.053,1706772481.075,-1,2043.195,2043.472,-0.35200000000004367,time_stop,90.0220000743866,0.0,-0.5800000000001546,0.34699999999998,404.28599999994555,2024-02-01 07:26:31.052999973,2024-02-01 07:28:01.075000048,2024-02-01,2024-02,2024,7,Thursday,False
1706773766.127,1706773772.826,1,2042.225,2041.675,-0.6249999999999545,stop_loss,6.698999881744385,0.0,-0.5499999999999545,0.35999999999989996,403.6609999999456,2024-02-01 07:49:26.127000093,2024-02-01 07:49:32.825999975,2024-02-01,2024-02,2024,7,Thursday,False
1706773874.336,1706773888.642,-1,2041.345,2041.765,-0.49500000000007277,flow_flip,14.305999994277954,0.0,-0.42000000000007276,0.30999999999994543,403.16599999994554,2024-02-01 07:51:14.335999966,2024-02-01 07:51:28.641999960,2024-02-01,2024-02,2024,7,Thursday,False
1706774179.665,1706774182.498,1,2042.665,2042.185,-0.5550000000000181,stop_loss,2.8329999446868896,0.0,-0.4800000000000182,0.36999999999989086,402.61099999994553,2024-02-01 07:56:19.664999962,2024-02-01 07:56:22.497999907,2024-02-01,2024-02,2024,7,Thursday,False
1706774402.413,1706774428.569,-1,2042.325,2042.335,-0.08499999999999092,flow_flip,26.155999898910522,0.38000000000010914,-0.21000000000003638,0.2699999999999818,402.52599999994555,2024-02-01 08:00:02.413000107,2024-02-01 08:00:28.569000006,2024-02-01,2024-02,2024,8,Thursday,False
1706774699.347,1706774728.323,-1,2040.085,2039.845,0.16500000000000908,trail,28.9760000705719,0.43000000000006366,-0.35999999999989996,0.31999999999993634,402.6909999999456,2024-02-01 08:04:59.346999884,2024-02-01 08:05:28.322999954,2024-02-01,2024-02,2024,8,Thursday,True
1706775348.633,1706775350.855,-1,2039.045,2039.525,-0.5550000000000181,stop_loss,2.2220001220703125,0.0,-0.4800000000000182,0.32999999999992724,402.13599999994557,2024-02-01 08:15:48.632999897,2024-02-01 08:15:50.855000019,2024-02-01,2024-02,2024,8,Thursday,False
1706775377.643,1706775393.441,-1,2038.995,2039.425,-0.5050000000000636,stop_loss,15.79800009727478,0.0,-0.43000000000006366,0.3100000000001728,401.6309999999455,2024-02-01 08:16:17.642999887,2024-02-01 08:16:33.440999985,2024-02-01,2024-02,2024,8,Thursday,False
1706778059.663,1706778069.699,-1,2041.605,2041.825,-0.2950000000000273,flow_flip,10.035999774932861,0.0,-0.3369999999999891,0.3369999999999891,401.3359999999455,2024-02-01 09:00:59.663000107,2024-02-01 09:01:09.698999882,2024-02-01,2024-02,2024,9,Thursday,False
1706779329.094,1706779363.127,-1,2041.525,2041.615,-0.16499999999991816,flow_flip,34.032999992370605,0.08300000000008367,-0.42699999999990723,0.3269999999999982,401.1709999999456,2024-02-01 09:22:09.094000101,2024-02-01 09:22:43.127000093,2024-02-01,2024-02,2024,9,Thursday,False
1706782468.99,1706782497.222,-1,2038.315,2038.782,-0.5419999999998708,stop_loss,28.23199987411499,0.0,-0.46699999999987085,0.32999999999992724,400.62899999994573,2024-02-01 10:14:28.990000010,2024-02-01 10:14:57.221999884,2024-02-01,2024-02,2024,10,Thursday,False
1706783401.171,1706783401.476,-1,2037.075,2037.995,-0.9949999999998453,stop_loss,0.30500006675720215,0.0,-0.9199999999998454,0.30999999999994543,399.6339999999459,2024-02-01 10:30:01.171000004,2024-02-01 10:30:01.476000071,2024-02-01,2024-02,2024,10,Thursday,False
1706783846.715,1706783863.286,-1,2036.205,2036.155,-0.02500000000004548,trail,16.57100009918213,0.3999999999998636,-0.3000000000001819,0.2599999999999909,399.60899999994587,2024-02-01 10:37:26.714999914,2024-02-01 10:37:43.286000013,2024-02-01,2024-02,2024,10,Thursday,False
1706783928.991,1706783933.177,-1,2035.495,2035.935,-0.5150000000000545,stop_loss,4.186000108718872,0.0,-0.44000000000005457,0.3300000000001546,399.0939999999458,2024-02-01 10:38:48.990999937,2024-02-01 10:38:53.177000046,2024-02-01,2024-02,2024,10,Thursday,False
1706784072.862,1706784097.12,-1,2034.615,2034.695,-0.15499999999992725,flow_flip,24.257999897003174,0.40000000000009095,-0.30999999999994543,0.2999999999999545,398.9389999999459,2024-02-01 10:41:12.861999989,2024-02-01 10:41:37.119999886,2024-02-01,2024-02,2024,10,Thursday,False
1706784117.792,1706784131.859,1,2035.235,2034.855,-0.4549999999998818,flow_flip,14.066999912261963,0.0,-0.37999999999988177,0.2899999999999636,398.48399999994604,2024-02-01 10:41:57.792000055,2024-02-01 10:42:11.858999968,2024-02-01,2024-02,2024,10,Thursday,False
1706784240.874,1706784281.276,-1,2034.845,2035.355,-0.5849999999999909,stop_loss,40.401999950408936,0.07999999999992724,-0.5099999999999909,0.31999999999993634,397.89899999994606,2024-02-01 10:44:00.874000072,2024-02-01 10:44:41.276000023,2024-02-01,2024-02,2024,10,Thursday,False
1706784308.999,1706784311.719,-1,2034.705,2035.235,-0.6049999999999727,stop_loss,2.7200000286102295,0.0,-0.5299999999999727,0.3200000000001637,397.2939999999461,2024-02-01 10:45:08.999000072,2024-02-01 10:45:11.719000101,2024-02-01,2024-02,2024,10,Thursday,False
1706784549.888,1706784579.673,-1,2034.075,2034.025,-0.02500000000004548,flow_flip,29.78500008583069,0.2799999999999727,-0.34999999999990905,0.32999999999992724,397.26899999994606,2024-02-01 10:49:09.888000011,2024-02-01 10:49:39.673000097,2024-02-01,2024-02,2024,10,Thursday,False
1706784598.109,1706784641.69,1,2034.405,2034.815,0.33500000000008184,flow_flip,43.581000089645386,0.4900000000000091,-0.4600000000000364,0.2799999999999727,397.60399999994615,2024-02-01 10:49:58.108999968,2024-02-01 10:50:41.690000057,2024-02-01,2024-02,2024,10,Thursday,True
1706784967.932,1706784968.188,-1,2031.498,2032.125,-0.7019999999999527,stop_loss,0.2560000419616699,0.0,-0.6269999999999527,0.3170000000000073,396.9019999999462,2024-02-01 10:56:07.931999922,2024-02-01 10:56:08.187999964,2024-02-01,2024-02,2024,10,Thursday,False
1706785016.346,1706785028.172,-1,2031.235,2031.835,-0.6750000000001364,stop_loss,11.825999975204468,0.0,-0.6000000000001364,0.3200000000001637,396.2269999999461,2024-02-01 10:56:56.345999956,2024-02-01 10:57:08.171999931,2024-02-01,2024-02,2024,10,Thursday,False
1706785062.864,1706785064.582,-1,2031.0,2031.455,-0.5299999999999272,stop_loss,1.7179999351501465,0.0,-0.45499999999992724,0.26500000000010004,395.6969999999462,2024-02-01 10:57:42.864000082,2024-02-01 10:57:44.582000017,2024-02-01,2024-02,2024,10,Thursday,False
1706785128.758,1706785137.327,1,2032.615,2031.985,-0.7050000000001091,stop_loss,8.569000005722046,0.0,-0.6300000000001091,0.30999999999994543,394.9919999999461,2024-02-01 10:58:48.757999897,2024-02-01 10:58:57.326999903,2024-02-01,2024-02,2024,10,Thursday,False
1706785307.128,1706785310.813,-1,2031.235,2031.845,-0.6850000000001273,stop_loss,3.684999942779541,0.0,-0.6100000000001273,0.3000000000001819,394.30699999994596,2024-02-01 11:01:47.128000020,2024-02-01 11:01:50.812999964,2024-02-01,2024-02,2024,11,Thursday,False
1706785379.724,1706785429.27,1,2031.495,2032.095,0.5250000000001365,take_profit,49.5460000038147,0.6000000000001364,-0.2999999999999545,0.31999999999993634,394.8319999999461,2024-02-01 11:02:59.723999977,2024-02-01 11:03:49.269999981,2024-02-01,2024-02,2024,11,Thursday,True
1706785795.529,1706785795.631,-1,2030.095,2030.522,-0.5019999999999072,stop_loss,0.10199999809265137,0.0,-0.42699999999990723,0.3269999999999982,394.3299999999462,2024-02-01 11:09:55.529000044,2024-02-01 11:09:55.631000042,2024-02-01,2024-02,2024,11,Thursday,False
1706785821.6,1706785823.466,-1,2030.035,2030.495,-0.534999999999809,stop_loss,1.8660001754760742,0.0,-0.459999999999809,0.3369999999999891,393.7949999999464,2024-02-01 11:10:21.599999905,2024-02-01 11:10:23.466000080,2024-02-01,2024-02,2024,11,Thursday,False
1706785850.225,1706785877.464,1,2031.015,2030.765,-0.325,flow_flip,27.23900008201599,0.0,-0.3500000000001364,0.3300000000001546,393.4699999999464,2024-02-01 11:10:50.224999905,2024-02-01 11:11:17.463999987,2024-02-01,2024-02,2024,11,Thursday,False
1706787304.671,1706787313.091,-1,2030.915,2031.322,-0.48199999999992543,stop_loss,8.420000076293945,0.03999999999996362,-0.4069999999999254,0.2899999999999636,392.9879999999465,2024-02-01 11:35:04.671000004,2024-02-01 11:35:13.091000080,2024-02-01,2024-02,2024,11,Thursday,False
1706787563.358,1706787581.691,1,2032.235,2031.935,-0.37499999999995454,flow_flip,18.33299994468689,0.0,-0.36999999999989086,0.34999999999990905,392.61299999994657,2024-02-01 11:39:23.358000040,2024-02-01 11:39:41.690999985,2024-02-01,2024-02,2024,11,Thursday,False
1706788289.857,1706788328.313,1,2033.412,2033.095,-0.3920000000000073,flow_flip,38.45599985122681,0.1230000000000473,-0.4170000000001437,0.3369999999999891,392.22099999994657,2024-02-01 11:51:29.857000113,2024-02-01 11:52:08.312999964,2024-02-01,2024-02,2024,11,Thursday,False
1706789915.941,1706789920.983,1,2032.525,2032.075,-0.5250000000000454,stop_loss,5.04200005531311,0.0,-0.4500000000000455,0.3500000000001364,391.69599999994654,2024-02-01 12:18:35.940999985,2024-02-01 12:18:40.983000040,2024-02-01,2024-02,2024,12,Thursday,False
1706858054.739,1706858066.105,-1,2056.105,2056.395,-0.36499999999996363,flow_flip,11.365999937057495,0.0,-0.3200000000001637,0.32999999999992724,391.3309999999466,2024-02-02 07:14:14.739000082,2024-02-02 07:14:26.105000019,2024-02-02,2024-02,2024,7,Friday,False
1706858160.31,1706858166.897,-1,2055.585,2055.995,-0.4849999999998545,stop_loss,6.587000131607056,0.0,-0.4099999999998545,0.3000000000001819,390.84599999994674,2024-02-02 07:16:00.309999943,2024-02-02 07:16:06.897000074,2024-02-02,2024-02,2024,7,Friday,False
1706858920.482,1706858927.528,-1,2055.815,2056.435,-0.6949999999998908,stop_loss,7.046000003814697,0.0,-0.6199999999998909,0.3769999999999527,390.15099999994686,2024-02-02 07:28:40.482000113,2024-02-02 07:28:47.528000115,2024-02-02,2024-02,2024,7,Friday,False
1706859730.417,1706859731.879,-1,2055.355,2055.782,-0.5020000000001346,stop_loss,1.4619998931884766,0.0,-0.4270000000001346,0.306999999999789,389.64899999994674,2024-02-02 07:42:10.417000055,2024-02-02 07:42:11.878999949,2024-02-02,2024-02,2024,7,Friday,False
1706860804.427,1706860824.73,-1,2054.785,2055.215,-0.505000000000291,flow_flip,20.30299997329712,0.0,-0.43000000000029104,0.30999999999994543,389.14399999994646,2024-02-02 08:00:04.427000046,2024-02-02 08:00:24.730000019,2024-02-02,2024-02,2024,8,Friday,False
1706861169.33,1706861169.837,1,2056.355,2055.915,-0.5150000000000545,stop_loss,0.5069999694824219,0.0,-0.44000000000005457,0.3400000000001455,388.6289999999464,2024-02-02 08:06:09.329999924,2024-02-02 08:06:09.836999893,2024-02-02,2024-02,2024,8,Friday,False
1706862299.447,1706862324.174,1,2056.082,2055.545,-0.6119999999998071,stop_loss,24.72699999809265,0.0,-0.5369999999998072,0.3369999999999891,388.0169999999466,2024-02-02 08:24:59.447000027,2024-02-02 08:25:24.174000025,2024-02-02,2024-02,2024,8,Friday,False
1706862361.134,1706862394.623,-1,2055.115,2055.505,-0.46500000000032743,flow_flip,33.48899984359741,0.0,-0.3900000000003274,0.3200000000001637,387.5519999999463,2024-02-02 08:26:01.134000063,2024-02-02 08:26:34.622999907,2024-02-02,2024-02,2024,8,Friday,False
1706862543.819,1706862567.993,-1,2055.035,2055.535,-0.575,stop_loss,24.174000024795532,0.0,-0.5,0.3400000000001455,386.9769999999463,2024-02-02 08:29:03.819000006,2024-02-02 08:29:27.993000031,2024-02-02,2024-02,2024,8,Friday,False
1706862761.096,1706862796.461,1,2055.582,2055.195,-0.46199999999971625,flow_flip,35.36500000953674,0.0,-0.38699999999971624,0.3170000000000073,386.5149999999466,2024-02-02 08:32:41.095999956,2024-02-02 08:33:16.460999966,2024-02-02,2024-02,2024,8,Friday,False
1706863002.205,1706863092.129,1,2055.752,2055.715,-0.1119999999998072,flow_flip,89.92400002479553,0.0929999999998472,-0.3469999999997526,0.2869999999998072,386.4029999999468,2024-02-02 08:36:42.204999924,2024-02-02 08:38:12.128999949,2024-02-02,2024-02,2024,8,Friday,False
1706863390.062,1706863404.632,-1,2055.965,2056.355,-0.4649999999998727,flow_flip,14.569999933242798,0.0,-0.38999999999987267,0.29999999999972715,385.93799999994695,2024-02-02 08:43:10.062000036,2024-02-02 08:43:24.631999969,2024-02-02,2024-02,2024,8,Friday,False
1706864804.742,1706864844.681,1,2053.975,2053.665,-0.38499999999994544,flow_flip,39.93899989128113,0.0,-0.4899999999997817,0.33999999999969077,385.552999999947,2024-02-02 09:06:44.742000103,2024-02-02 09:07:24.680999994,2024-02-02,2024-02,2024,9,Friday,False
1706865079.743,1706865106.147,1,2054.582,2054.255,-0.4019999999997708,flow_flip,26.40400004386902,0.0,-0.3369999999999891,0.24699999999984357,385.15099999994726,2024-02-02 09:11:19.743000031,2024-02-02 09:11:46.147000074,2024-02-02,2024-02,2024,9,Friday,False
1706865549.272,1706865555.42,-1,2053.185,2053.676,-0.5659999999999854,stop_loss,6.148000001907349,0.0,-0.49099999999998545,0.2899999999999636,384.5849999999473,2024-02-02 09:19:09.272000074,2024-02-02 09:19:15.420000076,2024-02-02,2024-02,2024,9,Friday,False
1706865971.915,1706866053.308,1,2054.545,2054.225,-0.3950000000001637,flow_flip,81.39300012588501,0.1799999999998363,-0.36999999999989086,0.2899999999999636,384.18999999994713,2024-02-02 09:26:11.914999962,2024-02-02 09:27:33.308000088,2024-02-02,2024-02,2024,9,Friday,False
1706867446.813,1706867510.38,1,2054.445,2054.085,-0.43500000000012734,flow_flip,63.56700015068054,0.0,-0.36000000000012733,0.2699999999999818,383.754999999947,2024-02-02 09:50:46.812999964,2024-02-02 09:51:50.380000114,2024-02-02,2024-02,2024,9,Friday,False
1706867641.625,1706867663.202,1,2054.275,2053.775,-0.575,flow_flip,21.57699990272522,0.0,-0.5,0.36999999999989086,383.17999999994703,2024-02-02 09:54:01.625000000,2024-02-02 09:54:23.201999903,2024-02-02,2024-02,2024,9,Friday,False
1706867920.426,1706867946.385,-1,2052.765,2053.065,-0.3750000000001819,flow_flip,25.95899987220764,0.0,-0.3200000000001637,0.2899999999999636,382.80499999994686,2024-02-02 09:58:40.426000118,2024-02-02 09:59:06.384999990,2024-02-02,2024-02,2024,9,Friday,False
1706868398.158,1706868488.342,-1,2053.265,2053.285,-0.09499999999998182,time_stop,90.18400001525879,0.04999999999972715,-0.36000000000012733,0.32999999999992724,382.7099999999469,2024-02-02 10:06:38.157999992,2024-02-02 10:08:08.342000008,2024-02-02,2024-02,2024,10,Friday,False
1706869053.964,1706869080.875,1,2054.095,2053.975,-0.19499999999989087,flow_flip,26.91100001335144,0.0,-0.30999999999994543,0.30999999999994543,382.514999999947,2024-02-02 10:17:33.963999987,2024-02-02 10:18:00.875000000,2024-02-02,2024-02,2024,10,Friday,False
1706869378.566,1706869398.239,-1,2054.145,2054.565,-0.49500000000007277,flow_flip,19.67300009727478,0.0,-0.42000000000007276,0.2899999999999636,382.01999999994695,2024-02-02 10:22:58.565999985,2024-02-02 10:23:18.239000082,2024-02-02,2024-02,2024,10,Friday,False
1706873524.868,1706873575.711,1,2055.685,2055.425,-0.33499999999976354,flow_flip,50.84299993515015,0.0,-0.3400000000001455,0.3200000000001637,381.6849999999472,2024-02-02 11:32:04.868000031,2024-02-02 11:32:55.710999966,2024-02-02,2024-02,2024,11,Friday,False
1706876106.833,1706876149.517,-1,2055.855,2056.085,-0.3050000000000182,flow_flip,42.68400001525879,0.0,-0.34700000000020736,0.3269999999997708,381.3799999999472,2024-02-02 12:15:06.832999945,2024-02-02 12:15:49.516999960,2024-02-02,2024-02,2024,12,Friday,False
1706876289.767,1706876312.938,-1,2055.715,2055.875,-0.2349999999998545,flow_flip,23.171000003814697,0.0,-0.33999999999969077,0.3569999999999709,381.14499999994734,2024-02-02 12:18:09.766999960,2024-02-02 12:18:32.937999964,2024-02-02,2024-02,2024,12,Friday,False
1706876463.568,1706876494.82,-1,2055.205,2055.655,-0.5250000000002728,stop_loss,31.251999855041504,0.0,-0.45000000000027285,0.2899999999999636,380.6199999999471,2024-02-02 12:21:03.568000078,2024-02-02 12:21:34.819999933,2024-02-02,2024-02,2024,12,Friday,False
1706877651.384,1706877715.782,-1,2055.095,2055.555,-0.5350000000000363,flow_flip,64.39800000190735,0.0,-0.4600000000000364,0.32700000000022555,380.08499999994706,2024-02-02 12:40:51.384000063,2024-02-02 12:41:55.782000065,2024-02-02,2024-02,2024,12,Friday,False
1706878094.882,1706878138.646,-1,2054.385,2054.642,-0.3319999999996071,flow_flip,43.763999938964844,0.0,-0.3369999999999891,0.2369999999996253,379.75299999994746,2024-02-02 12:48:14.881999969,2024-02-02 12:48:58.645999908,2024-02-02,2024-02,2024,12,Friday,False
1706878156.507,1706878166.543,-1,2053.715,2054.142,-0.5019999999996798,flow_flip,10.03600001335144,0.0,-0.42699999999967986,0.3269999999997708,379.2509999999478,2024-02-02 12:49:16.506999969,2024-02-02 12:49:26.542999983,2024-02-02,2024-02,2024,12,Friday,False
1706878731.816,1706878744.694,1,2055.465,2055.258,-0.2820000000003347,flow_flip,12.878000020980835,0.0,-0.30999999999994543,0.2899999999999636,378.96899999994747,2024-02-02 12:58:51.815999985,2024-02-02 12:59:04.694000006,2024-02-02,2024-02,2024,12,Friday,False
1706878803.738,1706878809.204,1,2055.845,2055.178,-0.7419999999999163,stop_loss,5.466000080108643,0.0,-0.6669999999999163,0.2899999999999636,378.22699999994757,2024-02-02 13:00:03.737999916,2024-02-02 13:00:09.203999996,2024-02-02,2024-02,2024,13,Friday,False
1706878935.259,1706878938.801,-1,2054.655,2055.185,-0.6049999999997453,stop_loss,3.5420000553131104,0.0,-0.5299999999997453,0.32999999999992724,377.62199999994783,2024-02-02 13:02:15.259000063,2024-02-02 13:02:18.801000118,2024-02-02,2024-02,2024,13,Friday,False
1706879110.639,1706879163.254,1,2055.485,2055.315,-0.24500000000007277,flow_flip,52.61500000953674,0.0,-0.43000000000029104,0.3000000000001819,377.37699999994777,2024-02-02 13:05:10.638999939,2024-02-02 13:06:03.253999949,2024-02-02,2024-02,2024,13,Friday,False
1706879293.4,1706879320.601,-1,2055.005,2055.375,-0.44499999999989087,flow_flip,27.200999975204468,0.0,-0.36999999999989086,0.29700000000002547,376.9319999999479,2024-02-02 13:08:13.400000095,2024-02-02 13:08:40.601000071,2024-02-02,2024-02,2024,13,Friday,False
1706879807.989,1706879809.159,1,2057.745,2057.275,-0.5449999999997999,stop_loss,1.1699998378753662,0.0,-0.4699999999997999,0.32999999999992724,376.3869999999481,2024-02-02 13:16:47.989000082,2024-02-02 13:16:49.158999920,2024-02-02,2024-02,2024,13,Friday,False
1706879881.201,1706879917.98,-1,2056.745,2057.285,-0.6149999999999636,stop_loss,36.77900004386902,0.0,-0.5399999999999636,0.3400000000001455,375.77199999994815,2024-02-02 13:18:01.200999975,2024-02-02 13:18:37.980000019,2024-02-02,2024-02,2024,13,Friday,False
1707116400.199,1707116449.657,1,2031.155,2030.785,-0.44499999999989087,flow_flip,49.45800018310547,0.2599999999999909,-0.42000000000007276,0.2899999999999636,375.32699999994827,2024-02-05 07:00:00.198999882,2024-02-05 07:00:49.657000065,2024-02-05,2024-02,2024,7,Monday,False
1707116539.617,1707116573.015,-1,2030.545,2030.825,-0.3549999999999727,flow_flip,33.39800000190735,0.0,-0.4099999999998545,0.30999999999994543,374.9719999999483,2024-02-05 07:02:19.617000103,2024-02-05 07:02:53.015000105,2024-02-05,2024-02,2024,7,Monday,False
1707116715.052,1707116805.244,-1,2029.715,2029.415,0.22499999999995451,time_stop,90.19199991226196,0.31999999999993634,-0.4600000000000364,0.3300000000001546,375.1969999999483,2024-02-05 07:05:15.052000046,2024-02-05 07:06:45.243999958,2024-02-05,2024-02,2024,7,Monday,True
1707116970.352,1707116976.718,1,2030.035,2029.615,-0.49500000000007277,flow_flip,6.365999937057495,0.0,-0.42000000000007276,0.3300000000001546,374.7019999999482,2024-02-05 07:09:30.351999998,2024-02-05 07:09:36.717999935,2024-02-05,2024-02,2024,7,Monday,False
1707117087.951,1707117096.652,1,2030.015,2029.545,-0.5450000000000272,stop_loss,8.700999975204468,0.0,-0.4700000000000273,0.3300000000001546,374.1569999999482,2024-02-05 07:11:27.950999975,2024-02-05 07:11:36.651999950,2024-02-05,2024-02,2024,7,Monday,False
1707117134.782,1707117145.097,-1,2029.105,2029.575,-0.5450000000000272,stop_loss,10.31499981880188,0.0,-0.4700000000000273,0.32999999999992724,373.6119999999482,2024-02-05 07:12:14.782000065,2024-02-05 07:12:25.096999884,2024-02-05,2024-02,2024,7,Monday,False
1707117366.692,1707117396.686,-1,2028.115,2028.605,-0.565000000000009,stop_loss,29.99400019645691,0.05999999999994543,-0.4900000000000091,0.2899999999999636,373.0469999999482,2024-02-05 07:16:06.691999912,2024-02-05 07:16:36.686000109,2024-02-05,2024-02,2024,7,Monday,False
1707117663.667,1707117754.153,-1,2029.115,2029.535,-0.49500000000007277,time_stop,90.48600006103516,0.0,-0.47100000000000364,0.3409999999998945,372.5519999999481,2024-02-05 07:21:03.667000055,2024-02-05 07:22:34.153000116,2024-02-05,2024-02,2024,7,Monday,False
1707118127.453,1707118148.771,-1,2027.435,2027.285,0.07499999999986356,flow_flip,21.317999839782715,0.4199999999998454,-0.30999999999994543,0.3200000000001637,372.626999999948,2024-02-05 07:28:47.453000069,2024-02-05 07:29:08.770999908,2024-02-05,2024-02,2024,7,Monday,True
1707118165.636,1707118213.494,1,2028.082,2027.445,-0.7120000000001709,flow_flip,47.85800004005432,0.0,-0.637000000000171,0.35700000000019827,371.91499999994784,2024-02-05 07:29:25.635999918,2024-02-05 07:30:13.493999958,2024-02-05,2024-02,2024,7,Monday,False
1707119283.99,1707119315.785,1,2028.042,2027.935,-0.1819999999999709,flow_flip,31.795000076293945,0.08300000000008367,-0.3269999999999982,0.3569999999999709,371.7329999999479,2024-02-05 07:48:03.990000010,2024-02-05 07:48:35.785000086,2024-02-05,2024-02,2024,7,Monday,False
1707119466.605,1707119470.788,1,2028.172,2027.735,-0.5120000000001255,stop_loss,4.183000087738037,0.0,-0.4370000000001255,0.30700000000001637,371.22099999994776,2024-02-05 07:51:06.605000019,2024-02-05 07:51:10.788000107,2024-02-05,2024-02,2024,7,Monday,False
1707119852.511,1707119873.948,-1,2027.365,2027.615,-0.325,flow_flip,21.437000036239624,0.0,-0.41000000000008185,0.34999999999990905,370.8959999999478,2024-02-05 07:57:32.510999918,2024-02-05 07:57:53.947999954,2024-02-05,2024-02,2024,7,Monday,False
1707120045.577,1707120103.524,-1,2026.458,2026.115,0.26800000000007457,trail,57.94700002670288,0.6130000000000564,-0.4169999999999163,0.3170000000000073,371.16399999994786,2024-02-05 08:00:45.576999903,2024-02-05 08:01:43.523999929,2024-02-05,2024-02,2024,8,Monday,True
1707120190.768,1707120229.822,1,2026.565,2026.295,-0.3449999999999818,flow_flip,39.05400013923645,0.0,-0.4500000000000455,0.3500000000001364,370.8189999999479,2024-02-05 08:03:10.767999887,2024-02-05 08:03:49.822000027,2024-02-05,2024-02,2024,8,Monday,False
1707120367.805,1707120369.723,-1,2025.635,2026.125,-0.565000000000009,stop_loss,1.9179999828338623,0.0,-0.4900000000000091,0.3569999999999709,370.2539999999479,2024-02-05 08:06:07.805000067,2024-02-05 08:06:09.723000050,2024-02-05,2024-02,2024,8,Monday,False
1707120396.217,1707120398.538,1,2025.955,2025.498,-0.5319999999998799,stop_loss,2.321000099182129,0.0,-0.45699999999987995,0.2769999999998163,369.721999999948,2024-02-05 08:06:36.217000008,2024-02-05 08:06:38.538000107,2024-02-05,2024-02,2024,8,Monday,False
1707124248.579,1707124317.653,-1,2023.778,2023.805,-0.10200000000004367,flow_flip,69.07400012016296,0.31300000000010186,-0.34699999999998,0.30700000000001637,369.619999999948,2024-02-05 09:10:48.578999996,2024-02-05 09:11:57.653000116,2024-02-05,2024-02,2024,9,Monday,False
1707124452.873,1707124477.204,-1,2023.225,2023.306,-0.15600000000013098,flow_flip,24.331000089645386,0.009999999999990905,-0.37000000000011823,0.3610000000001037,369.4639999999479,2024-02-05 09:14:12.872999907,2024-02-05 09:14:37.203999996,2024-02-05,2024-02,2024,9,Monday,False
1707125103.746,1707125145.031,-1,2021.755,2022.375,-0.6949999999998908,stop_loss,41.28499984741211,0.0,-0.6199999999998909,0.2899999999999636,368.768999999948,2024-02-05 09:25:03.746000051,2024-02-05 09:25:45.030999899,2024-02-05,2024-02,2024,9,Monday,False
1707125732.351,1707125738.797,-1,2020.555,2021.135,-0.6549999999999272,stop_loss,6.44599986076355,0.0,-0.5799999999999272,0.32999999999992724,368.1139999999481,2024-02-05 09:35:32.351000071,2024-02-05 09:35:38.796999931,2024-02-05,2024-02,2024,9,Monday,False
1707128189.414,1707128205.671,1,2023.352,2022.875,-0.5520000000000891,stop_loss,16.256999969482422,0.0,-0.47700000000008913,0.3369999999999891,367.561999999948,2024-02-05 10:16:29.414000034,2024-02-05 10:16:45.671000004,2024-02-05,2024-02,2024,10,Monday,False
1707128488.183,1707128499.06,1,2023.105,2022.765,-0.41499999999991816,flow_flip,10.876999855041504,0.0,-0.33999999999991815,0.2999999999999545,367.1469999999481,2024-02-05 10:21:28.183000088,2024-02-05 10:21:39.059999943,2024-02-05,2024-02,2024,10,Monday,False
1707128705.097,1707128721.315,-1,2023.525,2023.875,-0.42499999999990906,flow_flip,16.218000173568726,0.0,-0.35999999999989996,0.35999999999989996,366.7219999999482,2024-02-05 10:25:05.096999884,2024-02-05 10:25:21.315000057,2024-02-05,2024-02,2024,10,Monday,False
1707128782.659,1707128803.671,-1,2023.435,2023.855,-0.49500000000007277,flow_flip,21.01200008392334,0.0,-0.42000000000007276,0.3200000000001637,366.22699999994813,2024-02-05 10:26:22.658999920,2024-02-05 10:26:43.671000004,2024-02-05,2024-02,2024,10,Monday,False
1707128934.814,1707128997.916,1,2023.945,2023.755,-0.2649999999998272,flow_flip,63.10199999809265,0.07000000000016371,-0.32999999999992724,0.32999999999992724,365.9619999999483,2024-02-05 10:28:54.813999891,2024-02-05 10:29:57.915999889,2024-02-05,2024-02,2024,10,Monday,False
1707129033.613,1707129062.372,1,2024.572,2024.255,-0.3919999999997799,flow_flip,28.759000062942505,0.03300000000012915,-0.3869999999999436,0.3369999999999891,365.56999999994855,2024-02-05 10:30:33.612999916,2024-02-05 10:31:02.371999979,2024-02-05,2024-02,2024,10,Monday,False
1707129720.858,1707129730.064,-1,2024.325,2024.855,-0.6049999999999727,flow_flip,9.205999851226807,0.0,-0.5299999999999727,0.2899999999999636,364.9649999999486,2024-02-05 10:42:00.858000040,2024-02-05 10:42:10.063999891,2024-02-05,2024-02,2024,10,Monday,False
1707130037.306,1707130046.116,1,2025.435,2025.035,-0.4749999999998636,stop_loss,8.809999942779541,0.0,-0.3999999999998636,0.2899999999999636,364.48999999994874,2024-02-05 10:47:17.305999994,2024-02-05 10:47:26.115999937,2024-02-05,2024-02,2024,10,Monday,False
1707131378.53,1707131426.476,1,2025.055,2025.295,0.16500000000000908,flow_flip,47.94600009918213,0.4500000000000455,-0.2799999999999727,0.2999999999999545,364.65499999994876,2024-02-05 11:09:38.529999970,2024-02-05 11:10:26.476000071,2024-02-05,2024-02,2024,11,Monday,True
1707131620.257,1707131643.345,1,2025.815,2025.425,-0.46500000000010006,flow_flip,23.088000059127808,0.0,-0.41000000000008185,0.2999999999999545,364.18999999994867,2024-02-05 11:13:40.256999969,2024-02-05 11:14:03.345000029,2024-02-05,2024-02,2024,11,Monday,False
1707132075.827,1707132101.166,-1,2025.185,2025.545,-0.43500000000012734,flow_flip,25.33899998664856,0.0,-0.4700000000000273,0.2999999999999545,363.75499999994855,2024-02-05 11:21:15.826999903,2024-02-05 11:21:41.165999889,2024-02-05,2024-02,2024,11,Monday,False
1707132722.27,1707132773.185,-1,2025.745,2026.235,-0.565000000000009,flow_flip,50.91499996185303,0.0,-0.5200000000002092,0.3000000000001819,363.18999999994855,2024-02-05 11:32:02.269999981,2024-02-05 11:32:53.184999943,2024-02-05,2024-02,2024,11,Monday,False
1707133047.46,1707133052.45,1,2026.525,2026.055,-0.5450000000000272,flow_flip,4.990000009536743,0.0,-0.4700000000000273,0.3500000000001364,362.64499999994854,2024-02-05 11:37:27.460000038,2024-02-05 11:37:32.450000048,2024-02-05,2024-02,2024,11,Monday,False
1707133492.418,1707133528.584,1,2027.425,2027.575,0.07500000000009094,trail,36.16600012779236,0.3500000000001364,-0.30999999999994543,0.2999999999999545,362.71999999994864,2024-02-05 11:44:52.417999983,2024-02-05 11:45:28.584000111,2024-02-05,2024-02,2024,11,Monday,True
1707133675.379,1707133730.322,1,2028.255,2027.895,-0.43500000000012734,flow_flip,54.943000078201294,0.0029999999999290594,-0.4700000000000273,0.3170000000000073,362.2849999999485,2024-02-05 11:47:55.378999949,2024-02-05 11:48:50.322000027,2024-02-05,2024-02,2024,11,Monday,False
1707134076.765,1707134096.69,1,2028.275,2028.045,-0.3050000000000182,flow_flip,19.924999952316284,0.0,-0.29700000000002547,0.29700000000002547,361.9799999999485,2024-02-05 11:54:36.765000105,2024-02-05 11:54:56.690000057,2024-02-05,2024-02,2024,11,Monday,False
1707134180.605,1707134188.458,-1,2027.465,2027.985,-0.5949999999999818,flow_flip,7.852999925613403,0.0,-0.5199999999999818,0.3000000000001819,361.38499999994855,2024-02-05 11:56:20.605000019,2024-02-05 11:56:28.457999945,2024-02-05,2024-02,2024,11,Monday,False
1707134235.44,1707134260.688,-1,2027.245,2027.735,-0.565000000000009,flow_flip,25.247999906539917,0.0,-0.4900000000000091,0.3200000000001637,360.81999999994855,2024-02-05 11:57:15.440000057,2024-02-05 11:57:40.687999964,2024-02-05,2024-02,2024,11,Monday,False
1707134493.925,1707134510.555,-1,2027.518,2027.765,-0.32200000000007095,flow_flip,16.630000114440918,0.0,-0.3269999999999982,0.29700000000002547,360.4979999999485,2024-02-05 12:01:33.924999952,2024-02-05 12:01:50.555000067,2024-02-05,2024-02,2024,12,Monday,False
1707202933.841,1707203003.89,1,2027.795,2027.845,-0.02500000000004548,flow_flip,70.04900002479553,0.11999999999989086,-0.3100000000001728,0.2899999999999636,360.47299999994846,2024-02-06 07:02:13.841000080,2024-02-06 07:03:23.890000105,2024-02-06,2024-02,2024,7,Tuesday,False
1707203717.39,1707203733.798,1,2028.985,2028.615,-0.44499999999989087,flow_flip,16.407999992370605,0.0,-0.36999999999989086,0.2999999999999545,360.0279999999486,2024-02-06 07:15:17.390000105,2024-02-06 07:15:33.798000097,2024-02-06,2024-02,2024,7,Tuesday,False
1707204244.727,1707204262.173,-1,2027.735,2028.245,-0.5849999999999909,stop_loss,17.44600009918213,0.0,-0.5099999999999909,0.37000000000011823,359.4429999999486,2024-02-06 07:24:04.726999998,2024-02-06 07:24:22.173000097,2024-02-06,2024-02,2024,7,Tuesday,False
1707204347.816,1707204415.588,-1,2027.805,2028.045,-0.3150000000000091,flow_flip,67.7720000743866,0.009999999999990905,-0.4399999999998272,0.34999999999990905,359.1279999999486,2024-02-06 07:25:47.815999985,2024-02-06 07:26:55.588000059,2024-02-06,2024-02,2024,7,Tuesday,False
1707204679.031,1707204686.314,-1,2027.265,2027.615,-0.42499999999990906,stop_loss,7.2829999923706055,0.0,-0.34999999999990905,0.2699999999999818,358.7029999999487,2024-02-06 07:31:19.030999899,2024-02-06 07:31:26.313999891,2024-02-06,2024-02,2024,7,Tuesday,False
1707204903.359,1707204924.364,-1,2026.845,2027.065,-0.2950000000000273,flow_flip,21.005000114440918,0.0,-0.2699999999999818,0.2699999999999818,358.4079999999487,2024-02-06 07:35:03.358999968,2024-02-06 07:35:24.364000082,2024-02-06,2024-02,2024,7,Tuesday,False
1707206787.37,1707206818.009,-1,2025.385,2025.622,-0.31200000000008005,flow_flip,30.639000177383423,0.0,-0.38000000000010914,0.30700000000001637,358.0959999999486,2024-02-06 08:06:27.369999886,2024-02-06 08:06:58.009000063,2024-02-06,2024-02,2024,8,Tuesday,False
1707207345.565,1707207414.069,-1,2025.665,2025.465,0.12500000000004546,trail,68.50399994850159,0.4500000000000455,-0.2799999999999727,0.2899999999999636,358.2209999999487,2024-02-06 08:15:45.565000057,2024-02-06 08:16:54.069000006,2024-02-06,2024-02,2024,8,Tuesday,True
1707207631.374,1707207664.249,-1,2025.188,2025.775,-0.661999999999989,stop_loss,32.875,0.0,-0.5869999999999891,0.3269999999999982,357.5589999999487,2024-02-06 08:20:31.374000072,2024-02-06 08:21:04.249000072,2024-02-06,2024-02,2024,8,Tuesday,False
1707208200.711,1707208220.444,1,2026.305,2025.855,-0.5250000000000454,flow_flip,19.73300004005432,0.0,-0.4500000000000455,0.2999999999999545,357.03399999994866,2024-02-06 08:30:00.710999966,2024-02-06 08:30:20.444000006,2024-02-06,2024-02,2024,8,Tuesday,False
1707208336.272,1707208367.53,-1,2024.875,2024.905,-0.10499999999997273,flow_flip,31.257999897003174,0.05999999999994543,-0.31999999999993634,0.31999999999993634,356.9289999999487,2024-02-06 08:32:16.272000074,2024-02-06 08:32:47.529999970,2024-02-06,2024-02,2024,8,Tuesday,False
1707208983.982,1707209003.69,1,2025.455,2025.015,-0.5149999999998272,flow_flip,19.70799994468689,0.0,-0.4399999999998272,0.30999999999994543,356.4139999999489,2024-02-06 08:43:03.982000113,2024-02-06 08:43:23.690000057,2024-02-06,2024-02,2024,8,Tuesday,False
1707210022.817,1707210031.339,1,2024.045,2023.645,-0.47500000000009096,flow_flip,8.522000074386597,0.0,-0.40000000000009095,0.3400000000001455,355.9389999999488,2024-02-06 09:00:22.816999912,2024-02-06 09:00:31.338999987,2024-02-06,2024-02,2024,9,Tuesday,False
1707210121.806,1707210138.272,-1,2022.845,2023.455,-0.6849999999998999,stop_loss,16.466000080108643,0.0,-0.6099999999999,0.33999999999991815,355.2539999999489,2024-02-06 09:02:01.805999994,2024-02-06 09:02:18.272000074,2024-02-06,2024-02,2024,9,Tuesday,False
1707211598.261,1707211600.933,-1,2023.435,2023.825,-0.46500000000010006,stop_loss,2.6720001697540283,0.0,-0.39000000000010004,0.2999999999999545,354.7889999999488,2024-02-06 09:26:38.260999918,2024-02-06 09:26:40.933000088,2024-02-06,2024-02,2024,9,Tuesday,False
1707212585.377,1707212604.139,-1,2024.335,2024.722,-0.4619999999999436,stop_loss,18.76199984550476,0.0,-0.3869999999999436,0.2899999999999636,354.3269999999489,2024-02-06 09:43:05.377000093,2024-02-06 09:43:24.138999939,2024-02-06,2024-02,2024,9,Tuesday,False
1707212696.461,1707212707.094,1,2024.985,2024.555,-0.5049999999998362,stop_loss,10.633000135421753,0.0,-0.4299999999998363,0.25,353.82199999994907,2024-02-06 09:44:56.460999966,2024-02-06 09:45:07.094000101,2024-02-06,2024-02,2024,9,Tuesday,False
1707213500.227,1707213503.756,-1,2023.838,2024.315,-0.5520000000000891,stop_loss,3.5290000438690186,0.0,-0.47700000000008913,0.3369999999999891,353.269999999949,2024-02-06 09:58:20.226999998,2024-02-06 09:58:23.756000042,2024-02-06,2024-02,2024,9,Tuesday,False
1707213809.876,1707213823.46,1,2025.015,2024.625,-0.46500000000010006,flow_flip,13.58400011062622,0.0,-0.39000000000010004,0.3500000000001364,352.8049999999489,2024-02-06 10:03:29.875999928,2024-02-06 10:03:43.460000038,2024-02-06,2024-02,2024,10,Tuesday,False
1707214613.444,1707214617.376,-1,2025.795,2026.222,-0.5019999999999072,stop_loss,3.931999921798706,0.0,-0.42699999999990723,0.3269999999999982,352.302999999949,2024-02-06 10:16:53.444000006,2024-02-06 10:16:57.375999928,2024-02-06,2024-02,2024,10,Tuesday,False
1707214689.331,1707214722.798,-1,2025.715,2025.595,0.04499999999989085,flow_flip,33.467000007629395,0.32999999999992724,-0.37000000000011823,0.290000000000191,352.3479999999489,2024-02-06 10:18:09.331000090,2024-02-06 10:18:42.798000097,2024-02-06,2024-02,2024,10,Tuesday,True
1707215432.634,1707215432.685,1,2025.005,2024.665,-0.41500000000014553,stop_loss,0.05099987983703613,0.0,-0.3400000000001455,0.22000000000002728,351.9329999999488,2024-02-06 10:30:32.634000063,2024-02-06 10:30:32.684999943,2024-02-06,2024-02,2024,10,Tuesday,False
1707216801.221,1707216817.351,-1,2024.255,2024.595,-0.41499999999991816,flow_flip,16.130000114440918,0.0,-0.38999999999987267,0.33999999999991815,351.51799999994887,2024-02-06 10:53:21.220999956,2024-02-06 10:53:37.351000071,2024-02-06,2024-02,2024,10,Tuesday,False
1707217425.75,1707217484.109,-1,2023.395,2023.405,-0.08499999999999092,flow_flip,58.35899996757507,0.21000000000003638,-0.2899999999999636,0.2899999999999636,351.4329999999489,2024-02-06 11:03:45.750000000,2024-02-06 11:04:44.108999968,2024-02-06,2024-02,2024,11,Tuesday,False
1707217551.998,1707217600.324,1,2024.105,2023.905,-0.2750000000000455,flow_flip,48.32599997520447,0.0,-0.30999999999994543,0.36000000000012733,351.15799999994886,2024-02-06 11:05:51.997999907,2024-02-06 11:06:40.323999882,2024-02-06,2024-02,2024,11,Tuesday,False
1707218372.444,1707218385.91,-1,2024.365,2024.765,-0.47500000000009096,stop_loss,13.466000080108643,0.0,-0.40000000000009095,0.2999999999999545,350.6829999999488,2024-02-06 11:19:32.444000006,2024-02-06 11:19:45.910000086,2024-02-06,2024-02,2024,11,Tuesday,False
1707218417.183,1707218446.36,1,2025.125,2024.845,-0.3549999999999727,flow_flip,29.176999807357788,0.0,-0.35999999999989996,0.30700000000001637,350.3279999999488,2024-02-06 11:20:17.183000088,2024-02-06 11:20:46.359999895,2024-02-06,2024-02,2024,11,Tuesday,False
1707218547.536,1707218639.731,1,2025.865,2025.675,-0.2650000000000546,time_stop,92.1949999332428,0.0,-0.41000000000008185,0.2899999999999636,350.0629999999488,2024-02-06 11:22:27.536000013,2024-02-06 11:23:59.730999947,2024-02-06,2024-02,2024,11,Tuesday,False
1707219044.657,1707219053.713,1,2026.215,2025.885,-0.40499999999992725,flow_flip,9.055999994277954,0.0,-0.32999999999992724,0.2899999999999636,349.65799999994886,2024-02-06 11:30:44.657000065,2024-02-06 11:30:53.713000059,2024-02-06,2024-02,2024,11,Tuesday,False
1707219541.192,1707219575.515,-1,2026.975,2027.485,-0.5849999999999909,stop_loss,34.32300019264221,0.049999999999954525,-0.5099999999999909,0.290000000000191,349.0729999999489,2024-02-06 11:39:01.191999912,2024-02-06 11:39:35.515000105,2024-02-06,2024-02,2024,11,Tuesday,False
1707219627.286,1707219630.918,1,2027.585,2027.135,-0.5250000000000454,flow_flip,3.631999969482422,0.0,-0.4500000000000455,0.32999999999992724,348.54799999994884,2024-02-06 11:40:27.286000013,2024-02-06 11:40:30.917999983,2024-02-06,2024-02,2024,11,Tuesday,False
1707220543.755,1707220577.732,-1,2026.128,2026.595,-0.5420000000000982,stop_loss,33.97699999809265,0.0,-0.4670000000000982,0.34699999999998,348.00599999994876,2024-02-06 11:55:43.755000114,2024-02-06 11:56:17.732000113,2024-02-06,2024-02,2024,11,Tuesday,False
1707220802.873,1707220805.499,-1,2026.415,2026.885,-0.5450000000000272,stop_loss,2.626000165939331,0.0,-0.4700000000000273,0.2899999999999636,347.46099999994874,2024-02-06 12:00:02.872999907,2024-02-06 12:00:05.499000072,2024-02-06,2024-02,2024,12,Tuesday,False
1707221141.6,1707221204.556,-1,2026.705,2026.595,0.034999999999899944,flow_flip,62.956000089645386,0.22000000000002728,-0.3100000000001728,0.2899999999999636,347.49599999994865,2024-02-06 12:05:41.599999905,2024-02-06 12:06:44.555999994,2024-02-06,2024-02,2024,12,Tuesday,True
1707222173.877,1707222270.346,1,2025.875,2025.705,-0.24500000000007277,time_stop,96.4689998626709,0.0,-0.40000000000009095,0.31999999999993634,347.2509999999486,2024-02-06 12:22:53.877000093,2024-02-06 12:24:30.345999956,2024-02-06,2024-02,2024,12,Tuesday,False
1707222941.619,1707222973.216,1,2025.602,2024.935,-0.7420000000001437,stop_loss,31.597000122070312,0.0,-0.6670000000001437,0.24700000000007094,346.50899999994846,2024-02-06 12:35:41.618999958,2024-02-06 12:36:13.216000080,2024-02-06,2024-02,2024,12,Tuesday,False
1707222982.384,1707223006.959,-1,2024.725,2024.855,-0.20500000000010915,flow_flip,24.575000047683716,0.009999999999990905,-0.3300000000001546,0.290000000000191,346.30399999994836,2024-02-06 12:36:22.384000063,2024-02-06 12:36:46.959000111,2024-02-06,2024-02,2024,12,Tuesday,False
1707223266.954,1707223313.156,-1,2026.025,2026.445,-0.4949999999998454,stop_loss,46.20199990272522,0.0,-0.4199999999998454,0.2699999999999818,345.8089999999485,2024-02-06 12:41:06.953999996,2024-02-06 12:41:53.155999899,2024-02-06,2024-02,2024,12,Tuesday,False
1707289523.21,1707289531.72,-1,2033.325,2033.565,-0.3150000000000091,flow_flip,8.509999990463257,0.0,-0.2599999999999909,0.2400000000000091,345.4939999999485,2024-02-07 07:05:23.210000038,2024-02-07 07:05:31.720000029,2024-02-07,2024-02,2024,7,Wednesday,False
1707289741.661,1707289832.467,1,2033.865,2033.725,-0.21500000000010006,time_stop,90.80599999427795,0.0,-0.2999999999999545,0.2999999999999545,345.27899999994844,2024-02-07 07:09:01.661000013,2024-02-07 07:10:32.467000008,2024-02-07,2024-02,2024,7,Wednesday,False
1707292472.149,1707292520.327,-1,2034.825,2035.065,-0.3150000000000091,flow_flip,48.17799997329712,0.0,-0.37999999999988177,0.2999999999999545,344.96399999994844,2024-02-07 07:54:32.148999929,2024-02-07 07:55:20.326999903,2024-02-07,2024-02,2024,7,Wednesday,False
1707292532.965,1707292555.416,1,2035.145,2034.815,-0.40499999999992725,flow_flip,22.450999975204468,0.0,-0.32999999999992724,0.32999999999992724,344.5589999999485,2024-02-07 07:55:32.964999914,2024-02-07 07:55:55.415999889,2024-02-07,2024-02,2024,7,Wednesday,False
1707293665.876,1707293697.136,-1,2034.125,2034.302,-0.25199999999990724,flow_flip,31.259999990463257,0.0,-0.4169999999999163,0.3170000000000073,344.30699999994863,2024-02-07 08:14:25.875999928,2024-02-07 08:14:57.135999918,2024-02-07,2024-02,2024,8,Wednesday,False
1707293749.013,1707293764.652,1,2034.475,2033.955,-0.5949999999999818,stop_loss,15.638999938964844,0.0,-0.5199999999999818,0.31999999999993634,343.71199999994866,2024-02-07 08:15:49.013000011,2024-02-07 08:16:04.651999950,2024-02-07,2024-02,2024,8,Wednesday,False
1707293901.602,1707293919.392,1,2033.692,2033.445,-0.32200000000007095,flow_flip,17.789999961853027,0.0,-0.3369999999999891,0.30700000000001637,343.3899999999486,2024-02-07 08:18:21.601999998,2024-02-07 08:18:39.391999960,2024-02-07,2024-02,2024,8,Wednesday,False
1707294389.722,1707294402.072,1,2033.515,2033.085,-0.5050000000000636,flow_flip,12.350000143051147,0.0,-0.43000000000006366,0.36000000000012733,342.88499999994855,2024-02-07 08:26:29.721999884,2024-02-07 08:26:42.072000027,2024-02-07,2024-02,2024,8,Wednesday,False
1707294901.924,1707294992.389,-1,2031.715,2031.645,-0.005000000000063676,time_stop,90.46499991416931,0.1999999999998181,-0.44000000000005457,0.3269999999999982,342.8799999999485,2024-02-07 08:35:01.924000025,2024-02-07 08:36:32.388999939,2024-02-07,2024-02,2024,8,Wednesday,False
1707295607.916,1707295698.224,1,2033.795,2033.685,-0.18500000000012734,time_stop,90.30800008773804,0.0,-0.42000000000007276,0.3300000000001546,342.6949999999484,2024-02-07 08:46:47.915999889,2024-02-07 08:48:18.223999977,2024-02-07,2024-02,2024,8,Wednesday,False
1707297026.727,1707297065.734,-1,2032.745,2033.045,-0.3750000000001819,flow_flip,39.00699996948242,0.0,-0.3269999999999982,0.3269999999999982,342.3199999999482,2024-02-07 09:10:26.726999998,2024-02-07 09:11:05.733999968,2024-02-07,2024-02,2024,9,Wednesday,False
1707297671.316,1707297681.779,1,2032.855,2032.565,-0.36499999999996363,flow_flip,10.463000059127808,0.0,-0.34999999999990905,0.33999999999991815,341.95499999994826,2024-02-07 09:21:11.315999985,2024-02-07 09:21:21.779000044,2024-02-07,2024-02,2024,9,Wednesday,False
1707297698.886,1707297716.063,1,2032.965,2032.635,-0.40499999999992725,flow_flip,17.177000045776367,0.0,-0.32999999999992724,0.30999999999994543,341.54999999994834,2024-02-07 09:21:38.885999918,2024-02-07 09:21:56.062999964,2024-02-07,2024-02,2024,9,Wednesday,False
1707298305.487,1707298312.24,1,2034.915,2034.445,-0.5450000000000272,stop_loss,6.753000020980835,0.0,-0.4700000000000273,0.32999999999992724,341.0049999999483,2024-02-07 09:31:45.486999989,2024-02-07 09:31:52.240000010,2024-02-07,2024-02,2024,9,Wednesday,False
1707301535.978,1707301544.026,1,2033.645,2033.158,-0.56200000000008,flow_flip,8.04800009727478,0.0,-0.48700000000008004,0.30700000000001637,340.44299999994826,2024-02-07 10:25:35.977999926,2024-02-07 10:25:44.026000023,2024-02-07,2024-02,2024,10,Wednesday,False
1707303366.816,1707303418.176,-1,2032.818,2033.195,-0.4519999999999527,flow_flip,51.360000133514404,0.0,-0.3769999999999527,0.28700000000003456,339.9909999999483,2024-02-07 10:56:06.815999985,2024-02-07 10:56:58.176000118,2024-02-07,2024-02,2024,10,Wednesday,False
1707304925.047,1707304945.673,1,2035.185,2034.795,-0.4649999999998727,flow_flip,20.62600016593933,0.0,-0.38999999999987267,0.30999999999994543,339.52599999994845,2024-02-07 11:22:05.046999931,2024-02-07 11:22:25.673000097,2024-02-07,2024-02,2024,11,Wednesday,False
1707305292.159,1707305330.265,-1,2034.878,2035.235,-0.4319999999999709,flow_flip,38.10600018501282,0.0,-0.3669999999999618,0.3170000000000073,339.0939999999485,2024-02-07 11:28:12.158999920,2024-02-07 11:28:50.265000105,2024-02-07,2024-02,2024,11,Wednesday,False
1707305341.938,1707305369.557,-1,2034.705,2035.065,-0.43500000000012734,flow_flip,27.61899995803833,0.0,-0.36000000000012733,0.2899999999999636,338.6589999999484,2024-02-07 11:29:01.937999964,2024-02-07 11:29:29.556999922,2024-02-07,2024-02,2024,11,Wednesday,False
1707305515.688,1707305568.057,1,2035.505,2035.255,-0.325,flow_flip,52.36899995803833,0.0,-0.290000000000191,0.3100000000001728,338.3339999999484,2024-02-07 11:31:55.687999964,2024-02-07 11:32:48.056999922,2024-02-07,2024-02,2024,11,Wednesday,False
1707305737.724,1707305813.53,-1,2035.315,2035.435,-0.19499999999989087,flow_flip,75.80599999427795,0.0,-0.34999999999990905,0.2999999999999545,338.1389999999485,2024-02-07 11:35:37.723999977,2024-02-07 11:36:53.529999970,2024-02-07,2024-02,2024,11,Wednesday,False
1707306102.301,1707306133.909,-1,2034.235,2034.585,-0.42500000000013644,flow_flip,31.607999801635742,0.0,-0.3500000000001364,0.3100000000001728,337.7139999999484,2024-02-07 11:41:42.301000118,2024-02-07 11:42:13.908999920,2024-02-07,2024-02,2024,11,Wednesday,False
1707306303.502,1707306324.926,-1,2033.845,2034.255,-0.48500000000008187,stop_loss,21.424000024795532,0.0,-0.41000000000008185,0.2899999999999636,337.2289999999483,2024-02-07 11:45:03.502000093,2024-02-07 11:45:24.926000118,2024-02-07,2024-02,2024,11,Wednesday,False
1707306977.395,1707307041.947,1,2034.045,2033.965,-0.15500000000015463,flow_flip,64.55200004577637,0.0,-0.2599999999999909,0.3100000000001728,337.07399999994817,2024-02-07 11:56:17.394999981,2024-02-07 11:57:21.947000027,2024-02-07,2024-02,2024,11,Wednesday,False
1707307574.828,1707307647.101,1,2033.876,2033.545,-0.4059999999999036,flow_flip,72.27300000190735,0.0,-0.5009999999999764,0.3109999999999218,336.6679999999483,2024-02-07 12:06:14.828000069,2024-02-07 12:07:27.101000071,2024-02-07,2024-02,2024,12,Wednesday,False
1707307941.467,1707308028.01,-1,2032.725,2032.875,-0.22500000000009096,flow_flip,86.54299998283386,0.10299999999983811,-0.3170000000000073,0.3670000000001892,336.4429999999482,2024-02-07 12:12:21.467000008,2024-02-07 12:13:48.009999990,2024-02-07,2024-02,2024,12,Wednesday,False
1707308244.303,1707308251.813,1,2032.792,2032.455,-0.4119999999999891,flow_flip,7.509999990463257,0.0,-0.3969999999999345,0.2869999999998072,336.0309999999482,2024-02-07 12:17:24.302999973,2024-02-07 12:17:31.812999964,2024-02-07,2024-02,2024,12,Wednesday,False
1707308304.763,1707308389.208,-1,2032.555,2032.802,-0.3219999999998436,flow_flip,84.4449999332428,0.0,-0.6299999999998818,0.30700000000001637,335.7089999999484,2024-02-07 12:18:24.763000011,2024-02-07 12:19:49.207999945,2024-02-07,2024-02,2024,12,Wednesday,False
1707308744.52,1707308768.045,-1,2031.435,2031.905,-0.5450000000000272,flow_flip,23.52500009536743,0.0,-0.4700000000000273,0.2999999999999545,335.1639999999484,2024-02-07 12:25:44.519999981,2024-02-07 12:26:08.045000076,2024-02-07,2024-02,2024,12,Wednesday,False
1707309001.779,1707309092.951,-1,2031.538,2031.665,-0.20199999999995272,time_stop,91.17199993133545,0.36400000000003274,-0.48700000000008004,0.28700000000003456,334.96199999994843,2024-02-07 12:30:01.779000044,2024-02-07 12:31:32.950999975,2024-02-07,2024-02,2024,12,Wednesday,False
1707309483.993,1707309532.215,1,2031.635,2031.825,0.11500000000005456,flow_flip,48.22199988365173,0.2999999999999545,-0.2999999999999545,0.2899999999999636,335.0769999999485,2024-02-07 12:38:03.993000031,2024-02-07 12:38:52.214999914,2024-02-07,2024-02,2024,12,Wednesday,True
1707311763.679,1707311767.512,1,2033.295,2032.915,-0.45500000000010915,stop_loss,3.8330001831054688,0.0,-0.38000000000010914,0.2799999999999727,334.6219999999484,2024-02-07 13:16:03.678999901,2024-02-07 13:16:07.512000083,2024-02-07,2024-02,2024,13,Wednesday,False
1707312015.035,1707312015.087,1,2033.912,2033.575,-0.4119999999999891,stop_loss,0.051999807357788086,0.0,-0.3369999999999891,0.24700000000007094,334.2099999999484,2024-02-07 13:20:15.035000086,2024-02-07 13:20:15.086999893,2024-02-07,2024-02,2024,13,Wednesday,False
1707312023.363,1707312028.511,1,2034.212,2033.775,-0.5119999999998981,stop_loss,5.148000001907349,0.0,-0.43699999999989814,0.25700000000006185,333.69799999994854,2024-02-07 13:20:23.362999916,2024-02-07 13:20:28.510999918,2024-02-07,2024-02,2024,13,Wednesday,False
1707312084.307,1707312099.01,-1,2033.655,2034.135,-0.5550000000000181,stop_loss,14.70300006866455,0.0,-0.4800000000000182,0.30700000000001637,333.14299999994853,2024-02-07 13:21:24.306999922,2024-02-07 13:21:39.009999990,2024-02-07,2024-02,2024,13,Wednesday,False
1707312318.733,1707312334.365,1,2035.115,2034.795,-0.39499999999993635,flow_flip,15.631999969482422,0.0,-0.31999999999993634,0.2799999999999727,332.7479999999486,2024-02-07 13:25:18.733000040,2024-02-07 13:25:34.365000010,2024-02-07,2024-02,2024,13,Wednesday,False
1707312469.735,1707312560.085,1,2034.175,2034.615,0.36500000000005456,time_stop,90.35000014305115,0.5800000000001546,-0.33999999999991815,0.32999999999992724,333.11299999994867,2024-02-07 13:27:49.734999895,2024-02-07 13:29:20.085000038,2024-02-07,2024-02,2024,13,Wednesday,True
1707312703.773,1707312705.188,1,2035.182,2034.745,-0.5120000000001255,stop_loss,1.4149999618530273,0.0,-0.4370000000001255,0.3170000000000073,332.60099999994856,2024-02-07 13:31:43.773000002,2024-02-07 13:31:45.187999964,2024-02-07,2024-02,2024,13,Wednesday,False
1707313090.239,1707313107.033,-1,2034.955,2035.485,-0.6049999999999727,stop_loss,16.793999910354614,0.0,-0.5299999999999727,0.3400000000001455,331.9959999999486,2024-02-07 13:38:10.239000082,2024-02-07 13:38:27.032999992,2024-02-07,2024-02,2024,13,Wednesday,False
1707314479.545,1707314485.912,-1,2035.595,2036.135,-0.6149999999999636,stop_loss,6.366999864578247,0.0,-0.5399999999999636,0.2899999999999636,331.38099999994864,2024-02-07 14:01:19.545000076,2024-02-07 14:01:25.911999941,2024-02-07,2024-02,2024,14,Wednesday,False
1707375601.226,1707375631.992,-1,2033.025,2033.425,-0.4749999999998636,flow_flip,30.766000032424927,0.0,-0.4299999999998363,0.30999999999994543,330.9059999999488,2024-02-08 07:00:01.226000071,2024-02-08 07:00:31.992000103,2024-02-08,2024-02,2024,7,Thursday,False
1707375661.541,1707375689.098,-1,2032.935,2033.265,-0.4050000000001546,flow_flip,27.557000160217285,0.012999999999919964,-0.3300000000001546,0.28700000000003456,330.50099999994865,2024-02-08 07:01:01.540999889,2024-02-08 07:01:29.098000050,2024-02-08,2024-02,2024,7,Thursday,False
1707375803.723,1707375827.048,1,2033.445,2033.025,-0.4949999999998454,flow_flip,23.325000047683716,0.0,-0.4199999999998454,0.32999999999992724,330.0059999999488,2024-02-08 07:03:23.723000050,2024-02-08 07:03:47.048000097,2024-02-08,2024-02,2024,7,Thursday,False
1707376410.884,1707376500.36,1,2033.922,2033.925,-0.07200000000007095,flow_flip,89.47599983215332,0.11300000000005639,-0.21700000000009823,0.23700000000008004,329.93399999994875,2024-02-08 07:13:30.884000063,2024-02-08 07:15:00.359999895,2024-02-08,2024-02,2024,7,Thursday,False
1707376795.238,1707376796.101,1,2034.745,2034.285,-0.534999999999809,stop_loss,0.8630001544952393,0.0,-0.459999999999809,0.31999999999993634,329.39899999994896,2024-02-08 07:19:55.237999916,2024-02-08 07:19:56.101000071,2024-02-08,2024-02,2024,7,Thursday,False
1707376833.889,1707376846.29,1,2035.175,2034.775,-0.4749999999998636,stop_loss,12.401000022888184,0.0,-0.3999999999998636,0.2799999999999727,328.9239999999491,2024-02-08 07:20:33.888999939,2024-02-08 07:20:46.289999962,2024-02-08,2024-02,2024,7,Thursday,False
1707377621.602,1707377638.475,-1,2032.848,2033.325,-0.5520000000000891,flow_flip,16.872999906539917,0.0,-0.47700000000008913,0.3269999999999982,328.371999999949,2024-02-08 07:33:41.601999998,2024-02-08 07:33:58.474999905,2024-02-08,2024-02,2024,7,Thursday,False
1707377801.15,1707377813.878,1,2033.785,2033.455,-0.4050000000001546,flow_flip,12.727999925613403,0.0,-0.3500000000001364,0.3000000000001819,327.9669999999489,2024-02-08 07:36:41.150000095,2024-02-08 07:36:53.878000021,2024-02-08,2024-02,2024,7,Thursday,False
1707378620.54,1707378635.268,1,2032.655,2032.355,-0.37499999999995454,flow_flip,14.727999925613403,0.0,-0.30999999999994543,0.30999999999994543,327.59199999994894,2024-02-08 07:50:20.539999962,2024-02-08 07:50:35.267999887,2024-02-08,2024-02,2024,7,Thursday,False
1707379391.455,1707379425.127,-1,2032.775,2032.895,-0.19499999999989087,flow_flip,33.67200016975403,0.0,-0.2899999999999636,0.2899999999999636,327.39699999994906,2024-02-08 08:03:11.454999924,2024-02-08 08:03:45.127000093,2024-02-08,2024-02,2024,8,Thursday,False
1707379968.682,1707379987.942,1,2032.915,2032.455,-0.5350000000000363,flow_flip,19.259999990463257,0.0,-0.4600000000000364,0.36999999999989086,326.86199999994903,2024-02-08 08:12:48.681999922,2024-02-08 08:13:07.941999912,2024-02-08,2024-02,2024,8,Thursday,False
1707380013.276,1707380096.913,-1,2032.395,2032.445,-0.12499999999995454,flow_flip,83.63700008392334,0.16000000000008185,-0.2899999999999636,0.2899999999999636,326.7369999999491,2024-02-08 08:13:33.276000023,2024-02-08 08:14:56.913000107,2024-02-08,2024-02,2024,8,Thursday,False
1707380256.609,1707380325.178,-1,2031.005,2031.385,-0.4549999999998818,flow_flip,68.56900000572205,0.0,-0.5399999999999636,0.2899999999999636,326.2819999999492,2024-02-08 08:17:36.608999968,2024-02-08 08:18:45.177999973,2024-02-08,2024-02,2024,8,Thursday,False
1707380400.423,1707380441.169,-1,2031.288,2031.485,-0.27199999999988905,flow_flip,40.745999813079834,0.0,-0.29700000000002547,0.3369999999999891,326.00999999994934,2024-02-08 08:20:00.423000097,2024-02-08 08:20:41.168999910,2024-02-08,2024-02,2024,8,Thursday,False
1707381399.454,1707381426.223,1,2029.795,2029.225,-0.6450000000001637,stop_loss,26.76900005340576,0.0,-0.5700000000001637,0.3170000000000073,325.3649999999492,2024-02-08 08:36:39.453999996,2024-02-08 08:37:06.223000050,2024-02-08,2024-02,2024,8,Thursday,False
1707381455.073,1707381457.493,1,2029.785,2029.378,-0.4820000000001528,stop_loss,2.4200000762939453,0.0,-0.4070000000001528,0.30700000000001637,324.88299999994905,2024-02-08 08:37:35.072999954,2024-02-08 08:37:37.493000031,2024-02-08,2024-02,2024,8,Thursday,False
1707382098.276,1707382143.863,1,2030.065,2030.005,-0.13499999999994544,flow_flip,45.58699989318848,0.01999999999998181,-0.38000000000010914,0.2899999999999636,324.7479999999491,2024-02-08 08:48:18.276000023,2024-02-08 08:49:03.862999916,2024-02-08,2024-02,2024,8,Thursday,False
1707383281.85,1707383373.617,-1,2031.128,2031.165,-0.11200000000003457,time_stop,91.76700019836426,0.052999999999883585,-0.3269999999999982,0.3369999999999891,324.6359999999491,2024-02-08 09:08:01.849999905,2024-02-08 09:09:33.617000103,2024-02-08,2024-02,2024,9,Thursday,False
1707383829.148,1707383899.414,1,2031.335,2030.875,-0.5350000000000363,flow_flip,70.26600003242493,0.0,-0.4600000000000364,0.3369999999999891,324.10099999994907,2024-02-08 09:17:09.148000002,2024-02-08 09:18:19.414000034,2024-02-08,2024-02,2024,9,Thursday,False
1707384061.625,1707384078.062,1,2031.475,2031.035,-0.5149999999998272,flow_flip,16.437000036239624,0.0,-0.4399999999998272,0.2899999999999636,323.58599999994925,2024-02-08 09:21:01.625000000,2024-02-08 09:21:18.062000036,2024-02-08,2024-02,2024,9,Thursday,False
1707384776.232,1707384801.564,1,2030.785,2030.755,-0.10499999999997273,flow_flip,25.33199977874756,0.08999999999991815,-0.290000000000191,0.290000000000191,323.4809999999493,2024-02-08 09:32:56.232000113,2024-02-08 09:33:21.563999891,2024-02-08,2024-02,2024,9,Thursday,False
1707384870.949,1707384912.645,-1,2030.635,2031.145,-0.5849999999999909,stop_loss,41.69600009918213,0.0,-0.5099999999999909,0.32999999999992724,322.8959999999493,2024-02-08 09:34:30.948999882,2024-02-08 09:35:12.644999981,2024-02-08,2024-02,2024,9,Thursday,False
1707385073.334,1707385126.695,1,2031.702,2031.565,-0.21199999999994362,flow_flip,53.36099982261658,0.04299999999989268,-0.3969999999999345,0.34699999999998,322.6839999999494,2024-02-08 09:37:53.334000111,2024-02-08 09:38:46.694999933,2024-02-08,2024-02,2024,9,Thursday,False
1707385144.68,1707385202.235,-1,2031.185,2031.805,-0.6950000000001182,stop_loss,57.55499982833862,0.0,-0.6200000000001182,0.2999999999999545,321.98899999994927,2024-02-08 09:39:04.680000067,2024-02-08 09:40:02.234999895,2024-02-08,2024-02,2024,9,Thursday,False
1707385260.585,1707385351.475,1,2032.045,2032.395,0.27499999999990904,time_stop,90.8899998664856,0.34999999999990905,-0.3200000000001637,0.2799999999999727,322.2639999999492,2024-02-08 09:41:00.585000038,2024-02-08 09:42:31.474999905,2024-02-08,2024-02,2024,9,Thursday,True
1707385459.362,1707385479.263,1,2033.455,2033.125,-0.40499999999992725,flow_flip,19.901000022888184,0.0,-0.32999999999992724,0.30999999999994543,321.8589999999493,2024-02-08 09:44:19.361999989,2024-02-08 09:44:39.263000010,2024-02-08,2024-02,2024,9,Thursday,False
1707385502.963,1707385513.845,1,2033.425,2033.145,-0.3549999999999727,flow_flip,10.881999969482422,0.0,-0.33999999999991815,0.2999999999999545,321.5039999999493,2024-02-08 09:45:02.963000059,2024-02-08 09:45:13.845000029,2024-02-08,2024-02,2024,9,Thursday,False
1707385522.86,1707385546.817,-1,2032.898,2033.435,-0.6120000000000345,stop_loss,23.957000017166138,0.0,-0.5370000000000346,0.35700000000019827,320.8919999999493,2024-02-08 09:45:22.859999895,2024-02-08 09:45:46.816999912,2024-02-08,2024-02,2024,9,Thursday,False
1707385920.684,1707385968.381,1,2033.885,2033.585,-0.37499999999995454,flow_flip,47.69700002670288,0.0,-0.43000000000006366,0.31999999999993634,320.51699999994935,2024-02-08 09:52:00.684000015,2024-02-08 09:52:48.381000042,2024-02-08,2024-02,2024,9,Thursday,False
1707386121.186,1707386142.554,1,2034.195,2034.075,-0.19499999999989087,flow_flip,21.367999792099,0.0,-0.38999999999987267,0.30999999999994543,320.32199999994947,2024-02-08 09:55:21.186000109,2024-02-08 09:55:42.553999901,2024-02-08,2024-02,2024,9,Thursday,False
1707386376.706,1707386400.309,-1,2035.295,2035.785,-0.565000000000009,flow_flip,23.602999925613403,0.0,-0.4900000000000091,0.2999999999999545,319.75699999994947,2024-02-08 09:59:36.706000090,2024-02-08 10:00:00.309000015,2024-02-08,2024-02,2024,9,Thursday,False
1707387019.269,1707387019.676,1,2036.585,2036.155,-0.5050000000000636,stop_loss,0.4070000648498535,0.0,-0.43000000000006366,0.2899999999999636,319.2519999999494,2024-02-08 10:10:19.269000053,2024-02-08 10:10:19.676000118,2024-02-08,2024-02,2024,10,Thursday,False
1707387035.293,1707387107.014,-1,2035.385,2035.722,-0.4119999999999891,flow_flip,71.72099995613098,0.0,-0.44000000000005457,0.34999999999990905,318.83999999994944,2024-02-08 10:10:35.292999983,2024-02-08 10:11:47.013999939,2024-02-08,2024-02,2024,10,Thursday,False
1707387300.997,1707387301.252,1,2035.995,2035.585,-0.4849999999998545,stop_loss,0.25500011444091797,0.0,-0.4099999999998545,0.30999999999994543,318.3549999999496,2024-02-08 10:15:00.996999979,2024-02-08 10:15:01.252000092,2024-02-08,2024-02,2024,10,Thursday,False
1707387608.981,1707387657.803,1,2035.825,2035.625,-0.2750000000000455,flow_flip,48.82200002670288,0.05999999999994543,-0.2699999999999818,0.2999999999999545,318.07999999994956,2024-02-08 10:20:08.980999947,2024-02-08 10:20:57.802999973,2024-02-08,2024-02,2024,10,Thursday,False
1707462338.539,1707462347.28,1,2035.115,2034.605,-0.5849999999999909,stop_loss,8.740999937057495,0.0,-0.5099999999999909,0.2899999999999636,317.4949999999496,2024-02-09 07:05:38.539000034,2024-02-09 07:05:47.279999971,2024-02-09,2024-02,2024,7,Friday,False
1707462378.415,1707462396.722,-1,2034.215,2034.525,-0.3850000000001728,flow_flip,18.306999921798706,0.0,-0.3100000000001728,0.2699999999999818,317.1099999999494,2024-02-09 07:06:18.414999962,2024-02-09 07:06:36.721999884,2024-02-09,2024-02,2024,7,Friday,False
1707462443.451,1707462472.551,-1,2033.955,2034.175,-0.2950000000000273,flow_flip,29.100000143051147,0.0,-0.3500000000001364,0.3100000000001728,316.8149999999494,2024-02-09 07:07:23.450999975,2024-02-09 07:07:52.551000118,2024-02-09,2024-02,2024,7,Friday,False
1707463164.201,1707463185.371,1,2034.655,2034.115,-0.6149999999999636,stop_loss,21.170000076293945,0.0,-0.5399999999999636,0.30999999999994543,316.19999999994945,2024-02-09 07:19:24.200999975,2024-02-09 07:19:45.371000051,2024-02-09,2024-02,2024,7,Friday,False
1707466511.489,1707466580.426,-1,2030.785,2031.035,-0.325,flow_flip,68.93700003623962,0.07000000000016371,-0.38999999999987267,0.3369999999999891,315.87499999994947,2024-02-09 08:15:11.489000082,2024-02-09 08:16:20.426000118,2024-02-09,2024-02,2024,8,Friday,False
1707470025.393,1707470037.211,-1,2031.465,2031.825,-0.43500000000012734,flow_flip,11.818000078201294,0.0,-0.36000000000012733,0.2699999999999818,315.43999999994935,2024-02-09 09:13:45.392999887,2024-02-09 09:13:57.210999966,2024-02-09,2024-02,2024,9,Friday,False
1707471059.731,1707471067.085,-1,2032.145,2032.645,-0.575,flow_flip,7.354000091552734,0.0,-0.5,0.2899999999999636,314.86499999994936,2024-02-09 09:30:59.730999947,2024-02-09 09:31:07.085000038,2024-02-09,2024-02,2024,9,Friday,False
1707471609.574,1707471700.965,-1,2032.655,2033.095,-0.5150000000000545,time_stop,91.39100003242493,0.0,-0.6900000000000546,0.2999999999999545,314.3499999999493,2024-02-09 09:40:09.573999882,2024-02-09 09:41:40.964999914,2024-02-09,2024-02,2024,9,Friday,False
1707472581.612,1707472675.6,-1,2031.985,2031.915,-0.005000000000063676,time_stop,93.98799991607666,0.09999999999990905,-0.3000000000001819,0.3100000000001728,314.34499999994927,2024-02-09 09:56:21.611999989,2024-02-09 09:57:55.599999905,2024-02-09,2024-02,2024,9,Friday,False
1707472743.209,1707472745.879,-1,2031.495,2031.915,-0.49500000000007277,stop_loss,2.669999837875366,0.0,-0.42000000000007276,0.3100000000001728,313.8499999999492,2024-02-09 09:59:03.209000111,2024-02-09 09:59:05.878999949,2024-02-09,2024-02,2024,9,Friday,False
1707472801.815,1707472874.491,-1,2031.265,2031.542,-0.3519999999998163,flow_flip,72.67599987983704,0.020000000000209184,-0.33999999999991815,0.30999999999994543,313.4979999999494,2024-02-09 10:00:01.815000057,2024-02-09 10:01:14.490999937,2024-02-09,2024-02,2024,10,Friday,False
1707473117.411,1707473143.184,1,2032.175,2031.605,-0.6449999999999363,flow_flip,25.77300000190735,0.0,-0.5699999999999363,0.2999999999999545,312.8529999999495,2024-02-09 10:05:17.411000013,2024-02-09 10:05:43.184000015,2024-02-09,2024-02,2024,10,Friday,False
1707473700.238,1707473701.801,-1,2031.235,2031.695,-0.5350000000000363,stop_loss,1.563000202178955,0.0,-0.4600000000000364,0.3369999999999891,312.31799999994945,2024-02-09 10:15:00.237999916,2024-02-09 10:15:01.801000118,2024-02-09,2024-02,2024,10,Friday,False
1707473718.276,1707473789.754,-1,2031.275,2031.555,-0.3549999999999727,flow_flip,71.4779999256134,0.040000000000190994,-0.3170000000000073,0.34999999999990905,311.9629999999495,2024-02-09 10:15:18.276000023,2024-02-09 10:16:29.753999949,2024-02-09,2024-02,2024,10,Friday,False
1707474004.62,1707474078.241,1,2032.275,2031.865,-0.48500000000008187,flow_flip,73.62100005149841,0.0,-0.41000000000008185,0.36000000000012733,311.4779999999494,2024-02-09 10:20:04.619999886,2024-02-09 10:21:18.240999937,2024-02-09,2024-02,2024,10,Friday,False
1707474253.137,1707474283.652,1,2033.015,2032.715,-0.3750000000001819,flow_flip,30.514999866485596,0.0,-0.3400000000001455,0.3400000000001455,311.10299999994925,2024-02-09 10:24:13.137000084,2024-02-09 10:24:43.651999950,2024-02-09,2024-02,2024,10,Friday,False
1707474631.632,1707474724.13,-1,2032.165,2032.335,-0.24500000000007277,time_stop,92.4980001449585,0.029999999999972715,-0.30999999999994543,0.30999999999994543,310.8579999999492,2024-02-09 10:30:31.631999969,2024-02-09 10:32:04.130000114,2024-02-09,2024-02,2024,10,Friday,False
1707474771.764,1707474782.115,-1,2031.555,2032.155,-0.674999999999909,flow_flip,10.3510000705719,0.0,-0.599999999999909,0.2899999999999636,310.1829999999493,2024-02-09 10:32:51.763999939,2024-02-09 10:33:02.115000010,2024-02-09,2024-02,2024,10,Friday,False
1707474877.814,1707474899.06,-1,2031.945,2032.175,-0.3050000000000182,flow_flip,21.246000051498413,0.0,-0.2999999999999545,0.2599999999999909,309.8779999999493,2024-02-09 10:34:37.813999891,2024-02-09 10:34:59.059999943,2024-02-09,2024-02,2024,10,Friday,False
1707475468.757,1707475481.573,-1,2031.738,2032.025,-0.36200000000003457,flow_flip,12.815999984741211,0.0,-0.3269999999999982,0.28700000000003456,309.51599999994926,2024-02-09 10:44:28.756999969,2024-02-09 10:44:41.572999954,2024-02-09,2024-02,2024,10,Friday,False
1707477300.737,1707477328.191,1,2033.005,2032.655,-0.42500000000013644,flow_flip,27.453999996185303,0.0,-0.35700000000019827,0.34700000000020736,309.09099999994913,2024-02-09 11:15:00.736999989,2024-02-09 11:15:28.190999985,2024-02-09,2024-02,2024,11,Friday,False
1707477868.018,1707477888.84,-1,2032.755,2033.305,-0.6249999999999545,stop_loss,20.82200002670288,0.0,-0.5499999999999545,0.34999999999990905,308.4659999999492,2024-02-09 11:24:28.017999887,2024-02-09 11:24:48.839999914,2024-02-09,2024-02,2024,11,Friday,False
1707480219.534,1707480229.472,1,2032.305,2031.795,-0.5849999999999909,stop_loss,9.937999963760376,0.0,-0.5099999999999909,0.3269999999999982,307.8809999999492,2024-02-09 12:03:39.533999919,2024-02-09 12:03:49.471999884,2024-02-09,2024-02,2024,12,Friday,False
1707482301.459,1707482310.282,-1,2029.775,2030.205,-0.5049999999998362,flow_flip,8.822999954223633,0.0,-0.4299999999998363,0.3509999999998854,307.3759999999494,2024-02-09 12:38:21.459000111,2024-02-09 12:38:30.282000065,2024-02-09,2024-02,2024,12,Friday,False
1707482495.155,1707482515.23,-1,2029.695,2030.095,-0.47500000000009096,flow_flip,20.075000047683716,0.0,-0.40000000000009095,0.32100000000014006,306.9009999999493,2024-02-09 12:41:35.154999971,2024-02-09 12:41:55.230000019,2024-02-09,2024-02,2024,12,Friday,False
1707483042.298,1707483062.373,-1,2029.025,2029.325,-0.37499999999995454,flow_flip,20.074999809265137,0.0,-0.2999999999999545,0.2999999999999545,306.52599999994936,2024-02-09 12:50:42.298000097,2024-02-09 12:51:02.372999907,2024-02-09,2024-02,2024,12,Friday,False
1707483661.849,1707483728.665,-1,2027.855,2027.655,0.12500000000004546,flow_flip,66.81599998474121,0.46299999999996544,-0.2699999999999818,0.2999999999999545,306.6509999999494,2024-02-09 13:01:01.848999977,2024-02-09 13:02:08.664999962,2024-02-09,2024-02,2024,13,Friday,True
1707483968.849,1707483996.815,-1,2026.865,2026.635,0.15500000000001818,trail,27.966000080108643,0.4900000000000091,-0.41000000000008185,0.32999999999992724,306.80599999994945,2024-02-09 13:06:08.848999977,2024-02-09 13:06:36.815000057,2024-02-09,2024-02,2024,13,Friday,True
1707484469.14,1707484475.294,1,2026.955,2026.468,-0.5619999999998526,stop_loss,6.1539998054504395,0.0,-0.48699999999985266,0.3269999999999982,306.2439999999496,2024-02-09 13:14:29.140000105,2024-02-09 13:14:35.293999910,2024-02-09,2024-02,2024,13,Friday,False
1707484741.958,1707484751.79,1,2026.885,2026.385,-0.575,stop_loss,9.832000017166138,0.0,-0.5,0.35999999999989996,305.6689999999496,2024-02-09 13:19:01.957999945,2024-02-09 13:19:11.789999962,2024-02-09,2024-02,2024,13,Friday,False
1707484816.075,1707484844.521,1,2026.825,2026.255,-0.6449999999999363,flow_flip,28.44599986076355,0.0,-0.5699999999999363,0.2999999999999545,305.0239999999497,2024-02-09 13:20:16.075000048,2024-02-09 13:20:44.520999907,2024-02-09,2024-02,2024,13,Friday,False
1707721335.518,1707721390.999,1,2024.535,2024.245,-0.365000000000191,flow_flip,55.48100018501282,0.0,-0.3369999999999891,0.3200000000001637,304.6589999999495,2024-02-12 07:02:15.517999887,2024-02-12 07:03:10.999000072,2024-02-12,2024-02,2024,7,Monday,False
1707722632.257,1707722663.593,1,2024.705,2024.418,-0.36200000000003457,flow_flip,31.335999965667725,0.0,-0.33999999999991815,0.3170000000000073,304.2969999999495,2024-02-12 07:23:52.256999969,2024-02-12 07:24:23.592999935,2024-02-12,2024-02,2024,7,Monday,False
1707723667.324,1707723760.31,-1,2024.105,2024.455,-0.42499999999990906,time_stop,92.98600006103516,0.0,-0.43000000000006366,0.32999999999992724,303.8719999999496,2024-02-12 07:41:07.323999882,2024-02-12 07:42:40.309999943,2024-02-12,2024-02,2024,7,Monday,False
1707723901.41,1707723950.21,1,2024.745,2024.415,-0.40499999999992725,flow_flip,48.799999952316284,0.0,-0.32999999999992724,0.2999999999999545,303.4669999999497,2024-02-12 07:45:01.410000086,2024-02-12 07:45:50.210000038,2024-02-12,2024-02,2024,7,Monday,False
1707724262.892,1707724286.8,1,2025.255,2024.918,-0.41200000000021647,flow_flip,23.907999992370605,0.0,-0.40000000000009095,0.3200000000001637,303.0549999999495,2024-02-12 07:51:02.891999960,2024-02-12 07:51:26.799999952,2024-02-12,2024-02,2024,7,Monday,False
1707725299.041,1707725340.586,-1,2025.485,2025.855,-0.44500000000011825,flow_flip,41.545000076293945,0.0,-0.387000000000171,0.3200000000001637,302.60999999994937,2024-02-12 08:08:19.040999889,2024-02-12 08:09:00.585999966,2024-02-12,2024-02,2024,8,Monday,False
1707726722.12,1707726753.679,-1,2026.625,2026.795,-0.24500000000007277,flow_flip,31.55900001525879,0.0,-0.2899999999999636,0.31999999999993634,302.3649999999493,2024-02-12 08:32:02.119999886,2024-02-12 08:32:33.678999901,2024-02-12,2024-02,2024,8,Monday,False
1707726806.781,1707726820.288,-1,2026.335,2026.645,-0.38499999999994544,flow_flip,13.507000207901001,0.0,-0.30999999999994543,0.2699999999999818,301.97999999994937,2024-02-12 08:33:26.780999899,2024-02-12 08:33:40.288000107,2024-02-12,2024-02,2024,8,Monday,False
1707727605.689,1707727650.491,-1,2024.665,2025.205,-0.6149999999999636,flow_flip,44.80200004577637,0.0,-0.5399999999999636,0.3400000000001455,301.3649999999494,2024-02-12 08:46:45.688999891,2024-02-12 08:47:30.490999937,2024-02-12,2024-02,2024,8,Monday,False
1707727873.25,1707727901.398,1,2024.775,2024.285,-0.565000000000009,stop_loss,28.14800000190735,0.0,-0.4900000000000091,0.3400000000001455,300.7999999999494,2024-02-12 08:51:13.250000000,2024-02-12 08:51:41.398000002,2024-02-12,2024-02,2024,8,Monday,False
1707728543.204,1707728596.895,-1,2023.425,2023.775,-0.42500000000013644,flow_flip,53.69099998474121,0.0,-0.4800000000000182,0.3300000000001546,300.3749999999493,2024-02-12 09:02:23.203999996,2024-02-12 09:03:16.894999981,2024-02-12,2024-02,2024,9,Monday,False
1707728644.367,1707728693.79,-1,2023.555,2023.885,-0.40499999999992725,flow_flip,49.4229998588562,0.0,-0.3369999999999891,0.32999999999992724,299.9699999999494,2024-02-12 09:04:04.367000103,2024-02-12 09:04:53.789999962,2024-02-12,2024-02,2024,9,Monday,False
1707728927.927,1707729024.757,-1,2022.705,2022.985,-0.3549999999999727,time_stop,96.82999992370605,0.0,-0.43000000000006366,0.3400000000001455,299.6149999999494,2024-02-12 09:08:47.927000046,2024-02-12 09:10:24.756999969,2024-02-12,2024-02,2024,9,Monday,False
1707733809.729,1707733826.668,-1,2020.275,2020.685,-0.4849999999998545,stop_loss,16.938999891281128,0.0,-0.4099999999998545,0.2999999999999545,299.1299999999496,2024-02-12 10:30:09.729000092,2024-02-12 10:30:26.667999983,2024-02-12,2024-02,2024,10,Monday,False
1707735642.229,1707735654.6,-1,2021.105,2021.345,-0.3150000000000091,flow_flip,12.370999813079834,0.0,-0.33999999999991815,0.31999999999993634,298.8149999999496,2024-02-12 11:00:42.229000092,2024-02-12 11:00:54.599999905,2024-02-12,2024-02,2024,11,Monday,False
1707735785.397,1707735852.884,-1,2020.785,2021.205,-0.4949999999998454,flow_flip,67.48699998855591,0.0,-0.4199999999998454,0.31999999999993634,298.31999999994974,2024-02-12 11:03:05.397000074,2024-02-12 11:04:12.884000063,2024-02-12,2024-02,2024,11,Monday,False
1707736132.854,1707736143.305,1,2021.055,2020.705,-0.42500000000013644,flow_flip,10.450999975204468,0.0,-0.3500000000001364,0.3200000000001637,297.8949999999496,2024-02-12 11:08:52.854000092,2024-02-12 11:09:03.305000067,2024-02-12,2024-02,2024,11,Monday,False
1707736637.187,1707736731.34,1,2021.065,2020.685,-0.45500000000010915,time_stop,94.15299987792969,0.0,-0.5099999999999909,0.3500000000001364,297.4399999999495,2024-02-12 11:17:17.187000036,2024-02-12 11:18:51.339999914,2024-02-12,2024-02,2024,11,Monday,False
1707737262.179,1707737281.024,1,2021.872,2021.455,-0.4920000000001437,flow_flip,18.84500002861023,0.0,-0.4170000000001437,0.3170000000000073,296.9479999999494,2024-02-12 11:27:42.178999901,2024-02-12 11:28:01.023999929,2024-02-12,2024-02,2024,11,Monday,False
1707737307.682,1707737344.444,1,2021.972,2021.715,-0.33200000000006186,flow_flip,36.76200008392334,0.0,-0.3669999999999618,0.3369999999999891,296.61599999994934,2024-02-12 11:28:27.681999922,2024-02-12 11:29:04.444000006,2024-02-12,2024-02,2024,11,Monday,False
1707737983.087,1707737983.239,-1,2021.995,2022.395,-0.47500000000009096,stop_loss,0.15200018882751465,0.0,-0.40000000000009095,0.3100000000001728,296.14099999994926,2024-02-12 11:39:43.086999893,2024-02-12 11:39:43.239000082,2024-02-12,2024-02,2024,11,Monday,False
1707738224.866,1707738255.687,-1,2021.765,2022.075,-0.38499999999994544,flow_flip,30.82100009918213,0.0,-0.31999999999993634,0.32999999999992724,295.7559999999493,2024-02-12 11:43:44.865999937,2024-02-12 11:44:15.687000036,2024-02-12,2024-02,2024,11,Monday,False
1707739706.482,1707739713.664,-1,2021.845,2022.245,-0.4749999999998636,flow_flip,7.181999921798706,0.0,-0.3999999999998636,0.2699999999999818,295.2809999999495,2024-02-12 12:08:26.482000113,2024-02-12 12:08:33.664000034,2024-02-12,2024-02,2024,12,Monday,False
1707741012.194,1707741029.334,-1,2021.175,2021.395,-0.2950000000000273,flow_flip,17.140000104904175,0.0,-0.31999999999993634,0.3400000000001455,294.98599999994946,2024-02-12 12:30:12.194000006,2024-02-12 12:30:29.334000111,2024-02-12,2024-02,2024,12,Monday,False
1707741342.687,1707741379.527,-1,2020.795,2021.055,-0.3349999999999909,flow_flip,36.83999991416931,0.0,-0.38999999999987267,0.33999999999991815,294.6509999999495,2024-02-12 12:35:42.687000036,2024-02-12 12:36:19.526999950,2024-02-12,2024-02,2024,12,Monday,False
1707741581.315,1707741659.973,1,2021.315,2021.115,-0.2750000000000455,flow_flip,78.6579999923706,0.0,-0.4600000000000364,0.3400000000001455,294.37599999994944,2024-02-12 12:39:41.315000057,2024-02-12 12:40:59.973000050,2024-02-12,2024-02,2024,12,Monday,False
1707742102.723,1707742125.045,1,2021.095,2020.745,-0.42500000000013644,flow_flip,22.32200002670288,0.0,-0.3500000000001364,0.33999999999991815,293.9509999999493,2024-02-12 12:48:22.723000050,2024-02-12 12:48:45.045000076,2024-02-12,2024-02,2024,12,Monday,False
1707742147.761,1707742176.113,1,2021.405,2021.045,-0.43499999999989997,flow_flip,28.35199999809265,0.0,-0.35999999999989996,0.33999999999991815,293.51599999994943,2024-02-12 12:49:07.760999918,2024-02-12 12:49:36.112999916,2024-02-12,2024-02,2024,12,Monday,False
1707743147.289,1707743164.143,1,2023.212,2023.455,0.16799999999993814,trail,16.853999853134155,0.4329999999999927,-0.3170000000000073,0.28700000000003456,293.6839999999494,2024-02-12 13:05:47.289000034,2024-02-12 13:06:04.142999887,2024-02-12,2024-02,2024,13,Monday,True
1707743356.544,1707743379.069,1,2024.085,2023.545,-0.6149999999999636,stop_loss,22.52500009536743,0.0,-0.5399999999999636,0.3400000000001455,293.0689999999494,2024-02-12 13:09:16.543999910,2024-02-12 13:09:39.069000006,2024-02-12,2024-02,2024,13,Monday,False
1707743387.173,1707743427.516,1,2024.155,2024.415,0.1849999999999909,flow_flip,40.34299993515015,0.49299999999993815,-0.31999999999993634,0.33999999999991815,293.25399999994943,2024-02-12 13:09:47.173000097,2024-02-12 13:10:27.516000032,2024-02-12,2024-02,2024,13,Monday,True
1707743439.201,1707743452.81,-1,2024.178,2024.555,-0.4519999999999527,flow_flip,13.608999967575073,0.0,-0.4069999999999254,0.3169999999997799,292.8019999999495,2024-02-12 13:10:39.200999975,2024-02-12 13:10:52.809999943,2024-02-12,2024-02,2024,13,Monday,False
1707807602.53,1707807610.194,1,2024.125,2023.635,-0.565000000000009,stop_loss,7.664000034332275,0.0,-0.4900000000000091,0.2899999999999636,292.2369999999495,2024-02-13 07:00:02.529999970,2024-02-13 07:00:10.194000006,2024-02-13,2024-02,2024,7,Tuesday,False
1707807618.747,1707807638.055,-1,2023.378,2023.915,-0.6120000000000345,stop_loss,19.308000087738037,0.0,-0.5370000000000346,0.25700000000006185,291.62499999994947,2024-02-13 07:00:18.746999979,2024-02-13 07:00:38.055000067,2024-02-13,2024-02,2024,7,Tuesday,False
1707808293.712,1707808353.461,1,2024.635,2024.195,-0.5150000000000545,stop_loss,59.74900007247925,0.0,-0.44000000000005457,0.30999999999994543,291.1099999999494,2024-02-13 07:11:33.711999893,2024-02-13 07:12:33.460999966,2024-02-13,2024-02,2024,7,Tuesday,False
1707808786.364,1707808878.461,1,2024.585,2024.265,-0.39499999999993635,time_stop,92.09699988365173,0.009999999999990905,-0.44000000000005457,0.31999999999993634,290.7149999999495,2024-02-13 07:19:46.364000082,2024-02-13 07:21:18.460999966,2024-02-13,2024-02,2024,7,Tuesday,False
1707809401.668,1707809438.396,-1,2024.325,2024.645,-0.39499999999993635,flow_flip,36.7279999256134,0.0,-0.5299999999999727,0.2899999999999636,290.3199999999496,2024-02-13 07:30:01.667999983,2024-02-13 07:30:38.395999908,2024-02-13,2024-02,2024,7,Tuesday,False
1707809773.704,1707809813.233,-1,2023.855,2024.275,-0.49500000000007277,flow_flip,39.52900004386902,0.0,-0.42000000000007276,0.2899999999999636,289.8249999999495,2024-02-13 07:36:13.703999996,2024-02-13 07:36:53.233000040,2024-02-13,2024-02,2024,7,Tuesday,False
1707810634.895,1707810658.406,-1,2025.385,2025.805,-0.49500000000007277,stop_loss,23.51099991798401,0.0,-0.42000000000007276,0.30999999999994543,289.32999999994945,2024-02-13 07:50:34.894999981,2024-02-13 07:50:58.405999899,2024-02-13,2024-02,2024,7,Tuesday,False
1707810697.545,1707810740.485,-1,2024.925,2025.275,-0.42500000000013644,flow_flip,42.93999981880188,0.0,-0.4900000000000091,0.36000000000012733,288.9049999999493,2024-02-13 07:51:37.545000076,2024-02-13 07:52:20.484999895,2024-02-13,2024-02,2024,7,Tuesday,False
1707810754.054,1707810761.194,-1,2024.638,2025.085,-0.5220000000001164,flow_flip,7.140000104904175,0.0,-0.4470000000001164,0.3269999999999982,288.3829999999492,2024-02-13 07:52:34.053999901,2024-02-13 07:52:41.194000006,2024-02-13,2024-02,2024,7,Tuesday,False
1707812865.986,1707812899.894,1,2025.205,2024.958,-0.3219999999998436,flow_flip,33.907999992370605,0.0,-0.24699999999984357,0.30999999999994543,288.0609999999494,2024-02-13 08:27:45.986000061,2024-02-13 08:28:19.894000053,2024-02-13,2024-02,2024,8,Tuesday,False
1707812941.533,1707812947.076,-1,2024.678,2025.105,-0.5019999999999072,stop_loss,5.542999982833862,0.0,-0.42699999999990723,0.3169999999997799,287.5589999999495,2024-02-13 08:29:01.532999992,2024-02-13 08:29:07.075999975,2024-02-13,2024-02,2024,8,Tuesday,False
1707813014.388,1707813089.919,1,2025.485,2025.415,-0.14499999999993635,flow_flip,75.53099989891052,0.009999999999990905,-0.3269999999999982,0.30999999999994543,287.41399999994957,2024-02-13 08:30:14.388000011,2024-02-13 08:31:29.918999910,2024-02-13,2024-02,2024,8,Tuesday,False
1707813256.848,1707813270.218,1,2025.905,2025.505,-0.4749999999998636,flow_flip,13.369999885559082,0.0,-0.3999999999998636,0.2699999999999818,286.9389999999497,2024-02-13 08:34:16.848000050,2024-02-13 08:34:30.217999935,2024-02-13,2024-02,2024,8,Tuesday,False
1707813386.492,1707813401.348,-1,2025.675,2025.832,-0.2320000000001528,flow_flip,14.855999946594238,0.0,-0.3300000000001546,0.3170000000000073,286.7069999999496,2024-02-13 08:36:26.492000103,2024-02-13 08:36:41.348000050,2024-02-13,2024-02,2024,8,Tuesday,False
1707813930.934,1707813956.493,1,2025.515,2025.105,-0.48500000000008187,flow_flip,25.55900001525879,0.0,-0.41000000000008185,0.23700000000008004,286.2219999999495,2024-02-13 08:45:30.934000015,2024-02-13 08:45:56.493000031,2024-02-13,2024-02,2024,8,Tuesday,False
1707814800.628,1707814813.849,-1,2025.785,2026.335,-0.6249999999999545,flow_flip,13.220999956130981,0.0,-0.5499999999999545,0.30999999999994543,285.59699999994956,2024-02-13 09:00:00.628000021,2024-02-13 09:00:13.848999977,2024-02-13,2024-02,2024,9,Tuesday,False
1707814961.942,1707814988.987,-1,2025.828,2026.145,-0.3920000000000073,flow_flip,27.045000076293945,0.0,-0.3170000000000073,0.27700000000004366,285.20499999994956,2024-02-13 09:02:41.941999912,2024-02-13 09:03:08.986999989,2024-02-13,2024-02,2024,9,Tuesday,False
1707815976.65,1707816001.45,-1,2025.225,2025.525,-0.3750000000001819,flow_flip,24.799999952316284,0.0,-0.3200000000001637,0.3200000000001637,284.8299999999494,2024-02-13 09:19:36.650000095,2024-02-13 09:20:01.450000048,2024-02-13,2024-02,2024,9,Tuesday,False
1707816249.255,1707816279.351,1,2025.835,2025.495,-0.41500000000014553,flow_flip,30.09599995613098,0.0,-0.37000000000011823,0.2999999999999545,284.41499999994926,2024-02-13 09:24:09.255000114,2024-02-13 09:24:39.351000071,2024-02-13,2024-02,2024,9,Tuesday,False
1707816960.451,1707817027.633,-1,2025.795,2026.165,-0.44499999999989087,flow_flip,67.1819999217987,0.0,-0.38999999999987267,0.2999999999999545,283.9699999999494,2024-02-13 09:36:00.450999975,2024-02-13 09:37:07.632999897,2024-02-13,2024-02,2024,9,Tuesday,False
1707817321.634,1707817364.971,-1,2025.865,2026.215,-0.42499999999990906,flow_flip,43.33699989318848,0.0,-0.39000000000010004,0.30999999999994543,283.5449999999495,2024-02-13 09:42:01.634000063,2024-02-13 09:42:44.970999956,2024-02-13,2024-02,2024,9,Tuesday,False
1707817519.251,1707817609.269,-1,2026.025,2026.335,-0.38499999999994544,time_stop,90.01800012588501,0.0,-0.37999999999988177,0.2899999999999636,283.15999999994955,2024-02-13 09:45:19.250999927,2024-02-13 09:46:49.269000053,2024-02-13,2024-02,2024,9,Tuesday,False
1707817728.109,1707817760.07,1,2026.652,2026.265,-0.4619999999999436,flow_flip,31.960999965667725,0.0,-0.4170000000001437,0.3369999999999891,282.6979999999496,2024-02-13 09:48:48.108999968,2024-02-13 09:49:20.069999933,2024-02-13,2024-02,2024,9,Tuesday,False
1707818773.781,1707818774.737,-1,2026.588,2026.882,-0.3690000000000964,stop_loss,0.9560000896453857,0.0,-0.2940000000000964,0.20700000000010732,282.32899999994953,2024-02-13 10:06:13.780999899,2024-02-13 10:06:14.736999989,2024-02-13,2024-02,2024,10,Tuesday,False
1707819394.208,1707819401.193,1,2026.955,2026.535,-0.4949999999998454,stop_loss,6.985000133514404,0.0,-0.4199999999998454,0.31999999999993634,281.8339999999497,2024-02-13 10:16:34.207999945,2024-02-13 10:16:41.193000078,2024-02-13,2024-02,2024,10,Tuesday,False
1707820310.437,1707820360.528,1,2026.855,2026.455,-0.47500000000009096,flow_flip,50.09100008010864,0.0,-0.40000000000009095,0.3269999999999982,281.3589999999496,2024-02-13 10:31:50.437000036,2024-02-13 10:32:40.528000115,2024-02-13,2024-02,2024,10,Tuesday,False
1707820454.116,1707820474.121,1,2026.895,2026.445,-0.5250000000000454,flow_flip,20.005000114440918,0.0,-0.4500000000000455,0.29700000000002547,280.8339999999496,2024-02-13 10:34:14.115999937,2024-02-13 10:34:34.121000051,2024-02-13,2024-02,2024,10,Tuesday,False
1707894048.269,1707894049.933,1,1993.145,1992.735,-0.48500000000008187,stop_loss,1.6640000343322754,0.0,-0.41000000000008185,0.30999999999994543,280.3489999999495,2024-02-14 07:00:48.269000053,2024-02-14 07:00:49.933000088,2024-02-14,2024-02,2024,7,Wednesday,False
1707894184.896,1707894234.78,-1,1991.535,1991.775,-0.3150000000000091,flow_flip,49.884000062942505,0.0,-0.4499999999998181,0.2999999999999545,280.0339999999495,2024-02-14 07:03:04.895999908,2024-02-14 07:03:54.779999971,2024-02-14,2024-02,2024,7,Wednesday,False
1707894321.778,1707894338.443,-1,1990.315,1990.855,-0.6149999999999636,stop_loss,16.664999961853027,0.0,-0.5399999999999636,0.2999999999999545,279.41899999994956,2024-02-14 07:05:21.778000116,2024-02-14 07:05:38.443000078,2024-02-14,2024-02,2024,7,Wednesday,False
1707894385.605,1707894399.771,-1,1989.898,1990.105,-0.28200000000010733,flow_flip,14.16599988937378,0.02299999999991087,-0.30700000000001637,0.30700000000001637,279.13699999994947,2024-02-14 07:06:25.605000019,2024-02-14 07:06:39.770999908,2024-02-14,2024-02,2024,7,Wednesday,False
1707894430.377,1707894454.812,-1,1989.615,1990.165,-0.6249999999999545,stop_loss,24.43499994277954,0.0,-0.5499999999999545,0.32999999999992724,278.5119999999495,2024-02-14 07:07:10.377000093,2024-02-14 07:07:34.812000036,2024-02-14,2024-02,2024,7,Wednesday,False
1707894903.08,1707894958.947,1,1991.755,1991.615,-0.21500000000010006,flow_flip,55.867000102996826,0.2199999999997999,-0.40000000000009095,0.33700000000021646,278.29699999994943,2024-02-14 07:15:03.079999924,2024-02-14 07:15:58.947000027,2024-02-14,2024-02,2024,7,Wednesday,False
1707896527.931,1707896575.38,-1,1990.325,1990.545,-0.2950000000000273,flow_flip,47.449000120162964,0.0,-0.4500000000000455,0.30999999999994543,278.0019999999494,2024-02-14 07:42:07.930999994,2024-02-14 07:42:55.380000114,2024-02-14,2024-02,2024,7,Wednesday,False
1707896632.455,1707896723.184,-1,1990.385,1990.525,-0.21500000000010006,time_stop,90.72900009155273,0.0,-0.41000000000008185,0.2599999999999909,277.78699999994933,2024-02-14 07:43:52.454999924,2024-02-14 07:45:23.184000015,2024-02-14,2024-02,2024,7,Wednesday,False
1707896799.239,1707896815.87,1,1990.345,1990.075,-0.3449999999999818,flow_flip,16.63099980354309,0.0,-0.30999999999994543,0.30999999999994543,277.44199999994936,2024-02-14 07:46:39.239000082,2024-02-14 07:46:55.869999886,2024-02-14,2024-02,2024,7,Wednesday,False
1707897026.139,1707897049.953,1,1990.775,1990.345,-0.5050000000000636,flow_flip,23.814000129699707,0.0,-0.43000000000006366,0.290000000000191,276.9369999999493,2024-02-14 07:50:26.138999939,2024-02-14 07:50:49.953000069,2024-02-14,2024-02,2024,7,Wednesday,False
1707897633.45,1707897691.63,1,1989.975,1990.195,0.14500000000002727,flow_flip,58.1800000667572,0.36000000000012733,-0.38999999999987267,0.30999999999994543,277.08199999994935,2024-02-14 08:00:33.450000048,2024-02-14 08:01:31.630000114,2024-02-14,2024-02,2024,8,Wednesday,True
1707897967.461,1707897992.904,-1,1988.605,1988.692,-0.1619999999999891,flow_flip,25.443000078201294,0.2899999999999636,-0.31999999999993634,0.31999999999993634,276.91999999994937,2024-02-14 08:06:07.460999966,2024-02-14 08:06:32.904000044,2024-02-14,2024-02,2024,8,Wednesday,False
1707898073.225,1707898126.337,-1,1988.305,1988.595,-0.36499999999996363,flow_flip,53.11199998855591,0.25,-0.34999999999990905,0.32999999999992724,276.5549999999494,2024-02-14 08:07:53.224999905,2024-02-14 08:08:46.336999893,2024-02-14,2024-02,2024,8,Wednesday,False
1707898142.345,1707898162.416,1,1988.755,1988.415,-0.41500000000014553,flow_flip,20.07099986076355,0.0,-0.3400000000001455,0.3200000000001637,276.1399999999493,2024-02-14 08:09:02.345000029,2024-02-14 08:09:22.415999889,2024-02-14,2024-02,2024,8,Wednesday,False
1707898218.561,1707898232.246,1,1988.885,1988.445,-0.5150000000000545,flow_flip,13.684999942779541,0.0,-0.44000000000005457,0.3369999999999891,275.62499999994924,2024-02-14 08:10:18.561000109,2024-02-14 08:10:32.246000051,2024-02-14,2024-02,2024,8,Wednesday,False
1707898332.32,1707898422.439,-1,1988.135,1988.135,-0.07500000000000001,time_stop,90.11899995803833,0.35999999999989996,-0.4800000000000182,0.31999999999993634,275.54999999994925,2024-02-14 08:12:12.319999933,2024-02-14 08:13:42.438999891,2024-02-14,2024-02,2024,8,Wednesday,False
1707898904.564,1707898938.686,-1,1987.365,1987.495,-0.20499999999988178,flow_flip,34.122000217437744,0.0,-0.33999999999991815,0.33999999999991815,275.3449999999494,2024-02-14 08:21:44.563999891,2024-02-14 08:22:18.686000109,2024-02-14,2024-02,2024,8,Wednesday,False
1707899231.246,1707899267.302,1,1988.875,1988.575,-0.37499999999995454,flow_flip,36.055999994277954,0.0,-0.41000000000008185,0.3269999999999982,274.96999999994944,2024-02-14 08:27:11.246000051,2024-02-14 08:27:47.302000046,2024-02-14,2024-02,2024,8,Wednesday,False
1707899465.009,1707899476.009,-1,1986.978,1986.595,0.3080000000000382,trail,11.0,0.6860000000001492,-0.3869999999999436,0.3369999999999891,275.2779999999495,2024-02-14 08:31:05.009000063,2024-02-14 08:31:16.009000063,2024-02-14,2024-02,2024,8,Wednesday,True
1707899533.366,1707899618.562,1,1987.355,1987.135,-0.2950000000000273,flow_flip,85.19600009918213,0.05999999999994543,-0.41000000000008185,0.31999999999993634,274.98299999994947,2024-02-14 08:32:13.365999937,2024-02-14 08:33:38.562000036,2024-02-14,2024-02,2024,8,Wednesday,False
1707899681.236,1707899684.106,1,1987.785,1987.345,-0.5150000000000545,stop_loss,2.869999885559082,0.0,-0.44000000000005457,0.3400000000001455,274.4679999999494,2024-02-14 08:34:41.236000061,2024-02-14 08:34:44.105999947,2024-02-14,2024-02,2024,8,Wednesday,False
1707900187.529,1707900276.772,1,1988.495,1989.315,0.7450000000001638,take_profit,89.24300003051758,0.8200000000001637,-0.34999999999990905,0.30999999999994543,275.2129999999496,2024-02-14 08:43:07.529000044,2024-02-14 08:44:36.772000074,2024-02-14,2024-02,2024,8,Wednesday,True
1707900509.768,1707900528.485,-1,1988.765,1989.255,-0.565000000000009,flow_flip,18.717000007629395,0.0,-0.4900000000000091,0.34999999999990905,274.6479999999496,2024-02-14 08:48:29.767999887,2024-02-14 08:48:48.484999895,2024-02-14,2024-02,2024,8,Wednesday,False
1707901202.712,1707901204.982,1,1989.125,1988.495,-0.7050000000001091,stop_loss,2.2700002193450928,0.0,-0.6300000000001091,0.32999999999992724,273.9429999999495,2024-02-14 09:00:02.711999893,2024-02-14 09:00:04.982000113,2024-02-14,2024-02,2024,9,Wednesday,False
1707902406.18,1707902479.965,-1,1988.915,1988.685,0.15500000000001818,flow_flip,73.78499984741211,0.32999999999992724,-0.2799999999999727,0.2699999999999818,274.09799999994954,2024-02-14 09:20:06.180000067,2024-02-14 09:21:19.964999914,2024-02-14,2024-02,2024,9,Wednesday,True
1707902788.415,1707902819.433,1,1989.725,1989.565,-0.2349999999998545,flow_flip,31.01800012588501,0.0,-0.2699999999999818,0.30999999999994543,273.8629999999497,2024-02-14 09:26:28.414999962,2024-02-14 09:26:59.433000088,2024-02-14,2024-02,2024,9,Wednesday,False
1707903095.455,1707903144.434,1,1990.455,1990.345,-0.18499999999989997,flow_flip,48.979000091552734,0.07300000000009277,-0.32999999999992724,0.34699999999998,273.6779999999498,2024-02-14 09:31:35.454999924,2024-02-14 09:32:24.434000015,2024-02-14,2024-02,2024,9,Wednesday,False
1707903438.481,1707903478.858,-1,1989.265,1989.665,-0.4749999999998636,flow_flip,40.37700009346008,0.0,-0.3999999999998636,0.34999999999990905,273.20299999994995,2024-02-14 09:37:18.480999947,2024-02-14 09:37:58.858000040,2024-02-14,2024-02,2024,9,Wednesday,False
1707903616.531,1707903654.449,1,1990.365,1990.155,-0.2850000000000364,flow_flip,37.91799998283386,0.0,-0.34999999999990905,0.33999999999991815,272.9179999999499,2024-02-14 09:40:16.530999899,2024-02-14 09:40:54.448999882,2024-02-14,2024-02,2024,9,Wednesday,False
1707903852.198,1707903862.968,1,1990.095,1989.645,-0.5250000000000454,flow_flip,10.769999980926514,0.0,-0.4500000000000455,0.36000000000012733,272.3929999999499,2024-02-14 09:44:12.197999954,2024-02-14 09:44:22.967999935,2024-02-14,2024-02,2024,9,Wednesday,False
1707904127.471,1707904155.856,-1,1990.355,1990.745,-0.4649999999998727,flow_flip,28.384999990463257,0.0,-0.40000000000009095,0.2999999999999545,271.92799999995003,2024-02-14 09:48:47.470999956,2024-02-14 09:49:15.855999947,2024-02-14,2024-02,2024,9,Wednesday,False
1707904395.563,1707904440.206,-1,1990.748,1991.035,-0.36200000000003457,flow_flip,44.64300012588501,0.0,-0.3669999999999618,0.3369999999999891,271.56599999995,2024-02-14 09:53:15.562999964,2024-02-14 09:54:00.206000090,2024-02-14,2024-02,2024,9,Wednesday,False
1707905935.824,1707905947.125,1,1990.642,1990.285,-0.4319999999999709,flow_flip,11.301000118255615,0.0,-0.3669999999999618,0.3369999999999891,271.13399999995005,2024-02-14 10:18:55.823999882,2024-02-14 10:19:07.125000000,2024-02-14,2024-02,2024,10,Wednesday,False
1707906668.734,1707906685.012,1,1991.165,1990.835,-0.40499999999992725,flow_flip,16.278000116348267,0.0,-0.32999999999992724,0.30999999999994543,270.72899999995013,2024-02-14 10:31:08.733999968,2024-02-14 10:31:25.012000084,2024-02-14,2024-02,2024,10,Wednesday,False
1707907451.373,1707907503.412,-1,1991.365,1991.302,-0.01199999999989814,flow_flip,52.039000034332275,0.25,-0.33999999999991815,0.34999999999990905,270.71699999995025,2024-02-14 10:44:11.372999907,2024-02-14 10:45:03.411999941,2024-02-14,2024-02,2024,10,Wednesday,False
1707907567.556,1707907570.401,1,1991.562,1990.995,-0.6420000000000072,stop_loss,2.8450000286102295,0.0,-0.5670000000000073,0.34699999999998,270.07499999995025,2024-02-14 10:46:07.555999994,2024-02-14 10:46:10.401000023,2024-02-14,2024-02,2024,10,Wednesday,False
1707907596.697,1707907623.961,1,1991.995,1992.135,0.06500000000010003,flow_flip,27.263999938964844,0.42000000000007276,-0.30999999999994543,0.30999999999994543,270.13999999995036,2024-02-14 10:46:36.697000027,2024-02-14 10:47:03.960999966,2024-02-14,2024-02,2024,10,Wednesday,True
1707908213.229,1707908220.15,-1,1992.885,1993.215,-0.40499999999992725,stop_loss,6.921000003814697,0.0,-0.32999999999992724,0.23700000000008004,269.73499999995045,2024-02-14 10:56:53.229000092,2024-02-14 10:57:00.150000095,2024-02-14,2024-02,2024,10,Wednesday,False
1707908379.063,1707908380.874,1,1993.632,1993.155,-0.5520000000000891,stop_loss,1.811000108718872,0.0,-0.47700000000008913,0.3170000000000073,269.18299999995037,2024-02-14 10:59:39.062999964,2024-02-14 10:59:40.874000072,2024-02-14,2024-02,2024,10,Wednesday,False
1707980441.014,1707980508.316,-1,1992.695,1992.622,-0.0020000000001346163,flow_flip,67.30200004577637,0.2400000000000091,-0.4900000000000091,0.2999999999999545,269.18099999995025,2024-02-15 07:00:41.013999939,2024-02-15 07:01:48.315999985,2024-02-15,2024-02,2024,7,Thursday,False
1707980522.047,1707980597.426,1,1993.055,1993.025,-0.10499999999997273,flow_flip,75.37900018692017,0.12999999999988177,-0.5,0.2699999999999818,269.0759999999503,2024-02-15 07:02:02.046999931,2024-02-15 07:03:17.426000118,2024-02-15,2024-02,2024,7,Thursday,False
1707980821.541,1707980890.409,1,1992.875,1992.945,-0.005000000000063676,flow_flip,68.86800003051758,0.2400000000000091,-0.2999999999999545,0.2899999999999636,269.07099999995023,2024-02-15 07:07:01.540999889,2024-02-15 07:08:10.408999920,2024-02-15,2024-02,2024,7,Thursday,False
1707981641.687,1707981692.978,-1,1992.705,1993.015,-0.3850000000001728,flow_flip,51.29099988937378,0.0,-0.37000000000011823,0.2899999999999636,268.68599999995007,2024-02-15 07:20:41.687000036,2024-02-15 07:21:32.977999926,2024-02-15,2024-02,2024,7,Thursday,False
1707981709.707,1707981736.338,1,1993.175,1992.695,-0.5550000000000181,stop_loss,26.63100004196167,0.0,-0.4800000000000182,0.32999999999992724,268.13099999995006,2024-02-15 07:21:49.707000017,2024-02-15 07:22:16.338000059,2024-02-15,2024-02,2024,7,Thursday,False
1707982215.524,1707982242.753,-1,1993.575,1993.862,-0.36200000000003457,flow_flip,27.229000091552734,0.0,-0.30700000000001637,0.3369999999999891,267.76899999995004,2024-02-15 07:30:15.523999929,2024-02-15 07:30:42.753000021,2024-02-15,2024-02,2024,7,Thursday,False
1707982290.393,1707982306.59,1,1994.505,1994.125,-0.45500000000010915,stop_loss,16.19700002670288,0.10999999999989996,-0.38000000000010914,0.2400000000000091,267.31399999994994,2024-02-15 07:31:30.392999887,2024-02-15 07:31:46.589999914,2024-02-15,2024-02,2024,7,Thursday,False
1707982712.298,1707982750.447,1,1994.116,1993.625,-0.5659999999999854,flow_flip,38.1489999294281,0.0,-0.6109999999998763,0.3609999999998763,266.74799999994997,2024-02-15 07:38:32.298000097,2024-02-15 07:39:10.447000027,2024-02-15,2024-02,2024,7,Thursday,False
1707982763.777,1707982805.502,-1,1993.445,1993.275,0.09499999999984537,flow_flip,41.72500014305115,0.25,-0.2400000000000091,0.2400000000000091,266.8429999999498,2024-02-15 07:39:23.776999950,2024-02-15 07:40:05.502000093,2024-02-15,2024-02,2024,7,Thursday,True
1707984205.291,1707984231.027,1,1994.162,1993.805,-0.4319999999999709,stop_loss,25.736000061035156,0.0,-0.3569999999999709,0.26700000000005275,266.41099999994987,2024-02-15 08:03:25.290999889,2024-02-15 08:03:51.026999950,2024-02-15,2024-02,2024,8,Thursday,False
1707985091.991,1707985144.152,-1,1995.185,1995.745,-0.6349999999999454,flow_flip,52.16100001335144,0.0,-0.5599999999999454,0.2899999999999636,265.77599999994993,2024-02-15 08:18:11.990999937,2024-02-15 08:19:04.151999950,2024-02-15,2024-02,2024,8,Thursday,False
1707985161.726,1707985170.882,1,1995.975,1995.565,-0.4849999999998545,flow_flip,9.155999898910522,0.0,-0.4099999999998545,0.31999999999993634,265.2909999999501,2024-02-15 08:19:21.726000071,2024-02-15 08:19:30.881999969,2024-02-15,2024-02,2024,8,Thursday,False
1707985834.766,1707985841.911,1,1995.722,1995.285,-0.5119999999998981,flow_flip,7.144999980926514,0.0,-0.43699999999989814,0.3269999999999982,264.7789999999502,2024-02-15 08:30:34.766000032,2024-02-15 08:30:41.911000013,2024-02-15,2024-02,2024,8,Thursday,False
1707985861.115,1707985917.708,-1,1995.055,1995.365,-0.38499999999994544,flow_flip,56.59299993515015,0.0,-0.33999999999991815,0.30700000000001637,264.39399999995027,2024-02-15 08:31:01.115000010,2024-02-15 08:31:57.707999945,2024-02-15,2024-02,2024,8,Thursday,False
1707985956.118,1707985968.575,1,1995.385,1994.965,-0.49500000000007277,flow_flip,12.457000017166138,0.0,-0.42000000000007276,0.2999999999999545,263.8989999999502,2024-02-15 08:32:36.118000031,2024-02-15 08:32:48.575000048,2024-02-15,2024-02,2024,8,Thursday,False
1707988581.842,1707988592.354,1,1994.995,1994.635,-0.43499999999989997,flow_flip,10.51200008392334,0.0,-0.35999999999989996,0.2899999999999636,263.4639999999503,2024-02-15 09:16:21.842000008,2024-02-15 09:16:32.354000092,2024-02-15,2024-02,2024,9,Thursday,False
1707989269.673,1707989286.563,1,1994.795,1994.455,-0.41500000000014553,flow_flip,16.889999866485596,0.0,-0.3400000000001455,0.28700000000003456,263.0489999999502,2024-02-15 09:27:49.673000097,2024-02-15 09:28:06.562999964,2024-02-15,2024-02,2024,9,Thursday,False
1707989388.139,1707989405.67,1,1995.185,1994.785,-0.4749999999998636,stop_loss,17.5310001373291,0.0,-0.3999999999998636,0.30999999999994543,262.57399999995033,2024-02-15 09:29:48.138999939,2024-02-15 09:30:05.670000076,2024-02-15,2024-02,2024,9,Thursday,False
1707990109.546,1707990151.652,1,1996.062,1995.705,-0.4319999999999709,flow_flip,42.10599994659424,0.0,-0.3569999999999709,0.34699999999998,262.1419999999504,2024-02-15 09:41:49.546000004,2024-02-15 09:42:31.651999950,2024-02-15,2024-02,2024,9,Thursday,False
1707990271.899,1707990340.204,-1,1995.765,1996.255,-0.565000000000009,flow_flip,68.3050000667572,0.0,-0.5099999999999909,0.34999999999990905,261.5769999999504,2024-02-15 09:44:31.898999929,2024-02-15 09:45:40.203999996,2024-02-15,2024-02,2024,9,Thursday,False
1707990409.693,1707990469.203,-1,1995.545,1995.745,-0.2749999999998181,flow_flip,59.50999999046326,0.0,-0.35999999999989996,0.2899999999999636,261.30199999995057,2024-02-15 09:46:49.693000078,2024-02-15 09:47:49.203000069,2024-02-15,2024-02,2024,9,Thursday,False
1707990496.336,1707990534.827,1,1996.425,1996.175,-0.325,flow_flip,38.490999937057495,0.0,-0.2699999999999818,0.2899999999999636,260.9769999999506,2024-02-15 09:48:16.335999966,2024-02-15 09:48:54.826999903,2024-02-15,2024-02,2024,9,Thursday,False
1707990593.724,1707990683.422,-1,1996.105,1996.245,-0.21499999999987268,flow_flip,89.69799995422363,0.0,-0.3710000000000946,0.3669999999999618,260.7619999999507,2024-02-15 09:49:53.723999977,2024-02-15 09:51:23.421999931,2024-02-15,2024-02,2024,9,Thursday,False
1707990939.53,1707990995.103,1,1996.535,1996.465,-0.14500000000016372,flow_flip,55.57299995422363,0.15999999999985448,-0.36000000000012733,0.3000000000001819,260.61699999995056,2024-02-15 09:55:39.529999970,2024-02-15 09:56:35.102999926,2024-02-15,2024-02,2024,9,Thursday,False
1707991965.609,1707991971.284,1,1996.675,1996.305,-0.44499999999989087,flow_flip,5.674999952316284,0.0,-0.36999999999989086,0.27700000000004366,260.1719999999507,2024-02-15 10:12:45.608999968,2024-02-15 10:12:51.283999920,2024-02-15,2024-02,2024,10,Thursday,False
1707992141.449,1707992214.566,-1,1996.255,1996.405,-0.2249999999998636,flow_flip,73.11700010299683,0.0,-0.2899999999999636,0.2999999999999545,259.94699999995083,2024-02-15 10:15:41.448999882,2024-02-15 10:16:54.565999985,2024-02-15,2024-02,2024,10,Thursday,False
1707992341.535,1707992406.997,1,1996.765,1996.375,-0.46500000000010006,flow_flip,65.46199989318848,0.0,-0.41000000000008185,0.3000000000001819,259.48199999995074,2024-02-15 10:19:01.535000086,2024-02-15 10:20:06.996999979,2024-02-15,2024-02,2024,10,Thursday,False
1707992970.223,1707992980.618,1,1996.772,1996.395,-0.4519999999999527,stop_loss,10.394999980926514,0.0,-0.3769999999999527,0.28700000000003456,259.0299999999508,2024-02-15 10:29:30.223000050,2024-02-15 10:29:40.618000031,2024-02-15,2024-02,2024,10,Thursday,False
1707992991.664,1707993019.247,1,1996.952,1996.515,-0.5119999999998981,flow_flip,27.58299994468689,0.0,-0.43699999999989814,0.3569999999999709,258.5179999999509,2024-02-15 10:29:51.664000034,2024-02-15 10:30:19.246999979,2024-02-15,2024-02,2024,10,Thursday,False
1707993291.938,1707993311.888,-1,1996.635,1996.805,-0.24500000000007277,flow_flip,19.950000047683716,0.0,-0.2999999999999545,0.2899999999999636,258.27299999995085,2024-02-15 10:34:51.937999964,2024-02-15 10:35:11.888000011,2024-02-15,2024-02,2024,10,Thursday,False
1708066800.364,1708066803.036,-1,2003.535,2004.095,-0.6349999999999454,stop_loss,2.671999931335449,0.0,-0.5599999999999454,0.2899999999999636,257.6379999999509,2024-02-16 07:00:00.364000082,2024-02-16 07:00:03.036000013,2024-02-16,2024-02,2024,7,Friday,False
1708066874.893,1708066887.756,-1,2003.675,2004.155,-0.5550000000000181,flow_flip,12.86300015449524,0.0,-0.4800000000000182,0.2899999999999636,257.0829999999509,2024-02-16 07:01:14.892999887,2024-02-16 07:01:27.756000042,2024-02-16,2024-02,2024,7,Friday,False
1708067204.987,1708067241.526,1,2003.945,2003.565,-0.4549999999998818,stop_loss,36.539000034332275,0.0,-0.37999999999988177,0.2799999999999727,256.62799999995104,2024-02-16 07:06:44.986999989,2024-02-16 07:07:21.526000023,2024-02-16,2024-02,2024,7,Friday,False
1708067565.527,1708067571.719,-1,2003.945,2004.385,-0.5150000000000545,stop_loss,6.192000150680542,0.0,-0.44000000000005457,0.2899999999999636,256.112999999951,2024-02-16 07:12:45.526999950,2024-02-16 07:12:51.719000101,2024-02-16,2024-02,2024,7,Friday,False
1708067591.116,1708067607.22,1,2004.755,2004.345,-0.48500000000008187,flow_flip,16.104000091552734,0.0,-0.41000000000008185,0.2700000000002092,255.62799999995093,2024-02-16 07:13:11.115999937,2024-02-16 07:13:27.220000029,2024-02-16,2024-02,2024,7,Friday,False
1708067915.682,1708067941.01,1,2004.605,2004.235,-0.44500000000011825,flow_flip,25.32800006866455,0.0,-0.38000000000010914,0.32999999999992724,255.18299999995082,2024-02-16 07:18:35.681999922,2024-02-16 07:19:01.009999990,2024-02-16,2024-02,2024,7,Friday,False
1708068052.037,1708068065.104,1,2004.855,2004.525,-0.40499999999992725,flow_flip,13.067000150680542,0.0,-0.32999999999992724,0.2999999999999545,254.7779999999509,2024-02-16 07:20:52.036999941,2024-02-16 07:21:05.104000092,2024-02-16,2024-02,2024,7,Friday,False
1708069958.531,1708070048.989,-1,2006.035,2005.835,0.12500000000004546,time_stop,90.45800018310547,0.290000000000191,-0.4299999999998363,0.31999999999993634,254.90299999995096,2024-02-16 07:52:38.530999899,2024-02-16 07:54:08.989000082,2024-02-16,2024-02,2024,7,Friday,True
1708070254.368,1708070278.5,-1,2005.445,2005.595,-0.22500000000009096,flow_flip,24.131999969482422,0.0,-0.2899999999999636,0.2999999999999545,254.67799999995088,2024-02-16 07:57:34.368000031,2024-02-16 07:57:58.500000000,2024-02-16,2024-02,2024,7,Friday,False
1708070306.033,1708070314.787,-1,2005.065,2005.475,-0.4849999999998545,stop_loss,8.753999948501587,0.0,-0.4099999999998545,0.2899999999999636,254.19299999995104,2024-02-16 07:58:26.032999992,2024-02-16 07:58:34.786999941,2024-02-16,2024-02,2024,7,Friday,False
1708070827.432,1708070869.764,1,2005.635,2005.355,-0.3549999999999727,flow_flip,42.33200001716614,0.0,-0.35999999999989996,0.31999999999993634,253.83799999995108,2024-02-16 08:07:07.431999922,2024-02-16 08:07:49.763999939,2024-02-16,2024-02,2024,8,Friday,False
1708071203.345,1708071293.457,-1,2004.835,2004.765,-0.005000000000063676,time_stop,90.11199998855591,0.09000000000014552,-0.2799999999999727,0.2899999999999636,253.83299999995103,2024-02-16 08:13:23.345000029,2024-02-16 08:14:53.457000017,2024-02-16,2024-02,2024,8,Friday,False
1708073250.494,1708073264.815,-1,2005.395,2005.765,-0.44500000000011825,flow_flip,14.321000099182129,0.0,-0.37000000000011823,0.2899999999999636,253.38799999995092,2024-02-16 08:47:30.493999958,2024-02-16 08:47:44.815000057,2024-02-16,2024-02,2024,8,Friday,False
1708073527.093,1708073617.101,-1,2004.435,2004.125,0.23499999999994542,time_stop,90.00800013542175,0.33999999999991815,-0.2999999999999545,0.2899999999999636,253.62299999995088,2024-02-16 08:52:07.092999935,2024-02-16 08:53:37.101000071,2024-02-16,2024-02,2024,8,Friday,True
1708073628.208,1708073628.412,1,2004.445,2004.095,-0.42499999999990906,stop_loss,0.20399999618530273,0.0,-0.34999999999990905,0.24699999999984357,253.19799999995098,2024-02-16 08:53:48.207999945,2024-02-16 08:53:48.411999941,2024-02-16,2024-02,2024,8,Friday,False
1708073739.174,1708073745.483,1,2004.715,2004.235,-0.5550000000000181,stop_loss,6.309000015258789,0.0,-0.4800000000000182,0.30999999999994543,252.64299999995097,2024-02-16 08:55:39.174000025,2024-02-16 08:55:45.483000040,2024-02-16,2024-02,2024,8,Friday,False
1708073775.456,1708073866.896,1,2004.652,2004.815,0.0880000000000109,time_stop,91.43999981880188,0.2829999999999018,-0.28700000000003456,0.28700000000003456,252.730999999951,2024-02-16 08:56:15.456000090,2024-02-16 08:57:46.895999908,2024-02-16,2024-02,2024,8,Friday,True
1708074629.668,1708074651.219,-1,2004.685,2005.085,-0.47500000000009096,flow_flip,21.551000118255615,0.0,-0.40000000000009095,0.2899999999999636,252.25599999995092,2024-02-16 09:10:29.667999983,2024-02-16 09:10:51.219000101,2024-02-16,2024-02,2024,9,Friday,False
1708074811.452,1708074901.518,-1,2004.748,2004.615,0.05800000000003819,time_stop,90.06599998474121,0.1330000000000382,-0.30700000000001637,0.3269999999999982,252.31399999995097,2024-02-16 09:13:31.451999903,2024-02-16 09:15:01.517999887,2024-02-16,2024-02,2024,9,Friday,True
1708075062.917,1708075121.18,1,2005.102,2004.585,-0.5920000000000527,flow_flip,58.26300001144409,0.0,-0.5170000000000528,0.29700000000002547,251.72199999995092,2024-02-16 09:17:42.917000055,2024-02-16 09:18:41.180000067,2024-02-16,2024-02,2024,9,Friday,False
1708075695.237,1708075748.756,1,2005.685,2005.705,-0.0550000000000182,flow_flip,53.51900005340576,0.2999999999999545,-0.4099999999998545,0.33999999999991815,251.66699999995092,2024-02-16 09:28:15.236999989,2024-02-16 09:29:08.756000042,2024-02-16,2024-02,2024,9,Friday,False
1708075860.28,1708075926.497,-1,2006.085,2006.405,-0.39499999999993635,flow_flip,66.2170000076294,0.0,-0.32999999999992724,0.2799999999999727,251.271999999951,2024-02-16 09:31:00.279999971,2024-02-16 09:32:06.496999979,2024-02-16,2024-02,2024,9,Friday,False
1708077748.529,1708077786.012,1,2005.195,2004.775,-0.4949999999998454,flow_flip,37.48300004005432,0.0,-0.4199999999998454,0.30999999999994543,250.77699999995116,2024-02-16 10:02:28.529000044,2024-02-16 10:03:06.012000084,2024-02-16,2024-02,2024,10,Friday,False
1708077944.087,1708077998.771,1,2005.482,2005.085,-0.4719999999999345,stop_loss,54.68400001525879,0.0,-0.3969999999999345,0.28700000000003456,250.30499999995124,2024-02-16 10:05:44.086999893,2024-02-16 10:06:38.770999908,2024-02-16,2024-02,2024,10,Friday,False
1708078052.031,1708078076.608,1,2005.655,2005.295,-0.43499999999989997,flow_flip,24.5770001411438,0.0,-0.35999999999989996,0.2899999999999636,249.86999999995135,2024-02-16 10:07:32.030999899,2024-02-16 10:07:56.608000040,2024-02-16,2024-02,2024,10,Friday,False
1708078084.893,1708078113.853,-1,2005.145,2005.375,-0.3050000000000182,flow_flip,28.960000038146973,0.029999999999972715,-0.30999999999994543,0.26700000000005275,249.56499999995134,2024-02-16 10:08:04.892999887,2024-02-16 10:08:33.852999926,2024-02-16,2024-02,2024,10,Friday,False
1708078130.905,1708078162.451,1,2005.675,2005.275,-0.4749999999998636,flow_flip,31.546000003814697,0.0,-0.3999999999998636,0.32999999999992724,249.0899999999515,2024-02-16 10:08:50.904999971,2024-02-16 10:09:22.450999975,2024-02-16,2024-02,2024,10,Friday,False
1708078512.072,1708078522.487,1,2005.605,2005.375,-0.3050000000000182,flow_flip,10.414999961853027,0.0,-0.2899999999999636,0.31999999999993634,248.78499999995148,2024-02-16 10:15:12.072000027,2024-02-16 10:15:22.486999989,2024-02-16,2024-02,2024,10,Friday,False
1708080128.802,1708080166.973,1,2007.102,2006.745,-0.4320000000001983,flow_flip,38.1710000038147,0.0,-0.35700000000019827,0.24700000000007094,248.3529999999513,2024-02-16 10:42:08.802000046,2024-02-16 10:42:46.973000050,2024-02-16,2024-02,2024,10,Friday,False
1708080613.516,1708080614.879,-1,2007.015,2007.405,-0.4649999999998727,stop_loss,1.3629999160766602,0.0,-0.38999999999987267,0.209999999999809,247.88799999995143,2024-02-16 10:50:13.516000032,2024-02-16 10:50:14.878999949,2024-02-16,2024-02,2024,10,Friday,False
1708326307.34,1708326323.086,1,2021.695,2021.275,-0.4949999999998454,flow_flip,15.746000051498413,0.0,-0.4199999999998454,0.31999999999993634,247.3929999999516,2024-02-19 07:05:07.339999914,2024-02-19 07:05:23.085999966,2024-02-19,2024-02,2024,7,Monday,False
1708326492.1,1708326522.649,1,2022.125,2021.825,-0.37499999999995454,flow_flip,30.549000024795532,0.0,-0.30999999999994543,0.2799999999999727,247.01799999995166,2024-02-19 07:08:12.099999905,2024-02-19 07:08:42.648999929,2024-02-19,2024-02,2024,7,Monday,False
1708327486.395,1708327540.274,-1,2022.295,2022.415,-0.19499999999989087,flow_flip,53.87899994850159,0.08000000000015461,-0.38999999999987267,0.30999999999994543,246.82299999995178,2024-02-19 07:24:46.394999981,2024-02-19 07:25:40.273999929,2024-02-19,2024-02,2024,7,Monday,False
1708327593.619,1708327625.261,1,2022.295,2022.035,-0.3349999999999909,flow_flip,31.64199995994568,0.0,-0.39000000000010004,0.3300000000001546,246.4879999999518,2024-02-19 07:26:33.618999958,2024-02-19 07:27:05.260999918,2024-02-19,2024-02,2024,7,Monday,False
1708328312.847,1708328324.883,-1,2019.958,2019.965,-0.08199999999983448,flow_flip,12.03600001335144,0.07300000000009277,-0.23699999999985266,0.23699999999985266,246.40599999995197,2024-02-19 07:38:32.846999884,2024-02-19 07:38:44.882999897,2024-02-19,2024-02,2024,7,Monday,False
1708330339.358,1708330344.563,-1,2020.165,2020.595,-0.5050000000000636,flow_flip,5.204999923706055,0.0,-0.43000000000006366,0.30999999999994543,245.90099999995192,2024-02-19 08:12:19.358000040,2024-02-19 08:12:24.562999964,2024-02-19,2024-02,2024,8,Monday,False
1708330561.006,1708330578.977,1,2020.535,2020.115,-0.49500000000007277,flow_flip,17.97099995613098,0.0,-0.42000000000007276,0.37000000000011823,245.40599999995186,2024-02-19 08:16:01.006000042,2024-02-19 08:16:18.976999998,2024-02-19,2024-02,2024,8,Monday,False
1708331402.554,1708331439.23,-1,2019.965,2020.745,-0.8549999999999727,stop_loss,36.676000118255615,0.0,-0.7799999999999727,0.290000000000191,244.5509999999519,2024-02-19 08:30:02.553999901,2024-02-19 08:30:39.230000019,2024-02-19,2024-02,2024,8,Monday,False
1708331460.113,1708331469.686,-1,2020.165,2020.655,-0.565000000000009,flow_flip,9.573000192642212,0.0,-0.4900000000000091,0.2899999999999636,243.9859999999519,2024-02-19 08:31:00.112999916,2024-02-19 08:31:09.686000109,2024-02-19,2024-02,2024,8,Monday,False
1708331510.208,1708331517.736,1,2020.755,2020.315,-0.5150000000000545,flow_flip,7.528000116348267,0.0,-0.44000000000005457,0.3200000000001637,243.47099999995186,2024-02-19 08:31:50.207999945,2024-02-19 08:31:57.736000061,2024-02-19,2024-02,2024,8,Monday,False
1708331694.252,1708331701.74,1,2020.465,2019.945,-0.5949999999999818,stop_loss,7.48799991607666,0.0,-0.5199999999999818,0.36999999999989086,242.8759999999519,2024-02-19 08:34:54.252000092,2024-02-19 08:35:01.740000010,2024-02-19,2024-02,2024,8,Monday,False
1708332976.458,1708333012.693,1,2019.745,2019.198,-0.621999999999798,flow_flip,36.235000133514404,0.0,-0.5469999999997981,0.306999999999789,242.2539999999521,2024-02-19 08:56:16.457999945,2024-02-19 08:56:52.693000078,2024-02-19,2024-02,2024,8,Monday,False
1708333134.966,1708333143.147,1,2020.095,2019.615,-0.5550000000000181,stop_loss,8.180999994277954,0.0,-0.4800000000000182,0.31999999999993634,241.6989999999521,2024-02-19 08:58:54.966000080,2024-02-19 08:59:03.147000074,2024-02-19,2024-02,2024,8,Monday,False
1708333167.792,1708333174.717,1,2020.452,2019.995,-0.5320000000001073,flow_flip,6.924999952316284,0.0,-0.4570000000001073,0.3170000000000073,241.166999999952,2024-02-19 08:59:27.792000055,2024-02-19 08:59:34.717000008,2024-02-19,2024-02,2024,8,Monday,False
1708333203.782,1708333230.058,-1,2019.735,2020.125,-0.46500000000010006,flow_flip,26.276000022888184,0.0,-0.39000000000010004,0.290000000000191,240.7019999999519,2024-02-19 09:00:03.782000065,2024-02-19 09:00:30.058000088,2024-02-19,2024-02,2024,9,Monday,False
1708333245.761,1708333252.263,-1,2019.515,2020.255,-0.815000000000009,flow_flip,6.502000093460083,0.0,-0.7400000000000091,0.33999999999991815,239.8869999999519,2024-02-19 09:00:45.760999918,2024-02-19 09:00:52.263000010,2024-02-19,2024-02,2024,9,Monday,False
1708335805.717,1708335844.73,1,2020.445,2019.975,-0.5450000000000272,flow_flip,39.01300001144409,0.0,-0.4700000000000273,0.33999999999991815,239.3419999999519,2024-02-19 09:43:25.717000008,2024-02-19 09:44:04.730000019,2024-02-19,2024-02,2024,9,Monday,False
1708337629.148,1708337661.613,1,2020.235,2019.825,-0.4849999999998545,flow_flip,32.46499991416931,0.0,-0.4099999999998545,0.2899999999999636,238.85699999995205,2024-02-19 10:13:49.148000002,2024-02-19 10:14:21.612999916,2024-02-19,2024-02,2024,10,Monday,False
1708338635.631,1708338653.31,1,2020.575,2019.945,-0.7050000000001091,stop_loss,17.67899990081787,0.0,-0.6300000000001091,0.3369999999999891,238.15199999995195,2024-02-19 10:30:35.631000042,2024-02-19 10:30:53.309999943,2024-02-19,2024-02,2024,10,Monday,False
1708338665.788,1708338677.557,1,2020.565,2019.995,-0.6450000000001637,flow_flip,11.768999814987183,0.0,-0.5700000000001637,0.30999999999994543,237.5069999999518,2024-02-19 10:31:05.788000107,2024-02-19 10:31:17.556999922,2024-02-19,2024-02,2024,10,Monday,False
1708412418.912,1708412504.941,1,2020.052,2019.715,-0.4119999999999891,flow_flip,86.02900004386902,0.0,-0.3369999999999891,0.2969999999997981,237.09499999995182,2024-02-20 07:00:18.911999941,2024-02-20 07:01:44.940999985,2024-02-20,2024-02,2024,7,Tuesday,False
1708412905.668,1708412996.742,-1,2019.028,2019.205,-0.25199999999990724,time_stop,91.07400012016296,0.0,-0.29399999999986903,0.23700000000008004,236.84299999995193,2024-02-20 07:08:25.667999983,2024-02-20 07:09:56.742000103,2024-02-20,2024-02,2024,7,Tuesday,False
1708413721.023,1708413797.318,1,2022.342,2022.485,0.06799999999980172,flow_flip,76.29500007629395,0.2829999999999018,-0.29700000000002547,0.28700000000003456,236.91099999995174,2024-02-20 07:22:01.023000002,2024-02-20 07:23:17.318000078,2024-02-20,2024-02,2024,7,Tuesday,True
1708414124.016,1708414149.998,-1,2022.445,2022.795,-0.42500000000013644,flow_flip,25.98199987411499,0.0,-0.3500000000001364,0.2999999999999545,236.48599999995162,2024-02-20 07:28:44.016000032,2024-02-20 07:29:09.997999907,2024-02-20,2024-02,2024,7,Tuesday,False
1708414265.807,1708414275.816,-1,2021.925,2022.255,-0.4050000000001546,flow_flip,10.009000062942505,0.0,-0.3300000000001546,0.2899999999999636,236.08099999995147,2024-02-20 07:31:05.806999922,2024-02-20 07:31:15.815999985,2024-02-20,2024-02,2024,7,Tuesday,False
1708414529.665,1708414551.573,1,2022.742,2022.175,-0.6420000000000072,stop_loss,21.907999992370605,0.0,-0.5670000000000073,0.3369999999999891,235.43899999995148,2024-02-20 07:35:29.664999962,2024-02-20 07:35:51.572999954,2024-02-20,2024-02,2024,7,Tuesday,False
1708415396.777,1708415400.956,-1,2020.975,2021.395,-0.49500000000007277,stop_loss,4.17900013923645,0.0,-0.42000000000007276,0.290000000000191,234.94399999995142,2024-02-20 07:49:56.776999950,2024-02-20 07:50:00.956000090,2024-02-20,2024-02,2024,7,Tuesday,False
1708416121.411,1708416137.073,1,2021.765,2021.315,-0.5250000000000454,flow_flip,15.661999940872192,0.0,-0.4500000000000455,0.34700000000020736,234.41899999995138,2024-02-20 08:02:01.411000013,2024-02-20 08:02:17.072999954,2024-02-20,2024-02,2024,8,Tuesday,False
1708416839.417,1708416878.34,1,2021.245,2020.978,-0.3419999999998254,flow_flip,38.9229998588562,0.0,-0.33999999999991815,0.306999999999789,234.07699999995157,2024-02-20 08:13:59.417000055,2024-02-20 08:14:38.339999914,2024-02-20,2024-02,2024,8,Tuesday,False
1708416936.886,1708416952.792,1,2021.875,2021.575,-0.37499999999995454,flow_flip,15.906000137329102,0.0,-0.34699999999998,0.3569999999999709,233.70199999995162,2024-02-20 08:15:36.885999918,2024-02-20 08:15:52.792000055,2024-02-20,2024-02,2024,8,Tuesday,False
1708417313.742,1708417325.06,-1,2021.125,2021.675,-0.6249999999999545,flow_flip,11.317999839782715,0.0,-0.5499999999999545,0.32999999999992724,233.07699999995168,2024-02-20 08:21:53.742000103,2024-02-20 08:22:05.059999943,2024-02-20,2024-02,2024,8,Tuesday,False
1708418031.609,1708418069.674,-1,2021.808,2022.185,-0.4519999999999527,flow_flip,38.06500005722046,0.0,-0.3769999999999527,0.3369999999999891,232.62499999995174,2024-02-20 08:33:51.608999968,2024-02-20 08:34:29.674000025,2024-02-20,2024-02,2024,8,Tuesday,False
1708418243.652,1708418257.944,1,2021.605,2021.165,-0.5150000000000545,flow_flip,14.29200005531311,0.0,-0.44000000000005457,0.2699999999999818,232.1099999999517,2024-02-20 08:37:23.651999950,2024-02-20 08:37:37.944000006,2024-02-20,2024-02,2024,8,Tuesday,False
1708418357.773,1708418366.798,-1,2020.895,2021.445,-0.6249999999999545,stop_loss,9.025000095367432,0.0,-0.5499999999999545,0.34999999999990905,231.48499999995175,2024-02-20 08:39:17.773000002,2024-02-20 08:39:26.798000097,2024-02-20,2024-02,2024,8,Tuesday,False
1708419128.439,1708419193.871,1,2022.535,2022.448,-0.1619999999999891,flow_flip,65.43200016021729,0.1899999999998272,-0.44000000000005457,0.3400000000001455,231.32299999995178,2024-02-20 08:52:08.438999891,2024-02-20 08:53:13.871000051,2024-02-20,2024-02,2024,8,Tuesday,False
1708419677.389,1708419720.868,-1,2022.575,2023.065,-0.565000000000009,flow_flip,43.479000091552734,0.0,-0.4900000000000091,0.32999999999992724,230.75799999995178,2024-02-20 09:01:17.388999939,2024-02-20 09:02:00.868000031,2024-02-20,2024-02,2024,9,Tuesday,False
1708420144.981,1708420183.411,-1,2023.445,2023.475,-0.10499999999997273,flow_flip,38.4300000667572,0.08999999999991815,-0.29700000000002547,0.37000000000011823,230.65299999995182,2024-02-20 09:09:04.980999947,2024-02-20 09:09:43.411000013,2024-02-20,2024-02,2024,9,Tuesday,False
1708420222.265,1708420239.384,1,2023.665,2023.245,-0.49500000000007277,stop_loss,17.11899995803833,0.0,-0.42000000000007276,0.30700000000001637,230.15799999995176,2024-02-20 09:10:22.265000105,2024-02-20 09:10:39.384000063,2024-02-20,2024-02,2024,9,Tuesday,False
1708420993.918,1708421006.896,1,2023.815,2023.495,-0.3950000000001637,flow_flip,12.977999925613403,0.0,-0.3300000000001546,0.30999999999994543,229.7629999999516,2024-02-20 09:23:13.917999983,2024-02-20 09:23:26.895999908,2024-02-20,2024-02,2024,9,Tuesday,False
1708422208.009,1708422234.104,1,2024.625,2024.358,-0.34200000000005276,flow_flip,26.09500002861023,0.0,-0.38000000000010914,0.31999999999993634,229.42099999995156,2024-02-20 09:43:28.009000063,2024-02-20 09:43:54.104000092,2024-02-20,2024-02,2024,9,Tuesday,False
1708422298.401,1708422300.923,-1,2024.538,2024.905,-0.4419999999999618,stop_loss,2.5220000743865967,0.0,-0.3669999999999618,0.25700000000006185,228.9789999999516,2024-02-20 09:44:58.401000023,2024-02-20 09:45:00.923000097,2024-02-20,2024-02,2024,9,Tuesday,False
1708422336.962,1708422345.655,-1,2024.615,2025.125,-0.5849999999999909,stop_loss,8.693000078201294,0.0,-0.5099999999999909,0.3669999999999618,228.39399999995163,2024-02-20 09:45:36.961999893,2024-02-20 09:45:45.654999971,2024-02-20,2024-02,2024,9,Tuesday,False
1708423781.445,1708423844.037,-1,2024.085,2024.495,-0.4849999999998545,flow_flip,62.592000007629395,0.0,-0.4099999999998545,0.2899999999999636,227.9089999999518,2024-02-20 10:09:41.444999933,2024-02-20 10:10:44.036999941,2024-02-20,2024-02,2024,10,Tuesday,False
1708498801.534,1708498812.333,-1,2029.625,2030.035,-0.48500000000008187,stop_loss,10.799000024795532,0.0,-0.41000000000008185,0.30999999999994543,227.42399999995172,2024-02-21 07:00:01.533999919,2024-02-21 07:00:12.332999945,2024-02-21,2024-02,2024,7,Wednesday,False
1708498920.543,1708498938.273,-1,2029.675,2030.015,-0.41500000000014553,flow_flip,17.730000019073486,0.0,-0.3400000000001455,0.2899999999999636,227.00899999995158,2024-02-21 07:02:00.542999983,2024-02-21 07:02:18.273000002,2024-02-21,2024-02,2024,7,Wednesday,False
1708499148.3,1708499164.838,-1,2030.005,2030.405,-0.4749999999998636,stop_loss,16.538000106811523,0.0,-0.3999999999998636,0.2969999999997981,226.53399999995173,2024-02-21 07:05:48.299999952,2024-02-21 07:06:04.838000059,2024-02-21,2024-02,2024,7,Wednesday,False
1708499470.525,1708499481.901,1,2030.802,2030.445,-0.4319999999999709,flow_flip,11.375999927520752,0.0,-0.3569999999999709,0.3170000000000073,226.10199999995177,2024-02-21 07:11:10.525000095,2024-02-21 07:11:21.901000023,2024-02-21,2024-02,2024,7,Wednesday,False
1708500000.835,1708500034.757,1,2030.495,2030.115,-0.4549999999998818,flow_flip,33.92199993133545,0.0,-0.37999999999988177,0.31999999999993634,225.6469999999519,2024-02-21 07:20:00.835000038,2024-02-21 07:20:34.756999969,2024-02-21,2024-02,2024,7,Wednesday,False
1708500531.049,1708500564.252,-1,2028.928,2029.015,-0.1619999999999891,flow_flip,33.20300006866455,0.0,-0.24699999999984357,0.2669999999998254,225.48499999995192,2024-02-21 07:28:51.049000025,2024-02-21 07:29:24.252000092,2024-02-21,2024-02,2024,7,Wednesday,False
1708500673.096,1708500698.982,1,2029.335,2028.945,-0.46500000000010006,flow_flip,25.886000156402588,0.0,-0.39000000000010004,0.2899999999999636,225.01999999995184,2024-02-21 07:31:13.095999956,2024-02-21 07:31:38.982000113,2024-02-21,2024-02,2024,7,Wednesday,False
1708500794.216,1708500812.093,-1,2028.455,2028.745,-0.36499999999996363,flow_flip,17.876999855041504,0.0,-0.37000000000011823,0.3000000000001819,224.65499999995188,2024-02-21 07:33:14.216000080,2024-02-21 07:33:32.092999935,2024-02-21,2024-02,2024,7,Wednesday,False
1708500959.6,1708500975.653,1,2028.855,2028.505,-0.42499999999990906,flow_flip,16.0530002117157,0.0,-0.34999999999990905,0.30999999999994543,224.22999999995199,2024-02-21 07:35:59.599999905,2024-02-21 07:36:15.653000116,2024-02-21,2024-02,2024,7,Wednesday,False
1708502717.051,1708502728.212,1,2028.655,2028.525,-0.20499999999988178,flow_flip,11.160999774932861,0.0,-0.25,0.25,224.02499999995212,2024-02-21 08:05:17.051000118,2024-02-21 08:05:28.211999893,2024-02-21,2024-02,2024,8,Wednesday,False
1708503010.392,1708503017.504,-1,2028.715,2029.105,-0.46500000000010006,flow_flip,7.111999988555908,0.0,-0.39000000000010004,0.290000000000191,223.55999999995203,2024-02-21 08:10:10.391999960,2024-02-21 08:10:17.503999949,2024-02-21,2024-02,2024,8,Wednesday,False
1708503809.219,1708503899.374,1,2028.755,2028.425,-0.4050000000001546,time_stop,90.15499997138977,0.0,-0.40000000000009095,0.3500000000001364,223.15499999995188,2024-02-21 08:23:29.219000101,2024-02-21 08:24:59.374000072,2024-02-21,2024-02,2024,8,Wednesday,False
1708506474.581,1708506479.732,1,2027.485,2027.005,-0.5549999999997908,stop_loss,5.151000022888184,0.0,-0.4799999999997908,0.2899999999999636,222.5999999999521,2024-02-21 09:07:54.581000090,2024-02-21 09:07:59.732000113,2024-02-21,2024-02,2024,9,Wednesday,False
1708506616.699,1708506653.858,-1,2026.375,2026.625,-0.325,flow_flip,37.15900015830994,0.0,-0.2599999999999909,0.2699999999999818,222.27499999995212,2024-02-21 09:10:16.698999882,2024-02-21 09:10:53.858000040,2024-02-21,2024-02,2024,9,Wednesday,False
1708507258.352,1708507296.05,-1,2027.105,2027.675,-0.6449999999999363,stop_loss,37.69799995422363,0.0,-0.5699999999999363,0.30999999999994543,221.6299999999522,2024-02-21 09:20:58.351999998,2024-02-21 09:21:36.049999952,2024-02-21,2024-02,2024,9,Wednesday,False
1708508770.342,1708508794.299,-1,2027.905,2028.302,-0.4719999999999345,flow_flip,23.957000017166138,0.0,-0.3969999999999345,0.2799999999999727,221.15799999995227,2024-02-21 09:46:10.342000008,2024-02-21 09:46:34.299000025,2024-02-21,2024-02,2024,9,Wednesday,False
1708509003.516,1708509006.388,-1,2028.075,2028.625,-0.6249999999999545,stop_loss,2.871999979019165,0.0,-0.5499999999999545,0.32999999999992724,220.53299999995232,2024-02-21 09:50:03.516000032,2024-02-21 09:50:06.388000011,2024-02-21,2024-02,2024,9,Wednesday,False
1708511152.061,1708511201.232,1,2028.835,2028.395,-0.5150000000000545,flow_flip,49.1710000038147,0.0,-0.44000000000005457,0.3369999999999891,220.01799999995228,2024-02-21 10:25:52.061000109,2024-02-21 10:26:41.232000113,2024-02-21,2024-02,2024,10,Wednesday,False
1708512038.252,1708512067.573,-1,2028.718,2028.935,-0.29199999999987086,flow_flip,29.32099986076355,0.0,-0.3569999999999709,0.2669999999998254,219.72599999995242,2024-02-21 10:40:38.252000092,2024-02-21 10:41:07.572999954,2024-02-21,2024-02,2024,10,Wednesday,False
1708512097.527,1708512114.269,1,2029.035,2028.745,-0.365000000000191,flow_flip,16.742000102996826,0.049999999999954525,-0.290000000000191,0.3000000000001819,219.36099999995224,2024-02-21 10:41:37.526999950,2024-02-21 10:41:54.269000053,2024-02-21,2024-02,2024,10,Wednesday,False
1708513955.158,1708514045.234,-1,2028.235,2028.135,0.02499999999990904,time_stop,90.07599997520447,0.14999999999986358,-0.3300000000001546,0.3300000000001546,219.38599999995216,2024-02-21 11:12:35.157999992,2024-02-21 11:14:05.233999968,2024-02-21,2024-02,2024,11,Wednesday,True
1708514183.546,1708514200.583,-1,2027.325,2027.842,-0.5920000000000527,stop_loss,17.036999940872192,0.0,-0.5170000000000528,0.2999999999999545,218.79399999995212,2024-02-21 11:16:23.546000004,2024-02-21 11:16:40.582999945,2024-02-21,2024-02,2024,11,Wednesday,False
1708514244.302,1708514334.368,-1,2027.675,2027.622,-0.02200000000011642,time_stop,90.06599998474121,0.052999999999883585,-0.4600000000000364,0.3500000000001364,218.77199999995202,2024-02-21 11:17:24.302000046,2024-02-21 11:18:54.368000031,2024-02-21,2024-02,2024,11,Wednesday,False
1708585226.095,1708585238.457,1,2029.462,2029.045,-0.49199999999991634,flow_flip,12.361999988555908,0.0,-0.4169999999999163,0.30700000000001637,218.2799999999521,2024-02-22 07:00:26.095000029,2024-02-22 07:00:38.457000017,2024-02-22,2024-02,2024,7,Thursday,False
1708585557.139,1708585586.798,1,2030.215,2030.085,-0.20499999999988178,flow_flip,29.659000158309937,0.0500000000001819,-0.33999999999991815,0.2899999999999636,218.07499999995224,2024-02-22 07:05:57.138999939,2024-02-22 07:06:26.798000097,2024-02-22,2024-02,2024,7,Thursday,False
1708585638.238,1708585660.772,1,2030.605,2030.235,-0.44500000000011825,flow_flip,22.534000158309937,0.0,-0.37000000000011823,0.30999999999994543,217.62999999995213,2024-02-22 07:07:18.237999916,2024-02-22 07:07:40.772000074,2024-02-22,2024-02,2024,7,Thursday,False
1708587968.756,1708587987.069,1,2031.302,2030.905,-0.4719999999999345,stop_loss,18.312999963760376,0.0,-0.3969999999999345,0.2869999999998072,217.1579999999522,2024-02-22 07:46:08.756000042,2024-02-22 07:46:27.069000006,2024-02-22,2024-02,2024,7,Thursday,False
1708588444.682,1708588454.141,-1,2031.325,2031.755,-0.5050000000000636,flow_flip,9.45900011062622,0.0,-0.43000000000006366,0.31999999999993634,216.65299999995216,2024-02-22 07:54:04.681999922,2024-02-22 07:54:14.141000032,2024-02-22,2024-02,2024,7,Thursday,False
1708589147.923,1708589149.29,1,2032.635,2032.055,-0.6549999999999272,stop_loss,1.366999864578247,0.0,-0.5799999999999272,0.2899999999999636,215.99799999995224,2024-02-22 08:05:47.923000097,2024-02-22 08:05:49.289999962,2024-02-22,2024-02,2024,8,Thursday,False
1708589221.017,1708589241.334,1,2033.305,2033.635,0.25499999999992723,trail,20.317000150680542,0.6199999999998909,-0.3710000000000946,0.3170000000000073,216.25299999995218,2024-02-22 08:07:01.016999960,2024-02-22 08:07:21.334000111,2024-02-22,2024-02,2024,8,Thursday,True
1708589266.832,1708589288.238,1,2034.73,2034.135,-0.6700000000000272,stop_loss,21.405999898910522,0.0,-0.5950000000000273,0.13200000000006185,215.58299999995216,2024-02-22 08:07:46.832000017,2024-02-22 08:08:08.237999916,2024-02-22,2024-02,2024,8,Thursday,False
1708589532.066,1708589533.581,-1,2033.338,2033.775,-0.5120000000001255,stop_loss,1.5150001049041748,0.0,-0.4370000000001255,0.26700000000005275,215.07099999995205,2024-02-22 08:12:12.065999985,2024-02-22 08:12:13.581000090,2024-02-22,2024-02,2024,8,Thursday,False
1708589728.445,1708589742.997,1,2034.195,2033.945,-0.325,flow_flip,14.552000045776367,0.0,-0.4500000000000455,0.2799999999999727,214.74599999995206,2024-02-22 08:15:28.444999933,2024-02-22 08:15:42.996999979,2024-02-22,2024-02,2024,8,Thursday,False
1708589764.707,1708589771.525,1,2034.675,2034.265,-0.4849999999998545,stop_loss,6.818000078201294,0.0,-0.4099999999998545,0.2999999999999545,214.26099999995222,2024-02-22 08:16:04.707000017,2024-02-22 08:16:11.525000095,2024-02-22,2024-02,2024,8,Thursday,False
1708590701.349,1708590739.172,-1,2032.775,2033.005,-0.3050000000000182,flow_flip,37.82299995422363,0.0,-0.4499999999998181,0.34999999999990905,213.9559999999522,2024-02-22 08:31:41.348999977,2024-02-22 08:32:19.171999931,2024-02-22,2024-02,2024,8,Thursday,False
1708590759.315,1708590762.142,-1,2032.525,2032.945,-0.4949999999998454,stop_loss,2.8269999027252197,0.0,-0.4199999999998454,0.32999999999992724,213.46099999995238,2024-02-22 08:32:39.315000057,2024-02-22 08:32:42.141999960,2024-02-22,2024-02,2024,8,Thursday,False
1708593691.324,1708593705.137,1,2031.692,2031.048,-0.7190000000000054,stop_loss,13.813000202178955,0.0,-0.6440000000000055,0.3669999999999618,212.74199999995238,2024-02-22 09:21:31.323999882,2024-02-22 09:21:45.137000084,2024-02-22,2024-02,2024,9,Thursday,False
1708594053.535,1708594071.123,-1,2029.315,2029.735,-0.4949999999998454,flow_flip,17.58799982070923,0.0,-0.4199999999998454,0.32999999999992724,212.24699999995255,2024-02-22 09:27:33.535000086,2024-02-22 09:27:51.122999907,2024-02-22,2024-02,2024,9,Thursday,False
1708594800.523,1708594812.064,-1,2029.545,2030.045,-0.575,flow_flip,11.54099988937378,0.0,-0.5,0.30999999999994543,211.67199999995256,2024-02-22 09:40:00.523000001,2024-02-22 09:40:12.063999891,2024-02-22,2024-02,2024,9,Thursday,False
1708595945.923,1708595994.413,-1,2030.015,2030.525,-0.5849999999999909,flow_flip,48.49000000953674,0.0,-0.5099999999999909,0.30999999999994543,211.08699999995258,2024-02-22 09:59:05.923000097,2024-02-22 09:59:54.413000107,2024-02-22,2024-02,2024,9,Thursday,False
1708596242.67,1708596255.576,-1,2029.925,2030.445,-0.5949999999999818,flow_flip,12.905999898910522,0.0,-0.5199999999999818,0.2999999999999545,210.4919999999526,2024-02-22 10:04:02.670000076,2024-02-22 10:04:15.575999975,2024-02-22,2024-02,2024,10,Thursday,False
1708596619.745,1708596630.166,-1,2029.905,2030.325,-0.49500000000007277,flow_flip,10.421000003814697,0.0,-0.42000000000007276,0.2899999999999636,209.99699999995255,2024-02-22 10:10:19.744999886,2024-02-22 10:10:30.165999889,2024-02-22,2024-02,2024,10,Thursday,False
1708671622.708,1708671643.94,-1,2020.435,2020.995,-0.6349999999999454,flow_flip,21.23200011253357,0.0,-0.5599999999999454,0.2899999999999636,209.36199999995262,2024-02-23 07:00:22.707999945,2024-02-23 07:00:43.940000057,2024-02-23,2024-02,2024,7,Friday,False
1708671968.219,1708672016.434,1,2020.285,2019.805,-0.5550000000000181,stop_loss,48.21499991416931,0.0,-0.4800000000000182,0.2599999999999909,208.8069999999526,2024-02-23 07:06:08.219000101,2024-02-23 07:06:56.434000015,2024-02-23,2024-02,2024,7,Friday,False
1708672301.685,1708672314.148,1,2020.205,2019.865,-0.41499999999991816,flow_flip,12.463000059127808,0.0,-0.33999999999991815,0.2400000000000091,208.3919999999527,2024-02-23 07:11:41.684999943,2024-02-23 07:11:54.148000002,2024-02-23,2024-02,2024,7,Friday,False
1708672450.723,1708672541.629,1,2020.695,2020.655,-0.11499999999996363,time_stop,90.90599989891052,0.12000000000011823,-0.36999999999989086,0.2899999999999636,208.27699999995275,2024-02-23 07:14:10.723000050,2024-02-23 07:15:41.628999949,2024-02-23,2024-02,2024,7,Friday,False
1708672741.404,1708672755.285,-1,2020.785,2021.165,-0.4549999999998818,flow_flip,13.88100004196167,0.0,-0.37999999999988177,0.2899999999999636,207.82199999995288,2024-02-23 07:19:01.404000044,2024-02-23 07:19:15.285000086,2024-02-23,2024-02,2024,7,Friday,False
1708672767.345,1708672785.23,1,2021.315,2020.885,-0.5050000000000636,stop_loss,17.884999990463257,0.0,-0.43000000000006366,0.2799999999999727,207.31699999995283,2024-02-23 07:19:27.345000029,2024-02-23 07:19:45.230000019,2024-02-23,2024-02,2024,7,Friday,False
1708673422.846,1708673451.068,1,2021.592,2021.155,-0.5120000000001255,flow_flip,28.222000122070312,0.0,-0.4370000000001255,0.27700000000004366,206.8049999999527,2024-02-23 07:30:22.845999956,2024-02-23 07:30:51.068000078,2024-02-23,2024-02,2024,7,Friday,False
1708673482.809,1708673498.345,1,2021.765,2021.295,-0.5450000000000272,flow_flip,15.53600001335144,0.0,-0.4700000000000273,0.25,206.2599999999527,2024-02-23 07:31:22.809000015,2024-02-23 07:31:38.345000029,2024-02-23,2024-02,2024,7,Friday,False
1708674087.968,1708674121.17,1,2021.665,2021.605,-0.13499999999994544,flow_flip,33.2020001411438,0.07999999999992724,-0.2599999999999909,0.2599999999999909,206.12499999995276,2024-02-23 07:41:27.967999935,2024-02-23 07:42:01.170000076,2024-02-23,2024-02,2024,7,Friday,False
1708674645.998,1708674683.98,-1,2020.955,2021.395,-0.5150000000000545,flow_flip,37.98200011253357,0.0,-0.44000000000005457,0.3300000000001546,205.60999999995272,2024-02-23 07:50:45.997999907,2024-02-23 07:51:23.980000019,2024-02-23,2024-02,2024,7,Friday,False
1708674772.646,1708674777.506,1,2022.185,2021.778,-0.48199999999992543,stop_loss,4.860000133514404,0.0,-0.4069999999999254,0.30700000000001637,205.1279999999528,2024-02-23 07:52:52.645999908,2024-02-23 07:52:57.506000042,2024-02-23,2024-02,2024,7,Friday,False
1708675216.252,1708675238.341,1,2022.335,2021.975,-0.43500000000012734,flow_flip,22.08899998664856,0.0,-0.3769999999999527,0.32999999999992724,204.6929999999527,2024-02-23 08:00:16.252000092,2024-02-23 08:00:38.341000080,2024-02-23,2024-02,2024,8,Friday,False
1708675310.587,1708675339.414,1,2022.695,2022.115,-0.6549999999999272,flow_flip,28.8270001411438,0.0,-0.5799999999999272,0.35999999999989996,204.03799999995277,2024-02-23 08:01:50.586999893,2024-02-23 08:02:19.414000034,2024-02-23,2024-02,2024,8,Friday,False
1708675588.232,1708675603.48,-1,2021.745,2022.062,-0.3920000000000073,flow_flip,15.247999906539917,0.0,-0.3200000000001637,0.290000000000191,203.64599999995278,2024-02-23 08:06:28.232000113,2024-02-23 08:06:43.480000019,2024-02-23,2024-02,2024,8,Friday,False
1708675695.633,1708675786.853,-1,2021.175,2021.165,-0.0650000000000091,time_stop,91.22000002861023,0.029999999999972715,-0.5099999999999909,0.3300000000001546,203.58099999995278,2024-02-23 08:08:15.632999897,2024-02-23 08:09:46.852999926,2024-02-23,2024-02,2024,8,Friday,False
1708675887.065,1708675909.681,1,2021.015,2020.715,-0.3750000000001819,flow_flip,22.615999937057495,0.0,-0.39000000000010004,0.3100000000001728,203.2059999999526,2024-02-23 08:11:27.065000057,2024-02-23 08:11:49.680999994,2024-02-23,2024-02,2024,8,Friday,False
1708676117.978,1708676137.285,1,2021.155,2020.965,-0.2650000000000546,flow_flip,19.307000160217285,0.009999999999990905,-0.2799999999999727,0.2699999999999818,202.94099999995257,2024-02-23 08:15:17.977999926,2024-02-23 08:15:37.285000086,2024-02-23,2024-02,2024,8,Friday,False
1708676460.631,1708676489.128,1,2021.532,2021.185,-0.42199999999998,flow_flip,28.496999979019165,0.0,-0.3669999999999618,0.29700000000002547,202.5189999999526,2024-02-23 08:21:00.631000042,2024-02-23 08:21:29.128000020,2024-02-23,2024-02,2024,8,Friday,False
1708676664.406,1708676684.529,-1,2021.065,2021.345,-0.3549999999999727,flow_flip,20.123000144958496,0.0,-0.36999999999989086,0.33999999999991815,202.16399999995264,2024-02-23 08:24:24.405999899,2024-02-23 08:24:44.529000044,2024-02-23,2024-02,2024,8,Friday,False
1708677576.386,1708677597.084,1,2020.605,2019.858,-0.8220000000000709,stop_loss,20.698000192642212,0.0,-0.7470000000000709,0.2899999999999636,201.34199999995258,2024-02-23 08:39:36.385999918,2024-02-23 08:39:57.084000111,2024-02-23,2024-02,2024,8,Friday,False
1708930917.642,1708930917.845,1,2033.155,2032.515,-0.7149999999998726,stop_loss,0.20300006866455078,0.0,-0.6399999999998727,0.2899999999999636,200.62699999995272,2024-02-26 07:01:57.641999960,2024-02-26 07:01:57.845000029,2024-02-26,2024-02,2024,7,Monday,False
1708931002.407,1708931012.428,1,2033.176,2032.775,-0.47599999999983994,flow_flip,10.020999908447266,0.0,-0.40099999999983993,0.3309999999999036,200.1509999999529,2024-02-26 07:03:22.407000065,2024-02-26 07:03:32.427999973,2024-02-26,2024-02,2024,7,Monday,False
1708931021.777,1708931038.009,-1,2032.635,2033.136,-0.5759999999999763,flow_flip,16.23200011253357,0.0,-0.5009999999999764,0.34699999999998,199.57499999995292,2024-02-26 07:03:41.776999950,2024-02-26 07:03:58.009000063,2024-02-26,2024-02,2024,7,Monday,False
1708931204.382,1708931218.348,1,2033.165,2032.765,-0.4749999999998636,flow_flip,13.966000080108643,0.0,-0.3999999999998636,0.34999999999990905,199.09999999995307,2024-02-26 07:06:44.381999969,2024-02-26 07:06:58.348000050,2024-02-26,2024-02,2024,7,Monday,False
1708931352.853,1708931370.015,-1,2032.825,2033.402,-0.6519999999999981,flow_flip,17.16200017929077,0.0,-0.5769999999999982,0.35999999999989996,198.44799999995308,2024-02-26 07:09:12.852999926,2024-02-26 07:09:30.015000105,2024-02-26,2024-02,2024,7,Monday,False
1708931842.225,1708931889.302,-1,2033.995,2034.325,-0.4050000000001546,flow_flip,47.0770001411438,0.0,-0.3400000000001455,0.26700000000005275,198.04299999995294,2024-02-26 07:17:22.224999905,2024-02-26 07:18:09.302000046,2024-02-26,2024-02,2024,7,Monday,False
1708932013.783,1708932046.086,1,2034.505,2034.095,-0.48500000000008187,flow_flip,32.30299997329712,0.0,-0.4500000000000455,0.3000000000001819,197.55799999995287,2024-02-26 07:20:13.782999992,2024-02-26 07:20:46.085999966,2024-02-26,2024-02,2024,7,Monday,False
1708932603.856,1708932642.771,-1,2034.665,2034.895,-0.3050000000000182,flow_flip,38.91499996185303,0.0,-0.2899999999999636,0.2899999999999636,197.25299999995286,2024-02-26 07:30:03.855999947,2024-02-26 07:30:42.770999908,2024-02-26,2024-02,2024,7,Monday,False
1708933436.119,1708933504.489,-1,2034.065,2034.085,-0.09499999999998182,flow_flip,68.37000012397766,0.18000000000006366,-0.2300000000000182,0.2699999999999818,197.1579999999529,2024-02-26 07:43:56.118999958,2024-02-26 07:45:04.489000082,2024-02-26,2024-02,2024,7,Monday,False
1708933683.305,1708933734.376,-1,2034.545,2035.105,-0.6349999999999454,flow_flip,51.07099986076355,0.0,-0.5599999999999454,0.2899999999999636,196.52299999995296,2024-02-26 07:48:03.305000067,2024-02-26 07:48:54.375999928,2024-02-26,2024-02,2024,7,Monday,False
1708933972.818,1708933999.004,1,2034.755,2034.435,-0.3950000000001637,flow_flip,26.185999870300293,0.0,-0.37000000000011823,0.3000000000001819,196.1279999999528,2024-02-26 07:52:52.818000078,2024-02-26 07:53:19.003999949,2024-02-26,2024-02,2024,7,Monday,False
1708934066.3,1708934105.938,-1,2034.025,2034.545,-0.5949999999999818,flow_flip,39.63800001144409,0.0,-0.5199999999999818,0.30999999999994543,195.53299999995284,2024-02-26 07:54:26.299999952,2024-02-26 07:55:05.937999964,2024-02-26,2024-02,2024,7,Monday,False
1708934275.288,1708934306.682,-1,2034.805,2034.885,-0.15499999999992725,flow_flip,31.393999814987183,0.04899999999997817,-0.3509999999998854,0.3609999999998763,195.37799999995292,2024-02-26 07:57:55.288000107,2024-02-26 07:58:26.681999922,2024-02-26,2024-02,2024,7,Monday,False
1708934578.299,1708934589.941,-1,2034.145,2034.585,-0.5150000000000545,flow_flip,11.641999959945679,0.0,-0.44000000000005457,0.2899999999999636,194.86299999995288,2024-02-26 08:02:58.299000025,2024-02-26 08:03:09.940999985,2024-02-26,2024-02,2024,8,Monday,False
1708934959.842,1708935009.411,-1,2034.665,2035.175,-0.5849999999999909,stop_loss,49.569000005722046,0.0,-0.5099999999999909,0.2899999999999636,194.2779999999529,2024-02-26 08:09:19.842000008,2024-02-26 08:10:09.411000013,2024-02-26,2024-02,2024,8,Monday,False
1708936154.49,1708936168.745,-1,2035.615,2036.075,-0.5350000000000363,flow_flip,14.254999876022339,0.0,-0.4600000000000364,0.30999999999994543,193.74299999995287,2024-02-26 08:29:14.490000010,2024-02-26 08:29:28.744999886,2024-02-26,2024-02,2024,8,Monday,False
1708936185.396,1708936222.44,1,2036.442,2036.265,-0.25199999999990724,flow_flip,37.04400014877319,0.0,-0.3569999999999709,0.3569999999999709,193.49099999995298,2024-02-26 08:29:45.395999908,2024-02-26 08:30:22.440000057,2024-02-26,2024-02,2024,8,Monday,False
1708936493.023,1708936547.677,-1,2036.145,2035.965,0.10500000000006365,trail,54.65400004386902,0.35999999999989996,-0.22700000000008913,0.25,193.59599999995305,2024-02-26 08:34:53.023000002,2024-02-26 08:35:47.677000046,2024-02-26,2024-02,2024,8,Monday,True
1708936668.991,1708936710.322,-1,2035.375,2035.715,-0.41499999999991816,flow_flip,41.331000089645386,0.0,-0.42000000000007276,0.2599999999999909,193.18099999995314,2024-02-26 08:37:48.990999937,2024-02-26 08:38:30.322000027,2024-02-26,2024-02,2024,8,Monday,False
1709018310.94,1709018390.939,-1,2034.555,2034.695,-0.21499999999987268,flow_flip,79.99899983406067,0.0,-0.32999999999992724,0.32999999999992724,192.96599999995328,2024-02-27 07:18:30.940000057,2024-02-27 07:19:50.938999891,2024-02-27,2024-02,2024,7,Tuesday,False
1709018624.221,1709018659.904,1,2035.432,2035.275,-0.23199999999992543,flow_flip,35.68300008773804,0.0,-0.29700000000002547,0.29700000000002547,192.73399999995337,2024-02-27 07:23:44.220999956,2024-02-27 07:24:19.904000044,2024-02-27,2024-02,2024,7,Tuesday,False
1709018871.715,1709018928.727,-1,2035.395,2035.515,-0.19500000000011825,flow_flip,57.01200008392334,0.0,-0.34999999999990905,0.32999999999992724,192.53899999995326,2024-02-27 07:27:51.714999914,2024-02-27 07:28:48.726999998,2024-02-27,2024-02,2024,7,Tuesday,False
1709018939.143,1709018957.149,-1,2034.885,2035.255,-0.44500000000011825,flow_flip,18.00600004196167,0.0,-0.37000000000011823,0.2999999999999545,192.09399999995316,2024-02-27 07:28:59.142999887,2024-02-27 07:29:17.148999929,2024-02-27,2024-02,2024,7,Tuesday,False
1709021662.174,1709021711.209,1,2035.665,2035.498,-0.24199999999991634,flow_flip,49.03500008583069,0.0,-0.33999999999991815,0.32999999999992724,191.85199999995325,2024-02-27 08:14:22.174000025,2024-02-27 08:15:11.209000111,2024-02-27,2024-02,2024,8,Tuesday,False
1709021863.154,1709021909.145,1,2036.162,2035.945,-0.29200000000009824,flow_flip,45.990999937057495,0.0,-0.28700000000003456,0.27700000000004366,191.55999999995316,2024-02-27 08:17:43.154000044,2024-02-27 08:18:29.144999981,2024-02-27,2024-02,2024,8,Tuesday,False
1709022658.63,1709022684.423,1,2038.142,2037.725,-0.4920000000001437,flow_flip,25.792999982833862,0.0,-0.4170000000001437,0.3170000000000073,191.06799999995303,2024-02-27 08:30:58.630000114,2024-02-27 08:31:24.423000097,2024-02-27,2024-02,2024,8,Tuesday,False
1709022853.764,1709022934.884,1,2038.065,2037.645,-0.49500000000007277,flow_flip,81.12000012397766,0.0,-0.43000000000006366,0.36000000000012733,190.57299999995297,2024-02-27 08:34:13.763999939,2024-02-27 08:35:34.884000063,2024-02-27,2024-02,2024,8,Tuesday,False
1709022995.633,1709023035.671,1,2038.262,2038.165,-0.17199999999998,flow_flip,40.03800010681152,0.08300000000008367,-0.3769999999999527,0.29700000000002547,190.400999999953,2024-02-27 08:36:35.632999897,2024-02-27 08:37:15.671000004,2024-02-27,2024-02,2024,8,Tuesday,False
1709024052.4,1709024147.4,-1,2038.695,2038.525,0.09499999999984537,time_stop,95.0,0.16999999999984539,-0.3500000000001364,0.2999999999999545,190.49599999995286,2024-02-27 08:54:12.400000095,2024-02-27 08:55:47.400000095,2024-02-27,2024-02,2024,8,Tuesday,True
1709024253.713,1709024308.759,-1,2037.538,2037.935,-0.4719999999999345,flow_flip,55.0460000038147,0.0,-0.49700000000007094,0.3170000000000073,190.02399999995293,2024-02-27 08:57:33.713000059,2024-02-27 08:58:28.759000063,2024-02-27,2024-02,2024,8,Tuesday,False
1709024761.442,1709024826.482,-1,2037.735,2037.755,-0.0950000000002092,flow_flip,65.0400002002716,0.15999999999985448,-0.36000000000012733,0.3369999999999891,189.92899999995274,2024-02-27 09:06:01.441999912,2024-02-27 09:07:06.482000113,2024-02-27,2024-02,2024,9,Tuesday,False
1709025936.265,1709025940.393,1,2037.165,2036.665,-0.575,stop_loss,4.127999782562256,0.0,-0.5,0.31999999999993634,189.35399999995275,2024-02-27 09:25:36.265000105,2024-02-27 09:25:40.392999887,2024-02-27,2024-02,2024,9,Tuesday,False
1709026286.221,1709026297.529,1,2036.822,2036.355,-0.5419999999998708,flow_flip,11.308000087738037,0.0,-0.46699999999987085,0.3369999999999891,188.8119999999529,2024-02-27 09:31:26.220999956,2024-02-27 09:31:37.529000044,2024-02-27,2024-02,2024,9,Tuesday,False
1709026374.808,1709026391.949,-1,2035.685,2036.035,-0.42500000000013644,flow_flip,17.140999794006348,0.0,-0.38000000000010914,0.30999999999994543,188.38699999995276,2024-02-27 09:32:54.808000088,2024-02-27 09:33:11.948999882,2024-02-27,2024-02,2024,9,Tuesday,False
1709026400.276,1709026405.254,1,2036.165,2035.715,-0.5250000000000454,stop_loss,4.977999925613403,0.0,-0.4500000000000455,0.32999999999992724,187.86199999995273,2024-02-27 09:33:20.276000023,2024-02-27 09:33:25.253999949,2024-02-27,2024-02,2024,9,Tuesday,False
1709026417.158,1709026442.012,1,2036.155,2035.725,-0.5050000000000636,stop_loss,24.854000091552734,0.0,-0.43000000000006366,0.2899999999999636,187.35699999995268,2024-02-27 09:33:37.157999992,2024-02-27 09:34:02.012000084,2024-02-27,2024-02,2024,9,Tuesday,False
1709027539.313,1709027576.124,-1,2036.418,2036.945,-0.6020000000000436,stop_loss,36.81100010871887,0.0,-0.5270000000000437,0.30700000000001637,186.75499999995264,2024-02-27 09:52:19.312999964,2024-02-27 09:52:56.124000072,2024-02-27,2024-02,2024,9,Tuesday,False
1709027685.676,1709027692.232,1,2037.4,2036.885,-0.5900000000001,flow_flip,6.555999994277954,0.0,-0.5150000000001,0.30500000000006366,186.16499999995256,2024-02-27 09:54:45.676000118,2024-02-27 09:54:52.232000113,2024-02-27,2024-02,2024,9,Tuesday,False
1709028362.211,1709028382.116,-1,2035.855,2036.345,-0.565000000000009,flow_flip,19.90499997138977,0.0,-0.4900000000000091,0.30999999999994543,185.59999999995256,2024-02-27 10:06:02.210999966,2024-02-27 10:06:22.115999937,2024-02-27,2024-02,2024,10,Tuesday,False
1709028624.323,1709028644.31,-1,2035.665,2035.975,-0.38499999999994544,flow_flip,19.986999988555908,0.0,-0.3510000000001128,0.3269999999999982,185.21499999995262,2024-02-27 10:10:24.322999954,2024-02-27 10:10:44.309999943,2024-02-27,2024-02,2024,10,Tuesday,False
1709103601.265,1709103613.044,-1,2028.945,2029.405,-0.5350000000000363,flow_flip,11.77899980545044,0.0,-0.4600000000000364,0.3100000000001728,184.6799999999526,2024-02-28 07:00:01.265000105,2024-02-28 07:00:13.043999910,2024-02-28,2024-02,2024,7,Wednesday,False
1709105269.579,1709105285.464,1,2029.255,2028.935,-0.3950000000001637,flow_flip,15.884999990463257,0.0,-0.36000000000012733,0.36000000000012733,184.28499999995245,2024-02-28 07:27:49.578999996,2024-02-28 07:28:05.463999987,2024-02-28,2024-02,2024,7,Wednesday,False
1709105465.901,1709105478.328,1,2029.335,2029.055,-0.3549999999999727,flow_flip,12.427000045776367,0.0,-0.2799999999999727,0.2999999999999545,183.92999999995249,2024-02-28 07:31:05.901000023,2024-02-28 07:31:18.328000069,2024-02-28,2024-02,2024,7,Wednesday,False
1709105590.141,1709105643.87,-1,2028.735,2029.225,-0.565000000000009,stop_loss,53.728999853134155,0.0,-0.4900000000000091,0.3000000000001819,183.3649999999525,2024-02-28 07:33:10.141000032,2024-02-28 07:34:03.869999886,2024-02-28,2024-02,2024,7,Wednesday,False
1709105654.288,1709105671.375,1,2029.305,2028.995,-0.3850000000001728,flow_flip,17.086999893188477,0.0,-0.3400000000001455,0.3100000000001728,182.97999999995233,2024-02-28 07:34:14.288000107,2024-02-28 07:34:31.375000000,2024-02-28,2024-02,2024,7,Wednesday,False
1709105757.477,1709105838.408,-1,2028.745,2028.925,-0.2550000000000637,flow_flip,80.93099999427795,0.009999999999990905,-0.3100000000001728,0.3000000000001819,182.72499999995227,2024-02-28 07:35:57.476999998,2024-02-28 07:37:18.407999992,2024-02-28,2024-02,2024,7,Wednesday,False
1709106298.013,1709106322.148,-1,2028.135,2028.535,-0.47500000000009096,flow_flip,24.134999990463257,0.0,-0.44000000000005457,0.2999999999999545,182.2499999999522,2024-02-28 07:44:58.013000011,2024-02-28 07:45:22.148000002,2024-02-28,2024-02,2024,7,Wednesday,False
1709106392.682,1709106401.996,-1,2027.805,2028.105,-0.37499999999995454,flow_flip,9.314000129699707,0.0,-0.30999999999994543,0.30999999999994543,181.87499999995225,2024-02-28 07:46:32.681999922,2024-02-28 07:46:41.996000051,2024-02-28,2024-02,2024,7,Wednesday,False
1709107261.833,1709107280.862,-1,2027.875,2028.325,-0.5250000000000454,stop_loss,19.02900004386902,0.0,-0.4500000000000455,0.2899999999999636,181.34999999995222,2024-02-28 08:01:01.832999945,2024-02-28 08:01:20.861999989,2024-02-28,2024-02,2024,8,Wednesday,False
1709107300.92,1709107307.864,-1,2027.835,2028.215,-0.4549999999998818,stop_loss,6.944000005722046,0.0,-0.37999999999988177,0.2899999999999636,180.89499999995235,2024-02-28 08:01:40.920000076,2024-02-28 08:01:47.864000082,2024-02-28,2024-02,2024,8,Wednesday,False
1709107433.761,1709107440.115,1,2028.335,2027.895,-0.5150000000000545,stop_loss,6.354000091552734,0.0,-0.44000000000005457,0.2899999999999636,180.3799999999523,2024-02-28 08:03:53.760999918,2024-02-28 08:04:00.115000010,2024-02-28,2024-02,2024,8,Wednesday,False
1709108529.467,1709108547.948,-1,2028.558,2028.895,-0.4119999999999891,flow_flip,18.48099994659424,0.0,-0.3369999999999891,0.3170000000000073,179.96799999995233,2024-02-28 08:22:09.467000008,2024-02-28 08:22:27.947999954,2024-02-28,2024-02,2024,8,Wednesday,False
1709109972.727,1709110003.41,-1,2027.365,2027.855,-0.565000000000009,flow_flip,30.683000087738037,0.0,-0.4900000000000091,0.2899999999999636,179.40299999995233,2024-02-28 08:46:12.726999998,2024-02-28 08:46:43.410000086,2024-02-28,2024-02,2024,8,Wednesday,False
1709110127.814,1709110155.377,1,2028.075,2027.615,-0.5350000000000363,flow_flip,27.563000202178955,0.0,-0.4600000000000364,0.30999999999994543,178.8679999999523,2024-02-28 08:48:47.813999891,2024-02-28 08:49:15.377000093,2024-02-28,2024-02,2024,8,Wednesday,False
1709110424.472,1709110514.819,-1,2027.445,2027.225,0.14500000000002727,time_stop,90.34700012207031,0.38999999999987267,-0.2799999999999727,0.2899999999999636,179.01299999995234,2024-02-28 08:53:44.471999884,2024-02-28 08:55:14.819000006,2024-02-28,2024-02,2024,8,Wednesday,True
1709110846.397,1709110931.778,1,2027.415,2027.135,-0.3549999999999727,flow_flip,85.38100004196167,0.0,-0.4099999999998545,0.31999999999993634,178.65799999995238,2024-02-28 09:00:46.397000074,2024-02-28 09:02:11.778000116,2024-02-28,2024-02,2024,9,Wednesday,False
1709111122.593,1709111145.048,-1,2025.825,2026.365,-0.6149999999999636,stop_loss,22.455000162124634,0.0,-0.5399999999999636,0.2899999999999636,178.04299999995243,2024-02-28 09:05:22.592999935,2024-02-28 09:05:45.048000097,2024-02-28,2024-02,2024,9,Wednesday,False
1709111160.99,1709111176.599,1,2026.505,2026.075,-0.5050000000000636,flow_flip,15.608999967575073,0.0,-0.43000000000006366,0.2700000000002092,177.53799999995238,2024-02-28 09:06:00.990000010,2024-02-28 09:06:16.598999977,2024-02-28,2024-02,2024,9,Wednesday,False
1709190068.039,1709190110.889,1,2037.055,2036.815,-0.3150000000000091,flow_flip,42.84999990463257,0.0,-0.3500000000001364,0.3500000000001364,177.22299999995238,2024-02-29 07:01:08.039000034,2024-02-29 07:01:50.888999939,2024-02-29,2024-02,2024,7,Thursday,False
1709190211.621,1709190236.409,1,2037.262,2036.755,-0.5819999999998344,stop_loss,24.787999868392944,0.0,-0.5069999999998345,0.29700000000002547,176.64099999995256,2024-02-29 07:03:31.621000051,2024-02-29 07:03:56.408999920,2024-02-29,2024-02,2024,7,Thursday,False
1709192717.738,1709192728.727,1,2037.905,2037.525,-0.4549999999998818,stop_loss,10.989000082015991,0.0,-0.37999999999988177,0.2899999999999636,176.18599999995268,2024-02-29 07:45:17.737999916,2024-02-29 07:45:28.726999998,2024-02-29,2024-02,2024,7,Thursday,False
1709194344.197,1709194356.037,-1,2035.498,2036.005,-0.5820000000000618,flow_flip,11.839999914169312,0.0,-0.5070000000000618,0.29700000000002547,175.60399999995263,2024-02-29 08:12:24.197000027,2024-02-29 08:12:36.036999941,2024-02-29,2024-02,2024,8,Thursday,False
1709194591.924,1709194593.357,1,2036.205,2035.775,-0.5049999999998362,stop_loss,1.433000087738037,0.0,-0.4299999999998363,0.2999999999999545,175.0989999999528,2024-02-29 08:16:31.924000025,2024-02-29 08:16:33.357000113,2024-02-29,2024-02,2024,8,Thursday,False
1709194674.443,1709194697.593,1,2036.585,2036.238,-0.42199999999998,flow_flip,23.149999856948853,0.0,-0.3500000000001364,0.3500000000001364,174.67699999995284,2024-02-29 08:17:54.443000078,2024-02-29 08:18:17.592999935,2024-02-29,2024-02,2024,8,Thursday,False
1709196749.827,1709196840.168,1,2036.865,2036.705,-0.23500000000008187,time_stop,90.34100008010864,0.0,-0.34999999999990905,0.2999999999999545,174.44199999995277,2024-02-29 08:52:29.826999903,2024-02-29 08:54:00.167999983,2024-02-29,2024-02,2024,8,Thursday,False
1709197084.36,1709197109.185,1,2037.625,2037.185,-0.5150000000000545,flow_flip,24.825000047683716,0.0,-0.44000000000005457,0.2899999999999636,173.92699999995273,2024-02-29 08:58:04.359999895,2024-02-29 08:58:29.184999943,2024-02-29,2024-02,2024,8,Thursday,False
1709197343.139,1709197347.665,1,2037.255,2036.655,-0.6750000000001364,stop_loss,4.526000022888184,0.0,-0.6000000000001364,0.3500000000001364,173.2519999999526,2024-02-29 09:02:23.138999939,2024-02-29 09:02:27.664999962,2024-02-29,2024-02,2024,9,Thursday,False
1709197868.026,1709197885.854,1,2036.865,2036.528,-0.4119999999999891,flow_flip,17.82800006866455,0.0,-0.34999999999990905,0.31999999999993634,172.83999999995262,2024-02-29 09:11:08.026000023,2024-02-29 09:11:25.854000092,2024-02-29,2024-02,2024,9,Thursday,False
1709198240.26,1709198320.24,-1,2035.975,2036.042,-0.1420000000000073,flow_flip,79.98000001907349,0.012999999999919964,-0.3200000000001637,0.3410000000001219,172.69799999995263,2024-02-29 09:17:20.259999990,2024-02-29 09:18:40.240000010,2024-02-29,2024-02,2024,9,Thursday,False
1709198753.781,1709198827.201,1,2035.835,2035.715,-0.19500000000011825,flow_flip,73.42000007629395,0.14999999999986358,-0.2999999999999545,0.2899999999999636,172.50299999995252,2024-02-29 09:25:53.780999899,2024-02-29 09:27:07.200999975,2024-02-29,2024-02,2024,9,Thursday,False
1709199181.549,1709199195.289,-1,2035.505,2035.965,-0.534999999999809,flow_flip,13.740000009536743,0.0,-0.459999999999809,0.2899999999999636,171.96799999995272,2024-02-29 09:33:01.549000025,2024-02-29 09:33:15.289000034,2024-02-29,2024-02,2024,9,Thursday,False
1709200329.769,1709200358.498,1,2034.565,2034.315,-0.325,flow_flip,28.728999853134155,0.0,-0.2599999999999909,0.2899999999999636,171.64299999995274,2024-02-29 09:52:09.769000053,2024-02-29 09:52:38.497999907,2024-02-29,2024-02,2024,9,Thursday,False
1709201025.64,1709201075.88,1,2034.545,2034.465,-0.15500000000015463,flow_flip,50.24000000953674,0.07999999999992724,-0.2799999999999727,0.3000000000001819,171.4879999999526,2024-02-29 10:03:45.640000105,2024-02-29 10:04:35.880000114,2024-02-29,2024-02,2024,10,Thursday,False
1709201718.986,1709201780.597,-1,2033.555,2033.782,-0.30199999999986177,flow_flip,61.61099982261658,0.01999999999998181,-0.32999999999992724,0.2899999999999636,171.18599999995274,2024-02-29 10:15:18.986000061,2024-02-29 10:16:20.596999884,2024-02-29,2024-02,2024,10,Thursday,False
1709201802.903,1709201864.33,-1,2033.405,2033.655,-0.325,flow_flip,61.42699980735779,0.0,-0.38000000000010914,0.2999999999999545,170.86099999995275,2024-02-29 10:16:42.903000116,2024-02-29 10:17:44.329999924,2024-02-29,2024-02,2024,10,Thursday,False
1709202592.213,1709202613.717,-1,2032.455,2032.655,-0.2750000000000455,flow_flip,21.503999948501587,0.0,-0.3100000000001728,0.2799999999999727,170.58599999995272,2024-02-29 10:29:52.213000059,2024-02-29 10:30:13.717000008,2024-02-29,2024-02,2024,10,Thursday,False
1709205929.904,1709206016.548,1,2031.625,2031.485,-0.21500000000010006,flow_flip,86.64400005340576,0.09999999999990905,-0.2999999999999545,0.30999999999994543,170.37099999995263,2024-02-29 11:25:29.904000044,2024-02-29 11:26:56.548000097,2024-02-29,2024-02,2024,11,Thursday,False
1709276590.979,1709276616.638,1,2047.435,2046.938,-0.5719999999998435,flow_flip,25.658999919891357,0.0,-0.49699999999984357,0.3709999999998672,169.7989999999528,2024-03-01 07:03:10.979000092,2024-03-01 07:03:36.638000011,2024-03-01,2024-03,2024,7,Friday,False
1709277563.422,1709277612.439,-1,2047.635,2047.825,-0.2650000000000546,flow_flip,49.01699995994568,0.0,-0.41000000000008185,0.35999999999989996,169.53399999995275,2024-03-01 07:19:23.421999931,2024-03-01 07:20:12.438999891,2024-03-01,2024-03,2024,7,Friday,False
1709277675.319,1709277692.018,-1,2047.005,2047.355,-0.42499999999990906,flow_flip,16.698999881744385,0.0,-0.34999999999990905,0.32999999999992724,169.10899999995286,2024-03-01 07:21:15.319000006,2024-03-01 07:21:32.017999887,2024-03-01,2024-03,2024,7,Friday,False
1709277737.253,1709277828.797,1,2047.585,2047.355,-0.3050000000000182,time_stop,91.54399991035461,0.0,-0.43100000000004,0.3269999999999982,168.80399999995285,2024-03-01 07:22:17.253000021,2024-03-01 07:23:48.796999931,2024-03-01,2024-03,2024,7,Friday,False
1709277843.325,1709277922.383,-1,2047.085,2047.165,-0.15499999999992725,flow_flip,79.05799984931946,0.06999999999993634,-0.33999999999991815,0.36999999999989086,168.64899999995293,2024-03-01 07:24:03.325000048,2024-03-01 07:25:22.382999897,2024-03-01,2024-03,2024,7,Friday,False
1709278039.425,1709278050.593,-1,2046.825,2047.185,-0.43499999999989997,flow_flip,11.167999982833862,0.0,-0.36999999999989086,0.30999999999994543,168.21399999995305,2024-03-01 07:27:19.424999952,2024-03-01 07:27:30.592999935,2024-03-01,2024-03,2024,7,Friday,False
1709278118.374,1709278182.628,1,2047.125,2046.665,-0.5350000000000363,flow_flip,64.25399994850159,0.0,-0.4600000000000364,0.32999999999992724,167.67899999995302,2024-03-01 07:28:38.374000072,2024-03-01 07:29:42.628000021,2024-03-01,2024-03,2024,7,Friday,False
1709278777.19,1709278787.482,1,2047.575,2047.135,-0.5150000000000545,stop_loss,10.29200005531311,0.0,-0.44000000000005457,0.3300000000001546,167.16399999995298,2024-03-01 07:39:37.190000057,2024-03-01 07:39:47.482000113,2024-03-01,2024-03,2024,7,Friday,False
1709279487.428,1709279492.056,1,2046.755,2046.405,-0.42500000000013644,flow_flip,4.628000020980835,0.0,-0.3500000000001364,0.3100000000001728,166.73899999995285,2024-03-01 07:51:27.427999973,2024-03-01 07:51:32.055999994,2024-03-01,2024-03,2024,7,Friday,False
1709279967.539,1709280000.38,-1,2045.415,2045.856,-0.5160000000000309,flow_flip,32.84100008010864,0.0,-0.4410000000000309,0.30700000000001637,166.22299999995283,2024-03-01 07:59:27.539000034,2024-03-01 08:00:00.380000114,2024-03-01,2024-03,2024,7,Friday,False
1709280295.293,1709280330.285,1,2045.155,2044.915,-0.3150000000000091,flow_flip,34.992000102996826,0.0,-0.35999999999989996,0.31999999999993634,165.90799999995284,2024-03-01 08:04:55.292999983,2024-03-01 08:05:30.285000086,2024-03-01,2024-03,2024,8,Friday,False
1709280416.377,1709280420.46,1,2045.086,2044.655,-0.50600000000004,stop_loss,4.08299994468689,0.0,-0.43100000000004,0.27099999999995816,165.4019999999528,2024-03-01 08:06:56.377000093,2024-03-01 08:07:00.460000038,2024-03-01,2024-03,2024,8,Friday,False
1709280433.435,1709280436.563,-1,2044.465,2044.915,-0.5250000000000454,stop_loss,3.128000020980835,0.0,-0.4500000000000455,0.28700000000003456,164.87699999995277,2024-03-01 08:07:13.434999943,2024-03-01 08:07:16.562999964,2024-03-01,2024-03,2024,8,Friday,False
1709281478.451,1709281525.658,-1,2042.255,2042.585,-0.40499999999992725,flow_flip,47.20700001716614,0.0,-0.36999999999989086,0.31999999999993634,164.47199999995286,2024-03-01 08:24:38.450999975,2024-03-01 08:25:25.657999992,2024-03-01,2024-03,2024,8,Friday,False
1709281996.115,1709282034.982,-1,2041.195,2041.505,-0.3850000000001728,flow_flip,38.867000102996826,0.0,-0.40000000000009095,0.3100000000001728,164.0869999999527,2024-03-01 08:33:16.115000010,2024-03-01 08:33:54.982000113,2024-03-01,2024-03,2024,8,Friday,False
1709282333.48,1709282339.278,-1,2040.285,2040.845,-0.6349999999999454,flow_flip,5.79800009727478,0.0,-0.5599999999999454,0.30999999999994543,163.45199999995276,2024-03-01 08:38:53.480000019,2024-03-01 08:38:59.278000116,2024-03-01,2024-03,2024,8,Friday,False
1709535835.942,1709535843.249,-1,2084.255,2084.845,-0.6649999999996907,stop_loss,7.307000160217285,0.0,-0.5899999999996908,0.31999999999970896,162.78699999995308,2024-03-04 07:03:55.941999912,2024-03-04 07:04:03.249000072,2024-03-04,2024-03,2024,7,Monday,False
1709536261.576,1709536351.864,-1,2085.055,2085.145,-0.16500000000014553,time_stop,90.28800010681152,0.0729999999998654,-0.30700000000024374,0.3200000000001637,162.62199999995295,2024-03-04 07:11:01.575999975,2024-03-04 07:12:31.864000082,2024-03-04,2024-03,2024,7,Monday,False
1709537511.274,1709537517.517,1,2085.155,2084.775,-0.45500000000010915,flow_flip,6.243000030517578,0.0,-0.38000000000010914,0.25,162.16699999995285,2024-03-04 07:31:51.273999929,2024-03-04 07:31:57.516999960,2024-03-04,2024-03,2024,7,Monday,False
1709538177.242,1709538198.455,1,2085.965,2085.735,-0.3050000000000182,flow_flip,21.21299982070923,0.0,-0.3500000000003638,0.2899999999999636,161.86199999995284,2024-03-04 07:42:57.242000103,2024-03-04 07:43:18.454999924,2024-03-04,2024-03,2024,7,Monday,False
1709538244.472,1709538321.458,1,2086.635,2086.795,0.08499999999985447,flow_flip,76.98600006103516,0.3599999999996726,-0.40000000000009095,0.3100000000004002,161.9469999999527,2024-03-04 07:44:04.471999884,2024-03-04 07:45:21.457999945,2024-03-04,2024-03,2024,7,Monday,True
1709538480.079,1709538500.399,1,2088.335,2087.875,-0.5350000000000363,flow_flip,20.319999933242798,0.0,-0.4800000000000182,0.2800000000002001,161.41199999995268,2024-03-04 07:48:00.078999996,2024-03-04 07:48:20.398999929,2024-03-04,2024-03,2024,7,Monday,False
1709539243.908,1709539282.195,1,2087.502,2087.165,-0.4119999999999891,flow_flip,38.28699994087219,0.0,-0.3469999999997526,0.3170000000000073,160.9999999999527,2024-03-04 08:00:43.907999992,2024-03-04 08:01:22.194999933,2024-03-04,2024-03,2024,8,Monday,False
1709540250.095,1709540341.235,-1,2086.015,2085.915,0.02499999999990904,time_stop,91.1399998664856,0.13999999999987267,-0.32999999999992724,0.2899999999999636,161.02499999995263,2024-03-04 08:17:30.095000029,2024-03-04 08:19:01.234999895,2024-03-04,2024-03,2024,8,Monday,True
1709540521.514,1709540535.109,-1,2085.265,2085.765,-0.575,stop_loss,13.59500002861023,0.0,-0.5,0.36000000000012733,160.44999999995264,2024-03-04 08:22:01.513999938,2024-03-04 08:22:15.108999968,2024-03-04,2024-03,2024,8,Monday,False
1709540614.518,1709540632.088,-1,2084.635,2084.965,-0.40499999999992725,flow_flip,17.570000171661377,0.0,-0.32999999999992724,0.27999999999974534,160.04499999995272,2024-03-04 08:23:34.517999887,2024-03-04 08:23:52.088000059,2024-03-04,2024-03,2024,8,Monday,False
1709542024.42,1709542035.475,-1,2083.885,2084.285,-0.4749999999996362,flow_flip,11.054999828338623,0.0,-0.5,0.34999999999990905,159.5699999999531,2024-03-04 08:47:04.420000076,2024-03-04 08:47:15.474999905,2024-03-04,2024-03,2024,8,Monday,False
1709543184.841,1709543215.196,1,2084.775,2084.585,-0.2650000000000546,flow_flip,30.355000019073486,0.0,-0.36000000000012733,0.36000000000012733,159.30499999995305,2024-03-04 09:06:24.841000080,2024-03-04 09:06:55.196000099,2024-03-04,2024-03,2024,9,Monday,False
1709544013.725,1709544038.557,-1,2083.445,2083.775,-0.40499999999992725,flow_flip,24.832000017166138,0.0,-0.4099999999998545,0.30999999999994543,158.89999999995314,2024-03-04 09:20:13.724999905,2024-03-04 09:20:38.556999922,2024-03-04,2024-03,2024,9,Monday,False
1709544443.563,1709544467.309,-1,2083.265,2083.715,-0.5250000000002728,flow_flip,23.746000051498413,0.0,-0.45000000000027285,0.30999999999994543,158.37499999995288,2024-03-04 09:27:23.562999964,2024-03-04 09:27:47.309000015,2024-03-04,2024-03,2024,9,Monday,False
1709544821.357,1709544837.899,1,2084.315,2083.905,-0.4849999999998545,flow_flip,16.54199981689453,0.0,-0.4099999999998545,0.3000000000001819,157.88999999995303,2024-03-04 09:33:41.357000113,2024-03-04 09:33:57.898999929,2024-03-04,2024-03,2024,9,Monday,False
1709545600.746,1709545601.15,-1,2085.105,2085.535,-0.5049999999998362,stop_loss,0.40400004386901855,0.0,-0.4299999999998363,0.30999999999994543,157.3849999999532,2024-03-04 09:46:40.746000051,2024-03-04 09:46:41.150000095,2024-03-04,2024-03,2024,9,Monday,False
1709545868.853,1709545872.427,1,2086.365,2085.875,-0.5649999999997817,stop_loss,3.574000120162964,0.0,-0.4899999999997817,0.30999999999994543,156.81999999995344,2024-03-04 09:51:08.852999926,2024-03-04 09:51:12.427000046,2024-03-04,2024-03,2024,9,Monday,False
1709622150.095,1709622240.783,-1,2116.078,2115.795,0.20799999999990176,time_stop,90.68799996376038,0.3029999999998836,-0.29700000000002547,0.29700000000002547,157.02799999995335,2024-03-05 07:02:30.095000029,2024-03-05 07:04:00.782999992,2024-03-05,2024-03,2024,7,Tuesday,True
1709622872.744,1709622877.134,-1,2114.478,2114.885,-0.4820000000001528,stop_loss,4.390000104904175,0.0,-0.4070000000001528,0.24699999999984357,156.5459999999532,2024-03-05 07:14:32.743999958,2024-03-05 07:14:37.134000063,2024-03-05,2024-03,2024,7,Tuesday,False
1709622930.894,1709622931.399,1,2114.855,2114.405,-0.5249999999998181,stop_loss,0.5049998760223389,0.0,-0.4499999999998181,0.3200000000001637,156.0209999999534,2024-03-05 07:15:30.894000053,2024-03-05 07:15:31.398999929,2024-03-05,2024-03,2024,7,Tuesday,False
1709623407.541,1709623420.674,1,2116.295,2115.795,-0.575,stop_loss,13.133000135421753,0.0,-0.5,0.3369999999999891,155.44599999995341,2024-03-05 07:23:27.540999889,2024-03-05 07:23:40.674000025,2024-03-05,2024-03,2024,7,Tuesday,False
1709623511.283,1709623573.376,-1,2115.345,2115.575,-0.3050000000000182,flow_flip,62.09299993515015,0.11999999999989086,-0.29000000000041837,0.3000000000001819,155.1409999999534,2024-03-05 07:25:11.282999992,2024-03-05 07:26:13.375999928,2024-03-05,2024-03,2024,7,Tuesday,False
1709623810.681,1709623834.078,-1,2115.125,2115.635,-0.5850000000002182,flow_flip,23.397000074386597,0.0,-0.5100000000002183,0.3400000000001455,154.5559999999532,2024-03-05 07:30:10.680999994,2024-03-05 07:30:34.078000069,2024-03-05,2024-03,2024,7,Tuesday,False
1709624058.701,1709624099.753,-1,2115.195,2115.625,-0.5049999999998362,flow_flip,41.05200004577637,0.0,-0.4299999999998363,0.30999999999994543,154.05099999995338,2024-03-05 07:34:18.700999975,2024-03-05 07:34:59.753000021,2024-03-05,2024-03,2024,7,Tuesday,False
1709624660.779,1709624672.096,1,2115.715,2115.278,-0.5120000000003528,flow_flip,11.316999912261963,0.0,-0.4370000000003529,0.3500000000003638,153.53899999995303,2024-03-05 07:44:20.779000044,2024-03-05 07:44:32.095999956,2024-03-05,2024-03,2024,7,Tuesday,False
1709625055.071,1709625070.322,1,2115.625,2115.245,-0.45500000000010915,stop_loss,15.250999927520752,0.0,-0.38000000000010914,0.2899999999999636,153.08399999995294,2024-03-05 07:50:55.071000099,2024-03-05 07:51:10.322000027,2024-03-05,2024-03,2024,7,Tuesday,False
1709625615.639,1709625628.493,1,2115.315,2114.728,-0.661999999999989,flow_flip,12.854000091552734,0.0,-0.5869999999999891,0.3200000000001637,152.42199999995296,2024-03-05 08:00:15.638999939,2024-03-05 08:00:28.493000031,2024-03-05,2024-03,2024,8,Tuesday,False
1709625688.188,1709625720.058,1,2115.745,2115.604,-0.2160000000000764,flow_flip,31.87000012397766,0.06300000000010186,-0.3599999999996726,0.3469999999997526,152.2059999999529,2024-03-05 08:01:28.187999964,2024-03-05 08:02:00.058000088,2024-03-05,2024-03,2024,8,Tuesday,False
1709625857.692,1709625872.221,1,2116.435,2115.935,-0.575,stop_loss,14.529000043869019,0.0,-0.5,0.3200000000001637,151.6309999999529,2024-03-05 08:04:17.691999912,2024-03-05 08:04:32.220999956,2024-03-05,2024-03,2024,8,Tuesday,False
1709625881.554,1709625889.552,1,2116.565,2116.105,-0.5350000000000363,stop_loss,7.998000144958496,0.0,-0.4600000000000364,0.30999999999994543,151.09599999995288,2024-03-05 08:04:41.553999901,2024-03-05 08:04:49.552000046,2024-03-05,2024-03,2024,8,Tuesday,False
1709626157.528,1709626158.838,1,2118.645,2118.258,-0.462000000000171,stop_loss,1.309999942779541,0.0,-0.387000000000171,0.2869999999998072,150.63399999995272,2024-03-05 08:09:17.528000115,2024-03-05 08:09:18.838000059,2024-03-05,2024-03,2024,8,Tuesday,False
1709627373.642,1709627381.732,1,2121.315,2120.865,-0.5250000000002728,stop_loss,8.09000015258789,0.0,-0.45000000000027285,0.32999999999992724,150.10899999995246,2024-03-05 08:29:33.641999960,2024-03-05 08:29:41.732000113,2024-03-05,2024-03,2024,8,Tuesday,False
1709708469.867,1709708476.932,-1,2127.115,2127.605,-0.5650000000002364,stop_loss,7.06499981880188,0.0,-0.49000000000023647,0.3400000000001455,149.54399999995223,2024-03-06 07:01:09.867000103,2024-03-06 07:01:16.931999922,2024-03-06,2024-03,2024,7,Wednesday,False
1709708647.957,1709708705.501,1,2128.342,2128.565,0.14799999999995633,flow_flip,57.543999910354614,0.4130000000000109,-0.32700000000022555,0.3569999999999709,149.6919999999522,2024-03-06 07:04:07.957000017,2024-03-06 07:05:05.500999928,2024-03-06,2024-03,2024,7,Wednesday,True
1709708810.03,1709708823.7,1,2129.382,2128.985,-0.4719999999999345,stop_loss,13.670000076293945,0.0,-0.3969999999999345,0.28700000000026193,149.21999999995228,2024-03-06 07:06:50.029999971,2024-03-06 07:07:03.700000048,2024-03-06,2024-03,2024,7,Wednesday,False
1709708834.687,1709708871.992,1,2129.742,2129.375,-0.4420000000001892,flow_flip,37.3050000667572,0.0,-0.39700000000038926,0.27700000000004366,148.7779999999521,2024-03-06 07:07:14.687000036,2024-03-06 07:07:51.992000103,2024-03-06,2024-03,2024,7,Wednesday,False
1709709024.659,1709709029.456,1,2129.875,2129.345,-0.6050000000002,stop_loss,4.797000169754028,0.0,-0.5300000000002001,0.3400000000001455,148.1729999999519,2024-03-06 07:10:24.658999920,2024-03-06 07:10:29.456000090,2024-03-06,2024-03,2024,7,Wednesday,False
1709710664.178,1709710691.168,1,2130.535,2130.415,-0.19499999999989087,flow_flip,26.990000009536743,0.17000000000007276,-0.3599999999996726,0.34999999999990905,147.97799999995203,2024-03-06 07:37:44.177999973,2024-03-06 07:38:11.167999983,2024-03-06,2024-03,2024,7,Wednesday,False
1709710857.334,1709710894.108,1,2131.076,2130.885,-0.26599999999980356,flow_flip,36.7739999294281,0.0,-0.3209999999999127,0.3710000000000946,147.71199999995224,2024-03-06 07:40:57.334000111,2024-03-06 07:41:34.108000040,2024-03-06,2024-03,2024,7,Wednesday,False
1709710937.662,1709710949.478,1,2131.666,2131.115,-0.6260000000003856,flow_flip,11.815999984741211,0.0,-0.5510000000003856,0.38100000000031287,147.08599999995187,2024-03-06 07:42:17.661999941,2024-03-06 07:42:29.477999926,2024-03-06,2024-03,2024,7,Wednesday,False
1709710995.373,1709710997.691,1,2131.465,2130.995,-0.5450000000002546,stop_loss,2.318000078201294,0.0,-0.47000000000025466,0.3200000000001637,146.54099999995162,2024-03-06 07:43:15.372999907,2024-03-06 07:43:17.690999985,2024-03-06,2024-03,2024,7,Wednesday,False
1709711023.094,1709711073.714,1,2131.536,2131.325,-0.2860000000002401,flow_flip,50.61999988555908,0.0,-0.47100000000000364,0.3609999999998763,146.2549999999514,2024-03-06 07:43:43.094000101,2024-03-06 07:44:33.713999987,2024-03-06,2024-03,2024,7,Wednesday,False
1709711106.226,1709711117.942,-1,2131.015,2131.425,-0.48500000000030924,flow_flip,11.715999841690063,0.0,-0.41000000000030923,0.3000000000001819,145.7699999999511,2024-03-06 07:45:06.226000071,2024-03-06 07:45:17.941999912,2024-03-06,2024-03,2024,7,Wednesday,False
1709711249.995,1709711326.166,-1,2131.015,2130.115,0.825000000000091,take_profit,76.1710000038147,0.900000000000091,-0.2899999999999636,0.30999999999994543,146.5949999999512,2024-03-06 07:47:29.994999886,2024-03-06 07:48:46.165999889,2024-03-06,2024-03,2024,7,Wednesday,True
1709712029.333,1709712033.551,-1,2127.655,2128.235,-0.6549999999999272,stop_loss,4.218000173568726,0.0,-0.5799999999999272,0.31999999999970896,145.93999999995128,2024-03-06 08:00:29.332999945,2024-03-06 08:00:33.551000118,2024-03-06,2024-03,2024,8,Wednesday,False
1709712074.774,1709712076.047,-1,2127.354,2127.045,0.2339999999997417,trail,1.2730000019073486,0.6189999999996871,-0.24099999999998545,0.29100000000016735,146.17399999995104,2024-03-06 08:01:14.773999929,2024-03-06 08:01:16.046999931,2024-03-06,2024-03,2024,8,Wednesday,True
1709712099.682,1709712109.191,-1,2126.355,2126.915,-0.6349999999999454,stop_loss,9.509000062942505,0.0,-0.5599999999999454,0.36000000000012733,145.5389999999511,2024-03-06 08:01:39.681999922,2024-03-06 08:01:49.190999985,2024-03-06,2024-03,2024,8,Wednesday,False
1709712145.919,1709712163.387,1,2127.365,2126.755,-0.6849999999996725,stop_loss,17.468000173568726,0.0,-0.6099999999996726,0.3569999999999709,144.85399999995144,2024-03-06 08:02:25.918999910,2024-03-06 08:02:43.387000084,2024-03-06,2024-03,2024,8,Wednesday,False
1709712261.101,1709712308.227,1,2128.065,2127.725,-0.41500000000014553,flow_flip,47.12599992752075,0.0,-0.3400000000001455,0.3200000000001637,144.4389999999513,2024-03-06 08:04:21.101000071,2024-03-06 08:05:08.226999998,2024-03-06,2024-03,2024,8,Wednesday,False
1709712420.101,1709712424.738,-1,2127.975,2128.445,-0.5450000000002546,stop_loss,4.636999845504761,0.0,-0.47000000000025466,0.30700000000024374,143.89399999995106,2024-03-06 08:07:00.101000071,2024-03-06 08:07:04.737999916,2024-03-06,2024-03,2024,8,Wednesday,False
1709794940.291,1709794968.32,1,2156.575,2156.105,-0.5449999999997999,flow_flip,28.02900004386902,0.0,-0.599999999999909,0.3599999999996726,143.34899999995127,2024-03-07 07:02:20.290999889,2024-03-07 07:02:48.319999933,2024-03-07,2024-03,2024,7,Thursday,False
1709795306.896,1709795314.896,1,2156.372,2155.725,-0.7219999999999345,stop_loss,8.0,0.0,-0.6469999999999345,0.3469999999997526,142.62699999995135,2024-03-07 07:08:26.895999908,2024-03-07 07:08:34.895999908,2024-03-07,2024-03,2024,7,Thursday,False
1709795346.963,1709795354.617,-1,2155.615,2156.142,-0.6020000000000436,stop_loss,7.6540000438690186,0.0,-0.5270000000000437,0.39700000000038926,142.02499999995132,2024-03-07 07:09:06.963000059,2024-03-07 07:09:14.617000103,2024-03-07,2024-03,2024,7,Thursday,False
1709795482.707,1709795500.889,1,2155.855,2155.485,-0.44499999999989087,stop_loss,18.181999921798706,0.0,-0.36999999999989086,0.2699999999999818,141.57999999995144,2024-03-07 07:11:22.707000017,2024-03-07 07:11:40.888999939,2024-03-07,2024-03,2024,7,Thursday,False
1709796570.909,1709796620.358,1,2155.305,2155.575,0.1949999999999818,trail,49.449000120162964,0.4800000000000182,-0.32999999999992724,0.29999999999972715,141.77499999995143,2024-03-07 07:29:30.908999920,2024-03-07 07:30:20.358000040,2024-03-07,2024-03,2024,7,Thursday,True
1709797459.36,1709797464.341,1,2155.655,2155.265,-0.46500000000032743,stop_loss,4.981000185012817,0.0,-0.3900000000003274,0.3000000000001819,141.30999999995112,2024-03-07 07:44:19.359999895,2024-03-07 07:44:24.341000080,2024-03-07,2024-03,2024,7,Thursday,False
1709797482.437,1709797482.64,1,2155.665,2155.245,-0.49500000000007277,stop_loss,0.20300006866455078,0.0,-0.42000000000007276,0.27999999999974534,140.81499999995106,2024-03-07 07:44:42.437000036,2024-03-07 07:44:42.640000105,2024-03-07,2024-03,2024,7,Thursday,False
1709797585.223,1709797595.398,-1,2153.095,2153.695,-0.6750000000003638,stop_loss,10.174999952316284,0.0,-0.6000000000003638,0.3100000000004002,140.1399999999507,2024-03-07 07:46:25.223000050,2024-03-07 07:46:35.398000002,2024-03-07,2024-03,2024,7,Thursday,False
1709797616.461,1709797617.675,1,2153.925,2153.335,-0.6650000000001455,stop_loss,1.2139999866485596,0.0,-0.5900000000001455,0.3500000000003638,139.47499999995057,2024-03-07 07:46:56.460999966,2024-03-07 07:46:57.674999952,2024-03-07,2024-03,2024,7,Thursday,False
1709797672.591,1709797680.356,-1,2152.495,2153.015,-0.5949999999999818,stop_loss,7.764999866485596,0.0,-0.5199999999999818,0.29700000000002547,138.8799999999506,2024-03-07 07:47:52.591000080,2024-03-07 07:48:00.355999947,2024-03-07,2024-03,2024,7,Thursday,False
1709797705.107,1709797764.71,1,2153.242,2153.795,0.4779999999998836,flow_flip,59.6029999256134,0.6729999999997744,-0.3569999999999709,0.34700000000020736,139.3579999999505,2024-03-07 07:48:25.107000113,2024-03-07 07:49:24.710000038,2024-03-07,2024-03,2024,7,Thursday,True
1709799279.551,1709799303.856,-1,2156.515,2156.645,-0.20500000000010915,flow_flip,24.304999828338623,0.06999999999970896,-0.44000000000005457,0.3400000000001455,139.1529999999504,2024-03-07 08:14:39.551000118,2024-03-07 08:15:03.855999947,2024-03-07,2024-03,2024,8,Thursday,False
1709800271.17,1709800348.92,1,2158.765,2158.715,-0.12499999999972716,flow_flip,77.75,0.32999999999992724,-0.3599999999996726,0.3599999999996726,139.02799999995068,2024-03-07 08:31:11.170000076,2024-03-07 08:32:28.920000076,2024-03-07,2024-03,2024,8,Thursday,False
1709800617.309,1709800707.453,-1,2158.765,2158.205,0.4849999999999454,time_stop,90.14400005340576,0.599999999999909,-0.3400000000001455,0.3200000000001637,139.51299999995064,2024-03-07 08:36:57.309000015,2024-03-07 08:38:27.453000069,2024-03-07,2024-03,2024,8,Thursday,True
1709802218.989,1709802220.852,1,2156.265,2155.825,-0.5150000000000545,stop_loss,1.8629999160766602,0.0,-0.44000000000005457,0.32999999999992724,138.9979999999506,2024-03-07 09:03:38.989000082,2024-03-07 09:03:40.851999998,2024-03-07,2024-03,2024,9,Thursday,False
1709802483.188,1709802502.292,-1,2155.475,2155.805,-0.40499999999992725,flow_flip,19.104000091552734,0.0,-0.36999999999989086,0.3200000000001637,138.59299999995068,2024-03-07 09:08:03.187999964,2024-03-07 09:08:22.292000055,2024-03-07,2024-03,2024,9,Thursday,False
1709802892.83,1709802897.674,-1,2154.475,2154.815,-0.41500000000014553,stop_loss,4.8440001010894775,0.0,-0.3400000000001455,0.2600000000002183,138.17799999995054,2024-03-07 09:14:52.829999924,2024-03-07 09:14:57.674000025,2024-03-07,2024-03,2024,9,Thursday,False
1709802991.703,1709803019.032,-1,2154.605,2155.096,-0.5659999999999854,stop_loss,27.328999996185303,0.0,-0.49099999999998545,0.3200000000001637,137.61199999995057,2024-03-07 09:16:31.703000069,2024-03-07 09:16:59.032000065,2024-03-07,2024-03,2024,9,Thursday,False
1709881377.078,1709881377.535,1,2161.695,2161.115,-0.6550000000003819,stop_loss,0.4570000171661377,0.0,-0.580000000000382,0.30999999999994543,136.9569999999502,2024-03-08 07:02:57.078000069,2024-03-08 07:02:57.535000086,2024-03-08,2024-03,2024,7,Friday,False
1709881505.981,1709881572.335,-1,2160.985,2160.935,-0.024999999999818105,flow_flip,66.35400009155273,0.18000000000029104,-0.4699999999997999,0.32999999999992724,136.9319999999504,2024-03-08 07:05:05.980999947,2024-03-08 07:06:12.335000038,2024-03-08,2024-03,2024,7,Friday,False
1709881746.05,1709881754.46,-1,2159.828,2160.145,-0.3920000000000073,flow_flip,8.410000085830688,0.0,-0.3170000000000073,0.3170000000000073,136.5399999999504,2024-03-08 07:09:06.049999952,2024-03-08 07:09:14.460000038,2024-03-08,2024-03,2024,7,Friday,False
1709881927.514,1709881935.534,1,2160.635,2160.078,-0.6320000000002437,stop_loss,8.019999980926514,0.0,-0.5570000000002437,0.34100000000034925,135.90799999995016,2024-03-08 07:12:07.513999938,2024-03-08 07:12:15.533999919,2024-03-08,2024-03,2024,7,Friday,False
1709882199.053,1709882213.597,-1,2159.995,2160.555,-0.6349999999999454,stop_loss,14.543999910354614,0.0,-0.5599999999999454,0.34999999999990905,135.27299999995023,2024-03-08 07:16:39.052999973,2024-03-08 07:16:53.596999884,2024-03-08,2024-03,2024,7,Friday,False
1709882246.435,1709882315.791,-1,2159.905,2160.235,-0.40499999999992725,flow_flip,69.35599994659424,0.0,-0.419999999999618,0.3799999999996544,134.8679999999503,2024-03-08 07:17:26.434999943,2024-03-08 07:18:35.790999889,2024-03-08,2024-03,2024,7,Friday,False
1709882433.187,1709882458.435,1,2160.842,2160.395,-0.5220000000001164,stop_loss,25.247999906539917,0.0,-0.4470000000001164,0.3170000000000073,134.3459999999502,2024-03-08 07:20:33.187000036,2024-03-08 07:20:58.434999943,2024-03-08,2024-03,2024,7,Friday,False
1709882521.608,1709882524.333,1,2161.705,2161.095,-0.6850000000001273,stop_loss,2.7249999046325684,0.0,-0.6100000000001273,0.32999999999992724,133.6609999999501,2024-03-08 07:22:01.608000040,2024-03-08 07:22:04.332999945,2024-03-08,2024-03,2024,7,Friday,False
1709882620.202,1709882629.665,1,2161.375,2160.915,-0.5350000000000363,flow_flip,9.463000059127808,0.0,-0.4600000000000364,0.30999999999994543,133.12599999995007,2024-03-08 07:23:40.201999903,2024-03-08 07:23:49.664999962,2024-03-08,2024-03,2024,7,Friday,False
1709882772.04,1709882823.181,-1,2159.985,2159.895,0.015000000000145508,flow_flip,51.14100003242493,0.15000000000009095,-0.36999999999989086,0.3599999999996726,133.14099999995022,2024-03-08 07:26:12.039999962,2024-03-08 07:27:03.180999994,2024-03-08,2024-03,2024,7,Friday,True
1709882869.915,1709882883.758,1,2159.945,2159.625,-0.3950000000001637,flow_flip,13.842999935150146,0.0,-0.34700000000020736,0.3369999999999891,132.74599999995007,2024-03-08 07:27:49.914999962,2024-03-08 07:28:03.757999897,2024-03-08,2024-03,2024,7,Friday,False
1709882924.108,1709882952.873,1,2160.125,2159.905,-0.2949999999997999,flow_flip,28.764999866485596,0.0,-0.2800000000002001,0.3200000000001637,132.45099999995028,2024-03-08 07:28:44.108000040,2024-03-08 07:29:12.872999907,2024-03-08,2024-03,2024,7,Friday,False
1709885006.362,1709885015.476,1,2162.035,2161.565,-0.5449999999997999,flow_flip,9.114000082015991,0.0,-0.4699999999997999,0.31999999999970896,131.9059999999505,2024-03-08 08:03:26.361999989,2024-03-08 08:03:35.476000071,2024-03-08,2024-03,2024,8,Friday,False
1710141046.123,1710141067.77,-1,2181.945,2181.925,-0.0550000000000182,flow_flip,21.647000074386597,0.13000000000010914,-0.3599999999996726,0.31999999999970896,131.8509999999505,2024-03-11 07:10:46.122999907,2024-03-11 07:11:07.769999981,2024-03-11,2024-03,2024,7,Monday,False
1710141301.326,1710141372.107,-1,2181.265,2181.105,0.08499999999985447,trail,70.7810001373291,0.40000000000009095,-0.32999999999992724,0.3000000000001819,131.93599999995035,2024-03-11 07:15:01.325999975,2024-03-11 07:16:12.107000113,2024-03-11,2024-03,2024,7,Monday,True
1710141775.04,1710141823.302,1,2181.575,2181.345,-0.3050000000000182,flow_flip,48.26200008392334,0.0,-0.3599999999996726,0.33999999999969077,131.63099999995035,2024-03-11 07:22:55.039999962,2024-03-11 07:23:43.302000046,2024-03-11,2024-03,2024,7,Monday,False
1710141860.991,1710141902.756,-1,2180.755,2181.115,-0.4349999999996726,flow_flip,41.765000104904175,0.0,-0.3599999999996726,0.31999999999970896,131.1959999999507,2024-03-11 07:24:20.990999937,2024-03-11 07:25:02.756000042,2024-03-11,2024-03,2024,7,Monday,False
1710141961.335,1710141988.339,-1,2180.115,2180.495,-0.45500000000010915,flow_flip,27.003999948501587,0.0,-0.5100000000002183,0.3200000000001637,130.7409999999506,2024-03-11 07:26:01.335000038,2024-03-11 07:26:28.338999987,2024-03-11,2024-03,2024,7,Monday,False
1710142109.839,1710142143.319,1,2180.225,2180.505,0.20500000000020008,flow_flip,33.480000019073486,0.45000000000027285,-0.38000000000010914,0.36000000000012733,130.9459999999508,2024-03-11 07:28:29.838999987,2024-03-11 07:29:03.319000006,2024-03-11,2024-03,2024,7,Monday,True
1710142378.705,1710142381.175,1,2179.865,2179.435,-0.5049999999998362,stop_loss,2.4700000286102295,0.0,-0.4299999999998363,0.32999999999992724,130.44099999995098,2024-03-11 07:32:58.704999924,2024-03-11 07:33:01.174999952,2024-03-11,2024-03,2024,7,Monday,False
1710142762.466,1710142800.098,-1,2178.745,2178.816,-0.1459999999999127,flow_flip,37.63199996948242,0.08300000000008367,-0.34999999999990905,0.31100000000014916,130.29499999995107,2024-03-11 07:39:22.466000080,2024-03-11 07:40:00.098000050,2024-03-11,2024-03,2024,7,Monday,False
1710142916.399,1710142919.476,-1,2177.715,2178.115,-0.4749999999996362,stop_loss,3.077000141143799,0.0,-0.3999999999996362,0.25700000000006185,129.81999999995145,2024-03-11 07:41:56.398999929,2024-03-11 07:41:59.476000071,2024-03-11,2024-03,2024,7,Monday,False
1710144037.072,1710144037.68,1,2177.875,2177.325,-0.6250000000001819,stop_loss,0.6080000400543213,0.0,-0.5500000000001819,0.38999999999987267,129.19499999995128,2024-03-11 08:00:37.072000027,2024-03-11 08:00:37.680000067,2024-03-11,2024-03,2024,8,Monday,False
1710144109.523,1710144119.041,1,2177.712,2177.285,-0.5020000000001346,stop_loss,9.51799988746643,0.0,-0.4270000000001346,0.3269999999997708,128.69299999995116,2024-03-11 08:01:49.523000001,2024-03-11 08:01:59.040999889,2024-03-11,2024-03,2024,8,Monday,False
1710144461.753,1710144510.631,-1,2179.015,2179.275,-0.3350000000002183,flow_flip,48.878000020980835,0.0,-0.5399999999999636,0.3200000000001637,128.35799999995095,2024-03-11 08:07:41.753000021,2024-03-11 08:08:30.631000042,2024-03-11,2024-03,2024,8,Monday,False
1710144605.629,1710144610.017,1,2179.995,2179.465,-0.6049999999997453,stop_loss,4.388000011444092,0.0,-0.5299999999997453,0.29700000000002547,127.7529999999512,2024-03-11 08:10:05.628999949,2024-03-11 08:10:10.016999960,2024-03-11,2024-03,2024,8,Monday,False
1710144700.737,1710144739.408,-1,2179.365,2179.495,-0.20500000000010915,flow_flip,38.6710000038147,0.0,-0.3200000000001637,0.27000000000043656,127.54799999995109,2024-03-11 08:11:40.736999989,2024-03-11 08:12:19.407999992,2024-03-11,2024-03,2024,8,Monday,False
1710144778.383,1710144780.423,-1,2178.325,2178.085,0.1649999999997817,trail,2.0400002002716064,0.5299999999997453,-0.3000000000001819,0.3500000000003638,127.71299999995087,2024-03-11 08:12:58.382999897,2024-03-11 08:13:00.423000097,2024-03-11,2024-03,2024,8,Monday,True
1710144803.035,1710144810.078,1,2178.345,2178.575,0.15500000000001818,trail,7.042999982833862,0.5600000000004002,-0.31999999999970896,0.32999999999992724,127.86799999995088,2024-03-11 08:13:23.035000086,2024-03-11 08:13:30.078000069,2024-03-11,2024-03,2024,8,Monday,True
1710145134.46,1710145141.814,1,2178.665,2178.135,-0.6049999999997453,flow_flip,7.353999853134155,0.0,-0.5299999999997453,0.32999999999992724,127.26299999995113,2024-03-11 08:18:54.460000038,2024-03-11 08:19:01.813999891,2024-03-11,2024-03,2024,8,Monday,False
1710146263.802,1710146276.041,1,2178.956,2178.435,-0.5960000000001855,stop_loss,12.238999843597412,0.0,-0.5210000000001855,0.31100000000014916,126.66699999995095,2024-03-11 08:37:43.802000046,2024-03-11 08:37:56.040999889,2024-03-11,2024-03,2024,8,Monday,False
1710148921.102,1710148995.318,-1,2179.685,2179.746,-0.13600000000014917,flow_flip,74.21600008010864,0.13000000000010914,-0.32999999999992724,0.3200000000001637,126.5309999999508,2024-03-11 09:22:01.101999998,2024-03-11 09:23:15.318000078,2024-03-11,2024-03,2024,9,Monday,False
1710226894.362,1710226907.272,-1,2176.775,2177.175,-0.47500000000009096,flow_flip,12.910000085830688,0.0,-0.40000000000009095,0.30999999999994543,126.0559999999507,2024-03-12 07:01:34.361999989,2024-03-12 07:01:47.272000074,2024-03-12,2024-03,2024,7,Tuesday,False
1710227060.844,1710227061.501,1,2177.535,2176.975,-0.6349999999999454,stop_loss,0.6569998264312744,0.0,-0.5599999999999454,0.30999999999994543,125.42099999995075,2024-03-12 07:04:20.844000101,2024-03-12 07:04:21.500999928,2024-03-12,2024-03,2024,7,Tuesday,False
1710227269.763,1710227302.618,1,2177.435,2176.925,-0.5849999999997635,flow_flip,32.855000019073486,0.0,-0.5099999999997635,0.30999999999994543,124.83599999995099,2024-03-12 07:07:49.763000011,2024-03-12 07:08:22.618000031,2024-03-12,2024-03,2024,7,Tuesday,False
1710227706.152,1710227717.973,-1,2176.975,2177.485,-0.5850000000002182,flow_flip,11.821000099182129,0.0,-0.5100000000002183,0.3200000000001637,124.25099999995076,2024-03-12 07:15:06.151999950,2024-03-12 07:15:17.973000050,2024-03-12,2024-03,2024,7,Tuesday,False
1710227727.851,1710227776.502,-1,2176.815,2177.225,-0.4849999999998545,flow_flip,48.651000022888184,0.0,-0.4099999999998545,0.30999999999994543,123.7659999999509,2024-03-12 07:15:27.851000071,2024-03-12 07:16:16.502000093,2024-03-12,2024-03,2024,7,Tuesday,False
1710227855.758,1710227888.485,-1,2176.505,2176.845,-0.4149999999996908,flow_flip,32.72699999809265,0.0,-0.4099999999998545,0.31999999999970896,123.35099999995121,2024-03-12 07:17:35.757999897,2024-03-12 07:18:08.484999895,2024-03-12,2024-03,2024,7,Tuesday,False
1710228153.886,1710228202.124,1,2177.395,2177.065,-0.40499999999992725,flow_flip,48.23800015449524,0.0,-0.32999999999992724,0.3000000000001819,122.94599999995128,2024-03-12 07:22:33.885999918,2024-03-12 07:23:22.124000072,2024-03-12,2024-03,2024,7,Tuesday,False
1710228404.439,1710228434.007,-1,2176.835,2177.205,-0.44499999999989087,flow_flip,29.568000078201294,0.0,-0.36999999999989086,0.3200000000001637,122.50099999995139,2024-03-12 07:26:44.438999891,2024-03-12 07:27:14.006999969,2024-03-12,2024-03,2024,7,Tuesday,False
1710228442.167,1710228460.505,1,2177.445,2177.035,-0.48500000000030924,stop_loss,18.338000059127808,0.0,-0.41000000000030923,0.2699999999999818,122.01599999995108,2024-03-12 07:27:22.167000055,2024-03-12 07:27:40.505000114,2024-03-12,2024-03,2024,7,Tuesday,False
1710228623.578,1710228639.424,1,2177.765,2177.395,-0.44499999999989087,flow_flip,15.845999956130981,0.0,-0.36999999999989086,0.31999999999970896,121.57099999995118,2024-03-12 07:30:23.578000069,2024-03-12 07:30:39.424000025,2024-03-12,2024-03,2024,7,Tuesday,False
1710228875.307,1710228885.118,-1,2176.185,2176.915,-0.8050000000000181,stop_loss,9.811000108718872,0.0,-0.7300000000000182,0.32999999999992724,120.76599999995116,2024-03-12 07:34:35.306999922,2024-03-12 07:34:45.118000031,2024-03-12,2024-03,2024,7,Tuesday,False
1710313305.486,1710313316.322,1,2160.595,2160.125,-0.5449999999997999,stop_loss,10.835999965667725,0.0,-0.4699999999997999,0.31999999999970896,120.22099999995136,2024-03-13 07:01:45.486000061,2024-03-13 07:01:56.322000027,2024-03-13,2024-03,2024,7,Wednesday,False
1710313423.879,1710313441.171,1,2161.005,2160.725,-0.3550000000002001,flow_flip,17.29200005531311,0.0,-0.30999999999994543,0.30999999999994543,119.86599999995116,2024-03-13 07:03:43.878999949,2024-03-13 07:04:01.171000004,2024-03-13,2024-03,2024,7,Wednesday,False
1710314175.459,1710314217.557,1,2159.392,2159.255,-0.21199999999971625,flow_flip,42.097999811172485,0.0,-0.3469999999997526,0.3469999999997526,119.65399999995144,2024-03-13 07:16:15.459000111,2024-03-13 07:16:57.556999922,2024-03-13,2024-03,2024,7,Wednesday,False
1710314978.298,1710314985.484,1,2159.705,2159.215,-0.5649999999997817,flow_flip,7.185999870300293,0.0,-0.4899999999997817,0.31999999999970896,119.08899999995165,2024-03-13 07:29:38.298000097,2024-03-13 07:29:45.483999968,2024-03-13,2024-03,2024,7,Wednesday,False
1710315091.759,1710315137.802,-1,2159.235,2159.525,-0.36499999999996363,flow_flip,46.04299998283386,0.0,-0.44000000000005457,0.34999999999990905,118.72399999995169,2024-03-13 07:31:31.759000063,2024-03-13 07:32:17.802000046,2024-03-13,2024-03,2024,7,Wednesday,False
1710316268.727,1710316320.278,-1,2158.275,2158.635,-0.43500000000012734,flow_flip,51.551000118255615,0.0,-0.36000000000012733,0.31999999999970896,118.28899999995156,2024-03-13 07:51:08.726999998,2024-03-13 07:52:00.278000116,2024-03-13,2024-03,2024,7,Wednesday,False
1710316800.933,1710316849.062,-1,2158.005,2158.395,-0.4649999999998727,flow_flip,48.12899994850159,0.0,-0.38999999999987267,0.30999999999994543,117.82399999995168,2024-03-13 08:00:00.933000088,2024-03-13 08:00:49.062000036,2024-03-13,2024-03,2024,8,Wednesday,False
1710316872.169,1710316886.579,-1,2157.625,2158.095,-0.5449999999997999,flow_flip,14.410000085830688,0.0,-0.4699999999997999,0.34999999999990905,117.27899999995188,2024-03-13 08:01:12.168999910,2024-03-13 08:01:26.578999996,2024-03-13,2024-03,2024,8,Wednesday,False
1710317165.653,1710317172.507,-1,2158.645,2158.965,-0.3950000000001637,flow_flip,6.853999853134155,0.0,-0.3200000000001637,0.3200000000001637,116.88399999995171,2024-03-13 08:06:05.653000116,2024-03-13 08:06:12.506999969,2024-03-13,2024-03,2024,8,Wednesday,False
1710317280.842,1710317293.108,-1,2158.025,2158.555,-0.6049999999997453,stop_loss,12.266000032424927,0.0,-0.5299999999997453,0.31999999999970896,116.27899999995196,2024-03-13 08:08:00.842000008,2024-03-13 08:08:13.108000040,2024-03-13,2024-03,2024,8,Wednesday,False
1710317724.78,1710317740.446,-1,2159.165,2159.595,-0.5049999999998362,flow_flip,15.666000127792358,0.0,-0.4499999999998181,0.30999999999994543,115.77399999995212,2024-03-13 08:15:24.779999971,2024-03-13 08:15:40.446000099,2024-03-13,2024-03,2024,8,Wednesday,False
1710399601.412,1710399605.25,1,2169.065,2168.625,-0.5150000000000545,stop_loss,3.8380000591278076,0.0,-0.44000000000005457,0.30999999999994543,115.25899999995207,2024-03-14 07:00:01.411999941,2024-03-14 07:00:05.250000000,2024-03-14,2024-03,2024,7,Thursday,False
1710400108.818,1710400112.247,-1,2168.535,2168.975,-0.5150000000000545,stop_loss,3.428999900817871,0.0,-0.44000000000005457,0.3400000000001455,114.74399999995201,2024-03-14 07:08:28.818000078,2024-03-14 07:08:32.246999979,2024-03-14,2024-03,2024,7,Thursday,False
1710400365.352,1710400409.211,-1,2168.515,2168.855,-0.41500000000014553,flow_flip,43.85899996757507,0.0,-0.38000000000010914,0.3400000000001455,114.32899999995186,2024-03-14 07:12:45.351999998,2024-03-14 07:13:29.210999966,2024-03-14,2024-03,2024,7,Thursday,False
1710401100.97,1710401137.792,-1,2169.545,2170.105,-0.6349999999999454,stop_loss,36.82200002670288,0.0,-0.5599999999999454,0.29700000000002547,113.69399999995191,2024-03-14 07:25:00.970000029,2024-03-14 07:25:37.792000055,2024-03-14,2024-03,2024,7,Thursday,False
1710401467.093,1710401476.814,-1,2168.875,2169.255,-0.45500000000010915,flow_flip,9.720999956130981,0.0,-0.38000000000010914,0.32999999999992724,113.2389999999518,2024-03-14 07:31:07.092999935,2024-03-14 07:31:16.813999891,2024-03-14,2024-03,2024,7,Thursday,False
1710402487.059,1710402489.483,1,2169.335,2168.855,-0.5550000000000181,stop_loss,2.4240000247955322,0.0,-0.4800000000000182,0.3170000000000073,112.68399999995178,2024-03-14 07:48:07.059000015,2024-03-14 07:48:09.483000040,2024-03-14,2024-03,2024,7,Thursday,False
1710405229.73,1710405321.383,1,2171.275,2171.565,0.2149999999999636,time_stop,91.65299987792969,0.2899999999999636,-0.40000000000009095,0.30999999999994543,112.89899999995174,2024-03-14 08:33:49.730000019,2024-03-14 08:35:21.382999897,2024-03-14,2024-03,2024,8,Thursday,True
1710405405.138,1710405459.256,-1,2170.805,2171.125,-0.3950000000001637,flow_flip,54.11800003051758,0.0,-0.3200000000001637,0.30999999999994543,112.50399999995157,2024-03-14 08:36:45.138000011,2024-03-14 08:37:39.256000041,2024-03-14,2024-03,2024,8,Thursday,False
1710405672.117,1710405681.233,1,2171.755,2171.225,-0.6050000000002,flow_flip,9.115999937057495,0.0,-0.5300000000002001,0.3200000000001637,111.89899999995137,2024-03-14 08:41:12.117000103,2024-03-14 08:41:21.233000040,2024-03-14,2024-03,2024,8,Thursday,False
1710405919.359,1710405943.723,1,2172.085,2171.515,-0.6450000000001637,flow_flip,24.36400008201599,0.0,-0.5700000000001637,0.3200000000001637,111.2539999999512,2024-03-14 08:45:19.358999968,2024-03-14 08:45:43.723000050,2024-03-14,2024-03,2024,8,Thursday,False
1710406220.956,1710406250.273,-1,2171.645,2172.035,-0.4649999999998727,flow_flip,29.316999912261963,0.0,-0.38999999999987267,0.3200000000001637,110.78899999995133,2024-03-14 08:50:20.956000090,2024-03-14 08:50:50.273000002,2024-03-14,2024-03,2024,8,Thursday,False
1710486107.266,1710486134.539,-1,2166.975,2167.135,-0.23500000000030924,flow_flip,27.27300000190735,0.02999999999974534,-0.30999999999994543,0.32999999999992724,110.55399999995102,2024-03-15 07:01:47.266000032,2024-03-15 07:02:14.539000034,2024-03-15,2024-03,2024,7,Friday,False
1710487513.404,1710487558.468,1,2167.335,2167.355,-0.0550000000000182,flow_flip,45.06399989128113,0.13000000000010914,-0.32999999999992724,0.30999999999994543,110.498999999951,2024-03-15 07:25:13.404000044,2024-03-15 07:25:58.467999935,2024-03-15,2024-03,2024,7,Friday,False
1710487646.325,1710487687.481,1,2167.315,2166.795,-0.5949999999999818,stop_loss,41.15599989891052,0.0,-0.5199999999999818,0.32999999999992724,109.90399999995101,2024-03-15 07:27:26.325000048,2024-03-15 07:28:07.480999947,2024-03-15,2024-03,2024,7,Friday,False
1710487716.02,1710487740.458,-1,2166.275,2166.395,-0.19499999999989087,flow_flip,24.437999963760376,0.0,-0.29999999999972715,0.30999999999994543,109.70899999995112,2024-03-15 07:28:36.019999981,2024-03-15 07:29:00.457999945,2024-03-15,2024-03,2024,7,Friday,False
1710487859.187,1710487910.179,1,2166.815,2166.485,-0.40499999999992725,flow_flip,50.99199986457825,0.0,-0.32999999999992724,0.3000000000001819,109.30399999995119,2024-03-15 07:30:59.187000036,2024-03-15 07:31:50.178999901,2024-03-15,2024-03,2024,7,Friday,False
1710488052.06,1710488059.553,-1,2166.545,2166.995,-0.5249999999998181,flow_flip,7.493000030517578,0.0,-0.4499999999998181,0.30999999999994543,108.77899999995137,2024-03-15 07:34:12.059999943,2024-03-15 07:34:19.552999973,2024-03-15,2024-03,2024,7,Friday,False
1710488088.977,1710488121.997,-1,2166.075,2166.365,-0.36499999999996363,flow_flip,33.019999980926514,0.0,-0.5100000000002183,0.3500000000003638,108.4139999999514,2024-03-15 07:34:48.976999998,2024-03-15 07:35:21.996999979,2024-03-15,2024-03,2024,7,Friday,False
1710488219.604,1710488242.545,1,2166.142,2165.765,-0.4519999999999527,flow_flip,22.94099998474121,0.0,-0.4869999999996253,0.3170000000000073,107.96199999995144,2024-03-15 07:36:59.604000092,2024-03-15 07:37:22.545000076,2024-03-15,2024-03,2024,7,Friday,False
1710488772.166,1710488799.453,1,2168.405,2168.055,-0.4250000000003638,flow_flip,27.28700017929077,0.0,-0.5400000000004184,0.3100000000004002,107.53699999995108,2024-03-15 07:46:12.165999889,2024-03-15 07:46:39.453000069,2024-03-15,2024-03,2024,7,Friday,False
1710488956.501,1710488972.532,-1,2168.365,2168.815,-0.5250000000002728,flow_flip,16.0310001373291,0.0,-0.45000000000027285,0.3400000000001455,107.0119999999508,2024-03-15 07:49:16.500999928,2024-03-15 07:49:32.532000064,2024-03-15,2024-03,2024,7,Friday,False
1710489188.305,1710489189.064,-1,2168.785,2169.225,-0.5150000000000545,stop_loss,0.7589998245239258,0.0,-0.44000000000005457,0.3000000000001819,106.49699999995075,2024-03-15 07:53:08.305000067,2024-03-15 07:53:09.063999891,2024-03-15,2024-03,2024,7,Friday,False
1710491040.701,1710491042.39,-1,2167.605,2168.215,-0.6850000000001273,stop_loss,1.689000129699707,0.0,-0.6100000000001273,0.3200000000001637,105.81199999995061,2024-03-15 08:24:00.700999975,2024-03-15 08:24:02.390000105,2024-03-15,2024-03,2024,8,Friday,False
1710745217.225,1710745254.461,-1,2151.335,2151.515,-0.2549999999998363,flow_flip,37.236000061035156,0.17000000000007276,-0.36999999999989086,0.3200000000001637,105.55699999995078,2024-03-18 07:00:17.224999905,2024-03-18 07:00:54.460999966,2024-03-18,2024-03,2024,7,Monday,False
1710745262.686,1710745268.239,1,2151.735,2151.235,-0.575,stop_loss,5.552999973297119,0.0,-0.5,0.3200000000001637,104.98199999995077,2024-03-18 07:01:02.686000109,2024-03-18 07:01:08.239000082,2024-03-18,2024-03,2024,7,Monday,False
1710745322.986,1710745336.671,-1,2150.935,2151.385,-0.5250000000002728,stop_loss,13.684999942779541,0.0,-0.45000000000027285,0.3000000000001819,104.4569999999505,2024-03-18 07:02:02.986000061,2024-03-18 07:02:16.671000004,2024-03-18,2024-03,2024,7,Monday,False
1710745383.108,1710745429.09,-1,2150.825,2150.605,0.1449999999997999,trail,45.98199987411499,0.4099999999998545,-0.3000000000001819,0.3200000000001637,104.6019999999503,2024-03-18 07:03:03.108000040,2024-03-18 07:03:49.089999914,2024-03-18,2024-03,2024,7,Monday,True
1710745620.93,1710745626.827,1,2150.975,2150.535,-0.5150000000000545,flow_flip,5.896999835968018,0.0,-0.44000000000005457,0.36000000000012733,104.08699999995024,2024-03-18 07:07:00.930000067,2024-03-18 07:07:06.826999903,2024-03-18,2024-03,2024,7,Monday,False
1710745864.847,1710745876.909,1,2151.385,2150.895,-0.5650000000002364,flow_flip,12.062000036239624,0.0,-0.49000000000023647,0.3200000000001637,103.52199999995,2024-03-18 07:11:04.846999884,2024-03-18 07:11:16.908999920,2024-03-18,2024-03,2024,7,Monday,False
1710746090.444,1710746115.412,1,2152.875,2152.505,-0.44499999999989087,flow_flip,24.967999935150146,0.0,-0.38999999999987267,0.32999999999992724,103.0769999999501,2024-03-18 07:14:50.444000006,2024-03-18 07:15:15.411999941,2024-03-18,2024-03,2024,7,Monday,False
1710746165.057,1710746169.803,1,2153.295,2152.675,-0.6949999999998908,stop_loss,4.746000051498413,0.0,-0.6199999999998909,0.32999999999992724,102.38199999995021,2024-03-18 07:16:05.056999922,2024-03-18 07:16:09.802999973,2024-03-18,2024-03,2024,7,Monday,False
1710746296.281,1710746348.437,1,2153.285,2153.335,-0.024999999999818105,flow_flip,52.1560001373291,0.36000000000012733,-0.4099999999998545,0.3799999999996544,102.35699999995039,2024-03-18 07:18:16.280999899,2024-03-18 07:19:08.437000036,2024-03-18,2024-03,2024,7,Monday,False
1710746433.463,1710746438.206,-1,2153.095,2153.695,-0.6750000000003638,stop_loss,4.743000030517578,0.0,-0.6000000000003638,0.38000000000010914,101.68199999995002,2024-03-18 07:20:33.463000059,2024-03-18 07:20:38.206000090,2024-03-18,2024-03,2024,7,Monday,False
1710746451.082,1710746471.971,1,2153.982,2153.855,-0.20199999999995272,flow_flip,20.888999938964844,0.012999999999919964,-0.48700000000008004,0.3469999999997526,101.47999999995007,2024-03-18 07:20:51.082000017,2024-03-18 07:21:11.970999956,2024-03-18,2024-03,2024,7,Monday,False
1710831747.093,1710831766.841,1,2156.125,2155.635,-0.5649999999997817,stop_loss,19.748000144958496,0.0,-0.4899999999997817,0.32999999999992724,100.91499999995028,2024-03-19 07:02:27.092999935,2024-03-19 07:02:46.841000080,2024-03-19,2024-03,2024,7,Tuesday,False
1710831828.7,1710831840.68,1,2155.915,2155.485,-0.5049999999998362,stop_loss,11.980000019073486,0.0,-0.4299999999998363,0.27700000000004366,100.40999999995044,2024-03-19 07:03:48.700000048,2024-03-19 07:04:00.680000067,2024-03-19,2024-03,2024,7,Tuesday,False
1710832379.357,1710832467.386,-1,2152.785,2152.435,0.27499999999990904,trail,88.02899980545044,0.6299999999996544,-0.6000000000003638,0.30999999999994543,100.68499999995035,2024-03-19 07:12:59.357000113,2024-03-19 07:14:27.385999918,2024-03-19,2024-03,2024,7,Tuesday,True
1710832591.359,1710832611.034,-1,2150.515,2151.175,-0.7350000000003092,stop_loss,19.674999952316284,0.0,-0.6600000000003092,0.34999999999990905,99.94999999995004,2024-03-19 07:16:31.358999968,2024-03-19 07:16:51.033999920,2024-03-19,2024-03,2024,7,Tuesday,False
1710832622.581,1710832629.565,1,2151.625,2151.205,-0.49500000000007277,flow_flip,6.983999967575073,0.0,-0.42000000000007276,0.25,99.45499999994996,2024-03-19 07:17:02.581000090,2024-03-19 07:17:09.565000057,2024-03-19,2024-03,2024,7,Tuesday,False
1710832648.597,1710832661.607,-1,2150.345,2150.225,0.04499999999989085,flow_flip,13.010000228881836,0.34999999999990905,-0.3900000000003274,0.330000000000382,99.49999999994985,2024-03-19 07:17:28.596999884,2024-03-19 07:17:41.607000113,2024-03-19,2024-03,2024,7,Tuesday,True
1710832697.324,1710832702.623,1,2150.435,2149.745,-0.7650000000000545,stop_loss,5.299000024795532,0.0,-0.6900000000000546,0.29999999999972715,98.73499999994979,2024-03-19 07:18:17.323999882,2024-03-19 07:18:22.622999907,2024-03-19,2024-03,2024,7,Tuesday,False
1710832713.138,1710832714.254,-1,2148.695,2149.325,-0.7049999999996543,stop_loss,1.1159999370574951,0.0,-0.6299999999996544,0.3799999999996544,98.02999999995014,2024-03-19 07:18:33.138000011,2024-03-19 07:18:34.253999949,2024-03-19,2024-03,2024,7,Tuesday,False
1710832770.278,1710832781.265,1,2149.485,2148.935,-0.6250000000001819,stop_loss,10.986999988555908,0.0,-0.5500000000001819,0.32999999999992724,97.40499999994995,2024-03-19 07:19:30.278000116,2024-03-19 07:19:41.265000105,2024-03-19,2024-03,2024,7,Tuesday,False
1710918021.298,1710918026.456,-1,2157.595,2158.085,-0.5650000000002364,flow_flip,5.1579999923706055,0.0,-0.49000000000023647,0.3200000000001637,96.83999999994971,2024-03-20 07:00:21.298000097,2024-03-20 07:00:26.456000090,2024-03-20,2024-03,2024,7,Wednesday,False
1710918085.9,1710918116.989,-1,2157.445,2157.455,-0.08499999999976354,flow_flip,31.08899998664856,0.07000000000016371,-0.29999999999972715,0.31999999999970896,96.75499999994994,2024-03-20 07:01:25.900000095,2024-03-20 07:01:56.989000082,2024-03-20,2024-03,2024,7,Wednesday,False
1710918762.614,1710918774.018,-1,2154.745,2155.235,-0.5650000000002364,stop_loss,11.40399980545044,0.0,-0.49000000000023647,0.3000000000001819,96.1899999999497,2024-03-20 07:12:42.614000082,2024-03-20 07:12:54.017999887,2024-03-20,2024-03,2024,7,Wednesday,False
1710919535.509,1710919544.121,1,2157.092,2156.595,-0.5720000000002983,stop_loss,8.611999988555908,0.0,-0.4970000000002983,0.3369999999999891,95.6179999999494,2024-03-20 07:25:35.509000063,2024-03-20 07:25:44.121000051,2024-03-20,2024-03,2024,7,Wednesday,False
1710919703.34,1710919712.254,1,2157.155,2156.785,-0.4450000000003456,stop_loss,8.914000034332275,0.0,-0.3700000000003456,0.2699999999999818,95.17299999994906,2024-03-20 07:28:23.339999914,2024-03-20 07:28:32.253999949,2024-03-20,2024-03,2024,7,Wednesday,False
1710919741.179,1710919751.005,-1,2156.525,2156.822,-0.3720000000000255,flow_flip,9.826000213623047,0.0,-0.29700000000002547,0.29700000000002547,94.80099999994903,2024-03-20 07:29:01.178999901,2024-03-20 07:29:11.005000114,2024-03-20,2024-03,2024,7,Wednesday,False
1710920734.132,1710920747.978,-1,2155.265,2155.715,-0.5250000000002728,flow_flip,13.845999956130981,0.0,-0.45000000000027285,0.36000000000012733,94.27599999994875,2024-03-20 07:45:34.131999969,2024-03-20 07:45:47.977999926,2024-03-20,2024-03,2024,7,Wednesday,False
1710921080.613,1710921109.546,1,2155.852,2155.885,-0.04199999999964349,flow_flip,28.933000087738037,0.13300000000026557,-0.3469999999997526,0.3469999999997526,94.2339999999491,2024-03-20 07:51:20.612999916,2024-03-20 07:51:49.546000004,2024-03-20,2024-03,2024,7,Wednesday,False
1710921151.638,1710921184.794,-1,2155.545,2156.065,-0.5949999999999818,stop_loss,33.15599989891052,0.0,-0.5199999999999818,0.3400000000001455,93.63899999994912,2024-03-20 07:52:31.638000011,2024-03-20 07:53:04.793999910,2024-03-20,2024-03,2024,7,Wednesday,False
1710921503.889,1710921525.389,1,2156.215,2155.895,-0.3950000000001637,flow_flip,21.5,0.0,-0.3400000000001455,0.32999999999992724,93.24399999994895,2024-03-20 07:58:23.888999939,2024-03-20 07:58:45.388999939,2024-03-20,2024-03,2024,7,Wednesday,False
1711005301.005,1711005301.667,1,2205.265,2204.845,-0.49500000000007277,stop_loss,0.6619999408721924,0.0,-0.42000000000007276,0.29700000000002547,92.74899999994888,2024-03-21 07:15:01.005000114,2024-03-21 07:15:01.667000055,2024-03-21,2024-03,2024,7,Thursday,False
1711005344.2,1711005348.693,-1,2204.515,2205.015,-0.575,stop_loss,4.493000030517578,0.0,-0.5,0.30999999999994543,92.17399999994888,2024-03-21 07:15:44.200000048,2024-03-21 07:15:48.693000078,2024-03-21,2024-03,2024,7,Thursday,False
1711005483.583,1711005488.632,-1,2205.005,2205.505,-0.575,stop_loss,5.049000024795532,0.0,-0.5,0.27999999999974534,91.59899999994887,2024-03-21 07:18:03.582999945,2024-03-21 07:18:08.631999969,2024-03-21,2024-03,2024,7,Thursday,False
1711006449.72,1711006450.529,1,2201.745,2201.265,-0.5550000000000181,stop_loss,0.8090000152587891,0.0,-0.4800000000000182,0.32999999999992724,91.04399999994885,2024-03-21 07:34:09.720000029,2024-03-21 07:34:10.529000044,2024-03-21,2024-03,2024,7,Thursday,False
1711006531.633,1711006537.806,-1,2201.285,2201.565,-0.3550000000002001,flow_flip,6.17300009727478,0.0,-0.2800000000002001,0.2899999999999636,90.68899999994865,2024-03-21 07:35:31.632999897,2024-03-21 07:35:37.805999994,2024-03-21,2024-03,2024,7,Thursday,False
1711006549.402,1711006555.503,1,2201.935,2201.475,-0.5350000000000363,stop_loss,6.101000070571899,0.0,-0.4600000000000364,0.3170000000000073,90.15399999994861,2024-03-21 07:35:49.401999950,2024-03-21 07:35:55.503000020,2024-03-21,2024-03,2024,7,Thursday,False
1711006588.632,1711006592.218,-1,2201.375,2201.965,-0.6650000000001455,stop_loss,3.5859999656677246,0.0,-0.5900000000001455,0.30999999999994543,89.48899999994846,2024-03-21 07:36:28.631999969,2024-03-21 07:36:32.217999935,2024-03-21,2024-03,2024,7,Thursday,False
1711090861.708,1711090875.312,1,2169.225,2168.865,-0.43500000000012734,flow_flip,13.604000091552734,0.0,-0.4600000000000364,0.31999999999970896,89.05399999994833,2024-03-22 07:01:01.707999945,2024-03-22 07:01:15.312000036,2024-03-22,2024-03,2024,7,Friday,False
1711091051.01,1711091062.903,1,2168.835,2168.405,-0.5049999999998362,stop_loss,11.89300012588501,0.0,-0.4299999999998363,0.30999999999994543,88.54899999994849,2024-03-22 07:04:11.009999990,2024-03-22 07:04:22.903000116,2024-03-22,2024-03,2024,7,Friday,False
1711091529.206,1711091544.106,1,2167.395,2167.195,-0.2749999999998181,flow_flip,14.899999856948853,0.0,-0.34999999999990905,0.3400000000001455,88.27399999994867,2024-03-22 07:12:09.206000090,2024-03-22 07:12:24.105999947,2024-03-22,2024-03,2024,7,Friday,False
1711091660.196,1711091677.256,1,2167.275,2166.705,-0.6450000000001637,stop_loss,17.05999994277954,0.0,-0.5700000000001637,0.3200000000001637,87.6289999999485,2024-03-22 07:14:20.196000099,2024-03-22 07:14:37.256000041,2024-03-22,2024-03,2024,7,Friday,False
1711091817.256,1711091824.484,-1,2166.545,2167.105,-0.6349999999999454,flow_flip,7.227999925613403,0.0,-0.569999999999709,0.3269999999997708,86.99399999994856,2024-03-22 07:16:57.256000041,2024-03-22 07:17:04.483999968,2024-03-22,2024-03,2024,7,Friday,False
1711091907.856,1711091911.866,-1,2165.095,2165.395,-0.3750000000001819,flow_flip,4.009999990463257,0.0,-0.3100000000004002,0.3200000000001637,86.61899999994837,2024-03-22 07:18:27.855999947,2024-03-22 07:18:31.865999937,2024-03-22,2024-03,2024,7,Friday,False
1711092314.114,1711092318.194,1,2166.455,2166.055,-0.47500000000009096,stop_loss,4.079999923706055,0.0,-0.40000000000009095,0.2899999999999636,86.14399999994828,2024-03-22 07:25:14.114000082,2024-03-22 07:25:18.194000006,2024-03-22,2024-03,2024,7,Friday,False
1711093074.654,1711093077.537,-1,2166.205,2166.645,-0.5150000000000545,stop_loss,2.882999897003174,0.0,-0.44000000000005457,0.3170000000000073,85.62899999994822,2024-03-22 07:37:54.654000044,2024-03-22 07:37:57.536999941,2024-03-22,2024-03,2024,7,Friday,False
1711351471.317,1711351497.53,-1,2166.815,2166.915,-0.17499999999990906,flow_flip,26.213000059127808,0.1089999999999236,-0.3269999999997708,0.306999999999789,85.45399999994831,2024-03-25 07:24:31.316999912,2024-03-25 07:24:57.529999970,2024-03-25,2024-03,2024,7,Monday,False
1711352561.522,1711352574.888,-1,2164.475,2164.905,-0.505000000000291,stop_loss,13.365999937057495,0.0,-0.43000000000029104,0.30999999999994543,84.94899999994801,2024-03-25 07:42:41.522000074,2024-03-25 07:42:54.888000011,2024-03-25,2024-03,2024,7,Monday,False
1711352908.499,1711352927.221,1,2165.255,2164.885,-0.44499999999989087,flow_flip,18.721999883651733,0.0,-0.36999999999989086,0.30999999999994543,84.50399999994812,2024-03-25 07:48:28.499000072,2024-03-25 07:48:47.220999956,2024-03-25,2024-03,2024,7,Monday,False
1711353230.349,1711353240.461,-1,2163.835,2164.155,-0.3950000000001637,flow_flip,10.111999988555908,0.0,-0.3200000000001637,0.32999999999992724,84.10899999994795,2024-03-25 07:53:50.348999977,2024-03-25 07:54:00.460999966,2024-03-25,2024-03,2024,7,Monday,False
1711353602.274,1711353618.476,1,2166.195,2165.865,-0.405000000000382,flow_flip,16.2020001411438,0.0,-0.3500000000003638,0.330000000000382,83.70399999994757,2024-03-25 08:00:02.273999929,2024-03-25 08:00:18.476000071,2024-03-25,2024-03,2024,8,Monday,False
1711353865.356,1711353901.493,1,2165.546,2165.415,-0.20599999999985813,flow_flip,36.13700008392334,0.0,-0.42099999999982174,0.2909999999997126,83.49799999994771,2024-03-25 08:04:25.355999947,2024-03-25 08:05:01.493000031,2024-03-25,2024-03,2024,8,Monday,False
1711354555.517,1711354640.253,1,2165.265,2165.525,0.18500000000021827,trail,84.73600006103516,0.47000000000025466,-0.2899999999999636,0.31999999999970896,83.68299999994792,2024-03-25 08:15:55.516999960,2024-03-25 08:17:20.253000021,2024-03-25,2024-03,2024,8,Monday,True
1711355844.529,1711355860.714,1,2165.302,2165.055,-0.3220000000002983,flow_flip,16.18499994277954,0.0,-0.3369999999999891,0.3369999999999891,83.36099999994762,2024-03-25 08:37:24.529000044,2024-03-25 08:37:40.713999987,2024-03-25,2024-03,2024,8,Monday,False
1711356180.927,1711356183.163,1,2166.665,2166.255,-0.4849999999998545,stop_loss,2.2360000610351562,0.0,-0.4099999999998545,0.3200000000001637,82.87599999994777,2024-03-25 08:43:00.927000046,2024-03-25 08:43:03.163000107,2024-03-25,2024-03,2024,8,Monday,False
1711356272.958,1711356319.947,1,2168.305,2168.328,-0.05199999999986177,flow_flip,46.98900008201599,0.42000000000007276,-0.4299999999998363,0.30999999999994543,82.8239999999479,2024-03-25 08:44:32.957999945,2024-03-25 08:45:19.947000027,2024-03-25,2024-03,2024,8,Monday,False
1711356487.636,1711356512.773,-1,2167.608,2168.035,-0.5019999999996798,flow_flip,25.13700008392334,0.0,-0.42699999999967986,0.38699999999971624,82.32199999994822,2024-03-25 08:48:07.635999918,2024-03-25 08:48:32.773000002,2024-03-25,2024-03,2024,8,Monday,False
1711356638.839,1711356654.293,1,2168.155,2168.365,0.13499999999958162,trail,15.453999996185303,0.3999999999996362,-0.29000000000041837,0.3000000000001819,82.4569999999478,2024-03-25 08:50:38.838999987,2024-03-25 08:50:54.292999983,2024-03-25,2024-03,2024,8,Monday,True
1711357195.422,1711357215.801,1,2168.645,2168.323,-0.3970000000001164,flow_flip,20.379000186920166,0.0,-0.32999999999992724,0.30999999999994543,82.05999999994768,2024-03-25 08:59:55.421999931,2024-03-25 09:00:15.801000118,2024-03-25,2024-03,2024,8,Monday,False
1711436541.285,1711436547.076,-1,2171.755,2172.265,-0.5849999999997635,stop_loss,5.790999889373779,0.0,-0.5099999999997635,0.32999999999992724,81.47499999994791,2024-03-26 07:02:21.285000086,2024-03-26 07:02:27.075999975,2024-03-26,2024-03,2024,7,Tuesday,False
1711437388.514,1711437414.278,1,2175.155,2174.295,-0.9350000000001273,flow_flip,25.764000177383423,0.0,-0.8600000000001273,0.3400000000001455,80.53999999994778,2024-03-26 07:16:28.513999938,2024-03-26 07:16:54.278000116,2024-03-26,2024-03,2024,7,Tuesday,False
1711437814.77,1711437835.211,1,2176.532,2176.315,-0.29200000000009824,flow_flip,20.44099998474121,0.0,-0.4370000000003529,0.3369999999999891,80.24799999994768,2024-03-26 07:23:34.769999981,2024-03-26 07:23:55.210999966,2024-03-26,2024-03,2024,7,Tuesday,False
1711437898.235,1711437900.954,-1,2176.535,2177.035,-0.575,stop_loss,2.7190001010894775,0.0,-0.5,0.32700000000022555,79.67299999994768,2024-03-26 07:24:58.234999895,2024-03-26 07:25:00.953999996,2024-03-26,2024-03,2024,7,Tuesday,False
1711438226.212,1711438241.593,-1,2177.245,2177.645,-0.47500000000009096,flow_flip,15.38100004196167,0.15999999999985448,-0.43000000000029104,0.2899999999999636,79.19799999994758,2024-03-26 07:30:26.211999893,2024-03-26 07:30:41.592999935,2024-03-26,2024-03,2024,7,Tuesday,False
1711438337.059,1711438387.627,-1,2177.625,2177.645,-0.09499999999998182,flow_flip,50.568000078201294,0.2699999999999818,-0.38000000000010914,0.32999999999992724,79.1029999999476,2024-03-26 07:32:17.059000015,2024-03-26 07:33:07.627000093,2024-03-26,2024-03,2024,7,Tuesday,False
1711438764.23,1711438784.77,-1,2178.445,2179.015,-0.6449999999997089,stop_loss,20.539999961853027,0.0,-0.569999999999709,0.33999999999969077,78.45799999994789,2024-03-26 07:39:24.230000019,2024-03-26 07:39:44.769999981,2024-03-26,2024-03,2024,7,Tuesday,False
1711522825.277,1711522846.957,1,2181.235,2180.738,-0.5720000000002983,stop_loss,21.680000066757202,0.0,-0.4970000000002983,0.3400000000001455,77.88599999994759,2024-03-27 07:00:25.276999950,2024-03-27 07:00:46.957000017,2024-03-27,2024-03,2024,7,Wednesday,False
1711523731.017,1711523774.595,1,2181.762,2181.685,-0.15200000000022557,flow_flip,43.57800006866455,0.022999999999683496,-0.3170000000000073,0.3369999999999891,77.73399999994736,2024-03-27 07:15:31.016999960,2024-03-27 07:16:14.595000029,2024-03-27,2024-03,2024,7,Wednesday,False
1711523950.329,1711523974.54,-1,2182.065,2182.495,-0.5049999999998362,flow_flip,24.210999965667725,0.0,-0.5099999999997635,0.34999999999990905,77.22899999994752,2024-03-27 07:19:10.328999996,2024-03-27 07:19:34.539999962,2024-03-27,2024-03,2024,7,Wednesday,False
1711524132.296,1711524144.209,-1,2181.065,2181.475,-0.4849999999998545,flow_flip,11.913000106811523,0.0,-0.4099999999998545,0.3200000000001637,76.74399999994766,2024-03-27 07:22:12.296000004,2024-03-27 07:22:24.209000111,2024-03-27,2024-03,2024,7,Wednesday,False
1711524534.677,1711524573.482,-1,2179.605,2179.725,-0.19499999999989087,flow_flip,38.8050000667572,0.07999999999992724,-0.3400000000001455,0.30999999999994543,76.54899999994777,2024-03-27 07:28:54.677000046,2024-03-27 07:29:33.482000113,2024-03-27,2024-03,2024,7,Wednesday,False
1711524707.362,1711524725.257,-1,2179.205,2179.685,-0.5550000000000181,flow_flip,17.894999980926514,0.0,-0.4800000000000182,0.30999999999994543,75.99399999994775,2024-03-27 07:31:47.361999989,2024-03-27 07:32:05.256999969,2024-03-27,2024-03,2024,7,Wednesday,False
1711524945.723,1711524970.796,-1,2178.575,2178.925,-0.4250000000003638,flow_flip,25.072999954223633,0.0,-0.3500000000003638,0.3200000000001637,75.56899999994738,2024-03-27 07:35:45.723000050,2024-03-27 07:36:10.796000004,2024-03-27,2024-03,2024,7,Wednesday,False
1711525023.256,1711525081.37,1,2178.715,2178.455,-0.3350000000002183,flow_flip,58.11399984359741,0.0,-0.41000000000030923,0.3000000000001819,75.23399999994716,2024-03-27 07:37:03.256000041,2024-03-27 07:38:01.369999886,2024-03-27,2024-03,2024,7,Wednesday,False
1711609428.194,1711609444.578,-1,2191.105,2191.622,-0.5919999999998253,stop_loss,16.384000062942505,0.03000000000020009,-0.5169999999998254,0.3200000000001637,74.64199999994733,2024-03-28 07:03:48.194000006,2024-03-28 07:04:04.578000069,2024-03-28,2024-03,2024,7,Thursday,False
1711609455.588,1711609481.313,1,2191.905,2191.945,-0.035000000000036384,flow_flip,25.72499990463257,0.19299999999975626,-0.3100000000004002,0.29000000000041837,74.60699999994729,2024-03-28 07:04:15.588000059,2024-03-28 07:04:41.312999964,2024-03-28,2024-03,2024,7,Thursday,False
1711609588.423,1711609680.757,1,2192.485,2192.255,-0.3050000000000182,time_stop,92.33399987220764,0.0,-0.3900000000003274,0.30999999999994543,74.30199999994727,2024-03-28 07:06:28.423000097,2024-03-28 07:08:00.756999969,2024-03-28,2024-03,2024,7,Thursday,False
1711609854.478,1711609876.97,1,2192.785,2192.335,-0.5249999999998181,flow_flip,22.492000102996826,0.0,-0.5599999999999454,0.30999999999994543,73.77699999994745,2024-03-28 07:10:54.477999926,2024-03-28 07:11:16.970000029,2024-03-28,2024-03,2024,7,Thursday,False
1711610009.444,1711610010.908,1,2193.642,2193.195,-0.5219999999996616,stop_loss,1.4639999866485596,0.0,-0.44699999999966167,0.3269999999997708,73.25499999994778,2024-03-28 07:13:29.444000006,2024-03-28 07:13:30.907999992,2024-03-28,2024-03,2024,7,Thursday,False
1711610283.214,1711610314.32,1,2193.252,2192.785,-0.5420000000000982,flow_flip,31.10599994659424,0.0,-0.4670000000000982,0.25700000000006185,72.71299999994768,2024-03-28 07:18:03.213999987,2024-03-28 07:18:34.319999933,2024-03-28,2024-03,2024,7,Thursday,False
1711610406.13,1711610453.094,1,2193.836,2193.275,-0.6359999999996944,stop_loss,46.96399998664856,0.0,-0.5609999999996944,0.3209999999999127,72.07699999994799,2024-03-28 07:20:06.130000114,2024-03-28 07:20:53.094000101,2024-03-28,2024-03,2024,7,Thursday,False
1785740472.0,1785740551.0,-1,4063.495,4062.925,0.49499999999970895,flow_flip,79.0,1.3800000000001091,-0.6100000000001273,0.5799999999999272,72.57199999994769,2026-08-03 07:01:12.000000000,2026-08-03 07:02:31.000000000,2026-08-03,2026-08,2026,7,Monday,True
1785740616.0,1785740665.0,-1,4060.975,4060.835,0.06499999999987266,flow_flip,49.0,0.8099999999999454,-0.6700000000000728,0.4600000000000364,72.63699999994756,2026-08-03 07:03:36.000000000,2026-08-03 07:04:25.000000000,2026-08-03,2026-08,2026,7,Monday,True
1785740711.0,1785740721.0,1,4062.345,4060.915,-1.5049999999998362,stop_loss,10.0,0.0,-1.4299999999998363,0.5299999999997453,71.13199999994772,2026-08-03 07:05:11.000000000,2026-08-03 07:05:21.000000000,2026-08-03,2026-08,2026,7,Monday,False
1785740815.0,1785740828.0,-1,4059.695,4061.165,-1.5449999999997999,stop_loss,13.0,0.0,-1.4699999999998,0.5499999999997272,69.58699999994792,2026-08-03 07:06:55.000000000,2026-08-03 07:07:08.000000000,2026-08-03,2026-08,2026,7,Monday,False
1785740945.0,1785740990.0,1,4063.065,4063.395,0.25499999999992723,trail,45.0,0.7199999999997999,-0.5500000000001819,0.5900000000001455,69.84199999994784,2026-08-03 07:09:05.000000000,2026-08-03 07:09:50.000000000,2026-08-03,2026-08,2026,7,Monday,True
1785741439.0,1785741455.0,-1,4056.895,4056.215,0.6049999999998363,trail,16.0,1.4699999999998,-1.5300000000002,0.6700000000000728,70.44699999994768,2026-08-03 07:17:19.000000000,2026-08-03 07:17:35.000000000,2026-08-03,2026-08,2026,7,Monday,True
1785741472.0,1785741494.0,-1,4055.315,4055.995,-0.7549999999998362,flow_flip,22.0,0.34999999999990905,-0.8800000000001091,0.6199999999998909,69.69199999994784,2026-08-03 07:17:52.000000000,2026-08-03 07:18:14.000000000,2026-08-03,2026-08,2026,7,Monday,False
1785741618.0,1785741622.0,-1,4051.995,4053.465,-1.5450000000002546,stop_loss,4.0,0.0,-1.4700000000002547,0.5700000000001637,68.14699999994758,2026-08-03 07:20:18.000000000,2026-08-03 07:20:22.000000000,2026-08-03,2026-08,2026,7,Monday,False
1785827600.0,1785827690.0,-1,4061.675,4061.345,0.255000000000382,time_stop,90.0,0.6100000000001273,-0.9099999999998545,0.5299999999997453,68.40199999994796,2026-08-04 07:13:20.000000000,2026-08-04 07:14:50.000000000,2026-08-04,2026-08,2026,7,Tuesday,True
1785827831.0,1785827843.0,-1,4060.945,4061.615,-0.744999999999618,flow_flip,12.0,0.0,-0.7599999999997635,0.5299999999997453,67.65699999994834,2026-08-04 07:17:11.000000000,2026-08-04 07:17:23.000000000,2026-08-04,2026-08,2026,7,Tuesday,False
1785827948.0,1785827974.0,1,4065.245,4063.965,-1.3549999999997453,flow_flip,26.0,0.07999999999992724,-1.3399999999996908,0.569999999999709,66.30199999994859,2026-08-04 07:19:08.000000000,2026-08-04 07:19:34.000000000,2026-08-04,2026-08,2026,7,Tuesday,False
1785828977.0,1785828984.0,-1,4063.625,4064.945,-1.3950000000001637,stop_loss,7.0,0.0,-1.3200000000001637,0.5500000000001819,64.90699999994843,2026-08-04 07:36:17.000000000,2026-08-04 07:36:24.000000000,2026-08-04,2026-08,2026,7,Tuesday,False
1785913334.0,1785913340.0,-1,4174.025,4175.645,-1.6950000000008003,stop_loss,6.0,0.0,-1.6200000000008004,0.5500000000001819,63.21199999994762,2026-08-05 07:02:14.000000000,2026-08-05 07:02:20.000000000,2026-08-05,2026-08,2026,7,Wednesday,False
1785913569.0,1785913619.0,1,4172.065,4170.935,-1.2049999999991996,flow_flip,50.0,0.0,-1.1299999999991996,0.5399999999999636,62.00699999994842,2026-08-05 07:06:09.000000000,2026-08-05 07:06:59.000000000,2026-08-05,2026-08,2026,7,Wednesday,False
1785999670.0,1785999676.0,-1,4253.205,4254.755,-1.6250000000001819,flow_flip,6.0,0.0,-1.550000000000182,0.5200000000004366,60.381999999948235,2026-08-06 07:01:10.000000000,2026-08-06 07:01:16.000000000,2026-08-06,2026-08,2026,7,Thursday,False
1786000042.0,1786000099.0,1,4258.625,4257.455,-1.2450000000000727,stop_loss,57.0,0.15999999999985448,-1.1700000000000728,0.4600000000000364,59.13699999994816,2026-08-06 07:07:22.000000000,2026-08-06 07:08:19.000000000,2026-08-06,2026-08,2026,7,Thursday,False
1786088719.0,1786088732.0,1,4285.715,4286.165,0.3749999999998181,trail,13.0,1.1199999999998909,-0.4000000000005457,0.5200000000004366,59.511999999947975,2026-08-07 07:45:19.000000000,2026-08-07 07:45:32.000000000,2026-08-07,2026-08,2026,7,Friday,True
1786089349.0,1786089374.0,1,4290.265,4288.845,-1.4950000000000727,stop_loss,25.0,0.0,-1.4200000000000728,0.5799999999999272,58.0169999999479,2026-08-07 07:55:49.000000000,2026-08-07 07:56:14.000000000,2026-08-07,2026-08,2026,7,Friday,False
1786089744.0,1786089757.0,1,4293.315,4291.935,-1.4549999999991996,stop_loss,13.0,0.0,-1.3799999999991996,0.5499999999992724,56.561999999948696,2026-08-07 08:02:24.000000000,2026-08-07 08:02:37.000000000,2026-08-07,2026-08,2026,8,Friday,False
1786345239.0,1786345244.0,-1,4356.135,4357.725,-1.6650000000001455,stop_loss,5.0,0.0,-1.5900000000001455,0.9600000000000364,54.89699999994855,2026-08-10 07:00:39.000000000,2026-08-10 07:00:44.000000000,2026-08-10,2026-08,2026,7,Monday,False
1786346194.0,1786346249.0,1,4353.195,4355.145,1.8750000000007276,take_profit,55.0,1.9500000000007276,-1.0499999999992724,0.6499999999996362,56.77199999994927,2026-08-10 07:16:34.000000000,2026-08-10 07:17:29.000000000,2026-08-10,2026-08,2026,7,Monday,True
1786346344.0,1786346400.0,-1,4355.135,4354.955,0.10500000000029103,flow_flip,56.0,0.6000000000003638,-0.5900000000001455,0.6199999999998909,56.87699999994956,2026-08-10 07:19:04.000000000,2026-08-10 07:20:00.000000000,2026-08-10,2026-08,2026,7,Monday,True
1786346942.0,1786346989.0,-1,4353.305,4355.535,-2.304999999999563,stop_loss,47.0,0.0,-2.2299999999995634,0.4399999999995998,54.571999999949995,2026-08-10 07:29:02.000000000,2026-08-10 07:29:49.000000000,2026-08-10,2026-08,2026,7,Monday,False
1786347576.0,1786347607.0,-1,4357.815,4359.445,-1.705000000000109,flow_flip,31.0,0.0,-1.6300000000001091,0.5600000000004002,52.86699999994988,2026-08-10 07:39:36.000000000,2026-08-10 07:40:07.000000000,2026-08-10,2026-08,2026,7,Monday,False
1786432997.0,1786433006.0,-1,4357.635,4358.335,-0.7749999999998181,flow_flip,9.0,0.0,-0.9200000000000728,0.42999999999938154,52.09199999995006,2026-08-11 07:23:17.000000000,2026-08-11 07:23:26.000000000,2026-08-11,2026-08,2026,7,Tuesday,False
1786433501.0,1786433533.0,1,4360.635,4361.405,0.6949999999995271,trail,32.0,1.6099999999996726,-0.4400000000005093,0.2899999999999636,52.786999999949586,2026-08-11 07:31:41.000000000,2026-08-11 07:32:13.000000000,2026-08-11,2026-08,2026,7,Tuesday,True
1786435297.0,1786435330.0,-1,4359.735,4361.065,-1.4049999999999272,stop_loss,33.0,0.0,-1.3299999999999272,0.5399999999999636,51.381999999949656,2026-08-11 08:01:37.000000000,2026-08-11 08:02:10.000000000,2026-08-11,2026-08,2026,8,Tuesday,False
1786435529.0,1786435619.0,1,4365.095,4365.305,0.13500000000003637,time_stop,90.0,0.2599999999993088,-1.110000000000582,0.4900000000006912,51.51699999994969,2026-08-11 08:05:29.000000000,2026-08-11 08:06:59.000000000,2026-08-11,2026-08,2026,8,Tuesday,True
1786436456.0,1786436497.0,-1,4361.185,4360.895,0.2149999999999636,trail,41.0,1.7000000000007276,-1.2199999999993452,0.37999999999919964,51.73199999994965,2026-08-11 08:20:56.000000000,2026-08-11 08:21:37.000000000,2026-08-11,2026-08,2026,8,Tuesday,True
1786436771.0,1786436843.0,1,4367.025,4367.775,0.675,trail,72.0,1.5100000000002183,-1.069999999999709,0.5099999999993088,52.40699999994965,2026-08-11 08:26:11.000000000,2026-08-11 08:27:23.000000000,2026-08-11,2026-08,2026,8,Tuesday,True
1786437590.0,1786437600.0,1,4375.325,4374.415,-0.9849999999998544,stop_loss,10.0,0.0,-0.9099999999998545,0.5,51.42199999994979,2026-08-11 08:39:50.000000000,2026-08-11 08:40:00.000000000,2026-08-11,2026-08,2026,8,Tuesday,False
1786440105.0,1786440128.0,-1,4373.275,4371.105,2.095000000000073,take_profit,23.0,2.1700000000000728,-0.7300000000004729,0.6000000000003638,53.51699999994986,2026-08-11 09:21:45.000000000,2026-08-11 09:22:08.000000000,2026-08-11,2026-08,2026,9,Tuesday,True
1786440443.0,1786440461.0,1,4374.055,4374.355,0.2249999999992724,flow_flip,18.0,0.7599999999993088,-0.8600000000005821,0.48000000000047294,53.74199999994913,2026-08-11 09:27:23.000000000,2026-08-11 09:27:41.000000000,2026-08-11,2026-08,2026,9,Tuesday,True
1786440534.0,1786440549.0,-1,4373.075,4373.965,-0.9650000000003274,flow_flip,15.0,0.010000000000218279,-0.8900000000003274,0.5600000000004002,52.7769999999488,2026-08-11 09:28:54.000000000,2026-08-11 09:29:09.000000000,2026-08-11,2026-08,2026,9,Tuesday,False
1786441385.0,1786441390.0,-1,4370.885,4372.105,-1.2949999999993451,stop_loss,5.0,0.0,-1.2199999999993452,0.5799999999999272,51.48199999994945,2026-08-11 09:43:05.000000000,2026-08-11 09:43:10.000000000,2026-08-11,2026-08,2026,9,Tuesday,False
1786442537.0,1786442580.0,-1,4372.475,4371.935,0.4649999999999636,flow_flip,43.0,0.9000000000005457,-0.4099999999998545,0.42000000000007276,51.94699999994941,2026-08-11 10:02:17.000000000,2026-08-11 10:03:00.000000000,2026-08-11,2026-08,2026,10,Tuesday,True
1786442736.0,1786442810.0,1,4373.075,4373.615,0.4649999999999636,trail,74.0,1.3100000000004002,-0.8899999999994179,0.4899999999997817,52.41199999994937,2026-08-11 10:05:36.000000000,2026-08-11 10:06:50.000000000,2026-08-11,2026-08,2026,10,Tuesday,True
1786443913.0,1786443945.0,1,4378.955,4379.735,0.7049999999997454,trail,32.0,1.3699999999998909,-1.1000000000003638,0.569999999999709,53.116999999949115,2026-08-11 10:25:13.000000000,2026-08-11 10:25:45.000000000,2026-08-11,2026-08,2026,10,Tuesday,True
1786443969.0,1786443971.0,1,4381.875,4380.575,-1.3750000000001819,stop_loss,2.0,0.0,-1.300000000000182,0.6400000000003274,51.74199999994893,2026-08-11 10:26:09.000000000,2026-08-11 10:26:11.000000000,2026-08-11,2026-08,2026,10,Tuesday,False
1786444123.0,1786444165.0,-1,4379.725,4379.305,0.34500000000007275,trail,42.0,0.9400000000005093,-0.4499999999998181,0.5599999999994907,52.086999999949,2026-08-11 10:28:43.000000000,2026-08-11 10:29:25.000000000,2026-08-11,2026-08,2026,10,Tuesday,True
1786445725.0,1786445737.0,1,4381.925,4380.435,-1.5649999999997817,stop_loss,12.0,0.0,-1.4899999999997817,0.5600000000004002,50.521999999949216,2026-08-11 10:55:25.000000000,2026-08-11 10:55:37.000000000,2026-08-11,2026-08,2026,10,Tuesday,False
1786518114.0,1786518131.0,-1,4401.685,4403.115,-1.5049999999993815,stop_loss,17.0,0.0,-1.4299999999993815,0.5799999999999272,49.01699999994983,2026-08-12 07:01:54.000000000,2026-08-12 07:02:11.000000000,2026-08-12,2026-08,2026,7,Wednesday,False
1786520058.0,1786520148.0,-1,4404.035,4404.995,-1.0350000000000363,time_stop,90.0,0.3099999999994907,-1.1400000000003274,0.5900000000001455,47.98199999994979,2026-08-12 07:34:18.000000000,2026-08-12 07:35:48.000000000,2026-08-12,2026-08,2026,7,Wednesday,False
1786604475.0,1786604520.0,-1,4378.585,4380.185,-1.6750000000003638,stop_loss,45.0,0.0,-1.6000000000003638,0.5500000000001819,46.306999999949426,2026-08-13 07:01:15.000000000,2026-08-13 07:02:00.000000000,2026-08-13,2026-08,2026,7,Thursday,False
1786605165.0,1786605177.0,-1,4376.715,4378.025,-1.3849999999994906,stop_loss,12.0,0.0,-1.3099999999994907,0.6099999999996726,44.92199999994993,2026-08-13 07:12:45.000000000,2026-08-13 07:12:57.000000000,2026-08-13,2026-08,2026,7,Thursday,False
1786690845.0,1786690873.0,-1,4332.985,4335.405,-2.4950000000000725,stop_loss,28.0,0.0,-2.4200000000000728,0.6300000000001091,42.42699999994986,2026-08-14 07:00:45.000000000,2026-08-14 07:01:13.000000000,2026-08-14,2026-08,2026,7,Friday,False
1786950101.0,1786950114.0,1,4404.095,4402.845,-1.325,flow_flip,13.0,0.0,-1.25,0.5799999999999272,41.101999999949854,2026-08-17 07:01:41.000000000,2026-08-17 07:01:54.000000000,2026-08-17,2026-08,2026,7,Monday,False
1786950269.0,1786950281.0,-1,4401.845,4402.235,-0.46499999999941793,flow_flip,12.0,0.15999999999985448,-0.9899999999997817,0.5799999999999272,40.63699999995043,2026-08-17 07:04:29.000000000,2026-08-17 07:04:41.000000000,2026-08-17,2026-08,2026,7,Monday,False
1787036462.0,1787036470.0,1,4399.435,4398.955,-0.5550000000004729,flow_flip,8.0,0.07999999999992724,-0.5300000000006548,0.5300000000006548,40.08199999994996,2026-08-18 07:01:02.000000000,2026-08-18 07:01:10.000000000,2026-08-18,2026-08,2026,7,Tuesday,False
1787036831.0,1787036857.0,-1,4398.075,4398.745,-0.7450000000000727,flow_flip,26.0,0.0,-0.6700000000000728,0.5799999999999272,39.33699999994988,2026-08-18 07:07:11.000000000,2026-08-18 07:07:37.000000000,2026-08-18,2026-08,2026,7,Tuesday,False
1787037354.0,1787037361.0,1,4400.905,4399.475,-1.5049999999993815,stop_loss,7.0,0.0,-1.4299999999993815,0.5599999999994907,37.8319999999505,2026-08-18 07:15:54.000000000,2026-08-18 07:16:01.000000000,2026-08-18,2026-08,2026,7,Tuesday,False
1787124117.0,1787124193.0,1,4352.005,4351.985,-0.09500000000043657,flow_flip,76.0,0.47000000000025466,-0.9200000000000728,0.3100000000004002,37.73699999995006,2026-08-19 07:21:57.000000000,2026-08-19 07:23:13.000000000,2026-08-19,2026-08,2026,7,Wednesday,False
1787124228.0,1787124257.0,1,4354.855,4353.415,-1.5149999999995998,stop_loss,29.0,0.0,-1.4399999999995998,0.25,36.221999999950455,2026-08-19 07:23:48.000000000,2026-08-19 07:24:17.000000000,2026-08-19,2026-08,2026,7,Wednesday,False
1787209339.0,1787209371.0,-1,4489.865,4489.095,0.6949999999995271,trail,32.0,1.3099999999994907,-0.7600000000002183,0.5900000000001455,36.91699999994998,2026-08-20 07:02:19.000000000,2026-08-20 07:02:51.000000000,2026-08-20,2026-08,2026,7,Thursday,True
1787210136.0,1787210158.0,1,4489.875,4488.755,-1.1949999999998908,stop_loss,22.0,0.47000000000025466,-1.1199999999998909,0.4899999999997817,35.721999999950086,2026-08-20 07:15:36.000000000,2026-08-20 07:15:58.000000000,2026-08-20,2026-08,2026,7,Thursday,False
1787210168.0,1787210200.0,-1,4488.095,4488.695,-0.6749999999994543,flow_flip,32.0,0.22000000000025466,-0.6899999999995998,0.5,35.04699999995063,2026-08-20 07:16:08.000000000,2026-08-20 07:16:40.000000000,2026-08-20,2026-08,2026,7,Thursday,False
1787211234.0,1787211244.0,1,4487.415,4486.215,-1.274999999999818,stop_loss,10.0,0.0,-1.199999999999818,0.5799999999999272,33.77199999995081,2026-08-20 07:33:54.000000000,2026-08-20 07:34:04.000000000,2026-08-20,2026-08,2026,7,Thursday,False
1787295678.0,1787295685.0,1,4563.845,4562.585,-1.3350000000002182,flow_flip,7.0,0.0,-1.2600000000002183,0.5500000000001819,32.43699999995059,2026-08-21 07:01:18.000000000,2026-08-21 07:01:25.000000000,2026-08-21,2026-08,2026,7,Friday,False
1787295879.0,1787295881.0,-1,4562.215,4564.015,-1.8750000000001819,stop_loss,2.0,0.06000000000040018,-1.800000000000182,0.5299999999997453,30.561999999950405,2026-08-21 07:04:39.000000000,2026-08-21 07:04:41.000000000,2026-08-21,2026-08,2026,7,Friday,False
1787554810.0,1787554823.0,1,4652.025,4653.435,1.335000000000764,trail,13.0,2.280000000000655,-1.1199999999998909,0.7699999999995271,31.89699999995117,2026-08-24 07:00:10.000000000,2026-08-24 07:00:23.000000000,2026-08-24,2026-08,2026,7,Monday,True
1787554832.0,1787554851.0,-1,4651.655,4652.705,-1.1250000000001819,flow_flip,19.0,0.42000000000007276,-1.050000000000182,0.7899999999999636,30.77199999995099,2026-08-24 07:00:32.000000000,2026-08-24 07:00:51.000000000,2026-08-24,2026-08,2026,7,Monday,False
1787554909.0,1787554959.0,-1,4648.145,4649.435,-1.3649999999999636,flow_flip,50.0,0.5,-1.2899999999999636,0.27999999999974534,29.406999999951026,2026-08-24 07:01:49.000000000,2026-08-24 07:02:39.000000000,2026-08-24,2026-08,2026,7,Monday,False
1787557299.0,1787557347.0,-1,4640.945,4640.265,0.6049999999993816,trail,48.0,1.5799999999999272,-1.3200000000006185,0.5700000000006185,30.011999999950408,2026-08-24 07:41:39.000000000,2026-08-24 07:42:27.000000000,2026-08-24,2026-08,2026,7,Monday,True
1787557694.0,1787557696.0,-1,4632.125,4634.015,-1.9650000000003274,stop_loss,2.0,0.21000000000003638,-1.8900000000003274,0.569999999999709,28.04699999995008,2026-08-24 07:48:14.000000000,2026-08-24 07:48:16.000000000,2026-08-24,2026-08,2026,7,Monday,False
1787641653.0,1787641688.0,-1,4638.175,4637.535,0.5650000000003275,trail,35.0,1.4899999999997817,-0.7799999999997453,0.6199999999998909,28.61199999995041,2026-08-25 07:07:33.000000000,2026-08-25 07:08:08.000000000,2026-08-25,2026-08,2026,7,Tuesday,True
1787642210.0,1787642248.0,-1,4639.105,4640.635,-1.6050000000006548,stop_loss,38.0,0.0,-1.5300000000006548,0.48000000000047294,27.006999999949755,2026-08-25 07:16:50.000000000,2026-08-25 07:17:28.000000000,2026-08-25,2026-08,2026,7,Tuesday,False
1787642966.0,1787642990.0,-1,4635.685,4635.075,0.5350000000005821,trail,24.0,1.1700000000000728,-0.589999999999236,0.5599999999994907,27.541999999950338,2026-08-25 07:29:26.000000000,2026-08-25 07:29:50.000000000,2026-08-25,2026-08,2026,7,Tuesday,True
1787644277.0,1787644290.0,1,4636.655,4635.585,-1.144999999999709,flow_flip,13.0,0.11000000000058208,-1.069999999999709,0.5500000000001819,26.39699999995063,2026-08-25 07:51:17.000000000,2026-08-25 07:51:30.000000000,2026-08-25,2026-08,2026,7,Tuesday,False
1787727730.0,1787727752.0,1,4638.105,4637.815,-0.36499999999996363,flow_flip,22.0,0.7000000000007276,-0.7099999999991269,0.5499999999992724,26.031999999950667,2026-08-26 07:02:10.000000000,2026-08-26 07:02:32.000000000,2026-08-26,2026-08,2026,7,Wednesday,False
1787727768.0,1787727784.0,-1,4636.755,4637.265,-0.5850000000002182,flow_flip,16.0,0.4000000000005457,-0.5599999999994907,0.5599999999994907,25.44699999995045,2026-08-26 07:02:48.000000000,2026-08-26 07:03:04.000000000,2026-08-26,2026-08,2026,7,Wednesday,False
1787728033.0,1787728077.0,-1,4635.625,4635.315,0.23500000000040017,trail,44.0,0.75,-0.7299999999995634,0.6000000000003638,25.68199999995085,2026-08-26 07:07:13.000000000,2026-08-26 07:07:57.000000000,2026-08-26,2026-08,2026,7,Wednesday,True
1787728137.0,1787728143.0,-1,4632.945,4634.035,-1.1650000000001455,stop_loss,6.0,0.0,-1.0900000000001455,0.5300000000006548,24.516999999950706,2026-08-26 07:08:57.000000000,2026-08-26 07:09:03.000000000,2026-08-26,2026-08,2026,7,Wednesday,False
1787814104.0,1787814118.0,1,4602.965,4601.195,-1.8450000000004365,stop_loss,14.0,0.0,-1.7700000000004366,0.5399999999999636,22.67199999995027,2026-08-27 07:01:44.000000000,2026-08-27 07:01:58.000000000,2026-08-27,2026-08,2026,7,Thursday,False
1787900444.0,1787900493.0,-1,4608.275,4607.395,0.8049999999991997,trail,49.0,2.399999999999636,-0.930000000000291,0.6900000000005093,23.47699999994947,2026-08-28 07:00:44.000000000,2026-08-28 07:01:33.000000000,2026-08-28,2026-08,2026,7,Friday,True
1787900525.0,1787900540.0,1,4609.405,4607.795,-1.6849999999996725,stop_loss,15.0,0.0,-1.6099999999996726,0.4899999999997817,21.791999999949798,2026-08-28 07:02:05.000000000,2026-08-28 07:02:20.000000000,2026-08-28,2026-08,2026,7,Friday,False
1787900955.0,1787900977.0,-1,4599.505,4601.155,-1.7249999999996362,stop_loss,22.0,0.02999999999974534,-1.6499999999996362,0.5900000000001455,20.066999999950163,2026-08-28 07:09:15.000000000,2026-08-28 07:09:37.000000000,2026-08-28,2026-08,2026,7,Friday,False
