year,end,n0,wr0,net0,n_blk,wr_blk,net_blk,n1,wr1,net1
2022,2022-12-30,203,26.60098522167488,-36.330000000002066,48,22.916666666666664,-18.391000000000624,139,33.093525179856115,-35.60599999999981
2022,2022-12-29,199,28.643216080402013,-33.37200000000193,49,26.53061224489796,-14.458000000000357,140,32.857142857142854,-40.04300000000012
2022,2022-12-28,204,28.431372549019606,-28.176000000001345,44,25.0,-12.950000000000088,133,33.83458646616541,-40.32199999999952
2022,2022-12-27,204,25.98039215686275,-33.552000000001776,47,23.404255319148938,-12.581000000000264,129,31.782945736434108,-38.39400000000028
2022,2022-12-23,271,25.461254612546124,-62.186000000001926,63,26.984126984126984,-5.349000000001159,167,31.137724550898206,-35.83200000000115
2022,2022-12-22,271,22.509225092250922,-76.19000000000116,66,24.242424242424242,-12.676000000000794,170,28.823529411764703,-46.06200000000034
2022,2022-12-21,268,24.62686567164179,-55.14700000000161,71,23.943661971830984,-13.255000000001424,177,31.07344632768362,-28.42300000000173
2022,2022-12-20,270,24.444444444444443,-62.19400000000156,67,25.37313432835821,-13.846000000000597,175,31.428571428571427,-44.27799999999981
2022,2022-12-19,280,27.142857142857142,-61.42499999999997,77,24.675324675324674,-24.559999999999857,188,31.914893617021278,-41.78600000000014
2022,2022-12-16,258,27.51937984496124,-54.27200000000002,65,29.230769230769234,-15.912999999999329,171,34.50292397660819,-33.78500000000072
2022,2022-12-15,265,31.69811320754717,-34.299999999999955,69,34.78260869565217,-4.701999999999815,171,38.01169590643275,-19.084000000000692
2022,2022-12-14,263,30.418250950570343,-46.656999999998874,62,35.483870967741936,3.5590000000005126,171,36.25730994152047,-20.881000000000498
2022,2022-12-13,256,32.03125,-41.226999999998455,60,36.666666666666664,0.4659999999998923,164,36.58536585365854,-23.581000000000632
2022,2022-12-12,252,33.730158730158735,-25.799999999997578,54,37.03703703703704,2.9979999999999993,163,41.104294478527606,-19.436999999999305
2022,2022-12-09,253,30.434782608695656,-41.91399999999644,57,31.57894736842105,-6.955999999999132,163,38.65030674846626,-24.408999999998613
2022,2022-12-08,254,30.708661417322837,-34.11999999999698,55,32.72727272727273,-7.444999999999254,164,38.41463414634146,-22.279999999999575
2022,2022-12-07,251,31.47410358565737,-31.9509999999968,53,33.9622641509434,-13.563999999999483,160,44.375,-4.9099999999991795
2022,2022-12-05,252,26.190476190476193,-50.294999999996584,52,34.61538461538461,-13.746999999999296,160,44.375,1.953000000000653
2022,2022-12-04,249,26.104417670682732,-53.576999999996644,55,30.909090909090907,-15.89399999999932,164,40.853658536585364,-6.166999999999278
2022,2022-12-01,235,28.510638297872344,-35.02099999999838,54,37.03703703703704,-7.743999999999503,162,40.123456790123456,0.9710000000007781
2022,2022-11-30,228,24.561403508771928,-55.20099999999921,56,30.357142857142854,-12.639999999999828,160,36.875,-11.469999999998667
2022,2022-11-29,238,26.47058823529412,-57.58600000000033,63,30.158730158730158,-16.936000000000007,165,33.33333333333333,-32.1769999999999
2022,2022-11-28,247,27.125506072874494,-52.91,66,28.78787878787879,-13.899000000000296,169,32.544378698224854,-31.924000000000024
2022,2022-11-25,258,30.620155038759687,-40.39499999999962,68,33.82352941176471,-6.193000000000531,174,33.90804597701149,-22.90200000000009
2022,2022-11-24,259,30.501930501930502,-52.89099999999831,62,30.64516129032258,-6.719000000000415,174,32.18390804597701,-29.23399999999997
2022,2022-11-23,263,31.1787072243346,-49.53999999999687,57,28.07017543859649,-6.673000000000138,174,33.90804597701149,-20.483999999998836
2022,2022-11-22,259,30.888030888030887,-59.902999999995515,57,24.561403508771928,-11.194000000000099,175,33.14285714285714,-22.203999999999724
2022,2022-11-21,244,33.19672131147541,-60.493999999996774,47,19.148936170212767,-19.95200000000013,165,32.121212121212125,-46.97099999999887
2022,2022-11-18,243,29.629629629629626,-87.20399999999823,51,19.607843137254903,-24.13600000000038,167,32.93413173652694,-56.68399999999873
2022,2022-11-17,243,30.864197530864196,-61.59999999999931,53,24.528301886792452,-23.004999999999747,165,36.36363636363637,-30.245999999999405
2022,2022-11-16,236,31.35593220338983,-55.83399999999979,60,35.0,-19.524999999999405,165,37.57575757575757,-43.522999999999456
2022,2022-11-15,246,30.89430894308943,-43.35400000000092,63,36.507936507936506,-15.356999999999147,169,39.64497041420118,-26.73899999999871
2022,2022-11-14,262,28.24427480916031,-65.2739999999996,65,36.92307692307693,-12.677999999998747,169,37.278106508875744,-25.694999999998394
2022,2022-11-11,264,29.924242424242426,-46.56099999999975,70,30.0,-16.77399999999852,177,36.15819209039548,-14.751999999998038
2022,2022-11-09,258,29.844961240310074,-48.46500000000002,66,27.27272727272727,-12.117999999998984,174,37.35632183908046,-10.760999999997734
2022,2022-11-08,251,30.677290836653388,-32.97599999999985,60,28.333333333333332,1.3080000000006748,169,37.278106508875744,7.428000000001885
2022,2022-11-07,242,28.92561983471074,-37.16300000000015,59,27.11864406779661,0.5589999999999244,166,37.34939759036144,8.573000000001274
2022,2022-11-06,237,29.11392405063291,-19.384999999999458,57,28.07017543859649,2.001999999999815,160,37.5,11.024000000001031
2022,2022-11-03,253,28.458498023715418,-19.120999999998595,55,32.72727272727273,2.9410000000004866,164,37.80487804878049,8.483000000001493
2022,2022-11-02,261,26.81992337164751,-52.985999999998924,57,33.33333333333333,2.085000000000127,161,36.64596273291926,-18.763999999999168
2022,2022-11-01,258,29.069767441860467,-44.87399999999853,57,38.59649122807017,4.298000000000548,158,37.9746835443038,-13.031999999998428
2022,2022-10-31,253,28.458498023715418,-53.012999999997525,50,38.0,-0.5749999999993629,153,33.98692810457516,-31.863999999997848
2022,2022-10-28,256,29.296875,-57.35999999999805,52,34.61538461538461,-6.925999999999615,154,33.76623376623377,-43.04799999999778
2022,2022-10-27,244,30.737704918032787,-61.37399999999779,53,35.84905660377358,-7.163999999999398,159,33.9622641509434,-60.19599999999723
2022,2022-10-26,260,29.230769230769234,-55.92499999999677,62,37.096774193548384,-2.7509999999992027,167,36.52694610778443,-56.87599999999692
2022,2022-10-25,274,25.91240875912409,-76.52299999999724,68,27.941176470588236,-13.474999999998632,174,32.758620689655174,-60.05099999999727
2022,2022-10-24,276,26.44927536231884,-68.34799999999764,70,27.142857142857142,-14.704999999998108,182,34.61538461538461,-48.50099999999718
2022,2022-10-21,276,26.44927536231884,-60.778999999997225,72,29.166666666666668,-5.519999999998531,185,34.054054054054056,-39.515999999997575
2022,2022-10-20,281,27.75800711743772,-57.56699999999792,68,26.47058823529412,-10.169999999999483,184,32.608695652173914,-42.63199999999828
2022,2022-10-19,269,28.25278810408922,-43.860999999998796,68,23.52941176470588,-13.411999999999443,181,30.386740331491712,-35.41699999999873
2022,2022-10-18,264,28.030303030303028,-45.236999999998524,64,23.4375,-20.245999999999913,179,31.28491620111732,-40.87399999999894
2022,2022-10-17,276,27.536231884057973,-67.12299999999887,66,22.727272727272727,-22.36199999999981,185,34.5945945945946,-42.30499999999984
2022,2022-10-14,282,27.30496453900709,-73.30099999999962,63,23.809523809523807,-17.43300000000008,181,37.569060773480665,-44.98200000000037
2022,2022-10-13,284,25.352112676056336,-94.96599999999995,65,23.076923076923077,-22.41200000000003,181,38.67403314917127,-34.530000000001976
2022,2022-10-12,279,27.956989247311824,-76.8280000000014,64,29.6875,-6.8810000000001335,181,39.226519337016576,-39.25900000000247
2022,2022-10-11,280,28.92857142857143,-74.54700000000207,63,36.507936507936506,0.7129999999994203,178,42.13483146067416,-28.072000000001573
2022,2022-10-10,274,32.11678832116788,-43.82500000000145,64,35.9375,9.747999999999552,174,42.5287356321839,-13.572000000001065
2022,2022-10-07,272,29.77941176470588,-42.63600000000034,65,32.30769230769231,3.429999999999385,168,39.88095238095239,-3.914000000000531
2022,2022-10-05,264,32.196969696969695,-25.070999999999955,65,36.92307692307693,9.850999999998974,167,38.92215568862276,-8.6099999999998
2022,2022-10-04,273,31.5018315018315,-40.49499999999953,70,40.0,7.774999999999184,172,39.53488372093023,-20.881999999999742
2022,2022-10-03,272,32.35294117647059,-51.99499999999867,67,34.32835820895522,1.856999999999599,178,34.831460674157306,-38.26999999999872
2022,2022-10-02,285,32.280701754385966,-67.92499999999859,67,37.3134328358209,-10.53900000000058,186,39.247311827956985,-53.83099999999918
2022,2022-09-29,284,34.154929577464785,-45.41699999999791,61,40.98360655737705,-4.691999999999965,184,41.30434782608695,-40.11599999999844
2022,2022-09-28,290,32.41379310344827,-61.89199999999891,61,36.0655737704918,-9.364999999999737,188,38.82978723404255,-40.00699999999902
2022,2022-09-27,284,30.985915492957744,-53.96699999999855,53,28.30188679245283,-13.913999999999849,181,38.67403314917127,-21.116999999999017
2022,2022-09-26,272,27.941176470588236,-59.974999999998914,56,23.214285714285715,-18.39299999999976,178,35.95505617977528,-29.74000000000079
2022,2022-09-23,265,27.92452830188679,-54.340999999999894,53,22.641509433962266,-14.103999999999903,174,32.18390804597701,-26.934000000001397
2022,2022-09-22,250,26.0,-56.973999999999265,47,23.404255319148938,-10.131000000000217,168,30.952380952380953,-58.16600000000025
2022,2022-09-21,251,25.099601593625497,-49.45299999999902,46,21.73913043478261,-11.7160000000003,166,31.32530120481928,-53.28600000000069
2022,2022-09-20,239,24.267782426778243,-66.55699999999985,38,23.684210526315788,-15.384000000000555,158,32.278481012658226,-57.86600000000077
2022,2022-09-19,240,25.0,-82.99100000000068,40,22.5,-29.820000000000388,153,30.718954248366014,-66.69500000000002
2022,2022-09-16,236,26.27118644067797,-78.21600000000032,53,20.754716981132077,-38.53000000000053,155,31.61290322580645,-44.034999999999854
2022,2022-09-15,245,28.57142857142857,-68.28000000000158,55,20.0,-39.99600000000034,161,32.298136645962735,-42.89900000000007
2022,2022-09-14,236,30.08474576271186,-65.30300000000145,57,22.807017543859647,-37.06200000000027,159,34.59119496855346,-36.639000000000394
2022,2022-09-13,237,30.37974683544304,-46.42000000000068,61,27.86885245901639,-16.443000000000392,161,36.024844720496894,-16.18599999999966
2022,2022-09-12,222,31.08108108108108,-31.779999999999887,55,32.72727272727273,-1.5940000000007346,149,39.59731543624161,2.6739999999996984
2022,2022-09-09,221,29.86425339366516,-47.98400000000079,49,34.69387755102041,-0.6129999999994216,147,38.775510204081634,-3.573000000000012
2022,2022-09-08,211,25.59241706161137,-58.33699999999972,51,33.33333333333333,-0.914999999999236,143,36.36363636363637,-14.285000000000405
2022,2022-09-07,222,22.52252252252252,-73.21200000000037,51,29.411764705882355,-10.468999999999097,144,33.33333333333333,-22.279000000000508
2022,2022-09-06,234,20.51282051282051,-77.85900000000157,54,25.925925925925924,-14.97099999999914,151,30.4635761589404,-35.440000000000694
2022,2022-09-04,244,21.721311475409834,-76.66700000000156,53,26.41509433962264,-18.58299999999949,158,32.278481012658226,-41.478000000001074
2022,2022-09-01,240,22.5,-72.12100000000102,52,34.61538461538461,-4.551000000000297,150,34.66666666666667,-25.39700000000153
2022,2022-08-31,249,23.293172690763054,-70.0850000000001,55,34.54545454545455,-1.5740000000002983,153,35.947712418300654,-24.33200000000089
2022,2022-08-30,236,24.152542372881356,-65.33300000000006,56,37.5,3.9049999999997906,152,35.526315789473685,-29.32200000000003
2022,2022-08-29,235,24.680851063829788,-57.127999999999254,61,40.98360655737705,6.978999999999861,153,39.21568627450981,-18.25299999999957
2022,2022-08-26,245,23.26530612244898,-72.7819999999995,72,31.944444444444443,-12.18200000000061,167,34.73053892215569,-39.04899999999965
2022,2022-08-25,263,23.954372623574145,-79.9350000000005,78,28.205128205128204,-24.057999999999858,175,31.428571428571427,-51.47899999999822
2022,2022-08-24,260,25.769230769230766,-61.076999999999785,70,30.0,-18.776000000000067,171,33.33333333333333,-44.1639999999979
2022,2022-08-23,256,27.734375,-55.88899999999986,69,31.88405797101449,-15.923000000000044,170,32.35294117647059,-38.14999999999805
2022,2022-08-22,259,28.185328185328185,-57.292000000000186,63,26.984126984126984,-20.194000000000276,166,32.53012048192771,-37.13399999999906
2022,2022-08-19,257,31.517509727626457,-46.74999999999945,51,33.33333333333333,-11.75500000000029,163,34.96932515337423,-29.033999999998837
2022,2022-08-18,237,32.06751054852321,-44.24300000000008,42,28.57142857142857,-9.408000000000492,149,36.91275167785235,-16.484000000000428
2022,2022-08-17,243,32.098765432098766,-54.66600000000004,47,23.404255319148938,-17.20700000000092,157,35.03184713375796,-21.309000000000566
2022,2022-08-16,240,34.583333333333336,-35.052000000000135,47,27.659574468085108,0.7529999999991135,159,37.735849056603776,-11.492000000000463
2022,2022-08-15,234,30.34188034188034,-36.77899999999937,49,26.53061224489796,0.275999999998658,157,35.03184713375796,-22.109000000000517
2022,2022-08-12,236,22.88135593220339,-84.05599999999976,52,21.153846153846153,-14.156000000001217,160,29.375,-51.85000000000082
2022,2022-08-11,242,22.31404958677686,-85.64900000000071,63,26.984126984126984,-14.30800000000167,169,28.402366863905325,-70.57800000000093
2022,2022-08-10,253,22.529644268774703,-90.98600000000044,60,23.333333333333332,-32.65300000000117,173,25.43352601156069,-93.94600000000138
2022,2022-08-09,260,23.076923076923077,-76.49900000000139,55,21.818181818181817,-30.828000000000653,176,27.27272727272727,-73.34300000000071
2022,2022-08-08,259,26.254826254826252,-76.15200000000215,58,25.862068965517242,-33.41199999999991,174,28.160919540229884,-72.60899999999998
2022,2022-08-05,259,31.27413127413127,-39.62700000000114,58,31.03448275862069,-18.430000000000156,176,31.818181818181817,-48.90900000000097
2022,2022-08-03,255,30.19607843137255,-43.5390000000009,51,25.49019607843137,-22.71999999999998,172,30.813953488372093,-42.2600000000008
2022,2022-08-02,243,34.15637860082305,-25.403000000000333,54,33.33333333333333,-8.725999999999473,163,38.036809815950924,-9.931000000000584
2022,2022-08-01,250,32.0,-45.754999999999896,64,34.375,-10.563999999999668,170,37.64705882352941,-12.783000000000584
2022,2022-07-31,256,30.859375,-42.088999999998535,63,33.33333333333333,-13.67899999999949,169,43.19526627218935,3.72899999999977
2022,2022-07-28,261,30.65134099616858,-33.041999999999646,66,34.84848484848485,-4.400000000000507,167,43.11377245508982,-0.4540000000000861
2022,2022-07-27,266,29.32330827067669,-34.076000000000214,65,33.84615384615385,1.3939999999995474,166,39.1566265060241,-2.5279999999997393
2022,2022-07-26,264,28.78787878787879,-36.41999999999945,62,30.64516129032258,-6.812000000001175,163,38.65030674846626,-0.5099999999998526
2022,2022-07-25,266,26.691729323308273,-50.891000000000275,64,29.6875,-6.62500000000164,167,34.13173652694611,-21.926000000000972
2022,2022-07-22,265,26.41509433962264,-50.4840000000013,67,28.35820895522388,-8.482000000001701,175,32.0,-28.156000000002003
2022,2022-07-21,270,24.814814814814813,-71.88400000000229,68,25.0,-22.20100000000148,179,29.05027932960894,-39.92900000000195
2022,2022-07-20,280,27.142857142857142,-81.27800000000184,75,25.333333333333336,-28.806000000001635,187,32.0855614973262,-36.89300000000199
2022,2022-07-19,271,27.30627306273063,-58.924000000001286,71,25.352112676056336,-17.12900000000167,182,32.417582417582416,-32.73200000000125
2022,2022-07-18,269,30.111524163568777,-44.75500000000153,68,23.52941176470588,-18.81000000000117,172,33.13953488372093,-33.5759999999997
2022,2022-07-15,277,27.436823104693143,-61.19800000000046,63,20.634920634920633,-17.755000000001786,173,30.63583815028902,-41.12999999999974
2022,2022-07-14,275,26.181818181818183,-66.8120000000006,59,18.64406779661017,-14.096000000002096,173,32.947976878612714,-34.889000000000436
2022,2022-07-13,264,22.348484848484848,-106.11199999999923,51,9.803921568627452,-34.15200000000115,170,27.058823529411764,-72.13499999999908
2022,2022-07-12,256,26.171875,-65.36099999999868,48,16.666666666666664,-30.70800000000109,165,27.878787878787882,-63.12899999999877
2022,2022-07-11,263,22.0532319391635,-81.2349999999991,60,13.333333333333334,-36.48600000000057,172,24.418604651162788,-65.63099999999979
2022,2022-07-08,260,27.692307692307693,-45.63399999999956,63,20.634920634920633,-28.249999999999634,173,27.167630057803464,-61.097999999999836
2022,2022-07-07,252,31.349206349206348,-36.06899999999965,55,27.27272727272727,-24.4909999999993,163,32.515337423312886,-45.22399999999956
2022,2022-07-06,270,28.888888888888886,-47.79700000000004,63,28.57142857142857,-20.57799999999961,171,34.50292397660819,-62.0639999999998
2022,2022-07-05,276,24.637681159420293,-85.7910000000024,63,23.809523809523807,-19.389000000000213,176,32.38636363636363,-59.82200000000166
2022,2022-07-03,273,27.83882783882784,-80.27800000000308,52,26.923076923076923,-14.49199999999987,173,36.41618497109826,-57.464000000000496
2022,2022-06-30,271,23.616236162361623,-101.84400000000024,55,23.636363636363637,-20.750999999999973,177,29.943502824858758,-72.43900000000066
2022,2022-06-29,286,22.727272727272727,-102.47800000000254,58,22.413793103448278,-23.027000000000363,185,29.18918918918919,-65.79500000000144
2022,2022-06-28,284,25.0,-85.40800000000085,56,25.0,-14.211999999999716,180,35.55555555555556,-20.38699999999993
2022,2022-06-27,290,25.517241379310345,-81.28700000000096,56,30.357142857142854,-10.51999999999971,182,36.81318681318682,-22.186000000000515
2022,2022-06-24,285,22.105263157894736,-99.69600000000129,56,30.357142857142854,-7.241000000000168,182,36.26373626373626,-19.72300000000102
2022,2022-06-23,278,23.021582733812952,-86.68500000000277,60,23.333333333333332,-15.537000000000713,179,35.754189944134076,-17.178000000001532
2022,2022-06-22,264,25.0,-79.46300000000183,61,27.86885245901639,-11.901000000000021,177,37.28813559322034,-13.670000000000218
2022,2022-06-21,259,25.096525096525095,-75.58600000000189,63,26.984126984126984,-18.64300000000057,178,33.146067415730336,-34.63500000000122
2022,2022-06-20,264,28.40909090909091,-78.75800000000258,62,24.193548387096776,-25.625000000000586,182,32.417582417582416,-48.91500000000146
2022,2022-06-17,257,29.18287937743191,-58.97800000000224,62,25.806451612903224,-17.12600000000079,176,36.93181818181818,-56.770000000001076
2022,2022-06-16,259,25.868725868725868,-77.75700000000214,54,20.37037037037037,-18.063000000001058,173,34.68208092485549,-77.63900000000044
2022,2022-06-15,267,25.0936329588015,-81.74700000000112,51,13.725490196078432,-20.806000000001134,177,32.7683615819209,-84.80500000000087
2022,2022-06-14,268,22.388059701492537,-102.31500000000175,49,10.204081632653061,-24.328000000001158,171,35.08771929824561,-79.68100000000045
2022,2022-06-13,265,22.641509433962266,-99.7510000000018,53,9.433962264150944,-31.303000000001564,159,32.075471698113205,-77.30500000000103
2022,2022-06-10,273,23.809523809523807,-83.98700000000245,55,12.727272727272727,-25.036000000001646,170,31.176470588235293,-45.60400000000119
2022,2022-06-09,275,25.818181818181817,-73.92000000000394,57,21.052631578947366,-17.31400000000135,169,31.360946745562128,-33.502000000000905
2022,2022-06-08,257,26.848249027237355,-73.90100000000407,60,23.333333333333332,-15.967000000001914,161,33.54037267080746,-31.522000000001256
2022,2022-06-07,254,27.95275590551181,-64.0760000000028,57,26.31578947368421,-13.337000000001261,166,35.54216867469879,-21.1179999999999
2022,2022-06-05,247,29.959514170040485,-51.888000000001455,56,30.357142857142854,-10.438000000001196,166,35.54216867469879,-32.369999999999614
2022,2022-06-02,248,29.03225806451613,-48.212999999999155,60,31.666666666666664,-13.31699999999978,168,34.523809523809526,-27.50999999999737
2022,2022-06-01,257,28.404669260700388,-55.50999999999923,57,31.57894736842105,-18.04999999999964,168,33.33333333333333,-42.20199999999805
2022,2022-05-31,266,28.947368421052634,-41.97399999999854,52,32.69230769230769,-13.9529999999992,168,32.142857142857146,-40.34599999999851
2022,2022-05-30,262,27.099236641221374,-55.44399999999943,54,27.77777777777778,-16.75899999999983,165,29.09090909090909,-48.770999999999276
2022,2022-05-27,275,27.27272727272727,-69.06100000000083,56,30.357142857142854,-15.498999999999977,181,32.04419889502763,-51.59799999999901
2022,2022-05-26,276,26.811594202898554,-69.5260000000023,55,23.636363636363637,-22.04500000000098,186,33.87096774193548,-45.52799999999976
2022,2022-05-25,277,27.79783393501805,-72.8690000000012,62,27.419354838709676,-22.94000000000019,187,35.82887700534759,-50.10999999999981
2022,2022-05-24,274,27.37226277372263,-65.59000000000155,69,26.08695652173913,-29.745000000000385,190,38.94736842105263,-36.884999999999536
2022,2022-05-23,276,27.898550724637683,-61.560000000000585,73,26.027397260273972,-31.07000000000026,191,38.21989528795812,-38.90699999999987
2022,2022-05-20,276,28.26086956521739,-75.25800000000069,74,28.37837837837838,-33.11200000000036,184,39.67391304347826,-34.16800000000017
2022,2022-05-19,270,27.77777777777778,-68.6930000000009,68,26.47058823529412,-28.966000000000435,180,35.55555555555556,-39.85500000000002
2022,2022-05-18,257,29.18287937743191,-69.94000000000156,59,30.508474576271187,-18.604000000000767,171,36.84210526315789,-24.04000000000015
2022,2022-05-17,269,27.881040892193308,-99.10000000000039,69,33.33333333333333,-20.384000000000288,183,36.0655737704918,-48.943000000000524
2022,2022-05-16,289,26.643598615916954,-116.93999999999943,59,32.20338983050847,-14.99800000000032,185,36.21621621621622,-44.31299999999987
2022,2022-05-13,298,27.85234899328859,-102.52899999999896,64,31.25,-14.588000000000239,194,39.175257731958766,-36.75400000000087
2022,2022-05-12,287,28.9198606271777,-90.16399999999808,55,34.54545454545455,-8.832000000000106,186,40.32258064516129,-41.95800000000095
2022,2022-05-11,296,26.351351351351347,-106.60999999999873,59,27.11864406779661,-11.765000000000828,189,36.507936507936506,-56.481000000000265
2022,2022-05-10,278,29.496402877697843,-75.00900000000057,53,28.30188679245283,-4.259000000001017,178,37.640449438202246,-31.26800000000148
2022,2022-05-09,258,31.782945736434108,-59.528000000000574,47,23.404255319148938,-16.115000000000823,167,33.532934131736525,-42.39400000000081
2022,2022-05-06,258,31.782945736434108,-58.23700000000018,54,20.37037037037037,-21.05100000000043,167,31.137724550898206,-47.987000000000215
2022,2022-05-04,247,32.79352226720648,-55.28299999999962,59,28.8135593220339,-12.980999999999355,162,35.18518518518518,-38.85099999999958
2022,2022-05-03,250,36.8,-25.85899999999857,55,29.09090909090909,-14.506999999998921,159,36.477987421383645,-16.96199999999911
2022,2022-05-02,270,34.44444444444444,-43.5899999999981,59,28.8135593220339,-14.110999999998784,177,35.59322033898305,-25.236999999999764
2022,2022-05-01,277,33.2129963898917,-46.73999999999879,60,28.333333333333332,-15.820999999998772,190,37.368421052631575,-34.03199999999901
2022,2022-04-28,265,33.20754716981132,-45.611999999998716,53,30.18867924528302,-9.680999999999447,181,35.91160220994475,-44.3429999999998
2022,2022-04-27,271,32.84132841328413,-47.548999999998344,46,26.08695652173913,-15.826999999999494,180,36.11111111111111,-52.11699999999927
2022,2022-04-26,267,32.958801498127336,-54.109999999997996,49,34.69387755102041,-10.383999999998924,182,37.91208791208791,-58.54399999999796
2022,2022-04-25,260,33.46153846153846,-59.04699999999821,46,41.30434782608695,-2.811999999999399,173,39.30635838150289,-49.165999999998455
2022,2022-04-22,247,32.388663967611336,-43.42399999999943,44,40.909090909090914,3.333000000000494,159,37.735849056603776,-40.87699999999888
2022,2022-04-21,204,33.33333333333333,-36.09200000000015,38,42.10526315789473,4.383000000000855,133,41.35338345864661,-11.795999999998546
2022,2022-04-20,200,27.500000000000004,-55.336000000000475,41,34.146341463414636,-2.705999999999176,132,37.878787878787875,-14.44399999999873
2022,2022-04-19,182,28.021978021978022,-47.485000000002984,40,25.0,-10.932999999999765,125,37.6,-21.49500000000012
2022,2022-04-18,182,26.923076923076923,-50.70700000000298,43,18.6046511627907,-21.737999999999918,124,36.29032258064516,-41.461000000000745
2022,2022-04-14,232,26.72413793103448,-75.65600000000373,64,25.0,-23.781000000000674,165,33.939393939393945,-53.56200000000126
2022,2022-04-13,238,28.991596638655466,-75.86500000000169,71,28.169014084507044,-25.629000000000083,165,33.33333333333333,-61.41300000000001
2022,2022-04-12,250,28.000000000000004,-82.55200000000173,70,27.142857142857142,-36.139000000000365,173,34.68208092485549,-50.7719999999998
2022,2022-04-11,258,27.906976744186046,-85.20000000000151,68,25.0,-37.25100000000053,178,32.58426966292135,-53.2739999999993
2022,2022-04-08,256,27.734375,-81.89600000000172,68,22.058823529411764,-33.63400000000056,176,33.52272727272727,-56.344000000000456
2022,2022-04-07,251,29.08366533864542,-73.55200000000055,59,25.423728813559322,-22.478000000000563,171,35.08771929824561,-46.51500000000164
2022,2022-04-06,253,30.8300395256917,-67.12400000000125,54,33.33333333333333,-4.880000000001519,174,39.6551724137931,-31.77900000000254
2022,2022-04-05,264,31.439393939393938,-74.59600000000096,59,37.28813559322034,-1.0580000000011778,177,37.28813559322034,-55.321000000002556
2022,2022-04-04,262,31.297709923664126,-71.00699999999998,63,34.92063492063492,-5.122000000000396,181,35.91160220994475,-56.337000000001304
2022,2022-04-01,257,30.35019455252918,-71.0600000000003,64,35.9375,-2.0980000000004573,175,37.142857142857146,-49.800000000000864
2022,2022-03-30,253,31.620553359683797,-51.49500000000087,60,33.33333333333333,-1.441000000000033,176,33.52272727272727,-65.16200000000022
2022,2022-03-29,257,34.24124513618677,-29.823999999999295,57,38.59649122807017,2.706000000000448,178,32.02247191011236,-73.5119999999989
2022,2022-03-28,255,34.90196078431372,-19.688000000000557,52,38.46153846153847,3.485999999999966,172,36.04651162790697,-56.14399999999993
2022,2022-03-27,263,33.07984790874524,-34.966000000000896,53,35.84905660377358,-10.739000000000122,171,33.33333333333333,-87.48000000000067
2022,2022-03-24,279,34.76702508960574,-42.02500000000106,55,40.0,-8.279000000000904,180,35.0,-81.82300000000193
2022,2022-03-23,291,33.67697594501718,-53.74700000000048,59,35.59322033898305,-15.369000000000643,183,38.25136612021858,-58.46700000000248
2022,2022-03-22,289,32.8719723183391,-68.29800000000256,65,33.84615384615385,-22.333000000000997,182,37.91208791208791,-62.41200000000315
2022,2022-03-21,287,35.88850174216028,-60.74300000000031,58,43.103448275862064,-12.816000000000352,179,43.01675977653631,-40.58500000000259
2022,2022-03-18,283,40.282685512367486,-56.07099999999933,58,39.6551724137931,-22.28900000000008,177,43.50282485875706,-46.8380000000017
2022,2022-03-17,283,39.92932862190813,-64.69899999999973,68,36.76470588235294,-36.23000000000035,184,44.565217391304344,-51.614000000000075
2022,2022-03-16,276,44.565217391304344,-52.40799999999942,71,38.028169014084504,-45.8230000000003,183,44.80874316939891,-68.58299999999994
2022,2022-03-15,269,44.98141263940521,-39.17099999999965,71,36.61971830985916,-38.024000000000775,187,48.1283422459893,-35.31600000000083
2022,2022-03-14,270,44.44444444444444,-52.61400000000003,77,38.961038961038966,-41.56400000000092,191,46.07329842931937,-44.515000000001194
2022,2022-03-11,268,45.149253731343286,-28.642000000000145,81,43.20987654320987,-17.14700000000057,200,48.5,-13.785000000000732
2022,2022-03-10,270,43.333333333333336,-36.19699999999966,74,48.64864864864865,0.3879999999996486,201,46.26865671641791,-18.278000000000425
2022,2022-03-09,261,37.16475095785441,-71.39799999999894,69,44.927536231884055,-6.4710000000005055,193,42.487046632124354,-37.69200000000007
2022,2022-03-08,264,37.5,-54.61699999999885,66,46.96969696969697,-4.924999999999683,191,41.8848167539267,-22.926999999999175
2022,2022-03-07,259,37.45173745173745,-49.84699999999866,66,42.42424242424242,-5.814999999999785,194,39.175257731958766,-52.19999999999895
2022,2022-03-04,272,33.82352941176471,-94.5669999999997,59,40.67796610169492,-30.672000000000075,185,41.08108108108108,-61.20299999999905
2022,2022-03-03,263,36.50190114068441,-69.92800000000135,63,42.857142857142854,-20.22400000000002,185,45.40540540540541,-22.344000000000044
2022,2022-03-02,262,38.54961832061068,-23.072000000000934,69,44.927536231884055,-0.2750000000003614,188,43.61702127659575,4.792000000000044
2022,2022-03-01,265,36.22641509433962,-26.9490000000028,69,39.130434782608695,-3.1400000000008252,186,42.473118279569896,-8.457000000000736
2022,2022-02-27,257,35.797665369649806,-14.037000000002454,72,40.27777777777778,2.6439999999996466,179,43.575418994413404,3.476999999999144
2022,2022-02-24,236,36.86440677966102,14.261999999998178,71,42.25352112676056,20.917000000000424,170,41.76470588235294,11.530000000000427
2022,2022-02-23,245,34.285714285714285,-14.026000000000982,72,38.88888888888889,5.324000000000165,171,39.1812865497076,-17.96099999999951
2022,2022-02-22,248,31.048387096774192,-16.853000000000844,72,33.33333333333333,-3.7959999999992746,178,37.640449438202246,-22.28499999999858
2022,2022-02-21,253,30.434782608695656,-24.438999999999936,72,33.33333333333333,6.193000000000535,177,33.89830508474576,-16.59999999999958
2022,2022-02-18,258,28.294573643410853,-42.2300000000008,72,33.33333333333333,2.1470000000000264,183,32.78688524590164,-19.33100000000022
2022,2022-02-17,268,29.850746268656714,-31.55900000000028,72,33.33333333333333,1.7679999999996712,187,34.75935828877005,-6.091000000000936
2022,2022-02-16,268,27.985074626865668,-34.28399999999975,65,27.692307692307693,-3.649000000000341,183,32.78688524590164,-9.248000000001051
2022,2022-02-15,273,28.205128205128204,-39.064999999999465,62,32.25806451612903,0.07899999999935803,184,32.608695652173914,-5.112000000000808
2022,2022-02-14,267,27.715355805243448,-41.459999999999496,56,30.357142857142854,-4.499000000000663,179,33.5195530726257,-13.82100000000019
2022,2022-02-11,271,27.30627306273063,-60.39600000000059,59,25.423728813559322,-6.065000000001468,180,32.22222222222222,-31.714000000001537
2022,2022-02-10,274,23.722627737226276,-69.1440000000005,57,22.807017543859647,-9.995000000001392,179,26.256983240223462,-42.61600000000163
2022,2022-02-09,277,20.577617328519857,-80.40599999999964,59,20.33898305084746,-15.37400000000075,176,26.136363636363637,-42.87000000000121
2022,2022-02-08,273,19.047619047619047,-86.5670000000001,57,21.052631578947366,-15.614000000000624,175,28.57142857142857,-45.070000000001755
2022,2022-02-07,266,18.421052631578945,-86.05600000000001,57,21.052631578947366,-17.78300000000072,177,25.423728813559322,-58.1160000000015
2022,2022-02-04,256,19.921875,-75.76200000000014,50,24.0,-13.879000000000133,164,23.78048780487805,-59.54600000000032
2022,2022-02-03,252,23.015873015873016,-71.03799999999924,44,25.0,-10.069000000000003,165,27.27272727272727,-50.60799999999995
2022,2022-02-02,247,25.506072874493928,-88.39199999999951,40,30.0,-14.987999999999829,164,32.926829268292686,-52.15999999999901
2022,2022-02-01,244,27.459016393442624,-81.58999999999952,44,27.27272727272727,-19.690000000000097,161,31.67701863354037,-47.6539999999995
2022,2022-01-31,247,27.530364372469634,-78.13299999999906,43,27.906976744186046,-15.155000000000063,165,33.33333333333333,-39.91799999999898
2022,2022-01-27,247,27.125506072874494,-86.07000000000032,40,32.5,-13.278000000000475,170,35.294117647058826,-32.982999999999265
2022,2022-01-26,255,26.666666666666668,-83.87000000000153,53,30.18867924528302,-19.51700000000037,175,35.42857142857142,-40.228999999999814
2022,2022-01-25,265,27.92452830188679,-57.409000000002386,61,32.78688524590164,-12.624000000001113,184,32.608695652173914,-39.35100000000198
2022,2022-01-24,257,28.01556420233463,-50.637000000000775,58,37.93103448275862,-6.286000000000831,175,32.57142857142858,-34.92200000000117
2022,2022-01-23,260,25.384615384615383,-56.0750000000005,60,33.33333333333333,-10.902000000000722,173,30.63583815028902,-38.26700000000152
2022,2022-01-20,268,23.134328358208954,-62.0080000000015,71,32.3943661971831,-12.538000000001325,179,29.608938547486037,-39.59800000000159
2022,2022-01-19,265,23.0188679245283,-59.83500000000117,68,38.23529411764706,-4.468000000000619,174,29.88505747126437,-37.03000000000048
2022,2022-01-18,252,22.61904761904762,-71.01300000000165,73,35.61643835616438,-6.452000000000317,173,27.74566473988439,-45.28899999999939
2022,2022-01-17,261,23.371647509578544,-74.31700000000384,76,39.473684210526315,-5.6540000000001776,183,31.693989071038253,-38.85599999999963
2022,2022-01-14,254,25.590551181102363,-62.71100000000279,73,38.35616438356164,-6.90000000000041,182,31.868131868131865,-45.228999999999495
2022,2022-01-13,237,25.738396624472575,-68.43300000000062,68,35.294117647058826,-7.482999999999583,173,29.47976878612717,-46.78499999999881
2022,2022-01-12,234,28.63247863247863,-55.78000000000139,65,32.30769230769231,-8.442000000000233,168,33.33333333333333,-34.05599999999968
2022,2022-01-11,226,29.646017699115045,-48.59200000000143,57,35.08771929824561,-8.29800000000082,161,34.78260869565217,-39.651000000000025
2022,2022-01-10,231,30.735930735930733,-36.836000000000666,58,27.586206896551722,-16.539000000000534,164,31.70731707317073,-58.95799999999968
2022,2022-01-07,199,32.1608040201005,-23.11000000000084,50,26.0,-15.56200000000058,136,33.82352941176471,-44.54799999999995
2022,2022-01-06,154,35.064935064935064,1.1479999999991897,39,30.76923076923077,-7.817000000000502,103,37.86407766990291,-25.65300000000011
2022,2022-01-05,105,30.476190476190478,-1.6920000000002264,28,28.57142857142857,-10.364000000000347,71,33.80281690140845,-24.78500000000003
2022,2022-01-04,58,32.758620689655174,7.581000000000045,14,28.57142857142857,-3.9740000000002063,40,40.0,-8.646999999999935
2023,2023-12-29,205,24.878048780487806,-35.54699999999684,47,29.78723404255319,-10.444999999999158,144,26.38888888888889,-41.680999999997596
2023,2023-12-28,201,24.378109452736318,-39.04999999999673,44,31.818181818181817,-5.715999999999713,138,29.71014492753623,-28.965999999997937
2023,2023-12-27,201,26.368159203980102,-49.06999999999671,50,34.0,-7.286999999999809,137,33.57664233576642,-29.685999999998472
2023,2023-12-26,201,26.368159203980102,-54.487999999998884,48,29.166666666666668,-12.653000000000567,141,31.914893617021278,-42.310999999999424
2023,2023-12-22,246,28.455284552845526,-47.623999999999995,64,26.5625,-10.231000000001178,170,32.35294117647059,-47.72700000000145
2023,2023-12-21,253,28.063241106719367,-61.44400000000164,59,23.728813559322035,-15.722000000000705,164,31.097560975609756,-38.80300000000152
2023,2023-12-20,259,27.027027027027028,-56.9500000000001,61,22.950819672131146,-12.670000000000023,166,29.518072289156628,-64.3590000000008
2023,2023-12-19,262,25.190839694656486,-70.38099999999955,54,25.925925925925924,-3.309999999999536,163,31.901840490797547,-64.25099999999962
2023,2023-12-18,268,27.985074626865668,-57.49099999999986,63,30.158730158730158,-5.393999999999641,171,34.50292397660819,-67.48199999999834
2023,2023-12-15,279,29.03225806451613,-48.08399999999965,56,37.5,-2.4299999999995627,175,35.42857142857142,-82.13399999999866
2023,2023-12-14,289,29.757785467128027,-48.38799999999998,66,31.818181818181817,-4.343999999998869,183,32.240437158469945,-87.07299999999815
2023,2023-12-13,296,30.067567567567565,-58.2240000000008,68,30.88235294117647,-11.116999999999368,186,32.795698924731184,-53.78299999999941
2023,2023-12-12,297,30.63973063973064,-54.0210000000001,73,28.767123287671232,-17.726999999999727,195,33.84615384615385,-44.273000000000366
2023,2023-12-11,292,29.45205479452055,-38.178000000000694,72,26.38888888888889,-25.169000000000466,196,36.224489795918366,-32.22000000000111
2023,2023-12-08,278,32.014388489208635,-21.4880000000015,73,30.136986301369863,-19.631000000001773,190,39.473684210526315,-18.48400000000196
2023,2023-12-07,263,32.69961977186312,-9.106000000001,65,36.92307692307693,-9.0040000000015,181,41.43646408839779,-8.559000000002426
2023,2023-12-06,258,32.945736434108525,-4.948000000001546,62,32.25806451612903,-11.624000000001978,177,41.24293785310734,-9.346000000002185
2023,2023-12-04,256,32.8125,11.270999999997041,58,31.03448275862069,-13.40700000000161,165,40.0,6.52899999999774
2023,2023-12-03,253,30.8300395256917,-24.319000000001193,56,33.92857142857143,-6.957000000000062,164,38.41463414634146,0.8169999999995179
2023,2023-11-30,248,27.016129032258064,-45.98800000000061,59,23.728813559322035,-12.105999999999813,159,32.075471698113205,-7.860000000000617
2023,2023-11-29,231,24.242424242424242,-54.68299999999972,54,18.51851851851852,-15.103000000000108,150,29.333333333333332,-14.978000000000518
2023,2023-11-28,235,22.127659574468083,-62.801999999999694,59,22.033898305084744,-15.311999999999262,154,28.57142857142857,-8.799000000000023
2023,2023-11-27,243,22.633744855967077,-63.36399999999924,59,25.423728813559322,-10.210999999999146,159,29.559748427672954,-14.112999999999644
2023,2023-11-24,260,22.692307692307693,-74.84400000000028,57,26.31578947368421,-17.747999999999728,164,29.878048780487802,-25.057000000000976
2023,2023-11-23,264,23.863636363636363,-63.27600000000035,54,35.18518518518518,-3.966999999999919,167,32.33532934131736,-11.634000000000606
2023,2023-11-22,267,26.217228464419474,-56.06100000000074,57,35.08771929824561,-1.2370000000006718,170,34.705882352941174,-19.227000000001237
2023,2023-11-21,279,25.448028673835125,-63.557000000000514,58,31.03448275862069,-4.741000000000986,182,31.868131868131865,-30.904000000000813
2023,2023-11-20,277,22.021660649819495,-63.61000000000186,56,25.0,-6.263000000001239,178,32.58426966292135,-15.601000000000884
2023,2023-11-17,271,26.199261992619927,-38.189000000000036,56,26.785714285714285,-3.872000000000937,177,32.7683615819209,-11.530000000000339
2023,2023-11-16,265,25.660377358490567,-42.53699999999981,56,23.214285714285715,-10.029000000000636,179,34.63687150837989,-13.138000000000416
2023,2023-11-15,258,25.968992248062015,-33.82399999999948,49,22.448979591836736,-10.469000000000097,168,35.11904761904761,-8.890999999999947
2023,2023-11-14,256,25.390625,-30.878999999999184,46,21.73913043478261,-9.286000000000238,155,36.774193548387096,-13.832000000000104
2023,2023-11-12,276,25.724637681159418,-50.64099999999776,48,27.083333333333332,-8.19699999999998,164,38.41463414634146,-26.123999999999164
2023,2023-11-09,284,23.239436619718308,-80.80999999999817,58,25.862068965517242,-11.052999999999516,179,32.960893854748605,-56.483999999998844
2023,2023-11-08,288,19.791666666666664,-97.32399999999677,54,24.074074074074073,-14.67599999999929,174,28.160919540229884,-74.95599999999837
2023,2023-11-07,278,19.784172661870503,-113.65299999999806,64,29.6875,-16.608999999999742,178,28.08988764044944,-74.20599999999888
2023,2023-11-06,282,20.921985815602838,-106.76299999999915,72,30.555555555555557,-17.48199999999966,186,29.03225806451613,-71.89599999999947
2023,2023-11-05,259,22.393822393822393,-86.19799999999879,69,30.434782608695656,-16.49499999999948,177,29.37853107344633,-63.65800000000004
2023,2023-11-02,248,25.0,-66.20899999999969,61,29.508196721311474,-18.365999999999712,164,32.31707317073171,-76.09900000000043
2023,2023-11-01,243,29.218106995884774,-48.57700000000008,54,31.48148148148148,-17.32799999999979,163,34.96932515337423,-85.12500000000077
2023,2023-10-31,239,29.707112970711297,-48.551000000000435,46,30.434782608695656,-18.8799999999996,159,37.10691823899371,-84.35400000000101
2023,2023-10-30,243,27.160493827160494,-55.339000000000034,50,28.000000000000004,-26.329999999999924,161,33.54037267080746,-102.19700000000051
2023,2023-10-27,251,25.099601593625497,-68.24399999999964,53,26.41509433962264,-29.998000000000133,162,33.33333333333333,-78.09599999999968
2023,2023-10-26,254,29.527559055118108,-58.228000000001245,64,32.8125,-29.005000000000834,169,36.09467455621302,-74.36199999999921
2023,2023-10-25,247,27.93522267206478,-68.91600000000076,66,31.818181818181817,-32.55200000000077,165,36.96969696969697,-69.90199999999936
2023,2023-10-24,253,28.063241106719367,-42.51100000000028,61,29.508196721311474,-25.06000000000081,169,35.50295857988166,-50.97199999999865
2023,2023-10-23,251,29.08366533864542,-40.41299999999951,62,27.419354838709676,-21.640000000000235,170,33.52941176470588,-51.03799999999911
2023,2023-10-20,253,29.249011857707508,-45.70299999999872,54,20.37037037037037,-29.397999999999048,166,30.120481927710845,-59.38899999999779
2023,2023-10-19,276,31.15942028985507,-5.365999999996294,64,26.5625,-19.209999999998036,176,34.659090909090914,-11.874999999997453
2023,2023-10-18,285,29.82456140350877,-13.593999999998013,71,26.76056338028169,-16.043999999998228,180,32.22222222222222,-9.192999999998849
2023,2023-10-17,290,27.586206896551722,-32.18099999999641,82,28.04878048780488,-14.087999999998285,188,34.04255319148936,-7.249999999998725
2023,2023-10-16,298,28.523489932885905,-26.003999999997266,87,32.18390804597701,-3.6399999999981913,194,37.628865979381445,3.0770000000010853
2023,2023-10-13,288,26.38888888888889,-52.79599999999765,86,31.3953488372093,-0.5999999999985031,191,34.55497382198953,-23.898999999998708
2023,2023-10-12,280,22.5,-64.47999999999979,75,28.000000000000004,-3.073999999999619,186,31.182795698924732,-35.28499999999913
2023,2023-10-11,262,23.66412213740458,-65.06899999999783,65,27.692307692307693,-10.226999999999405,171,35.08771929824561,-43.25899999999815
2023,2023-10-10,237,25.31645569620253,-61.754999999999114,62,25.806451612903224,-17.737999999999737,158,31.645569620253166,-55.672999999998964
2023,2023-10-08,230,25.217391304347824,-58.57099999999833,58,25.862068965517242,-13.953999999999816,152,31.57894736842105,-45.623999999999484
2023,2023-10-05,226,25.221238938053098,-56.917999999998045,55,25.454545454545453,-12.667999999999662,150,29.333333333333332,-57.062000000000126
2023,2023-10-04,215,27.44186046511628,-54.2009999999989,47,29.78723404255319,-8.444999999999844,147,29.931972789115648,-52.83199999999981
2023,2023-10-03,218,27.06422018348624,-49.631999999999024,47,29.78723404255319,-6.104000000000179,149,30.87248322147651,-43.67200000000052
2023,2023-10-02,236,27.11864406779661,-41.624999999998366,47,29.78723404255319,2.370000000000208,158,34.177215189873415,-18.698000000000864
2023,2023-10-01,240,25.416666666666664,-46.711999999999094,51,29.411764705882355,-6.3820000000000165,159,33.9622641509434,-18.415000000001143
2023,2023-09-28,247,23.481781376518217,-56.76499999999979,53,30.18867924528302,-6.4060000000000406,167,34.73053892215569,-12.025000000000457
2023,2023-09-27,262,21.755725190839694,-61.050999999999846,62,30.64516129032258,-7.53199999999983,173,32.369942196531795,-13.161000000000612
2023,2023-09-26,272,20.22058823529412,-61.200999999999944,62,27.419354838709676,-11.323999999999746,182,29.120879120879124,-19.267000000000422
2023,2023-09-25,270,19.25925925925926,-61.51000000000228,69,26.08695652173913,-12.214000000000667,189,26.455026455026452,-35.09300000000057
2023,2023-09-22,267,20.224719101123593,-51.00500000000048,64,25.0,-10.425000000000457,179,25.69832402234637,-33.77400000000039
2023,2023-09-21,252,20.634920634920633,-38.20100000000199,65,23.076923076923077,-8.225000000001044,172,25.0,-38.23900000000221
2023,2023-09-20,248,19.35483870967742,-50.7290000000006,62,19.35483870967742,-10.959000000000874,167,25.748502994011975,-32.661000000003376
2023,2023-09-19,251,19.9203187250996,-62.87100000000028,64,17.1875,-20.50700000000102,167,25.748502994011975,-41.902000000002914
2023,2023-09-18,249,21.686746987951807,-60.5390000000005,60,21.666666666666668,-18.52700000000095,166,27.10843373493976,-36.26700000000296
2023,2023-09-15,244,20.901639344262296,-62.51399999999974,63,20.634920634920633,-15.604000000001038,173,23.699421965317917,-29.926000000003896
2023,2023-09-14,257,22.56809338521401,-66.03500000000068,63,23.809523809523807,-17.653000000001246,178,24.719101123595504,-36.8720000000038
2023,2023-09-13,255,23.137254901960784,-54.720000000002074,65,23.076923076923077,-14.257000000001197,179,21.22905027932961,-41.633000000003506
2023,2023-09-12,258,24.031007751937985,-52.96400000000186,57,24.561403508771928,-11.387000000000763,173,23.121387283236995,-37.69200000000282
2023,2023-09-11,247,22.672064777327936,-50.618000000001445,57,17.543859649122805,-14.347000000000117,165,22.424242424242426,-37.95500000000129
2023,2023-09-08,257,24.5136186770428,-53.75000000000128,57,19.298245614035086,-16.7240000000003,165,23.636363636363637,-51.520999999999745
2023,2023-09-06,269,21.561338289962826,-63.14499999999935,56,16.071428571428573,-15.500999999999475,162,25.308641975308642,-49.73699999999862
2023,2023-09-05,272,22.058823529411764,-69.72199999999921,59,15.254237288135593,-18.026999999999862,166,25.301204819277107,-47.59499999999862
2023,2023-09-04,259,20.84942084942085,-64.54299999999859,59,15.254237288135593,-14.665999999999986,163,24.539877300613497,-45.77899999999872
2023,2023-09-01,271,18.45018450184502,-72.76799999999771,66,13.636363636363635,-17.21299999999946,175,21.142857142857142,-54.72499999999856
2023,2023-08-31,268,20.522388059701495,-67.26299999999979,67,22.388059701492537,-15.102999999999973,176,24.431818181818183,-47.23599999999915
2023,2023-08-30,279,21.50537634408602,-65.18199999999915,75,24.0,-16.465999999998758,187,27.807486631016044,-47.98199999999784
2023,2023-08-29,274,22.62773722627737,-51.94999999999918,77,29.87012987012987,-6.384999999998536,186,30.64516129032258,-38.568999999997644
2023,2023-08-28,283,23.32155477031802,-52.547999999999185,81,27.160493827160494,-14.15599999999922,194,31.958762886597935,-36.85099999999788
2023,2023-08-25,285,23.157894736842106,-52.74199999999905,79,26.582278481012654,-12.412999999999599,186,32.25806451612903,-41.09199999999801
2023,2023-08-24,277,24.187725631768952,-47.67899999999841,75,29.333333333333332,-5.451999999999546,186,32.25806451612903,-38.44999999999796
2023,2023-08-23,267,23.970037453183522,-55.142999999998345,61,26.229508196721312,-15.832000000000289,178,30.337078651685395,-46.35799999999981
2023,2023-08-22,277,23.826714801444044,-66.64999999999864,65,26.153846153846157,-19.637000000000857,182,31.868131868131865,-50.34300000000066
2023,2023-08-21,280,23.214285714285715,-77.13299999999823,59,28.8135593220339,-18.27700000000009,179,32.960893854748605,-51.5640000000008
2023,2023-08-18,296,20.60810810810811,-101.01000000000019,65,24.615384615384617,-23.682000000000468,188,29.78723404255319,-58.30800000000123
2023,2023-08-17,291,19.587628865979383,-98.6409999999996,65,23.076923076923077,-22.423999999999978,178,26.96629213483146,-72.13000000000135
2023,2023-08-16,281,17.08185053380783,-103.31899999999834,63,20.634920634920633,-17.846999999999383,172,25.0,-67.2820000000003
2023,2023-08-15,281,17.08185053380783,-98.1469999999999,65,15.384615384615385,-20.993000000000624,171,21.637426900584796,-64.67500000000152
2023,2023-08-14,279,18.27956989247312,-99.2130000000007,64,14.0625,-20.48300000000022,173,20.809248554913296,-62.39100000000201
2023,2023-08-11,274,22.62773722627737,-77.20100000000053,65,21.53846153846154,-16.379000000000133,172,20.930232558139537,-59.61400000000244
2023,2023-08-09,281,24.199288256227756,-82.26300000000148,63,22.22222222222222,-21.364000000001028,180,22.77777777777778,-51.08100000000264
2023,2023-08-08,275,26.545454545454543,-71.70200000000204,65,23.076923076923077,-23.780999999999718,184,23.91304347826087,-53.12400000000212
2023,2023-08-07,288,26.73611111111111,-81.16700000000137,64,25.0,-24.20299999999957,186,29.56989247311828,-38.82000000000035
2023,2023-08-06,285,27.368421052631582,-66.97000000000185,62,24.193548387096776,-18.172999999999682,189,30.687830687830687,-27.087000000000486
2023,2023-08-03,270,27.40740740740741,-62.54900000000157,56,23.214285714285715,-12.702999999999705,175,34.285714285714285,-9.093000000000991
2023,2023-08-02,238,28.57142857142857,-64.96100000000104,51,27.450980392156865,-23.161999999999075,157,38.21656050955414,-17.826000000000384
2023,2023-08-01,218,28.440366972477065,-56.55500000000061,47,27.659574468085108,-22.64800000000004,140,37.857142857142854,-30.512000000000626
2023,2023-07-31,193,27.461139896373055,-50.266000000000616,39,35.8974358974359,-16.63799999999973,124,34.67741935483871,-34.07800000000117
2023,2023-07-28,190,22.105263157894736,-72.087,46,23.91304347826087,-33.05599999999956,117,28.205128205128204,-56.52700000000064
2023,2023-07-27,191,21.98952879581152,-42.1160000000004,38,13.157894736842104,-19.88299999999944,115,21.73913043478261,-41.66200000000005
2023,2023-07-25,192,22.916666666666664,-42.70599999999959,42,19.047619047619047,-17.29999999999918,116,20.689655172413794,-35.932999999999964
2023,2023-07-24,183,26.229508196721312,-47.568999999998915,51,19.607843137254903,-17.110999999999603,120,25.0,-39.899999999998954
2023,2023-07-20,180,22.77777777777778,-59.03499999999826,48,20.833333333333336,-16.639999999999965,118,26.27118644067797,-46.998999999999455
2023,2023-07-19,172,20.930232558139537,-55.31699999999856,42,19.047619047619047,-19.25400000000004,116,28.448275862068968,-50.12799999999944
2023,2023-07-17,178,21.910112359550563,-44.8649999999992,39,20.51282051282051,-15.831999999999919,118,28.8135593220339,-36.71200000000146
2023,2023-07-14,172,19.186046511627907,-54.46299999999919,38,15.789473684210526,-16.38299999999944,117,26.495726495726498,-29.745000000001163
2023,2023-07-13,165,22.424242424242426,-43.416000000000395,41,26.82926829268293,-12.393999999999505,113,27.43362831858407,-27.955000000001387
2023,2023-07-11,178,20.786516853932586,-60.08199999999975,45,22.22222222222222,-17.70699999999942,113,27.43362831858407,-30.957000000000658
2023,2023-07-10,180,22.77777777777778,-46.983000000000175,48,31.25,-16.64599999999914,106,28.30188679245283,-48.10700000000038
2023,2023-07-06,190,23.157894736842106,-47.29099999999994,52,26.923076923076923,-19.629999999999562,115,28.695652173913043,-50.246999999999616
2023,2023-07-05,200,22.5,-60.02599999999917,54,25.925925925925924,-18.33599999999892,123,30.081300813008134,-53.18999999999788
2023,2023-07-03,188,23.404255319148938,-66.65799999999956,48,27.083333333333332,-17.758999999999425,123,29.268292682926827,-43.66099999999811
2023,2023-06-30,185,20.54054054054054,-77.69399999999929,46,21.73913043478261,-21.462000000000167,121,24.793388429752067,-47.588999999998535
2023,2023-06-28,183,20.76502732240437,-66.42000000000066,41,17.073170731707318,-22.49800000000091,120,23.333333333333332,-38.57600000000048
2023,2023-06-27,195,17.94871794871795,-71.43800000000012,42,19.047619047619047,-14.251000000000795,123,20.32520325203252,-34.749999999999645
2023,2023-06-23,209,16.74641148325359,-84.57100000000088,45,17.77777777777778,-17.33800000000019,127,21.25984251968504,-39.800999999999625
2023,2023-06-22,207,16.425120772946862,-85.69300000000082,47,29.78723404255319,-7.5619999999998075,123,25.203252032520325,-39.20900000000015
2023,2023-06-20,200,19.5,-66.21800000000076,52,28.846153846153843,-7.788000000000375,123,31.70731707317073,-18.78500000000039
2023,2023-06-19,196,25.0,-35.29500000000072,53,32.075471698113205,-3.404000000000771,131,33.587786259541986,-11.342000000000498
2023,2023-06-15,208,25.0,-25.881000000000412,52,26.923076923076923,-7.960000000000854,130,30.0,-19.116000000000668
2023,2023-06-14,207,25.120772946859905,-26.36100000000024,57,26.31578947368421,-7.103000000000656,136,27.205882352941174,-50.54400000000073
2023,2023-06-12,202,21.782178217821784,-39.235999999999336,51,25.49019607843137,-13.011000000000601,133,26.31578947368421,-64.19200000000012
2023,2023-06-09,188,20.74468085106383,-29.654999999998704,48,22.916666666666664,-14.524000000000886,130,26.923076923076923,-54.19800000000055
2023,2023-06-07,174,22.413793103448278,-10.82999999999884,42,26.190476190476193,-5.275000000000455,120,31.666666666666664,-10.450000000000049
2023,2023-06-06,177,23.163841807909606,-19.7479999999995,39,23.076923076923077,-6.336999999999809,121,32.231404958677686,-11.682999999999726
2023,2023-06-05,173,27.74566473988439,4.382000000001099,29,27.586206896551722,2.629000000000768,111,36.03603603603604,8.056000000000545
2023,2023-06-01,180,27.77777777777778,-6.242999999997898,32,37.5,12.81900000000164,116,34.48275862068966,2.247000000001249
2023,2023-05-31,184,30.978260869565215,1.322000000002344,33,42.42424242424242,7.3300000000012,116,39.6551724137931,20.974000000000668
2023,2023-05-29,187,27.27272727272727,-19.014999999997972,39,43.58974358974359,2.077000000000635,118,36.440677966101696,13.948000000001144
2023,2023-05-26,171,26.900584795321635,-35.25599999999913,37,32.432432432432435,-14.898999999999564,113,38.05309734513274,-12.168999999999496
2023,2023-05-24,172,25.0,-27.827999999999893,39,30.76923076923077,-14.87200000000011,112,35.714285714285715,-15.870000000000024
2023,2023-05-23,175,23.42857142857143,-53.246999999999844,37,21.62162162162162,-20.57199999999957,111,32.432432432432435,-38.504000000000104
2023,2023-05-21,182,21.428571428571427,-49.62799999999963,43,18.6046511627907,-18.811999999999987,113,23.893805309734514,-45.93800000000042
2023,2023-05-18,189,28.57142857142857,-54.65299999999846,45,28.888888888888886,-6.199999999999361,120,30.0,-49.7369999999996
2023,2023-05-16,182,30.76923076923077,-57.594999999998564,45,35.55555555555556,-4.389999999999872,123,34.146341463414636,-63.99999999999939
2023,2023-05-15,181,30.939226519337016,-59.8939999999979,51,35.294117647058826,1.123999999999384,126,36.507936507936506,-57.770999999999916
2023,2023-05-11,187,29.411764705882355,-48.26299999999894,51,29.411764705882355,10.92299999999846,124,37.096774193548384,-38.52000000000139
2023,2023-05-10,189,31.746031746031743,-11.960999999999146,45,28.888888888888886,29.964999999998557,117,35.04273504273504,-26.751000000000566
2023,2023-05-08,203,30.049261083743843,-12.622999999999006,50,34.0,29.68299999999908,123,35.77235772357724,-39.56499999999993
2023,2023-05-05,200,33.0,-21.28499999999758,53,35.84905660377358,9.274000000000026,124,37.096774193548384,-42.798999999998884
2023,2023-05-03,202,28.71287128712871,-43.76599999999863,52,38.46153846153847,10.054000000000181,128,42.1875,-10.76400000000043
2023,2023-05-02,185,30.810810810810814,-51.86400000000027,38,42.10526315789473,-1.3839999999998778,115,43.47826086956522,-4.274000000001021
2023,2023-05-01,193,28.497409326424872,-76.21800000000063,42,28.57142857142857,-9.587999999999418,125,38.4,7.525999999998702
2023,2023-04-27,178,25.280898876404496,-87.57499999999945,38,26.31578947368421,-4.354999999998975,116,36.206896551724135,7.20799999999876
2023,2023-04-26,177,23.728813559322035,-96.85699999999987,41,19.51219512195122,-24.34499999999884,119,32.773109243697476,-28.20200000000026
2023,2023-04-24,180,22.22222222222222,-72.29399999999964,43,23.25581395348837,-19.498999999998748,122,30.327868852459016,-39.516000000000204
2023,2023-04-21,186,23.655913978494624,-12.9760000000012,48,29.166666666666668,11.401000000000437,127,31.496062992125985,-7.312000000001162
2023,2023-04-19,187,22.994652406417114,-16.48600000000092,55,32.72727272727273,11.94600000000015,133,30.82706766917293,-13.31500000000128
2023,2023-04-18,189,25.396825396825395,-20.400000000000134,54,38.88888888888889,15.757000000000026,135,33.33333333333333,-0.6940000000017701
2023,2023-04-17,174,28.735632183908045,-29.575000000000543,56,41.07142857142857,8.39600000000069,128,41.40625,14.455999999999591
2023,2023-04-13,140,32.857142857142854,-34.90800000000013,41,46.34146341463415,-8.985999999999375,101,45.54455445544555,-1.943999999999913
2023,2023-04-12,147,34.69387755102041,-13.856000000000819,35,48.57142857142857,1.8380000000006471,100,45.0,-9.248999999999796
2023,2023-04-10,166,30.120481927710845,-48.20900000000093,40,35.0,-16.136999999999716,103,34.95145631067961,-39.865999999999865
2023,2023-04-06,211,31.753554502369667,-41.49899999999998,47,36.17021276595745,-14.439000000000437,129,37.98449612403101,-48.633000000002134
2023,2023-04-04,203,32.01970443349754,-30.717999999999485,46,32.608695652173914,-17.892000000000685,128,42.96875,-16.44400000000256
2023,2023-04-03,208,36.53846153846153,-8.037999999999645,44,40.909090909090914,-7.816000000000529,136,47.05882352941176,2.8079999999970795
2023,2023-03-30,203,38.91625615763547,9.127999999999613,44,40.909090909090914,-5.152000000000545,136,47.05882352941176,-7.915000000001735
2023,2023-03-29,195,34.87179487179487,-13.057999999999772,51,37.254901960784316,-0.18799999999959827,145,39.310344827586206,-20.063000000000102
2023,2023-03-28,201,30.845771144278604,-31.54399999999868,55,32.72727272727273,-2.790999999999488,142,37.32394366197183,-35.78899999999922
2023,2023-03-26,193,30.05181347150259,-9.926999999998625,57,38.59649122807017,5.27200000000048,142,39.436619718309856,-19.274999999998624
2023,2023-03-23,192,31.25,-6.264999999999095,56,32.142857142857146,-10.694000000000145,142,38.028169014084504,-5.988999999999706
2023,2023-03-21,184,38.04347826086957,39.7060000000001,48,45.83333333333333,16.24199999999942,140,41.42857142857143,6.944000000000652
2023,2023-03-20,183,42.62295081967213,39.55300000000181,42,52.38095238095239,15.349999999999774,135,42.96296296296296,13.98200000000134
2023,2023-03-16,190,40.0,-4.528999999997716,42,47.61904761904761,9.621000000000187,130,43.84615384615385,-20.86499999999796
2023,2023-03-15,190,30.526315789473685,-36.207999999997824,40,37.5,-10.054999999999609,122,41.80327868852459,-13.138999999997516
2023,2023-03-13,185,29.72972972972973,-22.043999999998263,34,35.294117647058826,-3.143999999999595,111,40.54054054054054,-11.642999999999292
2023,2023-03-10,193,21.761658031088082,-58.374999999999645,35,28.57142857142857,-4.207000000000335,118,33.05084745762712,-38.06800000000053
2023,2023-03-09,201,21.393034825870647,-55.05699999999952,39,30.76923076923077,0.35300000000002063,128,27.34375,-42.25199999999937
2023,2023-03-07,183,22.950819672131146,-36.443000000000296,47,21.27659574468085,-10.966999999999548,131,25.190839694656486,-48.93299999999835
2023,2023-03-06,179,21.22905027932961,-58.47799999999944,48,20.833333333333336,-14.983999999998879,130,23.076923076923077,-68.46399999999699
2023,2023-03-02,174,25.862068965517242,-45.35199999999991,45,24.444444444444443,-17.250999999998154,119,29.411764705882355,-56.37499999999778
2023,2023-03-01,180,28.333333333333332,-41.236999999999625,38,26.31578947368421,-10.374999999998723,119,36.97478991596639,-34.184999999998425
2023,2023-02-27,186,25.268817204301076,-59.104999999999755,36,27.77777777777778,-14.699999999999543,119,39.49579831932773,-20.703999999999546
2023,2023-02-24,192,26.5625,-68.59799999999942,39,25.64102564102564,-16.700999999999606,128,42.1875,-19.122999999998555
2023,2023-02-22,209,29.1866028708134,-61.60499999999985,45,28.888888888888886,-17.352000000000086,144,39.58333333333333,-20.454999999998613
2023,2023-02-21,240,32.916666666666664,-66.01399999999967,61,32.78688524590164,-29.161000000000005,163,38.65030674846626,-21.54699999999874
2023,2023-02-19,268,34.32835820895522,-48.399999999999054,67,35.82089552238806,-21.549000000000564,180,38.333333333333336,-11.83099999999922
2023,2023-02-16,249,35.7429718875502,-28.15899999999924,60,41.66666666666667,-8.647000000000384,168,40.476190476190474,-10.363999999999196
2023,2023-02-15,255,32.94117647058823,-51.366999999998356,62,41.935483870967744,-12.233000000000077,171,42.69005847953216,-11.01499999999937
2023,2023-02-14,245,31.428571428571427,-53.326999999999316,59,42.3728813559322,-9.343999999999635,169,39.053254437869825,-33.91099999999874
2023,2023-02-13,228,29.385964912280706,-67.60999999999976,62,33.87096774193548,-14.05300000000047,166,34.33734939759036,-52.48700000000048
2023,2023-02-10,228,27.192982456140353,-82.76999999999941,64,35.9375,-15.51599999999989,166,35.54216867469879,-56.814000000000945
2023,2023-02-09,252,28.968253968253972,-92.33600000000038,64,31.25,-28.939000000000803,175,33.714285714285715,-57.40600000000178
2023,2023-02-08,246,28.86178861788618,-69.92400000000063,62,30.64516129032258,-20.18700000000094,173,32.369942196531795,-43.81600000000241
2023,2023-02-07,265,26.79245283018868,-69.71500000000037,64,25.0,-17.7170000000006,176,29.545454545454547,-33.70500000000193
2023,2023-02-06,278,26.978417266187048,-60.24700000000061,55,27.27272727272727,-13.627000000000404,176,33.52272727272727,-20.8460000000004
2023,2023-02-03,270,27.40740740740741,-64.27200000000107,61,27.86885245901639,-18.40400000000086,177,31.07344632768362,-33.059999999999405
2023,2023-02-02,252,26.58730158730159,-45.867000000000786,59,27.11864406779661,-17.02900000000027,174,31.03448275862069,-66.02499999999945
2023,2023-02-01,256,28.125,-55.190000000001156,64,29.6875,-17.69000000000056,175,33.714285714285715,-54.02999999999952
2023,2023-01-31,235,27.659574468085108,-41.83500000000096,60,26.666666666666668,-19.739000000000033,163,34.96932515337423,-53.2649999999986
2023,2023-01-30,224,29.910714285714285,-29.787000000001,60,31.666666666666664,-14.074000000000067,157,35.03184713375796,-61.196999999999356
2023,2023-01-27,234,30.76923076923077,-22.590999999999948,56,33.92857142857143,-5.04999999999991,154,38.961038961038966,-32.13999999999947
2023,2023-01-26,226,33.6283185840708,-1.342999999999119,54,35.18518518518518,3.1119999999998074,151,40.397350993377486,-7.6809999999986225
2023,2023-01-25,245,33.06122448979592,-17.167999999998077,58,37.93103448275862,-4.88299999999922,158,37.9746835443038,-19.97099999999805
2023,2023-01-24,238,33.193277310924366,-24.666999999997735,51,43.13725490196079,-1.0209999999994592,158,39.87341772151899,-3.982999999997986
2023,2023-01-22,235,31.48936170212766,-28.478999999997328,45,35.55555555555556,-6.608999999999242,152,38.81578947368421,-0.6259999999973902
2023,2023-01-19,226,32.743362831858406,-17.5539999999989,52,38.46153846153847,-8.318999999999185,155,40.64516129032258,0.14100000000189183
2023,2023-01-18,234,31.62393162393162,-25.707000000000384,54,44.44444444444444,-4.478999999999632,157,45.22292993630573,9.855000000001466
2023,2023-01-17,246,29.268292682926827,-19.664000000001995,52,40.38461538461539,-1.0110000000001036,158,43.67088607594937,7.907000000001427
2023,2023-01-16,250,28.799999999999997,-20.118000000000855,54,35.18518518518518,-3.0619999999994896,160,42.5,3.2380000000018683
2023,2023-01-13,261,24.904214559386972,-44.08800000000152,50,36.0,0.057999999999992224,161,43.47826086956522,11.516000000000798
2023,2023-01-12,274,22.62773722627737,-68.81100000000043,50,28.000000000000004,-3.9520000000004547,170,35.294117647058826,-27.288000000000004
2023,2023-01-11,264,25.0,-65.49999999999847,47,25.53191489361702,-4.055000000000429,162,33.33333333333333,-24.02800000000107
2023,2023-01-10,249,28.514056224899598,-63.846999999999355,46,28.26086956521739,-4.970000000000666,159,35.22012578616352,-24.17500000000159
2023,2023-01-09,231,29.87012987012987,-54.004999999999185,46,30.434782608695656,-7.124000000000433,152,34.868421052631575,-30.340000000000742
2023,2023-01-06,176,32.95454545454545,-32.084999999999766,38,28.947368421052634,-5.94100000000035,119,32.773109243697476,-18.62000000000084
2023,2023-01-05,112,35.714285714285715,-11.653999999999908,26,26.923076923076923,-10.497000000000025,81,33.33333333333333,-18.521000000000143
2023,2023-01-04,71,30.985915492957744,-9.651000000000481,18,22.22222222222222,-6.533999999999969,50,34.0,-5.882000000000069
2024,2024-12-31,205,35.12195121951219,-23.608999999998566,55,36.36363636363637,-10.884999999999305,139,40.28776978417266,-14.319999999998156
2024,2024-12-30,206,33.00970873786408,-39.49700000000321,49,34.69387755102041,-17.498000000000776,134,37.3134328358209,-40.53099999999886
2024,2024-12-27,211,31.27962085308057,-46.54600000000137,54,35.18518518518518,-10.665999999999528,135,39.25925925925926,-24.858999999997653
2024,2024-12-26,204,28.921568627450984,-63.53900000000003,52,30.76923076923077,-16.9359999999996,132,36.36363636363637,-45.701999999999224
2024,2024-12-24,273,29.67032967032967,-82.82700000000214,72,33.33333333333333,-0.6330000000006324,177,38.4180790960452,-47.87400000000335
2024,2024-12-23,267,34.45692883895131,-62.41300000000038,68,36.76470588235294,3.631999999999968,173,41.040462427745666,-36.45000000000262
2024,2024-12-20,273,30.76923076923077,-88.69800000000177,70,31.428571428571427,-9.261000000001788,179,37.988826815642454,-50.88400000000574
2024,2024-12-19,271,29.88929889298893,-91.33300000000344,65,29.230769230769234,-19.95900000000256,178,37.640449438202246,-56.28900000000393
2024,2024-12-18,275,29.818181818181817,-98.65000000000146,59,22.033898305084744,-35.637000000001365,184,35.32608695652174,-72.86900000000223
2024,2024-12-17,269,32.71375464684015,-73.57499999999784,60,23.333333333333332,-38.25199999999997,181,37.01657458563536,-64.15999999999957
2024,2024-12-16,267,35.2059925093633,-67.4989999999979,60,31.666666666666664,-33.47400000000108,184,41.30434782608695,-61.069000000001594
2024,2024-12-13,256,39.0625,-55.77299999999848,58,36.206896551724135,-28.08300000000063,183,39.89071038251366,-91.34000000000026
2024,2024-12-12,253,41.10671936758894,-28.959999999996032,62,41.935483870967744,-17.811000000000966,182,41.208791208791204,-88.4850000000023
2024,2024-12-11,253,39.130434782608695,-44.36999999999726,60,41.66666666666667,-14.960000000001855,175,40.0,-74.48000000000319
2024,2024-12-09,249,34.93975903614458,-63.26200000000044,58,34.48275862068966,-17.612000000001537,174,36.206896551724135,-99.94800000000197
2024,2024-12-08,242,32.231404958677686,-91.18600000000143,60,33.33333333333333,-19.06800000000112,170,34.705882352941174,-116.75700000000279
2024,2024-12-05,251,35.45816733067729,-66.58100000000078,60,35.0,-17.500000000000455,178,35.39325842696629,-79.0560000000006
2024,2024-12-04,246,34.552845528455286,-64.05100000000148,57,33.33333333333333,-5.708999999999737,177,35.59322033898305,-65.98999999999924
2024,2024-12-03,246,34.959349593495936,-70.77400000000236,55,32.72727272727273,-8.518999999998869,180,36.666666666666664,-41.96299999999928
2024,2024-12-02,252,38.88888888888889,-58.615000000000606,56,35.714285714285715,1.6570000000017915,181,39.226519337016576,-26.21899999999977
2024,2024-11-29,251,38.645418326693225,-15.469000000001131,55,40.0,14.824000000000982,181,41.988950276243095,-4.965999999999167
2024,2024-11-28,258,41.47286821705426,-4.294000000001777,54,42.592592592592595,6.640000000000053,174,44.252873563218394,-9.761999999999528
2024,2024-11-27,254,40.55118110236221,-18.44900000000443,60,45.0,4.166999999998549,178,43.258426966292134,-33.41000000000221
2024,2024-11-26,263,40.68441064638783,-19.933000000000987,62,43.54838709677419,-1.5730000000015967,186,46.236559139784944,-33.22300000000286
2024,2024-11-25,264,39.015151515151516,-31.819000000000234,60,41.66666666666667,-7.720000000001168,189,44.97354497354497,-40.1950000000018
2024,2024-11-22,258,35.65891472868217,-51.37199999999856,66,39.39393939393939,-5.198000000000504,186,41.39784946236559,-31.86700000000173
2024,2024-11-21,276,35.14492753623188,-57.34100000000144,68,42.64705882352941,6.751999999998948,194,40.20618556701031,-37.080000000002926
2024,2024-11-20,271,37.269372693726936,-57.835000000000214,65,40.0,4.600000000000357,186,43.01075268817204,-8.52200000000101
2024,2024-11-19,272,37.13235294117647,-41.15800000000299,63,38.095238095238095,13.976000000000933,188,41.48936170212766,-8.796999999999198
2024,2024-11-18,278,37.76978417266187,-24.31300000000474,65,33.84615384615385,-0.08999999999969321,187,44.38502673796791,16.221000000000576
2024,2024-11-15,268,36.56716417910448,-31.026000000006746,57,33.33333333333333,-3.385000000001038,178,46.06741573033708,24.426000000000307
2024,2024-11-14,258,34.883720930232556,-42.25500000000337,61,32.78688524590164,-10.279000000000632,174,48.85057471264368,21.51799999999931
2024,2024-11-12,246,34.146341463414636,7.587999999997765,68,35.294117647058826,20.27999999999875,174,47.701149425287355,45.89099999999983
2024,2024-11-11,234,32.47863247863248,-24.678000000003333,62,35.483870967741936,6.8569999999973374,162,41.9753086419753,12.222999999995054
2024,2024-11-10,232,31.46551724137931,-34.52700000000176,66,37.878787878787875,11.917999999997214,166,37.95180722891566,-30.184000000003994
2024,2024-11-07,237,33.755274261603375,-20.102000000004317,66,31.818181818181817,3.2839999999972016,172,36.04651162790697,-46.4570000000057
2024,2024-11-06,236,30.93220338983051,-17.94700000000394,62,32.25806451612903,12.904999999998022,171,34.50292397660819,-21.601000000004387
2024,2024-11-05,243,28.80658436213992,-78.36200000000153,51,27.450980392156865,-18.33200000000097,169,35.50295857988166,-46.18000000000421
2024,2024-11-04,247,31.57894736842105,-59.834999999999944,58,37.93103448275862,-5.312999999999286,173,39.30635838150289,-22.17399999999961
2024,2024-11-01,254,30.708661417322837,-63.487999999999204,58,34.48275862068966,-10.925999999999567,178,38.20224719101123,-27.714000000000944
2024,2024-10-31,242,28.512396694214875,-73.6929999999983,55,36.36363636363637,-7.391000000000074,172,40.116279069767444,-15.788000000000832
2024,2024-10-30,238,30.672268907563026,-74.64399999999853,59,35.59322033898305,-16.25899999999938,173,38.72832369942196,-37.883000000001715
2024,2024-10-29,245,32.6530612244898,-64.7690000000025,66,34.84848484848485,-20.250999999999934,178,38.764044943820224,-45.26800000000103
2024,2024-10-28,256,32.8125,-58.092000000003935,66,27.27272727272727,-23.877999999999883,181,38.12154696132597,-45.34300000000094
2024,2024-10-25,250,33.6,-56.99200000000247,65,32.30769230769231,-18.180999999999134,173,39.30635838150289,-35.71099999999943
2024,2024-10-24,250,32.4,-79.03800000000228,71,33.80281690140845,-19.889999999998228,177,36.72316384180791,-55.7819999999987
2024,2024-10-23,260,29.615384615384617,-77.86300000000256,67,29.850746268656714,-24.257999999997903,179,35.19553072625698,-78.04899999999706
2024,2024-10-22,249,27.710843373493976,-82.31900000000252,62,32.25806451612903,-22.009999999999216,170,34.11764705882353,-76.21299999999746
2024,2024-10-21,256,26.5625,-95.14800000000167,61,32.78688524590164,-20.080999999999857,174,32.758620689655174,-83.50899999999984
2024,2024-10-18,271,28.044280442804425,-96.51200000000398,66,31.818181818181817,-19.765999999999803,181,32.59668508287293,-88.36799999999967
2024,2024-10-17,278,28.41726618705036,-100.26500000000405,67,29.850746268656714,-21.054999999999744,182,36.26373626373626,-67.3439999999986
2024,2024-10-16,273,26.73992673992674,-112.82900000000345,72,25.0,-31.29500000000135,184,33.69565217391305,-58.57099999999927
2024,2024-10-15,286,30.069930069930066,-97.67100000000457,73,28.767123287671232,-13.896000000001635,190,37.368421052631575,-44.624999999999545
2024,2024-10-14,266,32.70676691729324,-75.0640000000082,72,30.555555555555557,-13.758000000002445,186,37.634408602150536,-50.04199999999828
2024,2024-10-11,265,31.32075471698113,-50.45600000000694,71,28.169014084507044,-7.114000000003396,184,39.130434782608695,-25.0409999999968
2024,2024-10-10,253,31.620553359683797,-43.204000000006175,63,30.158730158730158,3.130999999997494,177,39.548022598870055,-21.53999999999849
2024,2024-10-08,245,33.06122448979592,-32.1440000000066,58,32.758620689655174,1.4079999999975374,169,42.60355029585799,-22.684999999999764
2024,2024-10-07,236,32.20338983050847,-37.95600000000212,63,36.507936507936506,-9.306000000001042,167,43.11377245508982,-14.048999999998063
2024,2024-10-06,232,32.758620689655174,-36.53299999999889,61,31.147540983606557,-17.08200000000006,166,43.373493975903614,-11.615999999999259
2024,2024-10-03,236,33.89830508474576,-39.66499999999924,56,32.142857142857146,-29.434999999999217,166,39.75903614457831,-34.96100000000089
2024,2024-10-02,244,35.24590163934426,-32.375999999998186,58,34.48275862068966,-27.08399999999856,172,41.27906976744186,-32.029999999999205
2024,2024-10-01,270,34.81481481481482,-44.367000000001084,60,38.333333333333336,-20.00999999999931,182,42.30769230769231,-31.53099999999986
2024,2024-09-30,283,35.68904593639576,-31.811000000001158,55,32.72727272727273,-19.794999999999156,182,41.75824175824176,-49.43200000000152
2024,2024-09-27,293,32.42320819112628,-52.71099999999852,57,33.33333333333333,-19.099999999997998,190,41.05263157894737,-68.49799999999959
2024,2024-09-26,297,30.303030303030305,-64.59999999999937,68,33.82352941176471,-17.65499999999938,198,41.41414141414141,-59.89699999999959
2024,2024-09-25,296,32.0945945945946,-76.36699999999855,63,34.92063492063492,-27.304999999998554,194,40.72164948453608,-84.57199999999993
2024,2024-09-24,280,29.28571428571429,-81.45999999999594,66,30.303030303030305,-30.583999999999097,195,36.92307692307693,-98.27299999999876
2024,2024-09-23,264,29.924242424242426,-72.30500000000012,57,28.07017543859649,-35.94800000000069,186,34.946236559139784,-105.40399999999882
2024,2024-09-20,273,28.93772893772894,-87.6650000000005,59,27.11864406779661,-37.2069999999997,187,34.22459893048128,-104.63999999999797
2024,2024-09-19,267,31.086142322097377,-72.6739999999976,55,30.909090909090907,-26.593999999998683,184,34.78260869565217,-88.40399999999708
2024,2024-09-18,257,28.404669260700388,-77.42899999999727,54,27.77777777777778,-29.01399999999903,179,33.5195530726257,-91.05499999999692
2024,2024-09-17,266,27.44360902255639,-86.81499999999934,54,24.074074074074073,-30.034999999999215,178,33.146067415730336,-69.37599999999983
2024,2024-09-16,263,28.13688212927757,-85.53899999999621,61,27.86885245901639,-25.61199999999844,179,34.63687150837989,-71.04099999999771
2024,2024-09-13,251,31.07569721115538,-72.48899999999705,65,30.76923076923077,-25.70700000000034,178,33.70786516853933,-95.57899999999935
2024,2024-09-12,247,27.530364372469634,-75.1179999999976,62,24.193548387096776,-30.138000000000737,172,31.976744186046513,-96.60699999999898
2024,2024-09-11,255,29.411764705882355,-54.46199999999725,70,28.57142857142857,-25.557000000001153,178,29.775280898876407,-96.03499999999903
2024,2024-09-10,248,29.435483870967744,-43.3489999999998,77,31.16883116883117,-22.791000000000988,181,32.59668508287293,-81.99799999999752
2024,2024-09-09,243,27.572016460905353,-55.3790000000009,70,28.57142857142857,-28.969000000000957,181,30.939226519337016,-79.05299999999963
2024,2024-09-05,242,27.685950413223143,-41.12600000000012,65,24.615384615384617,-23.369999999999894,178,32.58426966292135,-43.573999999998804
2024,2024-09-04,247,30.76923076923077,-50.0090000000022,62,24.193548387096776,-24.927999999999336,172,36.627906976744185,-45.585999999999245
2024,2024-09-03,249,32.53012048192771,-40.15700000000225,57,26.31578947368421,-22.499999999999,171,40.35087719298245,-18.618000000001945
2024,2024-09-02,255,34.11764705882353,-45.58400000000256,52,26.923076923076923,-20.47500000000027,168,38.095238095238095,-49.429000000004265
2024,2024-08-30,260,33.46153846153846,-50.70100000000276,55,29.09090909090909,-17.763999999999662,168,41.07142857142857,-42.67000000000471
2024,2024-08-29,267,29.962546816479403,-67.74900000000062,65,32.30769230769231,-12.368999999999232,178,35.39325842696629,-61.773000000004345
2024,2024-08-28,258,32.945736434108525,-42.68699999999909,62,32.25806451612903,0.4919999999998219,175,34.85714285714286,-60.873000000004154
2024,2024-08-27,250,32.4,-57.26299999999901,57,29.82456140350877,-7.965000000000968,169,37.278106508875744,-52.91500000000479
2024,2024-08-26,262,32.06106870229007,-47.384999999999664,64,25.0,-14.26800000000121,183,38.79781420765027,-9.293000000004767
2024,2024-08-23,257,38.13229571984436,-20.91199999999744,67,34.32835820895522,-8.79100000000144,185,42.16216216216216,-1.5510000000026558
2024,2024-08-22,254,37.79527559055118,-11.061999999999712,65,35.38461538461539,0.15399999999771924,184,46.73913043478261,26.07699999999449
2024,2024-08-21,269,35.687732342007436,-8.336000000001425,68,29.411764705882355,0.3529999999963389,192,43.75,8.033999999993377
2024,2024-08-20,269,31.970260223048324,-39.442000000002096,70,30.0,-0.8630000000030096,195,40.0,-12.588000000005643
2024,2024-08-19,270,35.18518518518518,-24.204000000001543,70,38.57142857142858,13.587999999997017,193,42.487046632124354,-5.6850000000041305
2024,2024-08-16,273,29.67032967032967,-65.47500000000183,66,27.27272727272727,-15.528000000002706,191,38.7434554973822,-46.925000000005824
2024,2024-08-15,261,28.35249042145594,-75.41599999999943,72,27.77777777777778,-18.38500000000286,186,36.02150537634409,-50.02900000000382
2024,2024-08-14,250,28.799999999999997,-82.12499999999773,72,27.77777777777778,-25.575999999999027,180,36.666666666666664,-44.59400000000096
2024,2024-08-13,244,31.967213114754102,-66.9159999999959,72,30.555555555555557,-24.22599999999775,179,40.22346368715084,-37.65999999999922
2024,2024-08-12,232,34.48275862068966,-31.599999999997088,75,29.333333333333332,-9.324999999998447,172,40.69767441860465,-9.392999999999937
2024,2024-08-09,236,40.67796610169492,-13.07799999999876,79,37.9746835443038,9.014000000001676,177,42.3728813559322,1.7850000000004123
2024,2024-08-07,262,41.221374045801525,1.234999999999756,78,44.871794871794876,18.708000000001814,185,48.10810810810811,19.10600000000024
2024,2024-08-06,270,40.370370370370374,-10.614000000004136,77,50.649350649350644,18.185999999999787,184,48.369565217391305,-11.90400000000163
2024,2024-08-05,282,35.1063829787234,-25.119000000003687,79,45.56962025316456,16.36200000000027,191,41.8848167539267,-51.74400000000077
2024,2024-08-04,299,31.103678929765888,-80.37800000000452,70,40.0,-11.2869999999989,198,37.878787878787875,-114.3769999999996
2024,2024-08-01,300,29.666666666666668,-85.80200000000468,72,38.88888888888889,-8.90499999999966,195,35.8974358974359,-103.77600000000075
2024,2024-07-31,272,30.14705882352941,-104.01700000000201,71,38.028169014084504,-14.45499999999874,184,35.32608695652174,-81.5159999999976
2024,2024-07-30,275,33.45454545454545,-77.74500000000171,67,38.80597014925373,-5.524999999997728,182,37.91208791208791,-35.63399999999767
2024,2024-07-29,273,33.6996336996337,-70.85000000000227,55,47.27272727272727,4.296000000000277,175,41.714285714285715,-2.3039999999991743
2024,2024-07-26,272,34.92647058823529,-86.02700000000178,48,45.83333333333333,-9.375000000000092,171,42.69005847953216,-5.112000000000718
2024,2024-07-25,281,36.654804270462634,-45.435999999998515,45,40.0,-12.257999999999353,169,44.37869822485207,16.71500000000079
2024,2024-07-24,285,34.03508771929825,-52.465000000001055,48,33.33333333333333,-15.34000000000024,173,40.46242774566474,-17.435000000000038
2024,2024-07-23,279,35.842293906810035,-45.66000000000013,49,22.448979591836736,-28.78800000000074,171,42.69005847953216,-9.418000000001204
2024,2024-07-22,266,35.338345864661655,-32.02999999999994,55,20.0,-40.90100000000077,173,42.77456647398844,-9.646000000001173
2024,2024-07-19,254,35.43307086614173,-13.067000000000732,56,30.357142857142854,-21.51099999999969,169,44.37869822485207,6.7600000000004075
2024,2024-07-18,249,34.93975903614458,-24.715000000003606,59,32.20338983050847,-20.30500000000056,175,42.285714285714285,-10.435000000001299
2024,2024-07-17,242,35.53719008264463,-33.25700000000088,57,31.57894736842105,-17.173000000000595,170,41.76470588235294,-18.36000000000058
2024,2024-07-16,251,31.872509960159363,-43.803000000000075,60,33.33333333333333,-11.706000000000131,176,38.63636363636363,-35.573999999999806
2024,2024-07-15,250,31.6,-66.51200000000108,61,31.147540983606557,-12.903999999999723,170,35.88235294117647,-49.53299999999853
2024,2024-07-12,255,32.94117647058823,-59.31300000000284,62,30.64516129032258,-15.757000000001334,179,35.754189944134076,-47.629000000000175
2024,2024-07-11,255,32.15686274509804,-43.831000000002845,68,27.941176470588236,-20.93000000000038,175,32.57142857142858,-56.987999999998465
2024,2024-07-10,250,35.199999999999996,-33.77800000000299,66,36.36363636363637,-7.690000000000695,172,34.30232558139535,-52.7380000000002
2024,2024-07-09,250,36.4,-31.383000000002546,59,40.67796610169492,-0.14800000000086921,164,37.80487804878049,-22.016999999999637
2024,2024-07-08,246,31.70731707317073,-34.244999999998704,67,35.82089552238806,-10.525999999999291,164,35.97560975609756,-30.165999999999535
2024,2024-07-04,255,34.509803921568626,-23.456000000001495,63,34.92063492063492,-8.94100000000035,161,34.78260869565217,-25.714000000001032
2024,2024-07-03,270,34.44444444444444,-29.25600000000078,70,35.714285714285715,-10.850999999999658,170,37.05882352941177,-18.642000000001204
2024,2024-07-02,271,29.520295202952028,-67.5360000000016,68,29.411764705882355,-22.246999999999936,173,32.369942196531795,-53.95000000000354
2024,2024-07-01,274,29.56204379562044,-69.23200000000435,74,24.324324324324326,-37.97199999999958,185,32.972972972972975,-61.00700000000461
2024,2024-06-28,275,31.636363636363633,-66.45900000000485,68,27.941176470588236,-30.10400000000036,183,34.42622950819672,-54.06000000000505
2024,2024-06-27,268,29.47761194029851,-46.85600000000258,65,23.076923076923077,-35.310999999999254,189,33.33333333333333,-42.89900000000335
2024,2024-06-26,243,30.45267489711934,-41.76100000000553,57,26.31578947368421,-27.558999999999653,172,34.883720930232556,-51.365000000001984
2024,2024-06-25,235,32.340425531914896,-22.673000000006592,54,24.074074074074073,-27.046000000000546,166,34.93975903614458,-39.80400000000208
2024,2024-06-24,236,32.6271186440678,-25.909000000006202,54,29.629629629629626,-16.17200000000075,163,34.355828220858896,-39.655000000001195
2024,2024-06-21,238,32.773109243697476,-19.08600000000671,53,35.84905660377358,-5.029000000000544,161,37.267080745341616,-32.73700000000253
2024,2024-06-20,236,29.66101694915254,-58.65000000000846,52,36.53846153846153,-7.7250000000007315,153,39.21568627450981,-23.974000000004345
2024,2024-06-19,243,31.68724279835391,-35.425000000006165,54,37.03703703703704,-16.141000000000346,167,40.119760479041915,-38.869000000003226
2024,2024-06-18,237,31.645569620253166,-33.98700000000406,47,38.297872340425535,-19.453000000000333,161,41.61490683229814,-29.13100000000322
2024,2024-06-17,251,30.278884462151396,-35.52400000000415,54,37.03703703703704,-19.230000000000743,169,40.23668639053255,-34.67300000000277
2024,2024-06-14,257,31.906614785992215,-36.31200000000025,56,33.92857142857143,-24.01300000000056,171,36.84210526315789,-46.089000000001924
2024,2024-06-13,261,31.417624521072796,-26.076000000001088,61,31.147540983606557,-34.70100000000113,176,36.93181818181818,-55.01200000000216
2024,2024-06-12,268,30.597014925373134,-56.594000000000584,62,32.25806451612903,-31.05599999999995,175,34.85714285714286,-59.608000000001994
2024,2024-06-11,272,30.88235294117647,-64.43399999999784,59,35.59322033898305,-24.545999999998273,178,35.39325842696629,-75.31699999999964
2024,2024-06-09,257,31.906614785992215,-52.44299999999693,61,32.78688524590164,-27.29099999999853,180,35.55555555555556,-73.11800000000085
2024,2024-06-06,262,27.86259541984733,-71.56299999999362,57,28.07017543859649,-21.120999999997277,186,33.87096774193548,-78.3029999999996
2024,2024-06-05,267,28.08988764044944,-91.7449999999948,60,31.666666666666664,-19.375999999995656,190,33.68421052631579,-101.98999999999889
2024,2024-06-04,260,26.923076923076923,-96.90899999999738,58,25.862068965517242,-23.42999999999629,186,34.40860215053764,-93.73999999999995
2024,2024-06-03,255,25.882352941176475,-91.70599999999743,63,23.809523809523807,-24.78599999999651,181,35.35911602209944,-65.81899999999787
2024,2024-06-02,250,25.6,-94.27899999999954,57,22.807017543859647,-15.212999999997374,169,33.13609467455622,-57.19799999999786
2024,2024-05-30,255,26.27450980392157,-96.67199999999869,65,23.076923076923077,-20.31299999999828,173,31.213872832369944,-70.48799999999856
2024,2024-05-29,268,27.611940298507463,-84.08600000000033,65,27.692307692307693,-12.256000000000311,177,33.89830508474576,-35.29299999999912
2024,2024-05-28,275,26.545454545454543,-96.79600000000119,59,30.508474576271187,-10.157000000001336,176,35.22727272727273,-5.713000000000372
2024,2024-05-27,275,28.363636363636363,-90.633000000003,64,35.9375,-9.859000000001558,187,37.967914438502675,-17.018000000001294
2024,2024-05-24,261,31.800766283524908,-93.03100000000151,62,33.87096774193548,-30.39599999999965,185,41.62162162162162,-35.3590000000031
2024,2024-05-23,265,32.83018867924528,-75.04400000000216,61,36.0655737704918,-28.33300000000072,187,40.106951871657756,-41.79000000000261
2024,2024-05-22,259,35.907335907335906,-57.379000000000175,68,35.294117647058826,-38.68800000000067,190,41.578947368421055,-58.67000000000371
2024,2024-05-21,274,34.306569343065696,-59.51299999999791,71,38.028169014084504,-22.151000000000018,197,39.08629441624365,-59.20500000000121
2024,2024-05-20,274,31.386861313868614,-75.26599999999672,72,33.33333333333333,-24.01600000000044,192,35.41666666666667,-46.97200000000011
2024,2024-05-17,288,30.208333333333332,-57.912999999996,68,29.411764705882355,-19.737000000000624,190,34.73684210526316,-35.315999999999796
2024,2024-05-16,276,32.971014492753625,-34.769999999996976,72,34.72222222222222,1.629999999997926,185,38.37837837837838,-12.747000000002117
2024,2024-05-15,276,31.521739130434785,-50.76599999999891,69,33.33333333333333,-4.767000000001004,178,37.07865168539326,-31.648000000002952
2024,2024-05-14,268,33.95522388059701,-40.06000000000367,66,30.303030303030305,-3.8800000000007433,173,36.41618497109826,-21.36600000000461
2024,2024-05-13,275,32.72727272727273,-57.92700000000514,72,31.944444444444443,-5.8220000000004815,178,38.764044943820224,-45.285000000004494
2024,2024-05-10,270,33.7037037037037,-66.26800000000367,78,34.61538461538461,-7.060000000000948,181,39.226519337016576,-56.20900000000317
2024,2024-05-08,262,30.53435114503817,-103.8960000000051,73,27.397260273972602,-40.284000000000205,179,35.754189944134076,-85.04200000000066
2024,2024-05-07,259,34.36293436293436,-91.78300000000382,71,28.169014084507044,-46.6150000000018,174,37.93103448275862,-70.39999999999948
2024,2024-05-06,257,36.57587548638132,-83.31900000000077,70,28.57142857142857,-45.17500000000247,176,39.77272727272727,-63.58599999999815
2024,2024-05-05,267,38.57677902621723,-56.8399999999978,61,29.508196721311474,-35.54700000000159,171,42.69005847953216,-26.81699999999792
2024,2024-05-02,260,39.23076923076923,-52.039999999995885,55,30.909090909090907,-34.056999999999334,167,40.7185628742515,-37.299999999996444
2024,2024-05-01,265,37.35849056603773,-43.6109999999967,53,30.18867924528302,-20.95999999999967,176,39.77272727272727,-36.53999999999878
2024,2024-04-30,270,35.92592592592593,-50.651999999995965,50,30.0,-21.317999999999756,181,39.226519337016576,-46.82099999999918
2024,2024-04-29,256,38.28125,-31.71999999999454,59,30.508474576271187,-24.651999999998953,182,34.61538461538461,-74.69299999999966
2024,2024-04-26,249,37.75100401606426,-39.47099999999573,56,32.142857142857146,-25.42599999999875,173,39.30635838150289,-39.32999999999913
2024,2024-04-25,243,39.09465020576132,-25.84299999999721,51,29.411764705882355,-17.561999999999177,168,38.69047619047619,-30.98700000000153
2024,2024-04-24,250,40.8,-17.986999999999625,54,42.592592592592595,-4.515999999998533,170,44.70588235294118,-12.79499999999916
2024,2024-04-23,250,43.2,-14.379000000002625,59,42.3728813559322,-7.191999999999829,174,47.701149425287355,-8.571999999999933
2024,2024-04-22,258,42.63565891472868,2.046999999996771,62,48.38709677419355,10.332999999998814,177,52.54237288135594,38.30199999999842
2024,2024-04-19,263,44.48669201520912,10.63199999999636,70,50.0,20.98199999999816,186,51.61290322580645,21.86299999999694
2024,2024-04-18,264,43.18181818181818,34.73199999999608,74,47.2972972972973,26.671999999998388,190,52.10526315789473,55.35599999999614
2024,2024-04-17,265,41.88679245283019,3.16599999999929,75,44.0,10.598999999999258,192,52.604166666666664,30.616999999995315
2024,2024-04-16,269,40.14869888475837,0.11799999999787758,71,43.66197183098591,15.08500000000031,193,49.22279792746114,39.10199999999433
2024,2024-04-15,277,37.545126353790614,-56.02200000000259,68,44.11764705882353,-7.897999999999321,198,47.474747474747474,-7.304000000005637
2024,2024-04-12,273,37.362637362637365,-75.01700000000127,72,41.66666666666667,-20.59199999999955,200,45.0,-39.56100000000424
2024,2024-04-11,270,38.148148148148145,-90.03700000000164,68,45.588235294117645,-18.03799999999964,200,43.0,-78.58900000000358
2024,2024-04-10,265,37.35849056603773,-66.35400000000344,62,40.32258064516129,-22.188000000000002,198,40.909090909090914,-69.04900000000279
2024,2024-04-09,261,36.39846743295019,-46.102000000002306,72,40.27777777777778,-18.09800000000032,194,42.78350515463917,-42.58200000000334
2024,2024-04-08,254,37.79527559055118,-31.30400000000354,67,38.80597014925373,-20.65700000000051,189,45.5026455026455,-31.548000000000513
2024,2024-04-04,215,36.27906976744186,-10.05600000000502,54,40.74074074074074,-15.621000000000361,152,48.026315789473685,5.265000000000427
2024,2024-04-03,196,36.224489795918366,5.709999999994405,53,37.735849056603776,-2.9480000000013202,144,45.13888888888889,11.844999999999537
2024,2024-04-02,192,35.9375,23.98599999999451,48,43.75,21.008999999999023,133,45.86466165413533,34.14300000000086
2024,2024-04-01,192,37.5,24.144999999995076,44,36.36363636363637,12.058999999998566,135,38.51851851851852,5.660000000000776
2024,2024-03-31,206,32.038834951456316,-16.220000000005445,53,26.41509433962264,1.0509999999966564,142,37.32394366197183,-28.431000000002662
2024,2024-03-27,249,34.13654618473896,-2.1060000000013908,64,32.8125,-0.829000000002722,174,41.37931034482759,-9.38800000000154
2024,2024-03-26,251,34.66135458167331,-14.490000000000862,66,31.818181818181817,-10.16300000000155,173,39.884393063583815,-15.462000000000067
2024,2024-03-25,258,31.3953488372093,-44.91300000000055,66,39.39393939393939,-3.5590000000021913,177,38.983050847457626,-33.18500000000122
2024,2024-03-22,260,28.846153846153843,-37.675000000001084,70,35.714285714285715,-6.321000000002186,179,34.63687150837989,-30.814000000001037
2024,2024-03-21,266,27.44360902255639,-42.26200000000035,74,36.486486486486484,0.5589999999985618,175,32.57142857142858,-39.072000000002404
2024,2024-03-20,277,25.27075812274368,-76.98200000000034,68,27.941176470588236,-18.06300000000156,179,31.28491620111732,-61.07000000000227
2024,2024-03-19,285,24.210526315789473,-77.09199999999828,72,25.0,-24.1470000000003,189,31.746031746031743,-62.96200000000074
2024,2024-03-18,272,25.735294117647058,-59.988999999995855,68,27.941176470588236,-14.339999999999325,177,36.15819209039548,-33.340999999999354
2024,2024-03-15,254,27.559055118110237,-39.319999999995424,61,27.86885245901639,-18.33299999999844,167,34.13173652694611,-38.00999999999785
2024,2024-03-14,248,27.419354838709676,-46.95999999999877,66,33.33333333333333,-16.31299999999846,167,37.72455089820359,-32.7929999999973
2024,2024-03-13,246,30.081300813008134,-44.10600000000041,68,41.17647058823529,-5.2919999999990965,158,39.87341772151899,-22.779999999997568
2024,2024-03-12,246,34.146341463414636,-41.09400000000023,66,50.0,2.1490000000010707,159,44.0251572327044,-24.75599999999831
2024,2024-03-11,256,33.59375,-34.04600000000548,67,46.26865671641791,1.3059999999992218,166,43.97590361445783,-25.056000000000687
2024,2024-03-08,253,32.41106719367589,-39.23400000000252,73,41.0958904109589,0.19899999999997608,167,43.712574850299404,-12.85100000000093
2024,2024-03-07,256,31.640625,-33.831000000002604,66,34.84848484848485,-6.1920000000004185,164,43.90243902439025,-26.705000000001785
2024,2024-03-06,256,28.90625,-35.05000000000061,70,22.857142857142858,-15.692000000000004,168,38.69047619047619,-40.64300000000126
2024,2024-03-04,255,23.92156862745098,-38.94100000000003,67,19.402985074626866,-11.752000000000542,158,32.91139240506329,-25.06000000000163
2024,2024-03-03,235,22.97872340425532,-46.56299999999784,65,20.0,-11.73799999999983,147,30.612244897959183,-28.190000000000193
2024,2024-02-29,253,22.529644268774703,-55.91199999999922,60,20.0,-10.81900000000064,153,28.75816993464052,-49.304000000000414
2024,2024-02-28,248,22.58064516129032,-50.68400000000053,59,22.033898305084744,-7.145000000001621,156,28.846153846153843,-28.619000000001687
2024,2024-02-27,243,23.868312757201647,-53.316999999998515,50,22.0,-12.16400000000067,153,28.75816993464052,-26.402999999998748
2024,2024-02-26,259,23.552123552123554,-56.785999999999426,60,20.0,-16.64100000000053,171,29.239766081871345,-32.784999999998895
2024,2024-02-23,257,26.07003891050584,-46.09100000000072,59,23.728813559322035,-13.30700000000097,176,31.818181818181817,-26.238999999999763
2024,2024-02-22,257,23.346303501945524,-47.14300000000017,61,22.950819672131146,-10.127000000001043,183,31.693989071038253,-27.951999999999636
2024,2024-02-21,269,20.817843866171003,-57.35500000000098,64,25.0,-9.659000000000606,189,30.158730158730158,-36.3929999999994
2024,2024-02-20,272,20.955882352941178,-70.03700000000131,60,26.666666666666668,-10.150000000000317,189,31.216931216931215,-52.24800000000008
2024,2024-02-19,282,21.631205673758867,-74.50600000000159,63,30.158730158730158,-4.359000000000926,190,31.57894736842105,-53.10100000000078
2024,2024-02-16,274,21.532846715328464,-68.55000000000182,60,26.666666666666668,-5.17100000000096,186,30.107526881720432,-46.160000000001176
2024,2024-02-15,264,21.96969696969697,-64.8140000000024,53,22.641509433962266,-10.319000000001186,177,27.11864406779661,-58.95100000000106
2024,2024-02-14,249,25.702811244979916,-41.46800000000171,62,22.58064516129032,-8.919000000001144,173,28.32369942196532,-44.99900000000148
2024,2024-02-13,241,26.141078838174277,-29.33100000000077,63,23.809523809523807,-6.846000000000778,165,29.6969696969697,-34.819000000001324
2024,2024-02-12,225,26.222222222222225,-32.51100000000088,59,27.11864406779661,-0.17900000000035982,155,32.903225806451616,-26.035000000000306
2024,2024-02-09,230,29.130434782608695,-35.47699999999895,65,24.615384615384617,-9.85299999999984,154,31.16883116883117,-37.65699999999974
2024,2024-02-08,231,31.601731601731604,-28.102999999999565,66,28.78787878787879,-3.7289999999990924,158,37.34177215189873,-8.394999999998477
2024,2024-02-07,242,32.231404958677686,-39.588000000000775,63,30.158730158730158,-7.057999999998952,159,39.62264150943396,-8.589999999998822
2024,2024-02-06,249,31.32530120481928,-28.63400000000164,61,31.147540983606557,4.623000000000319,159,38.36477987421384,-20.156999999999737
2024,2024-02-05,258,30.23255813953488,-40.470999999999876,69,26.08695652173913,-2.223999999999526,165,32.72727272727273,-43.77599999999983
2024,2024-02-01,254,28.74015748031496,-41.727000000001055,59,25.423728813559322,3.6170000000003695,159,33.33333333333333,-36.08899999999997
2024,2024-01-31,253,28.063241106719367,-44.26900000000033,56,26.785714285714285,0.7919999999997351,158,33.54430379746836,-50.79500000000109
2024,2024-01-30,253,27.66798418972332,-31.284999999998355,61,26.229508196721312,3.0180000000005265,165,32.72727272727273,-55.98399999999971
2024,2024-01-29,263,28.13688212927757,-49.773999999998395,56,26.785714285714285,-5.742999999998986,172,36.627906976744185,-37.248999999999704
2024,2024-01-28,264,27.27272727272727,-55.870999999998105,54,27.77777777777778,-11.02299999999927,179,37.988826815642454,-31.22600000000062
2024,2024-01-25,257,27.626459143968873,-51.893999999998336,51,27.450980392156865,-11.342999999999346,180,38.88888888888889,-31.037999999999556
2024,2024-01-24,267,28.46441947565543,-62.34899999999848,54,25.925925925925924,-10.869999999999251,184,38.58695652173913,-30.206999999999027
2024,2024-01-23,255,30.58823529411765,-62.34699999999907,50,36.0,-7.0599999999999445,176,41.47727272727273,-14.452999999999932
2024,2024-01-22,245,31.428571428571427,-45.218000000001695,49,36.734693877551024,-5.681000000000995,164,43.90243902439025,-4.985000000000403
2024,2024-01-19,239,31.799163179916317,-39.77400000000381,52,36.53846153846153,-5.38500000000081,161,41.61490683229814,-6.594000000000692
2024,2024-01-18,247,31.983805668016196,-25.23300000000441,55,41.81818181818181,0.7549999999982888,162,41.9753086419753,18.3949999999978
2024,2024-01-17,247,31.983805668016196,-13.806000000004275,50,42.0,3.6299999999982897,166,41.566265060240966,3.805999999996904
2024,2024-01-16,256,29.6875,-26.06300000000462,53,35.84905660377358,-0.9990000000019326,170,38.82352941176471,-13.37300000000322
2024,2024-01-15,255,29.80392156862745,-33.70100000000231,49,34.69387755102041,-6.621000000000823,169,36.68639053254438,-39.405000000000925
2024,2024-01-12,279,27.956989247311824,-48.05300000000062,60,31.666666666666664,-17.084000000001197,177,38.4180790960452,-55.21600000000206
2024,2024-01-11,283,26.148409893992934,-61.335000000001955,63,25.396825396825395,-28.646000000000956,178,38.20224719101123,-34.40000000000131
2024,2024-01-09,269,27.137546468401485,-36.768000000004406,65,24.615384615384617,-19.98200000000156,171,39.1812865497076,-10.885000000001757
2024,2024-01-08,280,28.214285714285715,-18.634000000004107,58,29.310344827586203,-7.979000000001726,172,40.69767441860465,4.290999999997764
2024,2024-01-07,234,29.48717948717949,-15.098000000003644,52,32.69230769230769,-5.08900000000076,144,41.66666666666667,14.894999999998346
2024,2024-01-04,172,31.3953488372093,-0.8860000000032886,31,32.25806451612903,5.503999999999498,105,41.904761904761905,12.46999999999912
2024,2024-01-03,112,35.714285714285715,15.562999999997693,20,40.0,11.889999999999874,67,40.298507462686565,16.832999999999497
2025,2025-12-31,218,54.12844036697248,-40.7369999999979,110,54.54545454545454,-58.482999999994725,184,54.347826086956516,-63.42799999999151
2025,2025-12-30,207,51.690821256038646,-51.663999999993734,105,51.42857142857142,-66.85599999999066,169,52.071005917159766,-78.82299999998648
2025,2025-12-29,212,54.24528301886793,-46.00399999999481,105,55.23809523809524,-39.03499999999437,168,52.38095238095239,-65.11699999999163
2025,2025-12-26,230,50.8695652173913,-26.424000000000856,101,51.48514851485149,-18.068999999996922,174,51.14942528735632,-27.08599999999639
2025,2025-12-24,284,50.0,-51.00800000000417,111,48.64864864864865,-43.21900000000023,210,52.85714285714286,-18.616999999999262
2025,2025-12-23,284,51.76056338028169,-20.902000000006225,108,53.70370370370371,-20.612000000000606,210,56.666666666666664,10.271000000002463
2025,2025-12-22,285,47.368421052631575,-33.99000000000433,101,53.46534653465347,-0.8429999999972864,206,58.252427184466015,43.92000000000536
2025,2025-12-19,265,47.924528301886795,-42.88199999999685,99,54.54545454545454,-9.110999999993298,199,56.78391959798995,16.629000000011928
2025,2025-12-18,258,51.55038759689923,3.9169999999961966,99,61.61616161616161,18.556000000003426,198,60.1010101010101,6.093000000004796
2025,2025-12-17,272,50.73529411764706,6.486999999999716,101,58.415841584158414,-4.502999999996226,207,57.48792270531401,-28.153999999994415
2025,2025-12-16,273,45.78754578754579,-51.25000000000236,93,51.61290322580645,-25.515999999998325,201,52.736318407960205,-41.657000000001226
2025,2025-12-15,267,47.19101123595505,-56.860000000005485,93,50.53763440860215,-29.393000000000562,203,51.724137931034484,-92.0530000000095
2025,2025-12-12,257,44.74708171206226,-78.8330000000018,85,49.411764705882355,-26.408999999999647,192,51.5625,-78.73200000001034
2025,2025-12-11,269,43.12267657992565,-81.1570000000018,91,51.64835164835166,-8.450000000000909,192,53.645833333333336,-44.042000000008
2025,2025-12-09,268,41.04477611940299,-80.80799999999964,90,53.333333333333336,20.45599999999922,191,56.54450261780105,0.3039999999908005
2025,2025-12-08,267,41.947565543071164,-84.42599999999527,93,50.53763440860215,2.9259999999980266,191,58.63874345549738,19.525999999995115
2025,2025-12-07,258,43.41085271317829,-75.05599999999467,88,52.27272727272727,9.295999999997933,191,62.82722513089005,51.91899999999788
2025,2025-12-04,245,43.673469387755105,-65.49099999999362,92,51.08695652173913,14.791999999996392,192,58.333333333333336,28.02799999999535
2025,2025-12-03,234,43.58974358974359,-68.66899999999694,78,48.717948717948715,-4.398000000003404,180,56.666666666666664,5.790999999991998
2025,2025-12-02,226,44.24778761061947,-86.9439999999924,81,49.382716049382715,-14.48000000000156,180,53.888888888888886,-43.231000000007946
2025,2025-12-01,234,47.863247863247864,-70.95799999999761,85,49.411764705882355,-44.454000000003376,184,51.63043478260869,-64.75400000001198
2025,2025-11-28,250,49.2,-71.53300000000216,93,46.236559139784944,-67.69000000000288,195,51.28205128205128,-96.60600000000932
2025,2025-11-27,258,50.3875968992248,-94.92900000000425,112,48.214285714285715,-105.92900000000274,207,54.589371980676326,-118.23800000000884
2025,2025-11-26,265,52.45283018867924,-10.752000000000425,130,47.69230769230769,-81.36300000000347,220,55.45454545454545,-86.11200000000734
2025,2025-11-25,263,55.51330798479087,3.7399999999996822,130,53.07692307692308,-62.77700000000188,223,58.29596412556054,-63.70500000000185
2025,2025-11-23,244,53.278688524590166,-28.971000000000245,130,53.84615384615385,-71.10000000000221,215,58.6046511627907,-83.05900000000064
2025,2025-11-20,256,57.03125,-2.0939999999975214,148,56.75675675675676,-75.02300000000022,232,59.91379310344828,-85.70200000000148
2025,2025-11-19,260,56.92307692307692,4.460000000003703,137,56.20437956204379,-75.09599999999992,231,58.87445887445888,-117.39500000000335
2025,2025-11-18,274,55.47445255474452,-80.12299999999803,131,56.48854961832062,-91.81200000000099,235,57.87234042553191,-154.7870000000012
2025,2025-11-17,276,53.985507246376805,-99.00200000000152,123,54.47154471544715,-90.03900000000259,231,55.41125541125541,-150.57100000000514
2025,2025-11-16,273,55.311355311355314,-71.91799999999931,120,53.333333333333336,-68.25200000000177,225,55.111111111111114,-120.83400000000574
2025,2025-11-13,260,51.53846153846153,-57.81100000000103,93,50.53763440860215,-29.55600000000241,212,54.71698113207547,-72.15100000000565
2025,2025-11-12,268,51.49253731343284,-63.83900000000094,89,51.68539325842697,-8.797000000002118,211,55.92417061611374,-16.939000000003205
2025,2025-11-11,261,50.57471264367817,-51.13100000000139,91,48.35164835164835,-16.660000000001858,206,54.85436893203883,-41.380000000007534
2025,2025-11-10,257,47.85992217898833,-45.67500000000281,101,48.51485148514851,-0.7140000000033015,206,55.33980582524271,-12.161000000006588
2025,2025-11-07,262,47.70992366412214,-49.36100000000434,107,49.532710280373834,-12.214000000003953,209,55.02392344497608,-28.232000000005687
2025,2025-11-06,261,45.593869731800766,-78.41100000000705,117,47.863247863247864,-16.287000000004262,210,51.90476190476191,-86.99900000000659
2025,2025-11-05,253,45.8498023715415,-90.07100000000679,128,46.875,-43.93300000000416,217,52.07373271889401,-105.31600000000742
2025,2025-11-04,248,47.58064516129033,-83.37200000000445,128,49.21875,-27.537000000003523,216,53.24074074074075,-64.70600000000483
2025,2025-11-03,244,47.950819672131146,-115.63400000000117,130,51.53846153846153,-37.63100000000122,214,54.20560747663551,-85.88900000000082
2025,2025-10-31,253,48.22134387351779,-89.56300000000154,143,51.74825174825175,-16.17300000000076,224,55.35714285714286,5.982999999998572
2025,2025-10-30,261,48.275862068965516,-91.49599999999981,143,47.55244755244755,-57.081999999999496,230,54.347826086956516,-10.085000000000012
2025,2025-10-29,255,53.333333333333336,-88.97000000000114,150,54.666666666666664,-56.03600000000006,228,58.333333333333336,3.3649999999979165
2025,2025-10-28,254,54.7244094488189,4.048999999994219,164,56.70731707317073,21.065999999997263,232,60.775862068965516,86.93099999999558
2025,2025-10-27,261,51.724137931034484,18.788999999991802,164,50.0,-58.54600000000328,235,57.446808510638306,97.99899999999656
2025,2025-10-24,263,58.174904942965775,81.56399999999242,172,56.97674418604651,1.092999999997165,238,60.924369747899156,112.28599999999766
2025,2025-10-23,262,59.16030534351145,129.35199999999088,186,59.13978494623656,68.04899999999704,238,61.34453781512605,177.49699999999876
2025,2025-10-22,262,55.343511450381676,107.36599999999643,174,55.172413793103445,15.775999999998628,230,57.826086956521735,146.3370000000018
2025,2025-10-20,272,55.88235294117647,86.28199999999796,173,57.22543352601156,11.172000000001724,232,57.758620689655174,83.83000000000138
2025,2025-10-19,264,59.46969696969697,103.63299999999452,165,63.030303030303024,82.03200000000058,221,61.990950226244344,107.5429999999972
2025,2025-10-16,259,55.98455598455598,31.75599999999506,150,58.666666666666664,3.4179999999992123,218,61.46788990825688,38.496999999996596
2025,2025-10-15,252,54.761904761904766,-25.300000000004616,140,57.14285714285714,-41.663000000001816,215,58.139534883720934,-87.3700000000044
2025,2025-10-14,252,51.98412698412699,-33.70800000000544,134,57.46268656716418,-0.6500000000017163,214,59.345794392523366,-58.51700000000325
2025,2025-10-13,247,46.558704453441294,-76.95900000000111,119,51.26050420168067,-33.393000000001656,204,56.86274509803921,-83.9870000000017
2025,2025-10-10,259,42.471042471042466,-91.88999999999879,111,46.846846846846844,-27.93900000000184,207,52.17391304347826,-95.44400000000168
2025,2025-10-09,269,39.405204460966544,-101.45999999999759,106,48.113207547169814,-6.2940000000009615,207,50.72463768115942,-62.23200000000079
2025,2025-10-08,270,39.62962962962963,-74.34499999999844,98,48.97959183673469,10.070999999998914,202,50.495049504950494,-46.75800000000197
2025,2025-10-07,263,40.68441064638783,-87.3559999999971,96,48.95833333333333,-13.540999999999901,194,50.51546391752577,-70.98700000000035
2025,2025-10-06,273,41.75824175824176,-76.53699999999671,94,52.12765957446809,-2.9569999999992396,203,50.24630541871922,-80.09999999999954
2025,2025-10-03,264,43.56060606060606,-72.23299999999955,94,53.191489361702125,-11.189999999998491,201,52.23880597014925,-59.55399999999936
2025,2025-10-02,249,41.365461847389554,-74.57399999999987,90,46.666666666666664,-22.245999999998713,196,49.48979591836735,-80.80800000000016
2025,2025-10-01,254,43.7007874015748,-47.55999999999928,93,47.31182795698925,-14.659999999998579,201,52.736318407960205,-27.255999999998643
2025,2025-09-30,257,45.13618677042802,-44.732000000003524,85,45.88235294117647,-15.20300000000043,200,54.50000000000001,3.2509999999997703
2025,2025-09-29,244,44.26229508196721,-64.84300000000238,78,43.58974358974359,-27.613000000000387,187,51.33689839572193,-23.09699999999964
2025,2025-09-26,244,44.26229508196721,-51.56999999999997,75,50.66666666666667,-4.529000000000438,179,55.865921787709496,30.970000000002283
2025,2025-09-25,259,43.62934362934363,-46.471999999999554,74,51.35135135135135,-6.978999999999625,186,56.451612903225815,38.783000000002914
2025,2025-09-24,265,41.509433962264154,-61.36299999999936,77,51.94805194805194,-5.727999999999059,183,53.00546448087432,-11.58099999999611
2025,2025-09-23,261,41.37931034482759,-40.54599999999772,73,47.94520547945205,-5.870999999997907,185,48.64864864864865,-35.31599999999615
2025,2025-09-22,247,39.67611336032389,-52.704999999999366,72,45.83333333333333,-10.410999999999968,180,47.22222222222222,-37.054999999998465
2025,2025-09-19,255,39.6078431372549,-56.977999999996875,69,42.028985507246375,-23.88199999999942,176,46.02272727272727,-38.142999999999745
2025,2025-09-18,249,40.963855421686745,-71.98199999999616,75,46.666666666666664,-22.080999999998763,177,44.632768361581924,-50.78999999999714
2025,2025-09-16,250,40.8,-60.622999999998235,69,44.927536231884055,-20.63199999999897,174,44.252873563218394,-44.34899999999769
2025,2025-09-15,256,41.015625,-71.14099999999844,66,45.45454545454545,-22.055999999998853,176,46.590909090909086,-35.881000000000036
2025,2025-09-14,272,41.17647058823529,-52.56499999999633,69,43.47826086956522,-15.252999999997247,185,46.48648648648649,-32.23099999999795
2025,2025-09-11,271,39.11439114391143,-55.03599999999703,66,45.45454545454545,-11.058999999999465,182,48.35164835164835,-15.965000000001396
2025,2025-09-10,262,40.458015267175576,-45.16199999999925,68,47.05882352941176,-2.4610000000003343,179,48.04469273743017,-12.894000000002308
2025,2025-09-09,264,39.39393939393939,-39.22899999999735,66,50.0,9.39599999999864,180,50.0,1.5599999999986078
2025,2025-09-08,262,41.98473282442748,-29.633999999999464,75,53.333333333333336,5.782999999998988,183,52.459016393442624,10.980999999999234
2025,2025-09-05,248,41.53225806451613,-37.956999999999965,79,50.63291139240506,-1.2150000000004204,178,52.24719101123596,14.47000000000062
2025,2025-09-04,241,41.49377593360996,-43.69600000000054,75,49.333333333333336,1.4360000000001538,175,52.0,8.368000000004052
2025,2025-09-03,242,38.84297520661157,-52.76900000000195,78,39.743589743589745,-16.134000000000555,177,46.32768361581921,-26.72399999999734
2025,2025-09-02,247,36.43724696356275,-67.61600000000402,79,36.708860759493675,-18.27400000000106,175,41.714285714285715,-37.622999999997326
2025,2025-09-01,243,34.15637860082305,-62.33200000000225,68,32.35294117647059,-20.218000000001293,166,40.36144578313253,-43.44299999999812
2025,2025-08-29,242,30.57851239669421,-37.99000000000517,57,24.561403508771928,-35.10000000000119,164,38.41463414634146,-67.53899999999912
2025,2025-08-28,251,33.86454183266932,-29.30900000000582,63,33.33333333333333,-26.715000000002046,170,40.0,-62.51300000000037
2025,2025-08-27,246,32.52032520325203,-6.755000000005744,53,39.62264150943396,-15.616000000000525,168,39.88095238095239,-41.98099999999849
2025,2025-08-26,259,32.818532818532816,-13.55100000000385,60,36.666666666666664,-24.266999999998916,171,39.1812865497076,-38.16399999999857
2025,2025-08-25,280,30.0,-42.783000000003995,68,30.88235294117647,-23.673999999999616,180,37.22222222222222,-32.45999999999913
2025,2025-08-22,268,30.970149253731343,-61.263000000004105,60,33.33333333333333,-16.760000000001128,168,39.285714285714285,-27.718000000003123
2025,2025-08-21,267,30.337078651685395,-62.04000000000397,61,31.147540983606557,-19.753000000000338,176,40.909090909090914,-1.6270000000019404
2025,2025-08-20,254,29.527559055118108,-69.36500000000414,61,22.950819672131146,-32.125000000001094,172,44.18604651162791,-20.181000000001745
2025,2025-08-19,241,32.780082987551864,-58.44700000000393,53,28.30188679245283,-22.665000000001417,170,47.05882352941176,-26.938000000000997
2025,2025-08-17,234,32.47863247863248,-66.48700000000308,54,35.18518518518518,-20.921000000000998,163,50.306748466257666,-28.42300000000121
2025,2025-08-14,244,33.19672131147541,-91.93899999999967,66,36.36363636363637,-28.27000000000016,175,49.714285714285715,-37.02899999999771
2025,2025-08-13,234,34.18803418803419,-99.45599999999902,65,36.92307692307693,-30.952000000000684,173,45.664739884393065,-83.6150000000017
2025,2025-08-12,236,34.32203389830508,-95.43999999999978,61,39.34426229508197,-30.291000000000803,171,45.614035087719294,-76.98400000000376
2025,2025-08-11,243,33.33333333333333,-104.28499999999858,62,38.70967741935484,-27.185000000001217,177,45.76271186440678,-90.65600000000394
2025,2025-08-10,255,32.15686274509804,-106.33699999999955,61,32.78688524590164,-32.49100000000017,179,43.01675977653631,-119.8260000000021
2025,2025-08-07,263,31.55893536121673,-82.94699999999929,59,38.983050847457626,-22.731000000000495,181,40.88397790055249,-121.63000000000346
2025,2025-08-06,287,32.752613240418114,-104.18599999999688,63,34.92063492063492,-30.417999999999758,189,39.682539682539684,-139.80999999999884
2025,2025-08-05,287,34.84320557491289,-84.88899999999458,73,35.61643835616438,-36.40799999999817,191,38.7434554973822,-127.83299999999618
2025,2025-08-04,285,33.33333333333333,-101.81799999999339,66,34.84848484848485,-39.64299999999931,184,35.869565217391305,-119.12799999999586
2025,2025-08-01,290,33.10344827586207,-120.85299999999327,68,30.88235294117647,-44.473999999997986,189,36.507936507936506,-103.1269999999943
2025,2025-07-31,281,36.29893238434164,-89.9409999999959,61,26.229508196721312,-42.3209999999992,178,36.51685393258427,-89.80799999999326
2025,2025-07-30,287,38.32752613240418,-80.73699999999864,62,32.25806451612903,-25.130999999999766,182,41.75824175824176,-35.749999999996724
2025,2025-07-29,289,38.75432525951557,-90.37799999999955,57,35.08771929824561,-23.15699999999961,185,44.32432432432433,-34.04199999999808
2025,2025-07-28,300,40.33333333333333,-65.6890000000044,66,36.36363636363637,-21.228000000000705,193,45.07772020725388,-21.783000000000904
2025,2025-07-25,287,39.721254355400696,-61.30800000000628,64,40.625,-17.68200000000143,183,49.72677595628415,-4.725000000002704
2025,2025-07-24,285,37.89473684210527,-73.63500000000614,66,34.84848484848485,-27.894000000000872,189,48.148148148148145,6.282999999996914
2025,2025-07-23,276,35.507246376811594,-92.67100000000637,65,36.92307692307693,-34.71600000000035,185,49.18918918918919,1.8040000000005776
2025,2025-07-22,255,34.90196078431372,-96.37100000000555,66,37.878787878787875,-32.20500000000056,172,48.837209302325576,-19.723999999999155
2025,2025-07-21,240,35.41666666666667,-116.67500000000155,65,40.0,-35.50099999999884,175,46.85714285714286,-62.66899999999756
2025,2025-07-18,234,37.17948717948718,-115.05799999999752,70,38.57142857142858,-45.177999999998086,170,42.94117647058823,-66.33099999999558
2025,2025-07-17,228,36.40350877192983,-102.22099999999875,73,38.35616438356164,-48.18499999999959,164,43.292682926829265,-68.49999999999937
2025,2025-07-16,222,35.13513513513514,-80.53099999999807,73,35.61643835616438,-39.251000000000296,164,36.58536585365854,-94.86100000000152
2025,2025-07-14,241,34.85477178423236,-79.30599999999885,81,32.098765432098766,-46.06500000000115,172,40.116279069767444,-64.90400000000037
2025,2025-07-13,245,35.91836734693877,-69.55500000000349,76,34.21052631578947,-33.7780000000009,174,43.67816091954023,-40.87699999999886
2025,2025-07-10,249,35.7429718875502,-61.394000000005036,69,34.78260869565217,-15.23500000000131,173,43.35260115606936,-37.7919999999973
2025,2025-07-09,246,34.959349593495936,-84.23900000000386,67,32.83582089552239,-17.850000000001184,171,45.02923976608187,-8.690999999995423
2025,2025-07-08,253,38.73517786561265,-69.12200000000311,68,38.23529411764706,-10.802000000000223,179,51.955307262569825,4.65400000000473
2025,2025-07-07,257,41.245136186770424,-48.95900000000247,78,46.15384615384615,1.6240000000001544,188,53.191489361702125,30.32200000000505
2025,2025-07-04,265,37.735849056603776,-81.63900000000103,81,39.50617283950617,-33.52800000000089,197,47.20812182741117,-13.659999999997483
2025,2025-07-03,271,41.69741697416974,-42.20500000000057,88,40.909090909090914,-42.0660000000008,202,48.51485148514851,-29.661999999999246
2025,2025-07-02,277,40.07220216606498,-43.908999999999565,88,39.77272727272727,-44.70900000000037,199,48.24120603015075,-45.409999999998746
2025,2025-07-01,274,38.68613138686132,-56.397999999999506,85,40.0,-45.31700000000002,191,45.54973821989529,-63.209999999998416
2025,2025-06-30,271,38.37638376383764,-83.69500000000033,70,34.285714285714285,-52.48700000000055,180,45.55555555555556,-49.5779999999986
2025,2025-06-27,271,38.37638376383764,-56.85800000000125,72,36.11111111111111,-38.27000000000035,181,46.96132596685083,-60.79199999999917
2025,2025-06-26,273,38.095238095238095,-67.09200000000064,75,40.0,-31.851000000000116,183,48.08743169398907,-34.06399999999947
2025,2025-06-25,267,41.947565543071164,-35.94899999999814,73,41.0958904109589,-42.58400000000038,186,50.0,-62.178999999997075
2025,2025-06-24,269,40.89219330855018,-37.88299999999962,71,39.436619718309856,-49.179000000000286,192,50.0,-70.81199999999706
2025,2025-06-23,278,41.007194244604314,-47.960999999998066,66,42.42424242424242,-47.263000000001014,193,51.813471502590666,-98.24900000000123
2025,2025-06-20,277,41.87725631768953,-82.96999999999791,66,40.909090909090914,-56.94600000000146,191,54.45026178010471,-85.00200000000106
2025,2025-06-18,278,42.44604316546763,-29.80099999999912,71,42.25352112676056,1.0209999999990989,198,52.52525252525253,-44.02500000000017
2025,2025-06-17,288,43.05555555555556,-6.6660000000002455,73,45.20547945205479,23.12099999999864,205,55.60975609756098,7.549999999997908
2025,2025-06-16,286,47.2027972027972,18.783000000002914,72,51.388888888888886,39.61699999999891,201,58.2089552238806,28.535000000000583
2025,2025-06-15,269,46.468401486988846,9.63600000000244,73,41.0958904109589,20.706999999999788,198,51.515151515151516,11.517000000001069
2025,2025-06-12,266,45.11278195488722,-24.301000000000098,77,40.25974025974026,-0.9060000000012254,198,49.494949494949495,7.2540000000002784
2025,2025-06-11,274,44.52554744525548,-56.571000000002,86,40.69767441860465,-28.326000000000647,204,47.549019607843135,-40.98299999999953
2025,2025-06-10,267,43.07116104868914,-55.887000000001905,85,41.17647058823529,-18.206000000001026,201,45.77114427860697,-32.74500000000053
2025,2025-06-09,288,40.27777777777778,-92.1780000000009,100,38.0,-31.146999999999927,214,43.925233644859816,-47.92700000000085
2025,2025-06-06,288,39.93055555555556,-88.54599999999854,96,43.75,8.238000000000113,208,47.11538461538461,0.10899999999938359
2025,2025-06-05,284,37.67605633802817,-97.7129999999982,93,46.236559139784944,17.38300000000064,204,50.0,9.246000000001182
2025,2025-06-04,280,40.714285714285715,-60.94099999999753,87,50.57471264367817,10.313999999999492,196,54.59183673469388,35.94199999999938
2025,2025-06-03,287,41.11498257839721,-36.95799999999637,86,52.32558139534884,28.409000000000834,203,55.66502463054187,38.17300000000425
2025,2025-06-02,274,43.79562043795621,5.628000000002601,82,57.3170731707317,41.15500000000165,195,58.97435897435898,55.33100000000378
2025,2025-05-30,271,45.018450184501845,5.342000000000397,79,55.69620253164557,13.491000000001543,196,59.183673469387756,23.00600000000107
2025,2025-05-29,273,44.68864468864469,-5.889999999999958,80,48.75,1.3850000000015843,199,57.286432160804026,27.749000000001377
2025,2025-05-28,279,45.16129032258064,-43.923000000000485,80,48.75,8.979000000001633,200,53.0,-5.144999999998612
2025,2025-05-27,280,43.92857142857143,-94.69000000000415,75,49.333333333333336,-9.128999999999444,198,53.535353535353536,-29.199000000001032
2025,2025-05-26,289,43.944636678200695,-121.47900000000375,80,46.25,-37.784000000000106,207,51.20772946859904,-55.95000000000107
2025,2025-05-23,282,44.680851063829785,-98.09700000000197,77,48.05194805194805,-40.46699999999957,198,52.52525252525253,-33.62599999999846
2025,2025-05-22,276,47.46376811594203,-67.72100000000202,92,54.347826086956516,-30.180999999999937,201,55.72139303482587,12.263999999999541
2025,2025-05-20,273,49.08424908424908,-54.822000000002035,94,52.12765957446809,-57.321999999999946,201,55.223880597014926,-14.198000000000015
2025,2025-05-19,262,49.23664122137404,-24.540000000000312,97,48.45360824742268,-39.98199999999942,202,56.930693069306926,44.337999999999404
2025,2025-05-18,261,50.191570881226056,-33.41700000000328,99,46.464646464646464,-54.062000000000616,203,53.69458128078818,-21.02200000000227
2025,2025-05-15,263,47.90874524714829,-83.84100000000316,106,40.56603773584906,-87.28200000000032,204,49.50980392156863,-90.7420000000009
2025,2025-05-14,257,45.13618677042802,-82.10500000000403,97,41.23711340206185,-65.95600000000003,196,47.95918367346938,-67.64099999999982
2025,2025-05-13,271,45.38745387453875,-102.60700000000332,108,41.66666666666667,-69.79399999999903,205,50.24390243902439,-84.56199999999853
2025,2025-05-12,275,47.27272727272727,-128.75500000000557,113,47.78761061946903,-68.33400000000127,209,50.23923444976076,-135.39799999999997
2025,2025-05-09,284,46.12676056338028,-113.2340000000043,104,52.88461538461539,-31.69800000000013,210,54.761904761904766,-73.20600000000056
2025,2025-05-08,291,47.07903780068728,-117.00400000000462,103,57.28155339805825,-24.63200000000107,216,57.870370370370374,-82.20000000000408
2025,2025-05-07,297,45.79124579124579,-153.0659999999997,104,53.84615384615385,-35.537999999998895,223,54.7085201793722,-157.8550000000001
2025,2025-05-06,289,46.02076124567474,-130.7999999999991,94,55.319148936170215,-21.897999999999485,215,53.95348837209303,-141.82500000000027
2025,2025-05-05,290,44.827586206896555,-111.31599999999843,96,50.0,-23.03999999999878,219,52.96803652968036,-100.87900000000063
2025,2025-05-02,278,45.68345323741007,-134.20999999999876,96,48.95833333333333,-29.993999999999847,217,52.995391705069125,-70.90700000000183
2025,2025-05-01,261,49.042145593869726,-99.55899999999808,91,51.64835164835166,-30.999999999999265,206,54.85436893203883,-53.055000000001364
2025,2025-04-30,262,48.091603053435115,-154.8420000000009,104,50.96153846153846,-65.80999999999977,211,54.976303317535546,-55.676000000003285
2025,2025-04-29,248,48.38709677419355,-169.22799999999927,117,48.717948717948715,-119.61999999999937,207,54.106280193236714,-82.78600000000131
2025,2025-04-28,241,49.37759336099585,-175.33800000000127,119,50.42016806722689,-131.95000000000104,205,55.1219512195122,-118.87600000000336
2025,2025-04-25,217,49.30875576036866,-142.79800000000103,109,51.37614678899083,-114.27000000000028,185,54.59459459459459,-117.57800000000087
2025,2025-04-24,189,50.79365079365079,-107.69099999999965,92,50.0,-98.03000000000014,163,54.601226993865026,-117.28600000000105
2025,2025-04-23,187,51.33689839572193,-61.40000000000046,78,48.717948717948715,-83.28000000000168,158,54.43037974683544,-114.51000000000258
2025,2025-04-22,200,47.5,-45.38400000000001,69,44.927536231884055,-29.50400000000017,163,53.37423312883436,-76.30400000000245
2025,2025-04-21,196,48.97959183673469,-20.459999999999752,63,46.03174603174603,-22.703999999999358,159,54.71698113207547,-50.014000000001744
2025,2025-04-16,259,44.78764478764479,-136.9520000000009,88,46.590909090909086,-63.3139999999995,212,51.886792452830186,-153.68300000000036
2025,2025-04-15,259,44.4015444015444,-148.88900000000223,90,48.888888888888886,-61.5229999999997,215,52.093023255813954,-193.34500000000025
2025,2025-04-14,254,47.24409448818898,-151.9830000000009,96,50.0,-82.66400000000087,209,52.63157894736842,-196.08000000000015
2025,2025-04-13,262,50.76335877862596,-144.06299999999732,113,54.86725663716814,-92.5239999999986,219,57.077625570776256,-165.77299999999764
2025,2025-04-10,260,56.15384615384615,-61.87799999999696,120,62.5,-20.884999999999764,217,59.907834101382484,-104.9409999999988
2025,2025-04-09,260,54.61538461538461,-22.83599999999794,121,59.50413223140496,-34.0670000000011,211,58.767772511848335,-61.458000000000695
2025,2025-04-08,266,51.8796992481203,-32.05999999999965,114,55.26315789473685,-40.631000000001045,205,60.0,-3.7120000000008764
2025,2025-04-07,276,45.289855072463766,-79.19499999999853,114,49.122807017543856,-51.84300000000148,208,51.92307692307693,-44.01400000000202
2025,2025-04-04,281,41.99288256227758,-53.26899999999996,86,40.69767441860465,-42.70000000000229,196,44.89795918367347,-76.45800000000433
2025,2025-04-03,275,40.72727272727273,-29.524000000001244,79,37.9746835443038,-36.91900000000197,196,41.83673469387755,-77.1380000000042
2025,2025-04-02,257,40.07782101167315,-1.770000000002618,71,35.2112676056338,-18.207000000000974,185,37.83783783783784,-92.39700000000447
2025,2025-04-01,264,36.36363636363637,-21.477000000006505,71,32.3943661971831,-16.3670000000031,189,34.92063492063492,-93.80200000000723
2025,2025-03-31,245,38.36734693877551,2.4479999999907704,65,36.92307692307693,-7.243000000003121,177,38.4180790960452,-57.328000000004884
2025,2025-03-28,245,34.69387755102041,-21.427000000008324,55,32.72727272727273,-2.8010000000031106,169,36.68639053254438,-62.19400000000475
2025,2025-03-27,257,31.906614785992215,-60.632000000004524,52,26.923076923076923,-19.849000000000977,162,35.80246913580247,-58.44900000000271
2025,2025-03-26,258,33.33333333333333,-66.70600000000205,50,36.0,-16.714000000000397,164,38.41463414634146,-62.869000000000426
2025,2025-03-25,251,37.84860557768924,-31.48399999999965,51,41.17647058823529,-8.232999999999446,163,40.49079754601227,-61.096000000000096
2025,2025-03-24,250,35.6,-32.42199999999866,52,38.46153846153847,-16.592999999998845,167,41.31736526946108,-51.115000000000165
2025,2025-03-21,253,36.75889328063241,-31.92299999999668,54,38.88888888888889,-21.13899999999994,175,42.857142857142854,-20.726000000001033
2025,2025-03-20,254,36.61417322834646,-25.497999999998054,59,45.76271186440678,-13.74500000000062,179,44.134078212290504,-24.325000000000546
2025,2025-03-19,257,34.63035019455253,-48.11899999999869,56,44.642857142857146,-15.988999999999763,177,41.80790960451977,-46.61200000000089
2025,2025-03-17,255,28.627450980392155,-90.70900000000168,60,33.33333333333333,-28.957000000002154,175,33.714285714285715,-86.83900000000406
2025,2025-03-16,245,33.46938775510204,-64.4860000000017,58,37.93103448275862,-18.334000000001744,169,36.09467455621302,-63.659000000003545
2025,2025-03-13,261,33.33333333333333,-65.70600000000351,62,40.32258064516129,-6.664000000001033,179,35.754189944134076,-74.25200000000385
2025,2025-03-12,269,32.342007434944236,-88.61700000000228,63,30.158730158730158,-21.346000000000547,184,32.065217391304344,-96.49300000000339
2025,2025-03-11,278,37.05035971223021,-73.43000000000266,63,31.746031746031743,-19.748000000000136,193,34.715025906735754,-89.35700000000413
2025,2025-03-10,267,41.947565543071164,-34.615000000001515,54,42.592592592592595,-5.351999999999682,182,40.65934065934066,-63.63300000000383
2025,2025-03-09,278,38.84892086330935,-60.92400000000099,61,40.98360655737705,-10.27700000000068,189,41.7989417989418,-78.68800000000401
2025,2025-03-06,266,40.6015037593985,-43.856000000000876,60,31.666666666666664,-32.491000000000454,183,43.169398907103826,-54.121000000002475
2025,2025-03-05,260,44.61538461538462,-8.082000000000793,55,38.18181818181819,-17.54800000000023,179,50.27932960893855,7.05299999999916
2025,2025-03-04,258,39.53488372093023,-33.77800000000035,55,32.72727272727273,-19.98700000000235,177,51.41242937853108,20.864999999996684
2025,2025-03-03,260,38.84615384615385,-53.89200000000256,64,29.6875,-29.037000000003268,185,49.18918918918919,0.003999999994897863
2025,2025-02-28,262,39.31297709923664,-53.13100000000114,62,30.64516129032258,-27.351000000003204,180,48.888888888888886,-6.1860000000065085
2025,2025-02-27,253,38.3399209486166,-63.79700000000012,61,36.0655737704918,-15.074000000003885,172,50.0,-20.358000000006907
2025,2025-02-26,257,36.964980544747085,-52.65300000000061,60,36.666666666666664,-11.814000000005308,178,44.9438202247191,-46.67700000000796
2025,2025-02-25,263,33.840304182509506,-54.94800000000087,61,39.34426229508197,-9.494000000004874,180,43.333333333333336,-45.75700000000734
2025,2025-02-24,248,34.67741935483871,-25.137000000000718,60,46.666666666666664,7.538999999996572,172,44.76744186046512,-40.78100000000349
2025,2025-02-21,246,36.17886178861789,-24.769000000003604,63,49.2063492063492,6.438999999996573,176,46.590909090909086,-17.793000000004398
2025,2025-02-20,247,35.62753036437247,-34.1390000000023,63,49.2063492063492,5.9489999999967935,178,45.50561797752809,-24.710000000001948
2025,2025-02-19,243,35.390946502057616,-45.671000000002195,64,40.625,-12.691000000001896,173,42.77456647398844,-35.27499999999972
2025,2025-02-18,246,39.83739837398374,-29.922000000000203,60,46.666666666666664,-4.778000000000706,173,47.398843930635834,-15.90499999999756
2025,2025-02-17,250,46.0,33.066999999998664,61,47.540983606557376,-2.411000000000695,182,51.098901098901095,10.591000000001353
2025,2025-02-13,253,42.68774703557312,11.892999999999489,63,42.857142857142854,-15.024000000001337,183,48.08743169398907,-16.227999999999692
2025,2025-02-12,252,42.06349206349206,2.190999999999441,68,44.11764705882353,-9.698000000000407,181,49.72375690607735,5.360999999999706
2025,2025-02-11,244,40.16393442622951,-2.4900000000036897,60,41.66666666666667,-6.081000000000586,177,45.76271186440678,-32.52700000000177
2025,2025-02-10,256,35.15625,-34.96300000000401,66,37.878787878787875,-17.88100000000049,178,41.57303370786517,-48.937000000000886
2025,2025-02-09,272,31.25,-84.36000000000095,66,30.303030303030305,-31.848000000000592,181,38.12154696132597,-62.07800000000199
2025,2025-02-06,275,29.09090909090909,-71.59100000000035,53,26.41509433962264,-20.66700000000001,177,39.548022598870055,-51.52600000000065
2025,2025-02-05,273,31.5018315018315,-47.77299999999842,57,35.08771929824561,-17.00099999999875,179,42.45810055865922,-44.944999999997705
2025,2025-02-04,280,29.28571428571429,-76.12899999999992,56,32.142857142857146,-21.77200000000103,177,41.24293785310734,-42.01000000000057
2025,2025-02-03,271,29.15129151291513,-73.61600000000153,58,27.586206896551722,-24.536000000000143,175,42.285714285714285,-44.70600000000286
2025,2025-01-31,267,31.835205992509362,-61.6380000000062,56,37.5,-5.266000000000713,174,43.67816091954023,-44.75500000000268
2025,2025-01-30,257,33.46303501945525,-43.9060000000085,54,35.18518518518518,-4.766000000001714,171,44.44444444444444,-6.646000000004912
2025,2025-01-29,267,32.20973782771536,-43.09000000001005,49,30.612244897959183,-9.421000000001007,167,43.11377245508982,-19.072000000005474
2025,2025-01-28,251,36.254980079681275,-25.36700000001084,55,41.81818181818181,-2.417000000000829,167,46.706586826347305,-9.128000000002793
2025,2025-01-27,250,36.4,-48.50600000000759,51,47.05882352941176,-12.88700000000081,168,45.83333333333333,-25.34500000000126
2025,2025-01-24,251,35.45816733067729,-32.30800000000426,53,47.16981132075472,-8.03100000000095,169,44.37869822485207,-27.079000000001358
2025,2025-01-23,255,32.94117647058823,-59.18200000000206,57,40.35087719298245,-18.69900000000134,171,41.52046783625731,-54.50900000000247
2025,2025-01-22,273,32.967032967032964,-81.71599999999954,66,42.42424242424242,-14.130000000000745,188,40.42553191489361,-50.604000000002635
2025,2025-01-21,279,31.54121863799283,-87.5389999999964,67,40.298507462686565,-16.519999999999435,194,35.051546391752574,-84.63700000000273
2025,2025-01-20,286,34.61538461538461,-57.36899999999534,68,36.76470588235294,-12.064999999999689,196,38.265306122448976,-50.23500000000533
2025,2025-01-17,278,34.172661870503596,-77.98799999999538,66,33.33333333333333,-26.065999999999534,192,37.5,-57.66100000000361
2025,2025-01-16,275,33.45454545454545,-83.43199999999251,69,31.88405797101449,-31.32799999999843,191,38.21989528795812,-54.815000000001604
2025,2025-01-14,254,33.46456692913386,-69.43999999999123,62,24.193548387096776,-36.763999999998234,180,37.22222222222222,-72.05799999999954
2025,2025-01-13,262,31.679389312977097,-61.60699999999352,60,25.0,-31.32999999999811,182,40.65934065934066,-55.96099999999833
2025,2025-01-12,266,29.32330827067669,-66.30699999999543,62,19.35483870967742,-39.85399999999792,184,35.32608695652174,-90.54999999999771
2025,2025-01-09,277,30.685920577617328,-65.24899999999653,63,25.396825396825395,-26.01699999999855,186,37.634408602150536,-75.47799999999798
2025,2025-01-08,282,30.49645390070922,-66.41899999999842,66,31.818181818181817,-14.88999999999869,178,38.764044943820224,-68.41399999999622
2025,2025-01-07,224,31.69642857142857,-47.049000000001165,51,35.294117647058826,-11.145999999999912,140,39.285714285714285,-48.87799999999835
2025,2025-01-06,166,33.734939759036145,-33.72500000000146,41,36.58536585365854,-8.275000000000727,103,39.80582524271845,-29.852999999999245
2025,2025-01-03,107,32.71028037383177,-30.274999999999547,30,43.333333333333336,1.309999999999947,64,43.75,-4.176999999998592
