entry_time,exit_time,direction,entry,exit,sl,tp,lot,pnl,r_multiple,bars_held,exit_reason
2022-02-03 04:03:00,2022-02-03 04:58:00,LONG,1805.5,1803.5,,,0.1,-24.5,0.0,8,REV
2022-02-03 04:58:00,2022-02-03 06:43:00,SHORT,1803.5,1804.5,,,0.1,-14.5,0.0,14,REV
2022-02-03 06:43:00,2022-02-03 07:01:00,LONG,1804.5,1803.0,,,0.1,-19.5,0.0,7,REV
2022-02-03 07:01:00,2022-02-03 07:07:00,SHORT,1803.0,1804.0,,,0.1,-14.5,0.0,8,REV
2022-02-03 07:07:00,2022-02-03 07:08:00,LONG,1804.0,1803.0,,,0.1,-14.5,0.0,2,REV
2022-02-03 07:08:00,2022-02-03 07:44:00,SHORT,1803.0,1802.5,,,0.1,0.5,0.0,21,REV
2022-02-03 07:44:00,2022-02-03 07:48:00,LONG,1802.5,1801.0,,,0.1,-19.5,0.0,5,REV
2022-02-03 07:48:00,2022-02-03 07:51:00,SHORT,1801.0,1802.0,,,0.1,-14.5,0.0,2,REV
2022-02-03 07:51:00,2022-02-03 07:51:00,LONG,1802.0,1801.5,,,0.1,-9.5,0.0,1,REV
2022-02-03 07:51:00,2022-02-03 08:08:00,SHORT,1801.5,1802.0,,,0.1,-9.5,0.0,9,REV
2022-02-03 08:08:00,2022-02-03 08:09:00,LONG,1802.0,1801.5,,,0.1,-9.5,0.0,1,REV
2022-02-03 08:09:00,2022-02-03 08:09:00,SHORT,1801.5,1802.0,,,0.1,-9.5,0.0,1,REV
2022-02-03 08:09:00,2022-02-03 08:21:00,LONG,1802.0,1801.5,,,0.1,-9.5,0.0,11,REV
2022-02-03 08:21:00,2022-02-03 08:29:00,SHORT,1801.5,1802.5,,,0.1,-14.5,0.0,6,REV
2022-02-03 08:29:00,2022-02-03 08:43:00,LONG,1802.5,1802.5,,,0.1,-4.5,0.0,20,REV
2022-02-03 08:43:00,2022-02-03 08:44:00,SHORT,1802.5,1803.5,,,0.1,-14.5,0.0,2,REV
2022-02-03 08:44:00,2022-02-03 08:45:00,LONG,1803.5,1802.5,,,0.1,-14.5,0.0,2,REV
2022-02-03 08:45:00,2022-02-03 08:45:00,SHORT,1802.5,1803.0,,,0.1,-9.5,0.0,1,REV
2022-02-03 08:45:00,2022-02-03 08:47:00,LONG,1803.0,1802.5,,,0.1,-9.5,0.0,3,REV
2022-02-03 08:47:00,2022-02-03 08:47:00,SHORT,1802.5,1803.0,,,0.1,-9.5,0.0,1,REV
2022-02-03 08:47:00,2022-02-03 08:49:00,LONG,1803.0,1802.0,,,0.1,-14.5,0.0,6,REV
2022-02-03 08:49:00,2022-02-03 08:50:00,SHORT,1802.0,1804.0,,,0.1,-24.5,0.0,4,REV
2022-02-03 08:50:00,2022-02-03 08:59:00,LONG,1804.0,1802.5,,,0.1,-19.5,0.0,13,REV
2022-02-03 08:59:00,2022-02-03 09:04:00,SHORT,1802.5,1804.0,,,0.1,-19.5,0.0,5,REV
2022-02-03 09:04:00,2022-02-03 09:06:00,LONG,1804.0,1803.0,,,0.1,-14.5,0.0,2,REV
2022-02-03 09:06:00,2022-02-03 09:06:00,SHORT,1803.0,1803.5,,,0.1,-9.5,0.0,1,REV
2022-02-03 09:06:00,2022-02-03 09:16:00,LONG,1803.5,1803.5,,,0.1,-4.5,0.0,12,REV
2022-02-03 09:16:00,2022-02-03 09:17:00,SHORT,1803.5,1804.0,,,0.1,-9.5,0.0,1,REV
2022-02-03 09:17:00,2022-02-03 09:18:00,LONG,1804.0,1803.5,,,0.1,-9.5,0.0,1,REV
2022-02-03 09:18:00,2022-02-03 09:21:00,SHORT,1803.5,1804.5,,,0.1,-14.5,0.0,2,REV
2022-02-03 09:21:00,2022-02-03 09:23:00,LONG,1804.5,1803.5,,,0.1,-14.5,0.0,2,REV
2022-02-03 09:23:00,2022-02-03 09:34:00,SHORT,1803.5,1803.0,,,0.1,0.5,0.0,23,REV
2022-02-03 09:34:00,2022-02-03 09:35:00,LONG,1803.0,1801.0,,,0.1,-24.5,0.0,4,REV
2022-02-03 09:35:00,2022-02-03 09:41:00,SHORT,1801.0,1802.0,,,0.1,-14.5,0.0,18,REV
2022-02-03 09:41:00,2022-02-03 09:44:00,LONG,1802.0,1800.0,,,0.1,-24.5,0.0,6,REV
2022-02-03 09:44:00,2022-02-03 09:59:00,SHORT,1800.0,1791.5,,,0.1,80.5,0.0,53,REV
2022-02-03 09:59:00,2022-02-03 10:04:00,LONG,1791.5,1790.5,,,0.1,-14.5,0.0,12,REV
2022-02-03 10:04:00,2022-02-03 10:04:00,SHORT,1790.5,1792.0,,,0.1,-19.5,0.0,3,REV
2022-02-03 10:04:00,2022-02-03 11:03:00,LONG,1792.0,1802.0,,,0.1,95.5,0.0,82,REV
2022-02-03 11:03:00,2022-02-03 11:09:00,SHORT,1802.0,1803.5,,,0.1,-19.5,0.0,7,REV
2022-02-03 11:09:00,2022-02-03 11:46:00,LONG,1803.5,1805.5,,,0.1,15.5,0.0,34,REV
2022-02-03 11:46:00,2022-02-03 11:48:00,SHORT,1805.5,1806.5,,,0.1,-14.5,0.0,2,REV
2022-02-03 11:48:00,2022-02-03 12:03:00,LONG,1806.5,1806.0,,,0.1,-9.5,0.0,13,REV
2022-02-03 12:03:00,2022-02-03 12:37:00,SHORT,1806.0,1806.0,,,0.1,-4.5,0.0,14,REV
2022-02-03 12:37:00,2022-02-03 12:38:00,LONG,1806.0,1805.5,,,0.1,-9.5,0.0,1,REV
2022-02-03 12:38:00,2022-02-03 14:05:00,SHORT,1805.5,1805.5,,,0.1,-4.5,0.0,20,REV
2022-02-03 14:05:00,2022-02-03 16:57:00,LONG,1805.5,1804.5,,,0.1,-14.5,0.0,22,REV
2022-02-03 16:57:00,2022-02-03 18:49:00,SHORT,1804.5,1806.0,,,0.1,-19.5,0.0,7,REV
2022-02-03 18:49:00,2022-02-04 02:38:00,LONG,1806.0,1807.0,,,0.1,5.5,0.0,42,REV
2022-02-04 02:38:00,2022-02-04 03:16:00,SHORT,1807.0,1808.0,,,0.1,-14.5,0.0,14,REV
2022-02-04 03:16:00,2022-02-04 06:20:00,LONG,1808.0,1811.5,,,0.1,30.5,0.0,51,REV
2022-02-04 06:20:00,2022-02-04 07:34:00,SHORT,1811.5,1811.5,,,0.1,-4.5,0.0,22,REV
2022-02-04 07:34:00,2022-02-04 08:02:00,LONG,1811.5,1810.5,,,0.1,-14.5,0.0,8,REV
2022-02-04 08:02:00,2022-02-04 08:04:00,SHORT,1810.5,1811.5,,,0.1,-14.5,0.0,2,REV
2022-02-04 08:04:00,2022-02-04 08:30:00,LONG,1811.5,1812.5,,,0.1,5.5,0.0,24,REV
2022-02-04 08:30:00,2022-02-04 08:47:00,SHORT,1812.5,1799.0,,,0.1,130.5,0.0,79,REV
2022-02-04 08:47:00,2022-02-04 08:51:00,LONG,1799.0,1797.5,,,0.1,-19.5,0.0,11,REV
2022-02-04 08:51:00,2022-02-04 09:04:00,SHORT,1797.5,1796.0,,,0.1,10.5,0.0,39,REV
2022-02-04 09:04:00,2022-02-04 09:07:00,LONG,1796.0,1794.0,,,0.1,-24.5,0.0,6,REV
2022-02-04 09:07:00,2022-02-04 09:07:00,SHORT,1794.0,1795.5,,,0.1,-19.5,0.0,3,REV
2022-02-04 09:07:00,2022-02-04 09:20:00,LONG,1795.5,1801.0,,,0.1,50.5,0.0,31,REV
2022-02-04 09:20:00,2022-02-04 09:27:00,SHORT,1801.0,1802.5,,,0.1,-19.5,0.0,9,REV
2022-02-04 09:27:00,2022-02-04 09:28:00,LONG,1802.5,1800.5,,,0.1,-24.5,0.0,4,REV
2022-02-04 09:28:00,2022-02-04 09:36:00,SHORT,1800.5,1801.5,,,0.1,-14.5,0.0,12,REV
2022-02-04 09:36:00,2022-02-04 09:52:00,LONG,1801.5,1804.5,,,0.1,25.5,0.0,30,REV
2022-02-04 09:52:00,2022-02-04 10:00:00,SHORT,1804.5,1805.0,,,0.1,-9.5,0.0,13,REV
2022-02-04 10:00:00,2022-02-04 10:11:00,LONG,1805.0,1806.5,,,0.1,10.5,0.0,25,REV
2022-02-04 10:11:00,2022-02-04 10:20:00,SHORT,1806.5,1807.5,,,0.1,-14.5,0.0,12,REV
2022-02-04 10:20:00,2022-02-04 10:28:00,LONG,1807.5,1807.0,,,0.1,-9.5,0.0,11,REV
2022-02-04 10:28:00,2022-02-04 10:33:00,SHORT,1807.0,1808.0,,,0.1,-14.5,0.0,8,REV
2022-02-04 10:33:00,2022-02-04 10:41:00,LONG,1808.0,1806.5,,,0.1,-19.5,0.0,9,REV
2022-02-04 10:41:00,2022-02-04 11:09:00,SHORT,1806.5,1805.0,,,0.1,10.5,0.0,29,REV
2022-02-04 11:09:00,2022-02-04 11:23:00,LONG,1805.0,1804.0,,,0.1,-14.5,0.0,10,REV
2022-02-04 11:23:00,2022-02-04 11:33:00,SHORT,1804.0,1805.0,,,0.1,-14.5,0.0,8,REV
2022-02-04 11:33:00,2022-02-04 13:01:00,LONG,1805.0,1806.0,,,0.1,5.5,0.0,28,REV
2022-02-04 13:01:00,2022-02-04 13:34:00,SHORT,1806.0,1807.5,,,0.1,-19.5,0.0,5,REV
2022-02-04 13:34:00,2022-02-04 13:39:00,LONG,1807.5,1806.5,,,0.1,-14.5,0.0,2,REV
2022-02-04 13:39:00,2022-02-04 14:06:00,SHORT,1806.5,1808.0,,,0.1,-19.5,0.0,5,REV
2022-02-04 14:06:00,2022-02-04 14:33:00,LONG,1808.0,1806.0,,,0.1,-24.5,0.0,6,REV
2022-02-04 14:33:00,2022-02-04 15:33:00,SHORT,1806.0,1807.5,,,0.1,-19.5,0.0,9,REV
2022-02-04 15:33:00,2022-02-06 20:07:00,LONG,1807.5,1812.5,,,0.1,45.5,0.0,64,REV
2022-02-06 20:07:00,2022-02-06 21:53:00,SHORT,1812.5,1810.5,,,0.1,15.5,0.0,38,REV
2022-02-06 21:53:00,2022-02-06 22:29:00,LONG,1810.5,1810.0,,,0.1,-9.5,0.0,5,REV
2022-02-06 22:29:00,2022-02-06 22:51:00,SHORT,1810.0,1810.5,,,0.1,-9.5,0.0,1,REV
2022-02-06 22:51:00,2022-02-07 00:33:00,LONG,1810.5,1809.5,,,0.1,-14.5,0.0,8,REV
2022-02-07 00:33:00,2022-02-07 01:02:00,SHORT,1809.5,1810.5,,,0.1,-14.5,0.0,2,REV
2022-02-07 01:02:00,2022-02-07 01:05:00,LONG,1810.5,1810.0,,,0.1,-9.5,0.0,1,REV
2022-02-07 01:05:00,2022-02-07 01:06:00,SHORT,1810.0,1810.5,,,0.1,-9.5,0.0,1,REV
2022-02-07 01:06:00,2022-02-07 01:32:00,LONG,1810.5,1809.5,,,0.1,-14.5,0.0,4,REV
2022-02-07 01:32:00,2022-02-07 02:05:00,SHORT,1809.5,1810.5,,,0.1,-14.5,0.0,10,REV
2022-02-07 02:05:00,2022-02-07 03:17:00,LONG,1810.5,1811.5,,,0.1,5.5,0.0,24,REV
2022-02-07 03:17:00,2022-02-07 03:42:00,SHORT,1811.5,1812.0,,,0.1,-9.5,0.0,11,REV
2022-02-07 03:42:00,2022-02-07 04:14:00,LONG,1812.0,1812.0,,,0.1,-4.5,0.0,12,REV
2022-02-07 04:14:00,2022-02-07 04:17:00,SHORT,1812.0,1813.0,,,0.1,-14.5,0.0,2,REV
2022-02-07 04:17:00,2022-02-07 04:31:00,LONG,1813.0,1811.5,,,0.1,-19.5,0.0,5,REV
2022-02-07 04:31:00,2022-02-07 06:26:00,SHORT,1811.5,1812.5,,,0.1,-14.5,0.0,22,REV
2022-02-07 06:26:00,2022-02-07 08:34:00,LONG,1812.5,1815.0,,,0.1,20.5,0.0,45,REV
2022-02-07 08:34:00,2022-02-07 09:03:00,SHORT,1815.0,1815.0,,,0.1,-4.5,0.0,28,REV
2022-02-07 09:03:00,2022-02-07 09:35:00,LONG,1815.0,1814.0,,,0.1,-14.5,0.0,20,REV
2022-02-07 09:35:00,2022-02-07 09:56:00,SHORT,1814.0,1815.0,,,0.1,-14.5,0.0,20,REV
2022-02-07 09:56:00,2022-02-07 10:00:00,LONG,1815.0,1813.5,,,0.1,-19.5,0.0,9,REV
2022-02-07 10:00:00,2022-02-07 10:21:00,SHORT,1813.5,1814.0,,,0.1,-9.5,0.0,19,REV
2022-02-07 10:21:00,2022-02-07 10:52:00,LONG,1814.0,1814.5,,,0.1,0.5,0.0,19,REV
2022-02-07 10:52:00,2022-02-07 11:00:00,SHORT,1814.5,1815.5,,,0.1,-14.5,0.0,2,REV
2022-02-07 11:00:00,2022-02-07 11:12:00,LONG,1815.5,1814.5,,,0.1,-14.5,0.0,4,REV
2022-02-07 11:12:00,2022-02-07 11:25:00,SHORT,1814.5,1816.0,,,0.1,-19.5,0.0,5,REV
2022-02-07 11:25:00,2022-02-07 15:46:00,LONG,1816.0,1821.0,,,0.1,45.5,0.0,44,REV
2022-02-07 15:46:00,2022-02-07 19:55:00,SHORT,1821.0,1821.5,,,0.1,-9.5,0.0,11,REV
2022-02-07 19:55:00,2022-02-07 19:57:00,LONG,1821.5,1821.0,,,0.1,-9.5,0.0,1,REV
2022-02-07 19:57:00,2022-02-07 20:34:00,SHORT,1821.0,1821.5,,,0.1,-9.5,0.0,5,REV
2022-02-07 20:34:00,2022-02-08 00:03:00,LONG,1821.5,1821.0,,,0.1,-9.5,0.0,21,REV
2022-02-08 00:03:00,2022-02-08 03:08:00,SHORT,1821.0,1818.0,,,0.1,25.5,0.0,34,REV
2022-02-08 03:08:00,2022-02-08 04:14:00,LONG,1818.0,1818.5,,,0.1,0.5,0.0,25,REV
2022-02-08 04:14:00,2022-02-08 05:18:00,SHORT,1818.5,1819.5,,,0.1,-14.5,0.0,10,REV
2022-02-08 05:18:00,2022-02-08 06:04:00,LONG,1819.5,1819.0,,,0.1,-9.5,0.0,11,REV
2022-02-08 06:04:00,2022-02-08 08:05:00,SHORT,1819.0,1818.5,,,0.1,0.5,0.0,27,REV
2022-02-08 08:05:00,2022-02-08 09:12:00,LONG,1818.5,1823.0,,,0.1,40.5,0.0,45,REV
2022-02-08 09:12:00,2022-02-08 09:44:00,SHORT,1823.0,1823.0,,,0.1,-4.5,0.0,18,REV
2022-02-08 09:44:00,2022-02-08 09:50:00,LONG,1823.0,1821.0,,,0.1,-24.5,0.0,4,REV
2022-02-08 09:50:00,2022-02-08 10:00:00,SHORT,1821.0,1822.5,,,0.1,-19.5,0.0,9,REV
2022-02-08 10:00:00,2022-02-08 10:57:00,LONG,1822.5,1826.0,,,0.1,30.5,0.0,39,REV
2022-02-08 10:57:00,2022-02-08 12:08:00,SHORT,1826.0,1826.5,,,0.1,-9.5,0.0,17,REV
2022-02-08 12:08:00,2022-02-08 16:09:00,LONG,1826.5,1826.5,,,0.1,-4.5,0.0,20,REV
2022-02-08 16:09:00,2022-02-08 21:04:00,SHORT,1826.5,1827.0,,,0.1,-9.5,0.0,13,REV
2022-02-08 21:04:00,2022-02-09 01:14:00,LONG,1827.0,1827.0,,,0.1,-4.5,0.0,26,REV
2022-02-09 01:14:00,2022-02-09 02:11:00,SHORT,1827.0,1828.0,,,0.1,-14.5,0.0,12,REV
2022-02-09 02:11:00,2022-02-09 02:30:00,LONG,1828.0,1827.0,,,0.1,-14.5,0.0,2,REV
2022-02-09 02:30:00,2022-02-09 03:02:00,SHORT,1827.0,1828.0,,,0.1,-14.5,0.0,8,REV
2022-02-09 03:02:00,2022-02-09 03:15:00,LONG,1828.0,1826.5,,,0.1,-19.5,0.0,3,REV
2022-02-09 03:15:00,2022-02-09 03:29:00,SHORT,1826.5,1827.5,,,0.1,-14.5,0.0,4,REV
2022-02-09 03:29:00,2022-02-09 03:32:00,LONG,1827.5,1826.5,,,0.1,-14.5,0.0,2,REV
2022-02-09 03:32:00,2022-02-09 03:39:00,SHORT,1826.5,1827.5,,,0.1,-14.5,0.0,2,REV
2022-02-09 03:39:00,2022-02-09 04:13:00,LONG,1827.5,1826.5,,,0.1,-14.5,0.0,4,REV
2022-02-09 04:13:00,2022-02-09 04:34:00,SHORT,1826.5,1827.5,,,0.1,-14.5,0.0,2,REV
2022-02-09 04:34:00,2022-02-09 06:14:00,LONG,1827.5,1826.5,,,0.1,-14.5,0.0,10,REV
2022-02-09 06:14:00,2022-02-09 07:27:00,SHORT,1826.5,1827.5,,,0.1,-14.5,0.0,10,REV
2022-02-09 07:27:00,2022-02-09 07:56:00,LONG,1827.5,1826.5,,,0.1,-14.5,0.0,4,REV
2022-02-09 07:56:00,2022-02-09 07:57:00,SHORT,1826.5,1827.5,,,0.1,-14.5,0.0,2,REV
2022-02-09 07:57:00,2022-02-09 08:39:00,LONG,1827.5,1830.0,,,0.1,20.5,0.0,39,REV
2022-02-09 08:39:00,2022-02-09 09:10:00,SHORT,1830.0,1827.5,,,0.1,20.5,0.0,35,REV
2022-02-09 09:10:00,2022-02-09 09:39:00,LONG,1827.5,1826.5,,,0.1,-14.5,0.0,18,REV
2022-02-09 09:39:00,2022-02-09 09:42:00,SHORT,1826.5,1828.0,,,0.1,-19.5,0.0,3,REV
2022-02-09 09:42:00,2022-02-09 09:52:00,LONG,1828.0,1828.5,,,0.1,0.5,0.0,17,REV
2022-02-09 09:52:00,2022-02-09 10:17:00,SHORT,1828.5,1829.0,,,0.1,-9.5,0.0,15,REV
2022-02-09 10:17:00,2022-02-09 10:39:00,LONG,1829.0,1829.0,,,0.1,-4.5,0.0,18,REV
2022-02-09 10:39:00,2022-02-09 11:15:00,SHORT,1829.0,1830.0,,,0.1,-14.5,0.0,12,REV
2022-02-09 11:15:00,2022-02-09 13:52:00,LONG,1830.0,1834.0,,,0.1,35.5,0.0,42,REV
2022-02-09 13:52:00,2022-02-09 20:05:00,SHORT,1834.0,1833.5,,,0.1,0.5,0.0,29,REV
2022-02-09 20:05:00,2022-02-10 03:02:00,LONG,1833.5,1833.5,,,0.1,-4.5,0.0,32,REV
2022-02-10 03:02:00,2022-02-10 05:00:00,SHORT,1833.5,1832.5,,,0.1,5.5,0.0,28,REV
2022-02-10 05:00:00,2022-02-10 07:29:00,LONG,1832.5,1831.5,,,0.1,-14.5,0.0,18,REV
2022-02-10 07:29:00,2022-02-10 08:32:00,SHORT,1831.5,1826.5,,,0.1,45.5,0.0,40,REV
2022-02-10 08:32:00,2022-02-10 08:33:00,LONG,1826.5,1824.5,,,0.1,-24.5,0.0,4,REV
2022-02-10 08:33:00,2022-02-10 08:37:00,SHORT,1824.5,1825.0,,,0.1,-9.5,0.0,13,REV
2022-02-10 08:37:00,2022-02-10 08:38:00,LONG,1825.0,1823.0,,,0.1,-24.5,0.0,4,REV
2022-02-10 08:38:00,2022-02-10 08:38:00,SHORT,1823.0,1824.5,,,0.1,-19.5,0.0,3,REV
2022-02-10 08:38:00,2022-02-10 08:42:00,LONG,1824.5,1832.0,,,0.1,70.5,0.0,33,REV
2022-02-10 08:42:00,2022-02-10 08:53:00,SHORT,1832.0,1830.0,,,0.1,15.5,0.0,28,REV
2022-02-10 08:53:00,2022-02-10 09:01:00,LONG,1830.0,1829.0,,,0.1,-14.5,0.0,14,REV
2022-02-10 09:01:00,2022-02-10 09:13:00,SHORT,1829.0,1829.0,,,0.1,-4.5,0.0,20,REV
2022-02-10 09:13:00,2022-02-10 09:28:00,LONG,1829.0,1827.5,,,0.1,-19.5,0.0,11,REV
2022-02-10 09:28:00,2022-02-10 09:34:00,SHORT,1827.5,1828.0,,,0.1,-9.5,0.0,15,REV
2022-02-10 09:34:00,2022-02-10 09:57:00,LONG,1828.0,1831.5,,,0.1,30.5,0.0,35,REV
2022-02-10 09:57:00,2022-02-10 10:03:00,SHORT,1831.5,1833.0,,,0.1,-19.5,0.0,9,REV
2022-02-10 10:03:00,2022-02-10 10:15:00,LONG,1833.0,1833.5,,,0.1,0.5,0.0,21,REV
2022-02-10 10:15:00,2022-02-10 10:25:00,SHORT,1833.5,1834.5,,,0.1,-14.5,0.0,12,REV
2022-02-10 10:25:00,2022-02-10 10:52:00,LONG,1834.5,1838.0,,,0.1,30.5,0.0,37,REV
2022-02-10 10:52:00,2022-02-10 11:07:00,SHORT,1838.0,1838.0,,,0.1,-4.5,0.0,18,REV
2022-02-10 11:07:00,2022-02-10 11:42:00,LONG,1838.0,1838.0,,,0.1,-4.5,0.0,20,REV
2022-02-10 11:42:00,2022-02-10 11:44:00,SHORT,1838.0,1839.5,,,0.1,-19.5,0.0,3,REV
2022-02-10 11:44:00,2022-02-10 12:23:00,LONG,1839.5,1839.5,,,0.1,-4.5,0.0,14,REV
2022-02-10 12:23:00,2022-02-10 12:57:00,SHORT,1839.5,1834.5,,,0.1,45.5,0.0,38,REV
2022-02-10 12:57:00,2022-02-10 13:03:00,LONG,1834.5,1834.0,,,0.1,-9.5,0.0,11,REV
2022-02-10 13:03:00,2022-02-10 13:04:00,SHORT,1834.0,1835.0,,,0.1,-14.5,0.0,2,REV
2022-02-10 13:04:00,2022-02-10 13:16:00,LONG,1835.0,1834.5,,,0.1,-9.5,0.0,15,REV
2022-02-10 13:16:00,2022-02-10 13:23:00,SHORT,1834.5,1836.0,,,0.1,-19.5,0.0,3,REV
2022-02-10 13:23:00,2022-02-10 13:39:00,LONG,1836.0,1835.0,,,0.1,-14.5,0.0,10,REV
2022-02-10 13:39:00,2022-02-10 18:57:00,SHORT,1835.0,1827.5,,,0.1,70.5,0.0,79,REV
2022-02-10 18:57:00,2022-02-10 19:03:00,LONG,1827.5,1826.5,,,0.1,-14.5,0.0,2,REV
2022-02-10 19:03:00,2022-02-10 20:49:00,SHORT,1826.5,1825.5,,,0.1,5.5,0.0,32,REV
2022-02-10 20:49:00,2022-02-10 23:12:00,LONG,1825.5,1824.5,,,0.1,-14.5,0.0,14,REV
2022-02-10 23:12:00,2022-02-11 00:19:00,SHORT,1824.5,1824.5,,,0.1,-4.5,0.0,16,REV
2022-02-11 00:19:00,2022-02-11 01:12:00,LONG,1824.5,1824.0,,,0.1,-9.5,0.0,7,REV
2022-02-11 01:12:00,2022-02-11 02:15:00,SHORT,1824.0,1823.0,,,0.1,5.5,0.0,22,REV
2022-02-11 02:15:00,2022-02-11 02:21:00,LONG,1823.0,1822.0,,,0.1,-14.5,0.0,4,REV
2022-02-11 02:21:00,2022-02-11 02:34:00,SHORT,1822.0,1823.5,,,0.1,-19.5,0.0,7,REV
2022-02-11 02:34:00,2022-02-11 04:40:00,LONG,1823.5,1826.0,,,0.1,20.5,0.0,43,REV
2022-02-11 04:40:00,2022-02-11 05:38:00,SHORT,1826.0,1827.0,,,0.1,-14.5,0.0,10,REV
2022-02-11 05:38:00,2022-02-11 06:09:00,LONG,1827.0,1825.5,,,0.1,-19.5,0.0,5,REV
2022-02-11 06:09:00,2022-02-11 06:48:00,SHORT,1825.5,1827.0,,,0.1,-19.5,0.0,7,REV
2022-02-11 06:48:00,2022-02-11 07:54:00,LONG,1827.0,1829.5,,,0.1,20.5,0.0,33,REV
2022-02-11 07:54:00,2022-02-11 08:00:00,SHORT,1829.5,1830.5,,,0.1,-14.5,0.0,2,REV
2022-02-11 08:00:00,2022-02-11 08:24:00,LONG,1830.5,1830.5,,,0.1,-4.5,0.0,20,REV
2022-02-11 08:24:00,2022-02-11 08:55:00,SHORT,1830.5,1828.0,,,0.1,20.5,0.0,29,REV
2022-02-11 08:55:00,2022-02-11 09:59:00,LONG,1828.0,1830.0,,,0.1,15.5,0.0,68,REV
2022-02-11 09:59:00,2022-02-11 10:05:00,SHORT,1830.0,1831.0,,,0.1,-14.5,0.0,6,REV
2022-02-11 10:05:00,2022-02-11 10:45:00,LONG,1831.0,1835.0,,,0.1,35.5,0.0,38,REV
2022-02-11 10:45:00,2022-02-11 10:53:00,SHORT,1835.0,1836.5,,,0.1,-19.5,0.0,5,REV
2022-02-11 10:53:00,2022-02-11 10:57:00,LONG,1836.5,1835.0,,,0.1,-19.5,0.0,3,REV
2022-02-11 10:57:00,2022-02-11 10:57:00,SHORT,1835.0,1836.0,,,0.1,-14.5,0.0,2,REV
2022-02-11 10:57:00,2022-02-11 11:09:00,LONG,1836.0,1835.0,,,0.1,-14.5,0.0,4,REV
2022-02-11 11:09:00,2022-02-11 11:53:00,SHORT,1835.0,1835.0,,,0.1,-4.5,0.0,22,REV
2022-02-11 11:53:00,2022-02-11 13:21:00,LONG,1835.0,1839.5,,,0.1,40.5,0.0,43,REV
2022-02-11 13:21:00,2022-02-11 13:31:00,SHORT,1839.5,1840.5,,,0.1,-14.5,0.0,2,REV
2022-02-11 13:31:00,2022-02-11 13:39:00,LONG,1840.5,1846.5,,,0.1,55.5,0.0,30,REV
2022-02-11 13:39:00,2022-02-11 13:39:00,SHORT,1846.5,1848.0,,,0.1,-19.5,0.0,3,REV
2022-02-11 13:39:00,2022-02-11 13:51:00,LONG,1848.0,1856.5,,,0.1,80.5,0.0,55,REV
2022-02-11 13:51:00,2022-02-11 13:55:00,SHORT,1856.5,1857.0,,,0.1,-9.5,0.0,17,REV
2022-02-11 13:55:00,2022-02-11 13:59:00,LONG,1857.0,1856.0,,,0.1,-14.5,0.0,14,REV
2022-02-11 13:59:00,2022-02-11 14:00:00,SHORT,1856.0,1858.0,,,0.1,-24.5,0.0,6,REV
2022-02-11 14:00:00,2022-02-11 14:06:00,LONG,1858.0,1859.5,,,0.1,10.5,0.0,25,REV
2022-02-11 14:06:00,2022-02-11 14:07:00,SHORT,1859.5,1860.5,,,0.1,-14.5,0.0,2,REV
2022-02-11 14:07:00,2022-02-11 14:08:00,LONG,1860.5,1859.5,,,0.1,-14.5,0.0,4,REV
2022-02-11 14:08:00,2022-02-11 14:21:00,SHORT,1859.5,1855.0,,,0.1,40.5,0.0,39,REV
2022-02-11 14:21:00,2022-02-11 14:59:00,LONG,1855.0,1859.5,,,0.1,40.5,0.0,71,REV
2022-02-11 14:59:00,2022-02-11 15:02:00,SHORT,1859.5,1861.0,,,0.1,-19.5,0.0,13,REV
2022-02-11 15:02:00,2022-02-11 15:07:00,LONG,1861.0,1860.0,,,0.1,-14.5,0.0,10,REV
2022-02-11 15:07:00,2022-02-11 15:09:00,SHORT,1860.0,1861.5,,,0.1,-19.5,0.0,5,REV
2022-02-11 15:09:00,2022-02-11 15:31:00,LONG,1861.5,1862.0,,,0.1,0.5,0.0,25,REV
2022-02-11 15:31:00,2022-02-11 16:15:00,SHORT,1862.0,1862.0,,,0.1,-4.5,0.0,34,REV
2022-02-11 16:15:00,2022-02-11 16:40:00,LONG,1862.0,1861.0,,,0.1,-14.5,0.0,12,REV
2022-02-11 16:40:00,2022-02-13 18:00:00,SHORT,1861.0,1860.5,,,0.1,0.5,0.0,25,REV
2022-02-13 18:00:00,2022-02-13 18:02:00,LONG,1860.5,1859.0,,,0.1,-19.5,0.0,9,REV
2022-02-13 18:02:00,2022-02-13 18:06:00,SHORT,1859.0,1859.5,,,0.1,-9.5,0.0,17,REV
2022-02-13 18:06:00,2022-02-13 18:38:00,LONG,1859.5,1859.5,,,0.1,-4.5,0.0,22,REV
2022-02-13 18:38:00,2022-02-13 18:54:00,SHORT,1859.5,1859.5,,,0.1,-4.5,0.0,16,REV
2022-02-13 18:54:00,2022-02-13 19:03:00,LONG,1859.5,1858.5,,,0.1,-14.5,0.0,4,REV
2022-02-13 19:03:00,2022-02-13 19:05:00,SHORT,1858.5,1859.0,,,0.1,-9.5,0.0,1,REV
2022-02-13 19:05:00,2022-02-13 19:31:00,LONG,1859.0,1858.5,,,0.1,-9.5,0.0,11,REV
2022-02-13 19:31:00,2022-02-13 19:46:00,SHORT,1858.5,1860.0,,,0.1,-19.5,0.0,5,REV
2022-02-13 19:46:00,2022-02-13 19:48:00,LONG,1860.0,1859.0,,,0.1,-14.5,0.0,2,REV
2022-02-13 19:48:00,2022-02-13 19:49:00,SHORT,1859.0,1859.5,,,0.1,-9.5,0.0,1,REV
2022-02-13 19:49:00,2022-02-13 19:51:00,LONG,1859.5,1859.0,,,0.1,-9.5,0.0,1,REV
2022-02-13 19:51:00,2022-02-13 20:03:00,SHORT,1859.0,1860.0,,,0.1,-14.5,0.0,8,REV
2022-02-13 20:03:00,2022-02-13 20:05:00,LONG,1860.0,1858.5,,,0.1,-19.5,0.0,3,REV
2022-02-13 20:05:00,2022-02-13 20:27:00,SHORT,1858.5,1858.5,,,0.1,-4.5,0.0,14,REV
2022-02-13 20:27:00,2022-02-13 21:08:00,LONG,1858.5,1858.5,,,0.1,-4.5,0.0,16,REV
2022-02-13 21:08:00,2022-02-14 00:15:00,SHORT,1858.5,1853.5,,,0.1,45.5,0.0,42,REV
2022-02-14 00:15:00,2022-02-14 01:23:00,LONG,1853.5,1852.5,,,0.1,-14.5,0.0,16,REV
2022-02-14 01:23:00,2022-02-14 02:20:00,SHORT,1852.5,1853.5,,,0.1,-14.5,0.0,20,REV
2022-02-14 02:20:00,2022-02-14 03:04:00,LONG,1853.5,1853.0,,,0.1,-9.5,0.0,21,REV
2022-02-14 03:04:00,2022-02-14 03:18:00,SHORT,1853.0,1854.5,,,0.1,-19.5,0.0,5,REV
2022-02-14 03:18:00,2022-02-14 03:49:00,LONG,1854.5,1856.5,,,0.1,15.5,0.0,24,REV
2022-02-14 03:49:00,2022-02-14 03:53:00,SHORT,1856.5,1857.0,,,0.1,-9.5,0.0,1,REV
2022-02-14 03:53:00,2022-02-14 03:54:00,LONG,1857.0,1856.5,,,0.1,-9.5,0.0,1,REV
2022-02-14 03:54:00,2022-02-14 03:55:00,SHORT,1856.5,1857.0,,,0.1,-9.5,0.0,1,REV
2022-02-14 03:55:00,2022-02-14 04:04:00,LONG,1857.0,1856.0,,,0.1,-14.5,0.0,4,REV
2022-02-14 04:04:00,2022-02-14 04:37:00,SHORT,1856.0,1855.5,,,0.1,0.5,0.0,25,REV
2022-02-14 04:37:00,2022-02-14 05:34:00,LONG,1855.5,1855.5,,,0.1,-4.5,0.0,22,REV
2022-02-14 05:34:00,2022-02-14 06:24:00,SHORT,1855.5,1856.0,,,0.1,-9.5,0.0,23,REV
2022-02-14 06:24:00,2022-02-14 07:39:00,LONG,1856.0,1855.5,,,0.1,-9.5,0.0,23,REV
2022-02-14 07:39:00,2022-02-14 07:49:00,SHORT,1855.5,1854.5,,,0.1,5.5,0.0,34,REV
2022-02-14 07:49:00,2022-02-14 08:05:00,LONG,1854.5,1854.0,,,0.1,-9.5,0.0,17,REV
2022-02-14 08:05:00,2022-02-14 08:09:00,SHORT,1854.0,1855.5,,,0.1,-19.5,0.0,5,REV
2022-02-14 08:09:00,2022-02-14 08:15:00,LONG,1855.5,1854.0,,,0.1,-19.5,0.0,7,REV
2022-02-14 08:15:00,2022-02-14 08:20:00,SHORT,1854.0,1855.5,,,0.1,-19.5,0.0,5,REV
2022-02-14 08:20:00,2022-02-14 09:01:00,LONG,1855.5,1861.0,,,0.1,50.5,0.0,59,REV
2022-02-14 09:01:00,2022-02-14 09:04:00,SHORT,1861.0,1862.0,,,0.1,-14.5,0.0,2,REV
2022-02-14 09:04:00,2022-02-14 09:16:00,LONG,1862.0,1861.0,,,0.1,-14.5,0.0,10,REV
2022-02-14 09:16:00,2022-02-14 09:18:00,SHORT,1861.0,1862.5,,,0.1,-19.5,0.0,3,REV
2022-02-14 09:18:00,2022-02-14 09:23:00,LONG,1862.5,1861.5,,,0.1,-14.5,0.0,4,REV
2022-02-14 09:23:00,2022-02-14 09:32:00,SHORT,1861.5,1862.5,,,0.1,-14.5,0.0,10,REV
2022-02-14 09:32:00,2022-02-14 09:36:00,LONG,1862.5,1862.5,,,0.1,-4.5,0.0,14,REV
2022-02-14 09:36:00,2022-02-14 09:43:00,SHORT,1862.5,1863.0,,,0.1,-9.5,0.0,13,REV
2022-02-14 09:43:00,2022-02-14 10:04:00,LONG,1863.0,1864.5,,,0.1,10.5,0.0,35,REV
2022-02-14 10:04:00,2022-02-14 10:08:00,SHORT,1864.5,1866.0,,,0.1,-19.5,0.0,5,REV
2022-02-14 10:08:00,2022-02-14 10:22:00,LONG,1866.0,1865.5,,,0.1,-9.5,0.0,15,REV
2022-02-14 10:22:00,2022-02-14 10:31:00,SHORT,1865.5,1867.0,,,0.1,-19.5,0.0,11,REV
2022-02-14 10:31:00,2022-02-14 10:53:00,LONG,1867.0,1868.5,,,0.1,10.5,0.0,27,REV
2022-02-14 10:53:00,2022-02-14 11:45:00,SHORT,1868.5,1863.0,,,0.1,50.5,0.0,59,REV
2022-02-14 11:45:00,2022-02-14 12:00:00,LONG,1863.0,1862.0,,,0.1,-14.5,0.0,10,REV
2022-02-14 12:00:00,2022-02-14 12:43:00,SHORT,1862.0,1862.5,,,0.1,-9.5,0.0,15,REV
2022-02-14 12:43:00,2022-02-14 14:11:00,LONG,1862.5,1871.5,,,0.1,85.5,0.0,70,REV
2022-02-14 14:11:00,2022-02-14 14:40:00,SHORT,1871.5,1870.0,,,0.1,10.5,0.0,33,REV
2022-02-14 14:40:00,2022-02-14 14:56:00,LONG,1870.0,1868.5,,,0.1,-19.5,0.0,9,REV
2022-02-14 14:56:00,2022-02-14 15:11:00,SHORT,1868.5,1870.0,,,0.1,-19.5,0.0,7,REV
2022-02-14 15:11:00,2022-02-14 16:03:00,LONG,1870.0,1871.5,,,0.1,10.5,0.0,21,REV
2022-02-14 16:03:00,2022-02-14 16:08:00,SHORT,1871.5,1872.0,,,0.1,-9.5,0.0,1,REV
2022-02-14 16:08:00,2022-02-14 16:33:00,LONG,1872.0,1871.0,,,0.1,-14.5,0.0,6,REV
2022-02-14 16:33:00,2022-02-14 19:26:00,SHORT,1871.0,1871.5,,,0.1,-9.5,0.0,17,REV
2022-02-14 19:26:00,2022-02-14 19:30:00,LONG,1871.5,1870.5,,,0.1,-14.5,0.0,2,REV
2022-02-14 19:30:00,2022-02-14 19:55:00,SHORT,1870.5,1871.5,,,0.1,-14.5,0.0,2,REV
2022-02-14 19:55:00,2022-02-14 20:03:00,LONG,1871.5,1870.5,,,0.1,-14.5,0.0,6,REV
2022-02-14 20:03:00,2022-02-14 20:39:00,SHORT,1870.5,1871.5,,,0.1,-14.5,0.0,10,REV
2022-02-14 20:39:00,2022-02-14 20:52:00,LONG,1871.5,1870.5,,,0.1,-14.5,0.0,2,REV
2022-02-14 20:52:00,2022-02-14 21:15:00,SHORT,1870.5,1871.5,,,0.1,-14.5,0.0,4,REV
2022-02-14 21:15:00,2022-02-14 21:25:00,LONG,1871.5,1870.5,,,0.1,-14.5,0.0,2,REV
2022-02-14 21:25:00,2022-02-14 21:35:00,SHORT,1870.5,1871.5,,,0.1,-14.5,0.0,2,REV
2022-02-14 21:35:00,2022-02-15 00:42:00,LONG,1871.5,1877.5,,,0.1,55.5,0.0,44,REV
2022-02-15 00:42:00,2022-02-15 00:43:00,SHORT,1877.5,1878.0,,,0.1,-9.5,0.0,1,REV
2022-02-15 00:43:00,2022-02-15 00:54:00,LONG,1878.0,1877.0,,,0.1,-14.5,0.0,4,REV
2022-02-15 00:54:00,2022-02-15 00:59:00,SHORT,1877.0,1878.5,,,0.1,-19.5,0.0,5,REV
2022-02-15 00:59:00,2022-02-15 02:11:00,LONG,1878.5,1877.5,,,0.1,-14.5,0.0,16,REV
2022-02-15 02:11:00,2022-02-15 03:28:00,SHORT,1877.5,1869.0,,,0.1,80.5,0.0,73,REV
2022-02-15 03:28:00,2022-02-15 03:35:00,LONG,1869.0,1868.0,,,0.1,-14.5,0.0,10,REV
2022-02-15 03:35:00,2022-02-15 03:46:00,SHORT,1868.0,1862.0,,,0.1,55.5,0.0,38,REV
2022-02-15 03:46:00,2022-02-15 03:49:00,LONG,1862.0,1859.5,,,0.1,-29.5,0.0,7,REV
2022-02-15 03:49:00,2022-02-15 03:54:00,SHORT,1859.5,1861.5,,,0.1,-24.5,0.0,8,REV
2022-02-15 03:54:00,2022-02-15 04:03:00,LONG,1861.5,1861.0,,,0.1,-9.5,0.0,11,REV
2022-02-15 04:03:00,2022-02-15 04:39:00,SHORT,1861.0,1855.0,,,0.1,55.5,0.0,52,REV
2022-02-15 04:39:00,2022-02-15 05:05:00,LONG,1855.0,1856.0,,,0.1,5.5,0.0,26,REV
2022-02-15 05:05:00,2022-02-15 05:25:00,SHORT,1856.0,1857.0,,,0.1,-14.5,0.0,14,REV
2022-02-15 05:25:00,2022-02-15 05:33:00,LONG,1857.0,1855.0,,,0.1,-24.5,0.0,4,REV
2022-02-15 05:33:00,2022-02-15 07:01:00,SHORT,1855.0,1853.0,,,0.1,15.5,0.0,50,REV
2022-02-15 07:01:00,2022-02-15 07:03:00,LONG,1853.0,1851.0,,,0.1,-24.5,0.0,4,REV
2022-02-15 07:03:00,2022-02-15 07:07:00,SHORT,1851.0,1852.5,,,0.1,-19.5,0.0,3,REV
2022-02-15 07:07:00,2022-02-15 07:17:00,LONG,1852.5,1851.5,,,0.1,-14.5,0.0,4,REV
2022-02-15 07:17:00,2022-02-15 07:29:00,SHORT,1851.5,1849.0,,,0.1,20.5,0.0,25,REV
2022-02-15 07:29:00,2022-02-15 08:09:00,LONG,1849.0,1850.0,,,0.1,5.5,0.0,38,REV
2022-02-15 08:09:00,2022-02-15 08:27:00,SHORT,1850.0,1848.0,,,0.1,15.5,0.0,24,REV
2022-02-15 08:27:00,2022-02-15 08:30:00,LONG,1848.0,1846.5,,,0.1,-19.5,0.0,7,REV
2022-02-15 08:30:00,2022-02-15 08:31:00,SHORT,1846.5,1848.0,,,0.1,-19.5,0.0,3,REV
2022-02-15 08:31:00,2022-02-15 08:42:00,LONG,1848.0,1851.0,,,0.1,25.5,0.0,30,REV
2022-02-15 08:42:00,2022-02-15 08:46:00,SHORT,1851.0,1852.0,,,0.1,-14.5,0.0,8,REV
2022-02-15 08:46:00,2022-02-15 08:48:00,LONG,1852.0,1851.0,,,0.1,-14.5,0.0,2,REV
2022-02-15 08:48:00,2022-02-15 09:01:00,SHORT,1851.0,1851.5,,,0.1,-9.5,0.0,9,REV
2022-02-15 09:01:00,2022-02-15 09:20:00,LONG,1851.5,1854.0,,,0.1,20.5,0.0,35,REV
2022-02-15 09:20:00,2022-02-15 09:29:00,SHORT,1854.0,1855.5,,,0.1,-19.5,0.0,11,REV
2022-02-15 09:29:00,2022-02-15 09:30:00,LONG,1855.5,1854.0,,,0.1,-19.5,0.0,3,REV
2022-02-15 09:30:00,2022-02-15 09:40:00,SHORT,1854.0,1851.5,,,0.1,20.5,0.0,21,REV
2022-02-15 09:40:00,2022-02-15 09:45:00,LONG,1851.5,1850.0,,,0.1,-19.5,0.0,9,REV
2022-02-15 09:45:00,2022-02-15 09:46:00,SHORT,1850.0,1852.0,,,0.1,-24.5,0.0,4,REV
2022-02-15 09:46:00,2022-02-15 09:50:00,LONG,1852.0,1851.5,,,0.1,-9.5,0.0,13,REV
2022-02-15 09:50:00,2022-02-15 10:09:00,SHORT,1851.5,1850.0,,,0.1,10.5,0.0,29,REV
2022-02-15 10:09:00,2022-02-15 10:26:00,LONG,1850.0,1850.0,,,0.1,-4.5,0.0,16,REV
2022-02-15 10:26:00,2022-02-15 10:50:00,SHORT,1850.0,1850.0,,,0.1,-4.5,0.0,24,REV
2022-02-15 10:50:00,2022-02-15 10:51:00,LONG,1850.0,1849.5,,,0.1,-9.5,0.0,1,REV
2022-02-15 10:51:00,2022-02-15 11:03:00,SHORT,1849.5,1849.5,,,0.1,-4.5,0.0,14,REV
2022-02-15 11:03:00,2022-02-15 11:05:00,LONG,1849.5,1848.0,,,0.1,-19.5,0.0,3,REV
2022-02-15 11:05:00,2022-02-15 11:15:00,SHORT,1848.0,1849.0,,,0.1,-14.5,0.0,8,REV
2022-02-15 11:15:00,2022-02-15 11:21:00,LONG,1849.0,1847.5,,,0.1,-19.5,0.0,5,REV
2022-02-15 11:21:00,2022-02-15 11:28:00,SHORT,1847.5,1848.0,,,0.1,-9.5,0.0,7,REV
2022-02-15 11:28:00,2022-02-15 12:22:00,LONG,1848.0,1850.0,,,0.1,15.5,0.0,30,REV
2022-02-15 12:22:00,2022-02-15 12:46:00,SHORT,1850.0,1851.5,,,0.1,-19.5,0.0,9,REV
2022-02-15 12:46:00,2022-02-15 14:04:00,LONG,1851.5,1854.0,,,0.1,20.5,0.0,31,REV
2022-02-15 14:04:00,2022-02-15 15:09:00,SHORT,1854.0,1855.5,,,0.1,-19.5,0.0,13,REV
2022-02-15 15:09:00,2022-02-15 15:28:00,LONG,1855.5,1853.5,,,0.1,-24.5,0.0,6,REV
2022-02-15 15:28:00,2022-02-15 15:57:00,SHORT,1853.5,1853.5,,,0.1,-4.5,0.0,14,REV
2022-02-15 15:57:00,2022-02-15 15:57:00,LONG,1853.5,1853.0,,,0.1,-9.5,0.0,1,REV
2022-02-15 15:57:00,2022-02-15 18:17:00,SHORT,1853.0,1854.0,,,0.1,-14.5,0.0,12,REV
2022-02-15 18:17:00,2022-02-15 19:15:00,LONG,1854.0,1852.5,,,0.1,-19.5,0.0,9,REV
2022-02-15 19:15:00,2022-02-15 20:52:00,SHORT,1852.5,1852.5,,,0.1,-4.5,0.0,18,REV
2022-02-15 20:52:00,2022-02-15 21:56:00,LONG,1852.5,1851.5,,,0.1,-14.5,0.0,12,REV
2022-02-15 21:56:00,2022-02-15 22:11:00,SHORT,1851.5,1852.5,,,0.1,-14.5,0.0,2,REV
2022-02-15 22:11:00,2022-02-15 22:23:00,LONG,1852.5,1851.5,,,0.1,-14.5,0.0,2,REV
2022-02-15 22:23:00,2022-02-15 23:19:00,SHORT,1851.5,1852.5,,,0.1,-14.5,0.0,2,REV
2022-02-15 23:19:00,2022-02-16 05:21:00,LONG,1852.5,1856.5,,,0.1,35.5,0.0,64,REV
2022-02-16 05:21:00,2022-02-16 06:53:00,SHORT,1856.5,1855.5,,,0.1,5.5,0.0,26,REV
2022-02-16 06:53:00,2022-02-16 07:18:00,LONG,1855.5,1854.0,,,0.1,-19.5,0.0,7,REV
2022-02-16 07:18:00,2022-02-16 08:22:00,SHORT,1854.0,1853.0,,,0.1,5.5,0.0,40,REV
2022-02-16 08:22:00,2022-02-16 08:30:00,LONG,1853.0,1852.5,,,0.1,-9.5,0.0,11,REV
2022-02-16 08:30:00,2022-02-16 08:32:00,SHORT,1852.5,1854.0,,,0.1,-19.5,0.0,3,REV
2022-02-16 08:32:00,2022-02-16 08:32:00,LONG,1854.0,1853.0,,,0.1,-14.5,0.0,2,REV
2022-02-16 08:32:00,2022-02-16 08:38:00,SHORT,1853.0,1854.5,,,0.1,-19.5,0.0,5,REV
2022-02-16 08:38:00,2022-02-16 09:44:00,LONG,1854.5,1862.5,,,0.1,75.5,0.0,72,REV
2022-02-16 09:44:00,2022-02-16 09:46:00,SHORT,1862.5,1863.5,,,0.1,-14.5,0.0,2,REV
2022-02-16 09:46:00,2022-02-16 09:47:00,LONG,1863.5,1862.5,,,0.1,-14.5,0.0,2,REV
2022-02-16 09:47:00,2022-02-16 09:48:00,SHORT,1862.5,1863.0,,,0.1,-9.5,0.0,1,REV
2022-02-16 09:48:00,2022-02-16 09:53:00,LONG,1863.0,1862.5,,,0.1,-9.5,0.0,3,REV
2022-02-16 09:53:00,2022-02-16 10:12:00,SHORT,1862.5,1863.0,,,0.1,-9.5,0.0,15,REV
2022-02-16 10:12:00,2022-02-16 10:14:00,LONG,1863.0,1861.5,,,0.1,-19.5,0.0,3,REV
2022-02-16 10:14:00,2022-02-16 10:22:00,SHORT,1861.5,1863.0,,,0.1,-19.5,0.0,5,REV
2022-02-16 10:22:00,2022-02-16 10:27:00,LONG,1863.0,1861.5,,,0.1,-19.5,0.0,3,REV
2022-02-16 10:27:00,2022-02-16 10:42:00,SHORT,1861.5,1862.5,,,0.1,-14.5,0.0,14,REV
2022-02-16 10:42:00,2022-02-16 13:51:00,LONG,1862.5,1868.0,,,0.1,50.5,0.0,69,REV
2022-02-16 13:51:00,2022-02-16 14:03:00,SHORT,1868.0,1868.0,,,0.1,-4.5,0.0,18,REV
2022-02-16 14:03:00,2022-02-16 14:19:00,LONG,1868.0,1869.0,,,0.1,5.5,0.0,24,REV
2022-02-16 14:19:00,2022-02-16 14:22:00,SHORT,1869.0,1871.0,,,0.1,-24.5,0.0,8,REV
2022-02-16 14:22:00,2022-02-16 14:32:00,LONG,1871.0,1869.5,,,0.1,-19.5,0.0,15,REV
2022-02-16 14:32:00,2022-02-16 14:51:00,SHORT,1869.5,1869.0,,,0.1,0.5,0.0,21,REV
2022-02-16 14:51:00,2022-02-16 16:03:00,LONG,1869.0,1870.5,,,0.1,10.5,0.0,35,REV
2022-02-16 16:03:00,2022-02-16 18:30:00,SHORT,1870.5,1870.0,,,0.1,0.5,0.0,17,REV
2022-02-16 18:30:00,2022-02-16 20:06:00,LONG,1870.0,1869.5,,,0.1,-9.5,0.0,23,REV
2022-02-16 20:06:00,2022-02-16 21:11:00,SHORT,1869.5,1870.0,,,0.1,-9.5,0.0,15,REV
2022-02-16 21:11:00,2022-02-16 21:22:00,LONG,1870.0,1869.0,,,0.1,-14.5,0.0,4,REV
2022-02-16 21:22:00,2022-02-16 22:52:00,SHORT,1869.0,1869.5,,,0.1,-9.5,0.0,15,REV
2022-02-16 22:52:00,2022-02-16 23:12:00,LONG,1869.5,1873.0,,,0.1,30.5,0.0,45,REV
2022-02-16 23:12:00,2022-02-16 23:15:00,SHORT,1873.0,1874.5,,,0.1,-19.5,0.0,5,REV
2022-02-16 23:15:00,2022-02-16 23:24:00,LONG,1874.5,1873.5,,,0.1,-14.5,0.0,10,REV
2022-02-16 23:24:00,2022-02-16 23:40:00,SHORT,1873.5,1874.0,,,0.1,-9.5,0.0,13,REV
2022-02-16 23:40:00,2022-02-17 00:07:00,LONG,1874.0,1873.0,,,0.1,-14.5,0.0,18,REV
2022-02-17 00:07:00,2022-02-17 00:17:00,SHORT,1873.0,1873.5,,,0.1,-9.5,0.0,13,REV
2022-02-17 00:17:00,2022-02-17 00:37:00,LONG,1873.5,1872.5,,,0.1,-14.5,0.0,14,REV
2022-02-17 00:37:00,2022-02-17 00:46:00,SHORT,1872.5,1874.0,,,0.1,-19.5,0.0,3,REV
2022-02-17 00:46:00,2022-02-17 01:29:00,LONG,1874.0,1874.5,,,0.1,0.5,0.0,23,REV
2022-02-17 01:29:00,2022-02-17 01:32:00,SHORT,1874.5,1876.5,,,0.1,-24.5,0.0,6,REV
2022-02-17 01:32:00,2022-02-17 01:46:00,LONG,1876.5,1875.0,,,0.1,-19.5,0.0,7,REV
2022-02-17 01:46:00,2022-02-17 02:02:00,SHORT,1875.0,1876.0,,,0.1,-14.5,0.0,8,REV
2022-02-17 02:02:00,2022-02-17 02:03:00,LONG,1876.0,1875.0,,,0.1,-14.5,0.0,2,REV
2022-02-17 02:03:00,2022-02-17 02:03:00,SHORT,1875.0,1875.5,,,0.1,-9.5,0.0,1,REV
2022-02-17 02:03:00,2022-02-17 02:13:00,LONG,1875.5,1875.5,,,0.1,-4.5,0.0,8,REV
2022-02-17 02:13:00,2022-02-17 02:59:00,SHORT,1875.5,1875.5,,,0.1,-4.5,0.0,12,REV
2022-02-17 02:59:00,2022-02-17 03:29:00,LONG,1875.5,1886.0,,,0.1,100.5,0.0,49,REV
2022-02-17 03:29:00,2022-02-17 03:36:00,SHORT,1886.0,1885.0,,,0.1,5.5,0.0,20,REV
2022-02-17 03:36:00,2022-02-17 03:50:00,LONG,1885.0,1885.5,,,0.1,0.5,0.0,25,REV
2022-02-17 03:50:00,2022-02-17 03:53:00,SHORT,1885.5,1887.0,,,0.1,-19.5,0.0,5,REV
2022-02-17 03:53:00,2022-02-17 03:59:00,LONG,1887.0,1885.5,,,0.1,-19.5,0.0,5,REV
2022-02-17 03:59:00,2022-02-17 04:03:00,SHORT,1885.5,1887.0,,,0.1,-19.5,0.0,9,REV
2022-02-17 04:03:00,2022-02-17 04:46:00,LONG,1887.0,1890.5,,,0.1,30.5,0.0,43,REV
2022-02-17 04:46:00,2022-02-17 05:29:00,SHORT,1890.5,1886.0,,,0.1,40.5,0.0,49,REV
2022-02-17 05:29:00,2022-02-17 06:16:00,LONG,1886.0,1885.0,,,0.1,-14.5,0.0,16,REV
2022-02-17 06:16:00,2022-02-17 07:10:00,SHORT,1885.0,1885.0,,,0.1,-4.5,0.0,22,REV
2022-02-17 07:10:00,2022-02-17 08:53:00,LONG,1885.0,1895.0,,,0.1,95.5,0.0,98,REV
2022-02-17 08:53:00,2022-02-17 08:59:00,SHORT,1895.0,1896.5,,,0.1,-19.5,0.0,9,REV
2022-02-17 08:59:00,2022-02-17 09:01:00,LONG,1896.5,1895.0,,,0.1,-19.5,0.0,3,REV
2022-02-17 09:01:00,2022-02-17 09:15:00,SHORT,1895.0,1889.5,,,0.1,50.5,0.0,41,REV
2022-02-17 09:15:00,2022-02-17 09:15:00,LONG,1889.5,1888.0,,,0.1,-19.5,0.0,3,REV
2022-02-17 09:15:00,2022-02-17 09:20:00,SHORT,1888.0,1889.5,,,0.1,-19.5,0.0,7,REV
2022-02-17 09:20:00,2022-02-17 09:35:00,LONG,1889.5,1891.5,,,0.1,15.5,0.0,26,REV
2022-02-17 09:35:00,2022-02-17 09:43:00,SHORT,1891.5,1892.0,,,0.1,-9.5,0.0,15,REV
2022-02-17 09:43:00,2022-02-17 09:55:00,LONG,1892.0,1892.5,,,0.1,0.5,0.0,23,REV
2022-02-17 09:55:00,2022-02-17 09:56:00,SHORT,1892.5,1894.0,,,0.1,-19.5,0.0,5,REV
2022-02-17 09:56:00,2022-02-17 10:01:00,LONG,1894.0,1892.5,,,0.1,-19.5,0.0,7,REV
2022-02-17 10:01:00,2022-02-17 10:01:00,SHORT,1892.5,1894.0,,,0.1,-19.5,0.0,3,REV
2022-02-17 10:01:00,2022-02-17 10:20:00,LONG,1894.0,1893.5,,,0.1,-9.5,0.0,19,REV
2022-02-17 10:20:00,2022-02-17 10:23:00,SHORT,1893.5,1895.0,,,0.1,-19.5,0.0,5,REV
2022-02-17 10:23:00,2022-02-17 10:33:00,LONG,1895.0,1894.0,,,0.1,-14.5,0.0,8,REV
2022-02-17 10:33:00,2022-02-17 10:42:00,SHORT,1894.0,1894.5,,,0.1,-9.5,0.0,9,REV
2022-02-17 10:42:00,2022-02-17 10:46:00,LONG,1894.5,1893.5,,,0.1,-14.5,0.0,4,REV
2022-02-17 10:46:00,2022-02-17 10:48:00,SHORT,1893.5,1895.0,,,0.1,-19.5,0.0,7,REV
2022-02-17 10:48:00,2022-02-17 11:18:00,LONG,1895.0,1895.0,,,0.1,-4.5,0.0,20,REV
2022-02-17 11:18:00,2022-02-17 11:36:00,SHORT,1895.0,1895.5,,,0.1,-9.5,0.0,13,REV
2022-02-17 11:36:00,2022-02-17 11:50:00,LONG,1895.5,1895.5,,,0.1,-4.5,0.0,20,REV
2022-02-17 11:50:00,2022-02-17 12:10:00,SHORT,1895.5,1897.0,,,0.1,-19.5,0.0,13,REV
2022-02-17 12:10:00,2022-02-17 13:00:00,LONG,1897.0,1897.5,,,0.1,0.5,0.0,27,REV
2022-02-17 13:00:00,2022-02-17 13:15:00,SHORT,1897.5,1898.5,,,0.1,-14.5,0.0,8,REV
2022-02-17 13:15:00,2022-02-17 13:42:00,LONG,1898.5,1898.5,,,0.1,-4.5,0.0,20,REV
2022-02-17 13:42:00,2022-02-17 14:22:00,SHORT,1898.5,1899.5,,,0.1,-14.5,0.0,16,REV
2022-02-17 14:22:00,2022-02-17 14:50:00,LONG,1899.5,1898.0,,,0.1,-19.5,0.0,11,REV
2022-02-17 14:50:00,2022-02-17 15:00:00,SHORT,1898.0,1900.0,,,0.1,-24.5,0.0,4,REV
2022-02-17 15:00:00,2022-02-17 15:09:00,LONG,1900.0,1898.5,,,0.1,-19.5,0.0,3,REV
2022-02-17 15:09:00,2022-02-17 18:01:00,SHORT,1898.5,1899.0,,,0.1,-9.5,0.0,23,REV
2022-02-17 18:01:00,2022-02-17 20:00:00,LONG,1899.0,1899.5,,,0.1,0.5,0.0,23,REV
2022-02-17 20:00:00,2022-02-17 21:12:00,SHORT,1899.5,1890.0,,,0.1,90.5,0.0,65,REV
2022-02-17 21:12:00,2022-02-17 21:13:00,LONG,1890.0,1889.5,,,0.1,-9.5,0.0,1,REV
2022-02-17 21:13:00,2022-02-17 21:16:00,SHORT,1889.5,1890.0,,,0.1,-9.5,0.0,1,REV
2022-02-17 21:16:00,2022-02-17 21:17:00,LONG,1890.0,1889.5,,,0.1,-9.5,0.0,1,REV
2022-02-17 21:17:00,2022-02-17 21:17:00,SHORT,1889.5,1890.0,,,0.1,-9.5,0.0,1,REV
2022-02-17 21:17:00,2022-02-17 23:24:00,LONG,1890.0,1890.0,,,0.1,-4.5,0.0,20,REV
2022-02-17 23:24:00,2022-02-18 00:39:00,SHORT,1890.0,1891.0,,,0.1,-14.5,0.0,8,REV
2022-02-18 00:39:00,2022-02-18 01:37:00,LONG,1891.0,1891.5,,,0.1,0.5,0.0,19,REV
2022-02-18 01:37:00,2022-02-18 02:27:00,SHORT,1891.5,1892.5,,,0.1,-14.5,0.0,18,REV
2022-02-18 02:27:00,2022-02-18 03:38:00,LONG,1892.5,1893.0,,,0.1,0.5,0.0,31,REV
2022-02-18 03:38:00,2022-02-18 03:54:00,SHORT,1893.0,1894.5,,,0.1,-19.5,0.0,9,REV
2022-02-18 03:54:00,2022-02-18 04:30:00,LONG,1894.5,1893.0,,,0.1,-19.5,0.0,11,REV
2022-02-18 04:30:00,2022-02-18 05:01:00,SHORT,1893.0,1894.5,,,0.1,-19.5,0.0,9,REV
2022-02-18 05:01:00,2022-02-18 05:11:00,LONG,1894.5,1893.5,,,0.1,-14.5,0.0,6,REV
2022-02-18 05:11:00,2022-02-18 05:49:00,SHORT,1893.5,1888.5,,,0.1,45.5,0.0,38,REV
2022-02-18 05:49:00,2022-02-18 06:21:00,LONG,1888.5,1887.5,,,0.1,-14.5,0.0,10,REV
2022-02-18 06:21:00,2022-02-18 06:36:00,SHORT,1887.5,1889.5,,,0.1,-24.5,0.0,6,REV
2022-02-18 06:36:00,2022-02-18 07:18:00,LONG,1889.5,1889.5,,,0.1,-4.5,0.0,18,REV
2022-02-18 07:18:00,2022-02-18 07:35:00,SHORT,1889.5,1891.5,,,0.1,-24.5,0.0,6,REV
2022-02-18 07:35:00,2022-02-18 08:37:00,LONG,1891.5,1897.0,,,0.1,50.5,0.0,59,REV
2022-02-18 08:37:00,2022-02-18 08:45:00,SHORT,1897.0,1898.5,,,0.1,-19.5,0.0,9,REV
2022-02-18 08:45:00,2022-02-18 08:47:00,LONG,1898.5,1897.0,,,0.1,-19.5,0.0,5,REV
2022-02-18 08:47:00,2022-02-18 09:08:00,SHORT,1897.0,1897.5,,,0.1,-9.5,0.0,21,REV
2022-02-18 09:08:00,2022-02-18 09:23:00,LONG,1897.5,1896.5,,,0.1,-14.5,0.0,14,REV
2022-02-18 09:23:00,2022-02-18 09:36:00,SHORT,1896.5,1897.5,,,0.1,-14.5,0.0,16,REV
2022-02-18 09:36:00,2022-02-18 09:52:00,LONG,1897.5,1896.5,,,0.1,-14.5,0.0,16,REV
2022-02-18 09:52:00,2022-02-18 10:07:00,SHORT,1896.5,1895.0,,,0.1,10.5,0.0,25,REV
2022-02-18 10:07:00,2022-02-18 10:26:00,LONG,1895.0,1893.5,,,0.1,-19.5,0.0,11,REV
2022-02-18 10:26:00,2022-02-18 10:34:00,SHORT,1893.5,1895.5,,,0.1,-24.5,0.0,6,REV
2022-02-18 10:34:00,2022-02-18 10:40:00,LONG,1895.5,1894.0,,,0.1,-19.5,0.0,5,REV
2022-02-18 10:40:00,2022-02-18 11:02:00,SHORT,1894.0,1892.5,,,0.1,10.5,0.0,27,REV
2022-02-18 11:02:00,2022-02-18 11:30:00,LONG,1892.5,1893.5,,,0.1,5.5,0.0,20,REV
2022-02-18 11:30:00,2022-02-18 11:41:00,SHORT,1893.5,1895.0,,,0.1,-19.5,0.0,9,REV
2022-02-18 11:41:00,2022-02-18 12:14:00,LONG,1895.0,1895.0,,,0.1,-4.5,0.0,20,REV
2022-02-18 12:14:00,2022-02-18 12:25:00,SHORT,1895.0,1896.0,,,0.1,-14.5,0.0,4,REV
2022-02-18 12:25:00,2022-02-18 12:45:00,LONG,1896.0,1895.5,,,0.1,-9.5,0.0,17,REV
2022-02-18 12:45:00,2022-02-18 12:52:00,SHORT,1895.5,1897.0,,,0.1,-19.5,0.0,3,REV
2022-02-18 12:52:00,2022-02-18 13:54:00,LONG,1897.0,1896.0,,,0.1,-14.5,0.0,16,REV
2022-02-18 13:54:00,2022-02-18 15:53:00,SHORT,1896.0,1895.0,,,0.1,5.5,0.0,28,REV
2022-02-18 15:53:00,2022-02-20 18:05:00,LONG,1895.0,1901.5,,,0.1,60.5,0.0,43,REV
2022-02-20 18:05:00,2022-02-20 18:13:00,SHORT,1901.5,1903.5,,,0.1,-24.5,0.0,10,REV
2022-02-20 18:13:00,2022-02-20 19:52:00,LONG,1903.5,1905.0,,,0.1,10.5,0.0,41,REV
2022-02-20 19:52:00,2022-02-20 19:59:00,SHORT,1905.0,1900.0,,,0.1,45.5,0.0,30,REV
2022-02-20 19:59:00,2022-02-20 19:59:00,LONG,1900.0,1898.5,,,0.1,-19.5,0.0,3,REV
2022-02-20 19:59:00,2022-02-20 20:00:00,SHORT,1898.5,1899.5,,,0.1,-14.5,0.0,8,REV
2022-02-20 20:00:00,2022-02-20 20:06:00,LONG,1899.5,1899.5,,,0.1,-4.5,0.0,20,REV
2022-02-20 20:06:00,2022-02-20 20:21:00,SHORT,1899.5,1898.5,,,0.1,5.5,0.0,26,REV
2022-02-20 20:21:00,2022-02-20 20:24:00,LONG,1898.5,1896.5,,,0.1,-24.5,0.0,6,REV
2022-02-20 20:24:00,2022-02-20 20:45:00,SHORT,1896.5,1895.0,,,0.1,10.5,0.0,31,REV
2022-02-20 20:45:00,2022-02-20 23:09:00,LONG,1895.0,1896.0,,,0.1,5.5,0.0,38,REV
2022-02-20 23:09:00,2022-02-20 23:53:00,SHORT,1896.0,1892.5,,,0.1,30.5,0.0,31,REV
2022-02-20 23:53:00,2022-02-21 00:11:00,LONG,1892.5,1891.0,,,0.1,-19.5,0.0,5,REV
2022-02-21 00:11:00,2022-02-21 00:39:00,SHORT,1891.0,1891.5,,,0.1,-9.5,0.0,13,REV
2022-02-21 00:39:00,2022-02-21 01:14:00,LONG,1891.5,1891.5,,,0.1,-4.5,0.0,14,REV
2022-02-21 01:14:00,2022-02-21 02:28:00,SHORT,1891.5,1890.0,,,0.1,10.5,0.0,31,REV
2022-02-21 02:28:00,2022-02-21 04:27:00,LONG,1890.0,1896.5,,,0.1,60.5,0.0,71,REV
2022-02-21 04:27:00,2022-02-21 05:24:00,SHORT,1896.5,1897.0,,,0.1,-9.5,0.0,11,REV
2022-02-21 05:24:00,2022-02-21 05:32:00,LONG,1897.0,1895.5,,,0.1,-19.5,0.0,3,REV
2022-02-21 05:32:00,2022-02-21 05:33:00,SHORT,1895.5,1896.0,,,0.1,-9.5,0.0,1,REV
2022-02-21 05:33:00,2022-02-21 05:34:00,LONG,1896.0,1895.5,,,0.1,-9.5,0.0,1,REV
2022-02-21 05:34:00,2022-02-21 05:44:00,SHORT,1895.5,1896.5,,,0.1,-14.5,0.0,2,REV
2022-02-21 05:44:00,2022-02-21 06:17:00,LONG,1896.5,1896.0,,,0.1,-9.5,0.0,13,REV
2022-02-21 06:17:00,2022-02-21 06:42:00,SHORT,1896.0,1897.5,,,0.1,-19.5,0.0,9,REV
2022-02-21 06:42:00,2022-02-21 06:56:00,LONG,1897.5,1896.0,,,0.1,-19.5,0.0,7,REV
2022-02-21 06:56:00,2022-02-21 07:35:00,SHORT,1896.0,1895.0,,,0.1,5.5,0.0,22,REV
2022-02-21 07:35:00,2022-02-21 07:43:00,LONG,1895.0,1893.5,,,0.1,-19.5,0.0,3,REV
2022-02-21 07:43:00,2022-02-21 07:43:00,SHORT,1893.5,1894.5,,,0.1,-14.5,0.0,2,REV
2022-02-21 07:43:00,2022-02-21 08:13:00,LONG,1894.5,1895.5,,,0.1,5.5,0.0,32,REV
2022-02-21 08:13:00,2022-02-21 08:22:00,SHORT,1895.5,1897.0,,,0.1,-19.5,0.0,3,REV
2022-02-21 08:22:00,2022-02-21 08:24:00,LONG,1897.0,1896.0,,,0.1,-14.5,0.0,2,REV
2022-02-21 08:24:00,2022-02-21 08:36:00,SHORT,1896.0,1896.5,,,0.1,-9.5,0.0,9,REV
2022-02-21 08:36:00,2022-02-21 08:37:00,LONG,1896.5,1895.5,,,0.1,-14.5,0.0,2,REV
2022-02-21 08:37:00,2022-02-21 08:57:00,SHORT,1895.5,1896.0,,,0.1,-9.5,0.0,15,REV
2022-02-21 08:57:00,2022-02-21 09:02:00,LONG,1896.0,1895.0,,,0.1,-14.5,0.0,8,REV
2022-02-21 09:02:00,2022-02-21 09:07:00,SHORT,1895.0,1896.0,,,0.1,-14.5,0.0,2,REV
2022-02-21 09:07:00,2022-02-21 09:08:00,LONG,1896.0,1895.5,,,0.1,-9.5,0.0,1,REV
2022-02-21 09:08:00,2022-02-21 09:45:00,SHORT,1895.5,1894.5,,,0.1,5.5,0.0,22,REV
2022-02-21 09:45:00,2022-02-21 10:03:00,LONG,1894.5,1894.5,,,0.1,-4.5,0.0,12,REV
2022-02-21 10:03:00,2022-02-21 10:43:00,SHORT,1894.5,1895.5,,,0.1,-14.5,0.0,12,REV
2022-02-21 10:43:00,2022-02-21 14:07:00,LONG,1895.5,1902.5,,,0.1,65.5,0.0,72,REV
2022-02-21 14:07:00,2022-02-21 14:17:00,SHORT,1902.5,1904.0,,,0.1,-19.5,0.0,9,REV
2022-02-21 14:17:00,2022-02-21 18:06:00,LONG,1904.0,1910.5,,,0.1,60.5,0.0,53,REV
2022-02-21 18:06:00,2022-02-21 18:06:00,SHORT,1910.5,1912.5,,,0.1,-24.5,0.0,4,REV
2022-02-21 18:06:00,2022-02-21 18:09:00,LONG,1912.5,1911.0,,,0.1,-19.5,0.0,7,REV
2022-02-21 18:09:00,2022-02-21 18:12:00,SHORT,1911.0,1912.0,,,0.1,-14.5,0.0,6,REV
2022-02-21 18:12:00,2022-02-21 18:13:00,LONG,1912.0,1911.5,,,0.1,-9.5,0.0,1,REV
2022-02-21 18:13:00,2022-02-21 18:15:00,SHORT,1911.5,1912.5,,,0.1,-14.5,0.0,2,REV
2022-02-21 18:15:00,2022-02-21 18:19:00,LONG,1912.5,1911.0,,,0.1,-19.5,0.0,5,REV
2022-02-21 18:19:00,2022-02-21 18:47:00,SHORT,1911.0,1911.0,,,0.1,-4.5,0.0,24,REV
2022-02-21 18:47:00,2022-02-21 18:56:00,LONG,1911.0,1909.0,,,0.1,-24.5,0.0,4,REV
2022-02-21 18:56:00,2022-02-21 19:02:00,SHORT,1909.0,1910.5,,,0.1,-19.5,0.0,5,REV
2022-02-21 19:02:00,2022-02-21 19:27:00,LONG,1910.5,1911.0,,,0.1,0.5,0.0,21,REV
2022-02-21 19:27:00,2022-02-21 20:31:00,SHORT,1911.0,1907.0,,,0.1,35.5,0.0,48,REV
2022-02-21 20:31:00,2022-02-21 21:07:00,LONG,1907.0,1908.0,,,0.1,5.5,0.0,24,REV
2022-02-21 21:07:00,2022-02-21 21:29:00,SHORT,1908.0,1909.5,,,0.1,-19.5,0.0,9,REV
2022-02-21 21:29:00,2022-02-21 21:43:00,LONG,1909.5,1907.5,,,0.1,-24.5,0.0,6,REV
2022-02-21 21:43:00,2022-02-21 21:56:00,SHORT,1907.5,1909.0,,,0.1,-19.5,0.0,5,REV
2022-02-21 21:56:00,2022-02-21 23:32:00,LONG,1909.0,1908.0,,,0.1,-14.5,0.0,16,REV
2022-02-21 23:32:00,2022-02-22 00:42:00,SHORT,1908.0,1909.0,,,0.1,-14.5,0.0,14,REV
2022-02-22 00:42:00,2022-02-22 01:57:00,LONG,1909.0,1909.0,,,0.1,-4.5,0.0,16,REV
2022-02-22 01:57:00,2022-02-22 02:02:00,SHORT,1909.0,1910.0,,,0.1,-14.5,0.0,2,REV
2022-02-22 02:02:00,2022-02-22 02:39:00,LONG,1910.0,1911.0,,,0.1,5.5,0.0,28,REV
2022-02-22 02:39:00,2022-02-22 03:05:00,SHORT,1911.0,1910.0,,,0.1,5.5,0.0,24,REV
2022-02-22 03:05:00,2022-02-22 03:16:00,LONG,1910.0,1909.0,,,0.1,-14.5,0.0,16,REV
2022-02-22 03:16:00,2022-02-22 04:05:00,SHORT,1909.0,1899.0,,,0.1,95.5,0.0,72,REV
2022-02-22 04:05:00,2022-02-22 04:16:00,LONG,1899.0,1898.0,,,0.1,-14.5,0.0,18,REV
2022-02-22 04:16:00,2022-02-22 04:19:00,SHORT,1898.0,1899.5,,,0.1,-19.5,0.0,5,REV
2022-02-22 04:19:00,2022-02-22 04:40:00,LONG,1899.5,1899.5,,,0.1,-4.5,0.0,20,REV
2022-02-22 04:40:00,2022-02-22 04:57:00,SHORT,1899.5,1900.5,,,0.1,-14.5,0.0,16,REV
2022-02-22 04:57:00,2022-02-22 05:18:00,LONG,1900.5,1899.0,,,0.1,-19.5,0.0,11,REV
2022-02-22 05:18:00,2022-02-22 05:41:00,SHORT,1899.0,1896.5,,,0.1,20.5,0.0,31,REV
2022-02-22 05:41:00,2022-02-22 05:48:00,LONG,1896.5,1895.5,,,0.1,-14.5,0.0,8,REV
2022-02-22 05:48:00,2022-02-22 06:00:00,SHORT,1895.5,1896.5,,,0.1,-14.5,0.0,12,REV
2022-02-22 06:00:00,2022-02-22 06:21:00,LONG,1896.5,1895.5,,,0.1,-14.5,0.0,20,REV
2022-02-22 06:21:00,2022-02-22 06:36:00,SHORT,1895.5,1896.0,,,0.1,-9.5,0.0,15,REV
2022-02-22 06:36:00,2022-02-22 06:46:00,LONG,1896.0,1894.5,,,0.1,-19.5,0.0,9,REV
2022-02-22 06:46:00,2022-02-22 07:01:00,SHORT,1894.5,1894.5,,,0.1,-4.5,0.0,16,REV
2022-02-22 07:01:00,2022-02-22 08:05:00,LONG,1894.5,1898.0,,,0.1,30.5,0.0,59,REV
2022-02-22 08:05:00,2022-02-22 08:16:00,SHORT,1898.0,1899.5,,,0.1,-19.5,0.0,5,REV
2022-02-22 08:16:00,2022-02-22 08:39:00,LONG,1899.5,1902.0,,,0.1,20.5,0.0,37,REV
2022-02-22 08:39:00,2022-02-22 08:58:00,SHORT,1902.0,1902.5,,,0.1,-9.5,0.0,17,REV
2022-02-22 08:58:00,2022-02-22 09:30:00,LONG,1902.5,1902.5,,,0.1,-4.5,0.0,22,REV
2022-02-22 09:30:00,2022-02-22 09:30:00,SHORT,1902.5,1903.5,,,0.1,-14.5,0.0,2,REV
2022-02-22 09:30:00,2022-02-22 09:41:00,LONG,1903.5,1904.5,,,0.1,5.5,0.0,22,REV
2022-02-22 09:41:00,2022-02-22 10:00:00,SHORT,1904.5,1902.5,,,0.1,15.5,0.0,30,REV
2022-02-22 10:00:00,2022-02-22 10:03:00,LONG,1902.5,1901.0,,,0.1,-19.5,0.0,5,REV
2022-02-22 10:03:00,2022-02-22 10:04:00,SHORT,1901.0,1902.5,,,0.1,-19.5,0.0,3,REV
2022-02-22 10:04:00,2022-02-22 10:05:00,LONG,1902.5,1901.5,,,0.1,-14.5,0.0,2,REV
2022-02-22 10:05:00,2022-02-22 10:36:00,SHORT,1901.5,1898.5,,,0.1,25.5,0.0,42,REV
2022-02-22 10:36:00,2022-02-22 10:39:00,LONG,1898.5,1897.0,,,0.1,-19.5,0.0,3,REV
2022-02-22 10:39:00,2022-02-22 10:40:00,SHORT,1897.0,1898.0,,,0.1,-14.5,0.0,2,REV
2022-02-22 10:40:00,2022-02-22 10:46:00,LONG,1898.0,1897.0,,,0.1,-14.5,0.0,6,REV
2022-02-22 10:46:00,2022-02-22 10:57:00,SHORT,1897.0,1897.0,,,0.1,-4.5,0.0,16,REV
2022-02-22 10:57:00,2022-02-22 13:39:00,LONG,1897.0,1903.5,,,0.1,60.5,0.0,83,REV
2022-02-22 13:39:00,2022-02-22 14:24:00,SHORT,1903.5,1904.0,,,0.1,-9.5,0.0,21,REV
2022-02-22 14:24:00,2022-02-22 14:25:00,LONG,1904.0,1902.5,,,0.1,-19.5,0.0,3,REV
2022-02-22 14:25:00,2022-02-22 14:44:00,SHORT,1902.5,1903.0,,,0.1,-9.5,0.0,15,REV
2022-02-22 14:44:00,2022-02-22 14:54:00,LONG,1903.0,1901.5,,,0.1,-19.5,0.0,5,REV
2022-02-22 14:54:00,2022-02-22 15:31:00,SHORT,1901.5,1900.0,,,0.1,10.5,0.0,23,REV
2022-02-22 15:31:00,2022-02-22 16:18:00,LONG,1900.0,1899.5,,,0.1,-9.5,0.0,13,REV
2022-02-22 16:18:00,2022-02-22 20:03:00,SHORT,1899.5,1900.5,,,0.1,-14.5,0.0,12,REV
2022-02-22 20:03:00,2022-02-22 20:51:00,LONG,1900.5,1899.0,,,0.1,-19.5,0.0,13,REV
2022-02-22 20:51:00,2022-02-22 22:13:00,SHORT,1899.0,1899.5,,,0.1,-9.5,0.0,13,REV
2022-02-22 22:13:00,2022-02-22 22:16:00,LONG,1899.5,1899.0,,,0.1,-9.5,0.0,1,REV
2022-02-22 22:16:00,2022-02-23 01:47:00,SHORT,1899.0,1896.5,,,0.1,20.5,0.0,31,REV
2022-02-23 01:47:00,2022-02-23 02:30:00,LONG,1896.5,1895.0,,,0.1,-19.5,0.0,13,REV
2022-02-23 02:30:00,2022-02-23 03:04:00,SHORT,1895.0,1896.5,,,0.1,-19.5,0.0,17,REV
2022-02-23 03:04:00,2022-02-23 03:11:00,LONG,1896.5,1895.0,,,0.1,-19.5,0.0,5,REV
2022-02-23 03:11:00,2022-02-23 03:16:00,SHORT,1895.0,1896.5,,,0.1,-19.5,0.0,5,REV
2022-02-23 03:16:00,2022-02-23 03:30:00,LONG,1896.5,1895.0,,,0.1,-19.5,0.0,9,REV
2022-02-23 03:30:00,2022-02-23 03:33:00,SHORT,1895.0,1896.5,,,0.1,-19.5,0.0,7,REV
2022-02-23 03:33:00,2022-02-23 03:43:00,LONG,1896.5,1895.5,,,0.1,-14.5,0.0,10,REV
2022-02-23 03:43:00,2022-02-23 04:06:00,SHORT,1895.5,1895.0,,,0.1,0.5,0.0,19,REV
2022-02-23 04:06:00,2022-02-23 04:13:00,LONG,1895.0,1893.5,,,0.1,-19.5,0.0,5,REV
2022-02-23 04:13:00,2022-02-23 04:56:00,SHORT,1893.5,1892.0,,,0.1,10.5,0.0,31,REV
2022-02-23 04:56:00,2022-02-23 06:14:00,LONG,1892.0,1893.5,,,0.1,10.5,0.0,35,REV
2022-02-23 06:14:00,2022-02-23 06:28:00,SHORT,1893.5,1895.0,,,0.1,-19.5,0.0,3,REV
2022-02-23 06:28:00,2022-02-23 07:02:00,LONG,1895.0,1894.0,,,0.1,-14.5,0.0,10,REV
2022-02-23 07:02:00,2022-02-23 07:38:00,SHORT,1894.0,1895.0,,,0.1,-14.5,0.0,6,REV
2022-02-23 07:38:00,2022-02-23 07:41:00,LONG,1895.0,1894.5,,,0.1,-9.5,0.0,1,REV
2022-02-23 07:41:00,2022-02-23 07:45:00,SHORT,1894.5,1895.0,,,0.1,-9.5,0.0,3,REV
2022-02-23 07:45:00,2022-02-23 08:38:00,LONG,1895.0,1902.0,,,0.1,65.5,0.0,50,REV
2022-02-23 08:38:00,2022-02-23 09:04:00,SHORT,1902.0,1901.5,,,0.1,0.5,0.0,23,REV
2022-02-23 09:04:00,2022-02-23 09:25:00,LONG,1901.5,1900.0,,,0.1,-19.5,0.0,7,REV
2022-02-23 09:25:00,2022-02-23 09:35:00,SHORT,1900.0,1901.0,,,0.1,-14.5,0.0,8,REV
2022-02-23 09:35:00,2022-02-23 10:14:00,LONG,1901.0,1905.0,,,0.1,35.5,0.0,52,REV
2022-02-23 10:14:00,2022-02-23 10:18:00,SHORT,1905.0,1906.5,,,0.1,-19.5,0.0,11,REV
2022-02-23 10:18:00,2022-02-23 10:38:00,LONG,1906.5,1905.5,,,0.1,-14.5,0.0,14,REV
2022-02-23 10:38:00,2022-02-23 10:41:00,SHORT,1905.5,1906.5,,,0.1,-14.5,0.0,4,REV
2022-02-23 10:41:00,2022-02-23 11:16:00,LONG,1906.5,1907.0,,,0.1,0.5,0.0,29,REV
2022-02-23 11:16:00,2022-02-23 11:45:00,SHORT,1907.0,1908.0,,,0.1,-14.5,0.0,12,REV
2022-02-23 11:45:00,2022-02-23 12:55:00,LONG,1908.0,1909.0,,,0.1,5.5,0.0,26,REV
2022-02-23 12:55:00,2022-02-23 14:03:00,SHORT,1909.0,1908.5,,,0.1,0.5,0.0,23,REV
2022-02-23 14:03:00,2022-02-23 14:44:00,LONG,1908.5,1907.5,,,0.1,-14.5,0.0,14,REV
2022-02-23 14:44:00,2022-02-23 15:48:00,SHORT,1907.5,1907.5,,,0.1,-4.5,0.0,22,REV
2022-02-23 15:48:00,2022-02-23 16:50:00,LONG,1907.5,1907.5,,,0.1,-4.5,0.0,16,REV
2022-02-23 16:50:00,2022-02-23 18:00:00,SHORT,1907.5,1909.0,,,0.1,-19.5,0.0,3,REV
2022-02-23 18:00:00,2022-02-23 19:51:00,LONG,1909.0,1911.5,,,0.1,20.5,0.0,37,REV
2022-02-23 19:51:00,2022-02-23 19:56:00,SHORT,1911.5,1912.0,,,0.1,-9.5,0.0,1,REV
2022-02-23 19:56:00,2022-02-23 20:09:00,LONG,1912.0,1911.5,,,0.1,-9.5,0.0,11,REV
2022-02-23 20:09:00,2022-02-23 20:26:00,SHORT,1911.5,1912.0,,,0.1,-9.5,0.0,9,REV
2022-02-23 20:26:00,2022-02-23 22:11:00,LONG,1912.0,1923.5,,,0.1,110.5,0.0,87,REV
2022-02-23 22:11:00,2022-02-23 22:20:00,SHORT,1923.5,1925.5,,,0.1,-24.5,0.0,10,REV
2022-02-23 22:20:00,2022-02-23 22:24:00,LONG,1925.5,1927.0,,,0.1,10.5,0.0,19,REV
2022-02-23 22:24:00,2022-02-23 22:25:00,SHORT,1927.0,1929.0,,,0.1,-24.5,0.0,4,REV
2022-02-23 22:25:00,2022-02-23 22:25:00,LONG,1929.0,1928.0,,,0.1,-14.5,0.0,2,REV
2022-02-23 22:25:00,2022-02-23 22:27:00,SHORT,1928.0,1929.0,,,0.1,-14.5,0.0,4,REV
2022-02-23 22:27:00,2022-02-23 22:29:00,LONG,1929.0,1927.5,,,0.1,-19.5,0.0,3,REV
2022-02-23 22:29:00,2022-02-23 22:34:00,SHORT,1927.5,1929.0,,,0.1,-19.5,0.0,9,REV
2022-02-23 22:34:00,2022-02-23 22:40:00,LONG,1929.0,1928.5,,,0.1,-9.5,0.0,15,REV
2022-02-23 22:40:00,2022-02-23 22:43:00,SHORT,1928.5,1930.0,,,0.1,-19.5,0.0,3,REV
2022-02-23 22:43:00,2022-02-23 22:45:00,LONG,1930.0,1928.5,,,0.1,-19.5,0.0,3,REV
2022-02-23 22:45:00,2022-02-23 23:01:00,SHORT,1928.5,1929.5,,,0.1,-14.5,0.0,14,REV
2022-02-23 23:01:00,2022-02-23 23:20:00,LONG,1929.5,1945.5,,,0.1,155.5,0.0,68,REV
2022-02-23 23:20:00,2022-02-23 23:21:00,SHORT,1945.5,1947.5,,,0.1,-24.5,0.0,4,REV
2022-02-23 23:21:00,2022-02-23 23:22:00,LONG,1947.5,1946.0,,,0.1,-19.5,0.0,3,REV
2022-02-23 23:22:00,2022-02-23 23:26:00,SHORT,1946.0,1942.5,,,0.1,30.5,0.0,25,REV
2022-02-23 23:26:00,2022-02-23 23:29:00,LONG,1942.5,1942.0,,,0.1,-9.5,0.0,15,REV
2022-02-23 23:29:00,2022-02-23 23:32:00,SHORT,1942.0,1943.0,,,0.1,-14.5,0.0,10,REV
2022-02-23 23:32:00,2022-02-23 23:32:00,LONG,1943.0,1942.0,,,0.1,-14.5,0.0,2,REV
2022-02-23 23:32:00,2022-02-23 23:43:00,SHORT,1942.0,1940.5,,,0.1,10.5,0.0,19,REV
2022-02-23 23:43:00,2022-02-23 23:45:00,LONG,1940.5,1940.0,,,0.1,-9.5,0.0,1,REV
2022-02-23 23:45:00,2022-02-23 23:46:00,SHORT,1940.0,1940.5,,,0.1,-9.5,0.0,1,REV
2022-02-23 23:46:00,2022-02-23 23:47:00,LONG,1940.5,1940.0,,,0.1,-9.5,0.0,1,REV
2022-02-23 23:47:00,2022-02-23 23:55:00,SHORT,1940.0,1937.0,,,0.1,25.5,0.0,24,REV
2022-02-23 23:55:00,2022-02-23 23:57:00,LONG,1937.0,1935.0,,,0.1,-24.5,0.0,6,REV
2022-02-23 23:57:00,2022-02-24 00:03:00,SHORT,1935.0,1936.0,,,0.1,-14.5,0.0,14,REV
2022-02-24 00:03:00,2022-02-24 00:21:00,LONG,1936.0,1939.0,,,0.1,25.5,0.0,38,REV
2022-02-24 00:21:00,2022-02-24 00:30:00,SHORT,1939.0,1939.0,,,0.1,-4.5,0.0,14,REV
2022-02-24 00:30:00,2022-02-24 00:50:00,LONG,1939.0,1941.5,,,0.1,20.5,0.0,29,REV
2022-02-24 00:50:00,2022-02-24 01:10:00,SHORT,1941.5,1938.5,,,0.1,25.5,0.0,42,REV
2022-02-24 01:10:00,2022-02-24 01:19:00,LONG,1938.5,1938.0,,,0.1,-9.5,0.0,15,REV
2022-02-24 01:19:00,2022-02-24 01:20:00,SHORT,1938.0,1938.5,,,0.1,-9.5,0.0,1,REV
2022-02-24 01:20:00,2022-02-24 01:38:00,LONG,1938.5,1939.5,,,0.1,5.5,0.0,18,REV
2022-02-24 01:38:00,2022-02-24 01:50:00,SHORT,1939.5,1940.5,,,0.1,-14.5,0.0,12,REV
2022-02-24 01:50:00,2022-02-24 02:13:00,LONG,1940.5,1941.5,,,0.1,5.5,0.0,28,REV
2022-02-24 02:13:00,2022-02-24 02:14:00,SHORT,1941.5,1942.5,,,0.1,-14.5,0.0,2,REV
2022-02-24 02:14:00,2022-02-24 02:25:00,LONG,1942.5,1942.5,,,0.1,-4.5,0.0,22,REV
2022-02-24 02:25:00,2022-02-24 02:26:00,SHORT,1942.5,1943.5,,,0.1,-14.5,0.0,2,REV
2022-02-24 02:26:00,2022-02-24 02:26:00,LONG,1943.5,1943.0,,,0.1,-9.5,0.0,1,REV
2022-02-24 02:26:00,2022-02-24 02:47:00,SHORT,1943.0,1940.5,,,0.1,20.5,0.0,33,REV
2022-02-24 02:47:00,2022-02-24 03:04:00,LONG,1940.5,1942.0,,,0.1,10.5,0.0,27,REV
2022-02-24 03:04:00,2022-02-24 03:16:00,SHORT,1942.0,1942.5,,,0.1,-9.5,0.0,23,REV
2022-02-24 03:16:00,2022-02-24 03:17:00,LONG,1942.5,1942.0,,,0.1,-9.5,0.0,1,REV
2022-02-24 03:17:00,2022-02-24 03:27:00,SHORT,1942.0,1941.5,,,0.1,0.5,0.0,23,REV
2022-02-24 03:27:00,2022-02-24 03:35:00,LONG,1941.5,1940.0,,,0.1,-19.5,0.0,9,REV
2022-02-24 03:35:00,2022-02-24 03:36:00,SHORT,1940.0,1941.0,,,0.1,-14.5,0.0,2,REV
2022-02-24 03:36:00,2022-02-24 04:05:00,LONG,1941.0,1943.5,,,0.1,20.5,0.0,37,REV
2022-02-24 04:05:00,2022-02-24 04:14:00,SHORT,1943.5,1944.0,,,0.1,-9.5,0.0,17,REV
2022-02-24 04:14:00,2022-02-24 04:31:00,LONG,1944.0,1944.0,,,0.1,-4.5,0.0,26,REV
2022-02-24 04:31:00,2022-02-24 04:33:00,SHORT,1944.0,1946.0,,,0.1,-24.5,0.0,4,REV
2022-02-24 04:33:00,2022-02-24 05:20:00,LONG,1946.0,1967.5,,,0.1,210.5,0.0,99,REV
2022-02-24 05:20:00,2022-02-24 05:23:00,SHORT,1967.5,1969.0,,,0.1,-19.5,0.0,11,REV
2022-02-24 05:23:00,2022-02-24 05:26:00,LONG,1969.0,1969.0,,,0.1,-4.5,0.0,16,REV
2022-02-24 05:26:00,2022-02-24 05:37:00,SHORT,1969.0,1969.0,,,0.1,-4.5,0.0,22,REV
2022-02-24 05:37:00,2022-02-24 05:48:00,LONG,1969.0,1968.5,,,0.1,-9.5,0.0,19,REV
2022-02-24 05:48:00,2022-02-24 05:53:00,SHORT,1968.5,1970.5,,,0.1,-24.5,0.0,6,REV
2022-02-24 05:53:00,2022-02-24 06:02:00,LONG,1970.5,1971.5,,,0.1,5.5,0.0,16,REV
2022-02-24 06:02:00,2022-02-24 06:07:00,SHORT,1971.5,1972.0,,,0.1,-9.5,0.0,13,REV
2022-02-24 06:07:00,2022-02-24 06:10:00,LONG,1972.0,1970.0,,,0.1,-24.5,0.0,6,REV
2022-02-24 06:10:00,2022-02-24 06:16:00,SHORT,1970.0,1971.5,,,0.1,-19.5,0.0,7,REV
2022-02-24 06:16:00,2022-02-24 06:21:00,LONG,1971.5,1970.5,,,0.1,-14.5,0.0,6,REV
2022-02-24 06:21:00,2022-02-24 06:21:00,SHORT,1970.5,1971.5,,,0.1,-14.5,0.0,2,REV
2022-02-24 06:21:00,2022-02-24 06:25:00,LONG,1971.5,1970.5,,,0.1,-14.5,0.0,8,REV
2022-02-24 06:25:00,2022-02-24 06:45:00,SHORT,1970.5,1970.0,,,0.1,0.5,0.0,27,REV
2022-02-24 06:45:00,2022-02-24 06:45:00,LONG,1970.0,1969.5,,,0.1,-9.5,0.0,1,REV
2022-02-24 06:45:00,2022-02-24 07:04:00,SHORT,1969.5,1964.5,,,0.1,45.5,0.0,38,REV
2022-02-24 07:04:00,2022-02-24 07:05:00,LONG,1964.5,1962.5,,,0.1,-24.5,0.0,4,REV
2022-02-24 07:05:00,2022-02-24 07:09:00,SHORT,1962.5,1964.0,,,0.1,-19.5,0.0,5,REV
2022-02-24 07:09:00,2022-02-24 07:11:00,LONG,1964.0,1962.5,,,0.1,-19.5,0.0,3,REV
2022-02-24 07:11:00,2022-02-24 07:11:00,SHORT,1962.5,1963.5,,,0.1,-14.5,0.0,2,REV
2022-02-24 07:11:00,2022-02-24 07:13:00,LONG,1963.5,1962.5,,,0.1,-14.5,0.0,6,REV
2022-02-24 07:13:00,2022-02-24 07:19:00,SHORT,1962.5,1961.5,,,0.1,5.5,0.0,22,REV
2022-02-24 07:19:00,2022-02-24 07:20:00,LONG,1961.5,1959.5,,,0.1,-24.5,0.0,4,REV
2022-02-24 07:20:00,2022-02-24 07:25:00,SHORT,1959.5,1954.5,,,0.1,45.5,0.0,28,REV
2022-02-24 07:25:00,2022-02-24 07:33:00,LONG,1954.5,1955.0,,,0.1,0.5,0.0,19,REV
2022-02-24 07:33:00,2022-02-24 07:33:00,SHORT,1955.0,1957.0,,,0.1,-24.5,0.0,4,REV
2022-02-24 07:33:00,2022-02-24 07:50:00,LONG,1957.0,1961.0,,,0.1,35.5,0.0,30,REV
2022-02-24 07:50:00,2022-02-24 07:56:00,SHORT,1961.0,1962.0,,,0.1,-14.5,0.0,10,REV
2022-02-24 07:56:00,2022-02-24 08:06:00,LONG,1962.0,1963.0,,,0.1,5.5,0.0,20,REV
2022-02-24 08:06:00,2022-02-24 08:07:00,SHORT,1963.0,1965.0,,,0.1,-24.5,0.0,4,REV
2022-02-24 08:07:00,2022-02-24 08:10:00,LONG,1965.0,1963.5,,,0.1,-19.5,0.0,9,REV
2022-02-24 08:10:00,2022-02-24 08:20:00,SHORT,1963.5,1964.5,,,0.1,-14.5,0.0,14,REV
2022-02-24 08:20:00,2022-02-24 08:32:00,LONG,1964.5,1964.5,,,0.1,-4.5,0.0,26,REV
2022-02-24 08:32:00,2022-02-24 09:00:00,SHORT,1964.5,1959.0,,,0.1,50.5,0.0,45,REV
2022-02-24 09:00:00,2022-02-24 09:09:00,LONG,1959.0,1959.5,,,0.1,0.5,0.0,19,REV
2022-02-24 09:09:00,2022-02-24 09:24:00,SHORT,1959.5,1955.5,,,0.1,35.5,0.0,30,REV
2022-02-24 09:24:00,2022-02-24 09:28:00,LONG,1955.5,1954.5,,,0.1,-14.5,0.0,4,REV
2022-02-24 09:28:00,2022-02-24 09:34:00,SHORT,1954.5,1947.0,,,0.1,70.5,0.0,39,REV
2022-02-24 09:34:00,2022-02-24 09:35:00,LONG,1947.0,1944.5,,,0.1,-29.5,0.0,7,REV
2022-02-24 09:35:00,2022-02-24 09:43:00,SHORT,1944.5,1937.5,,,0.1,65.5,0.0,44,REV
2022-02-24 09:43:00,2022-02-24 09:46:00,LONG,1937.5,1936.5,,,0.1,-14.5,0.0,12,REV
2022-02-24 09:46:00,2022-02-24 09:49:00,SHORT,1936.5,1938.0,,,0.1,-19.5,0.0,9,REV
2022-02-24 09:49:00,2022-02-24 09:49:00,LONG,1938.0,1936.5,,,0.1,-19.5,0.0,3,REV
2022-02-24 09:49:00,2022-02-24 09:57:00,SHORT,1936.5,1935.0,,,0.1,10.5,0.0,19,REV
2022-02-24 09:57:00,2022-02-24 10:12:00,LONG,1935.0,1938.0,,,0.1,25.5,0.0,52,REV
2022-02-24 10:12:00,2022-02-24 10:21:00,SHORT,1938.0,1917.5,,,0.1,200.5,0.0,73,REV
2022-02-24 10:21:00,2022-02-24 10:27:00,LONG,1917.5,1919.5,,,0.1,15.5,0.0,24,REV
2022-02-24 10:27:00,2022-02-24 10:29:00,SHORT,1919.5,1921.5,,,0.1,-24.5,0.0,6,REV
2022-02-24 10:29:00,2022-02-24 10:29:00,LONG,1921.5,1920.0,,,0.1,-19.5,0.0,3,REV
2022-02-24 10:29:00,2022-02-24 10:31:00,SHORT,1920.0,1921.5,,,0.1,-19.5,0.0,5,REV
2022-02-24 10:31:00,2022-02-24 10:46:00,LONG,1921.5,1925.0,,,0.1,30.5,0.0,37,REV
2022-02-24 10:46:00,2022-02-24 10:52:00,SHORT,1925.0,1926.0,,,0.1,-14.5,0.0,12,REV
2022-02-24 10:52:00,2022-02-24 10:54:00,LONG,1926.0,1924.0,,,0.1,-24.5,0.0,6,REV
2022-02-24 10:54:00,2022-02-24 10:57:00,SHORT,1924.0,1925.5,,,0.1,-19.5,0.0,5,REV
2022-02-24 10:57:00,2022-02-24 11:10:00,LONG,1925.5,1927.5,,,0.1,15.5,0.0,32,REV
2022-02-24 11:10:00,2022-02-24 11:31:00,SHORT,1927.5,1924.0,,,0.1,30.5,0.0,37,REV
2022-02-24 11:31:00,2022-02-24 11:31:00,LONG,1924.0,1922.5,,,0.1,-19.5,0.0,3,REV
2022-02-24 11:31:00,2022-02-24 11:43:00,SHORT,1922.5,1923.0,,,0.1,-9.5,0.0,17,REV
2022-02-24 11:43:00,2022-02-24 11:49:00,LONG,1923.0,1922.0,,,0.1,-14.5,0.0,12,REV
2022-02-24 11:49:00,2022-02-24 12:10:00,SHORT,1922.0,1920.0,,,0.1,15.5,0.0,38,REV
2022-02-24 12:10:00,2022-02-24 12:43:00,LONG,1920.0,1922.5,,,0.1,20.5,0.0,27,REV
2022-02-24 12:43:00,2022-02-24 12:47:00,SHORT,1922.5,1924.5,,,0.1,-24.5,0.0,4,REV
2022-02-24 12:47:00,2022-02-24 12:54:00,LONG,1924.5,1923.0,,,0.1,-19.5,0.0,7,REV
2022-02-24 12:54:00,2022-02-24 13:08:00,SHORT,1923.0,1924.0,,,0.1,-14.5,0.0,16,REV
2022-02-24 13:08:00,2022-02-24 13:17:00,LONG,1924.0,1923.0,,,0.1,-14.5,0.0,12,REV
2022-02-24 13:17:00,2022-02-24 13:18:00,SHORT,1923.0,1924.0,,,0.1,-14.5,0.0,2,REV
2022-02-24 13:18:00,2022-02-24 13:20:00,LONG,1924.0,1923.5,,,0.1,-9.5,0.0,1,REV
2022-02-24 13:20:00,2022-02-24 13:21:00,SHORT,1923.5,1924.0,,,0.1,-9.5,0.0,1,REV
2022-02-24 13:21:00,2022-02-24 13:23:00,LONG,1924.0,1923.0,,,0.1,-14.5,0.0,4,REV
2022-02-24 13:23:00,2022-02-24 13:29:00,SHORT,1923.0,1924.5,,,0.1,-19.5,0.0,9,REV
2022-02-24 13:29:00,2022-02-24 13:37:00,LONG,1924.5,1923.0,,,0.1,-19.5,0.0,11,REV
2022-02-24 13:37:00,2022-02-24 13:45:00,SHORT,1923.0,1924.5,,,0.1,-19.5,0.0,13,REV
2022-02-24 13:45:00,2022-02-24 13:49:00,LONG,1924.5,1922.5,,,0.1,-24.5,0.0,8,REV
2022-02-24 13:49:00,2022-02-24 13:58:00,SHORT,1922.5,1920.5,,,0.1,15.5,0.0,20,REV
2022-02-24 13:58:00,2022-02-24 14:04:00,LONG,1920.5,1918.5,,,0.1,-24.5,0.0,8,REV
2022-02-24 14:04:00,2022-02-24 14:10:00,SHORT,1918.5,1911.0,,,0.1,70.5,0.0,39,REV
2022-02-24 14:10:00,2022-02-24 14:11:00,LONG,1911.0,1909.0,,,0.1,-24.5,0.0,6,REV
2022-02-24 14:11:00,2022-02-24 14:16:00,SHORT,1909.0,1906.5,,,0.1,20.5,0.0,25,REV
2022-02-24 14:16:00,2022-02-24 14:16:00,LONG,1906.5,1904.5,,,0.1,-24.5,0.0,4,REV
2022-02-24 14:16:00,2022-02-24 14:21:00,SHORT,1904.5,1898.5,,,0.1,55.5,0.0,36,REV
2022-02-24 14:21:00,2022-02-24 14:24:00,LONG,1898.5,1896.5,,,0.1,-24.5,0.0,6,REV
2022-02-24 14:24:00,2022-02-24 14:30:00,SHORT,1896.5,1889.5,,,0.1,65.5,0.0,34,REV
2022-02-24 14:30:00,2022-02-24 14:33:00,LONG,1889.5,1888.0,,,0.1,-19.5,0.0,11,REV
2022-02-24 14:33:00,2022-02-24 14:36:00,SHORT,1888.0,1887.0,,,0.1,5.5,0.0,16,REV
2022-02-24 14:36:00,2022-02-24 14:36:00,LONG,1887.0,1886.0,,,0.1,-14.5,0.0,2,REV
2022-02-24 14:36:00,2022-02-24 14:38:00,SHORT,1886.0,1882.0,,,0.1,35.5,0.0,24,REV
2022-02-24 14:38:00,2022-02-24 14:54:00,LONG,1882.0,1887.5,,,0.1,50.5,0.0,53,REV
2022-02-24 14:54:00,2022-02-24 14:57:00,SHORT,1887.5,1889.0,,,0.1,-19.5,0.0,13,REV
2022-02-24 14:57:00,2022-02-24 15:00:00,LONG,1889.0,1887.5,,,0.1,-19.5,0.0,9,REV
2022-02-24 15:00:00,2022-02-24 15:10:00,SHORT,1887.5,1884.0,,,0.1,30.5,0.0,35,REV
2022-02-24 15:10:00,2022-02-24 15:12:00,LONG,1884.0,1882.0,,,0.1,-24.5,0.0,4,REV
2022-02-24 15:12:00,2022-02-24 15:12:00,SHORT,1882.0,1883.0,,,0.1,-14.5,0.0,2,REV
2022-02-24 15:12:00,2022-02-24 15:34:00,LONG,1883.0,1892.0,,,0.1,85.5,0.0,54,REV
2022-02-24 15:34:00,2022-02-24 15:35:00,SHORT,1892.0,1894.0,,,0.1,-24.5,0.0,4,REV
2022-02-24 15:35:00,2022-02-24 15:38:00,LONG,1894.0,1892.5,,,0.1,-19.5,0.0,7,REV
2022-02-24 15:38:00,2022-02-24 15:43:00,SHORT,1892.5,1894.0,,,0.1,-19.5,0.0,11,REV
2022-02-24 15:43:00,2022-02-24 16:07:00,LONG,1894.0,1896.5,,,0.1,20.5,0.0,29,REV
2022-02-24 16:07:00,2022-02-24 16:12:00,SHORT,1896.5,1898.5,,,0.1,-24.5,0.0,8,REV
2022-02-24 16:12:00,2022-02-24 16:30:00,LONG,1898.5,1902.0,,,0.1,30.5,0.0,35,REV
2022-02-24 16:30:00,2022-02-24 16:50:00,SHORT,1902.0,1903.5,,,0.1,-19.5,0.0,13,REV
2022-02-24 16:50:00,2022-02-24 16:53:00,LONG,1903.5,1902.0,,,0.1,-19.5,0.0,3,REV
2022-02-24 16:53:00,2022-02-24 18:00:00,SHORT,1902.0,1903.5,,,0.1,-19.5,0.0,3,REV
2022-02-24 18:00:00,2022-02-24 18:24:00,LONG,1903.5,1909.0,,,0.1,50.5,0.0,43,REV
2022-02-24 18:24:00,2022-02-24 18:28:00,SHORT,1909.0,1911.0,,,0.1,-24.5,0.0,8,REV
2022-02-24 18:28:00,2022-02-24 18:37:00,LONG,1911.0,1910.5,,,0.1,-9.5,0.0,15,REV
2022-02-24 18:37:00,2022-02-24 19:15:00,SHORT,1910.5,1906.0,,,0.1,40.5,0.0,47,REV
2022-02-24 19:15:00,2022-02-24 19:47:00,LONG,1906.0,1908.5,,,0.1,20.5,0.0,25,REV
2022-02-24 19:47:00,2022-02-24 19:51:00,SHORT,1908.5,1910.5,,,0.1,-24.5,0.0,4,REV
2022-02-24 19:51:00,2022-02-24 20:08:00,LONG,1910.5,1917.0,,,0.1,60.5,0.0,49,REV
2022-02-24 20:08:00,2022-02-24 20:45:00,SHORT,1917.0,1909.5,,,0.1,70.5,0.0,63,REV
2022-02-24 20:45:00,2022-02-24 21:41:00,LONG,1909.5,1911.5,,,0.1,15.5,0.0,38,REV
2022-02-24 21:41:00,2022-02-24 21:45:00,SHORT,1911.5,1913.5,,,0.1,-24.5,0.0,6,REV
2022-02-24 21:45:00,2022-02-24 21:50:00,LONG,1913.5,1912.0,,,0.1,-19.5,0.0,3,REV
2022-02-24 21:50:00,2022-02-24 21:52:00,SHORT,1912.0,1913.0,,,0.1,-14.5,0.0,2,REV
2022-02-24 21:52:00,2022-02-24 22:07:00,LONG,1913.0,1912.0,,,0.1,-14.5,0.0,8,REV
2022-02-24 22:07:00,2022-02-24 22:12:00,SHORT,1912.0,1913.5,,,0.1,-19.5,0.0,3,REV
2022-02-24 22:12:00,2022-02-24 22:57:00,LONG,1913.5,1913.5,,,0.1,-4.5,0.0,22,REV
2022-02-24 22:57:00,2022-02-24 23:12:00,SHORT,1913.5,1915.0,,,0.1,-19.5,0.0,11,REV
2022-02-24 23:12:00,2022-02-24 23:21:00,LONG,1915.0,1914.0,,,0.1,-14.5,0.0,4,REV
2022-02-24 23:21:00,2022-02-25 00:08:00,SHORT,1914.0,1913.0,,,0.1,5.5,0.0,20,REV
2022-02-25 00:08:00,2022-02-25 00:34:00,LONG,1913.0,1912.0,,,0.1,-14.5,0.0,12,REV
2022-02-25 00:34:00,2022-02-25 00:45:00,SHORT,1912.0,1914.0,,,0.1,-24.5,0.0,8,REV
2022-02-25 00:45:00,2022-02-25 02:18:00,LONG,1914.0,1919.0,,,0.1,45.5,0.0,52,REV
2022-02-25 02:18:00,2022-02-25 02:34:00,SHORT,1919.0,1918.0,,,0.1,5.5,0.0,16,REV
2022-02-25 02:34:00,2022-02-25 02:43:00,LONG,1918.0,1917.5,,,0.1,-9.5,0.0,5,REV
2022-02-25 02:43:00,2022-02-25 03:06:00,SHORT,1917.5,1914.5,,,0.1,25.5,0.0,30,REV
2022-02-25 03:06:00,2022-02-25 03:06:00,LONG,1914.5,1914.0,,,0.1,-9.5,0.0,1,REV
2022-02-25 03:06:00,2022-02-25 03:22:00,SHORT,1914.0,1912.0,,,0.1,15.5,0.0,28,REV
2022-02-25 03:22:00,2022-02-25 03:29:00,LONG,1912.0,1911.0,,,0.1,-14.5,0.0,16,REV
2022-02-25 03:29:00,2022-02-25 03:35:00,SHORT,1911.0,1913.0,,,0.1,-24.5,0.0,4,REV
2022-02-25 03:35:00,2022-02-25 03:48:00,LONG,1913.0,1912.5,,,0.1,-9.5,0.0,13,REV
2022-02-25 03:48:00,2022-02-25 03:59:00,SHORT,1912.5,1913.5,,,0.1,-14.5,0.0,16,REV
2022-02-25 03:59:00,2022-02-25 04:02:00,LONG,1913.5,1912.0,,,0.1,-19.5,0.0,5,REV
2022-02-25 04:02:00,2022-02-25 04:26:00,SHORT,1912.0,1912.5,,,0.1,-9.5,0.0,17,REV
2022-02-25 04:26:00,2022-02-25 04:28:00,LONG,1912.5,1911.5,,,0.1,-14.5,0.0,2,REV
2022-02-25 04:28:00,2022-02-25 04:52:00,SHORT,1911.5,1910.0,,,0.1,10.5,0.0,21,REV
2022-02-25 04:52:00,2022-02-25 04:56:00,LONG,1910.0,1909.5,,,0.1,-9.5,0.0,1,REV
2022-02-25 04:56:00,2022-02-25 04:58:00,SHORT,1909.5,1910.5,,,0.1,-14.5,0.0,2,REV
2022-02-25 04:58:00,2022-02-25 05:15:00,LONG,1910.5,1909.5,,,0.1,-14.5,0.0,10,REV
2022-02-25 05:15:00,2022-02-25 05:31:00,SHORT,1909.5,1909.5,,,0.1,-4.5,0.0,20,REV
2022-02-25 05:31:00,2022-02-25 05:39:00,LONG,1909.5,1908.5,,,0.1,-14.5,0.0,8,REV
2022-02-25 05:39:00,2022-02-25 05:41:00,SHORT,1908.5,1909.5,,,0.1,-14.5,0.0,2,REV
2022-02-25 05:41:00,2022-02-25 06:14:00,LONG,1909.5,1910.5,,,0.1,5.5,0.0,26,REV
2022-02-25 06:14:00,2022-02-25 06:34:00,SHORT,1910.5,1904.5,,,0.1,55.5,0.0,44,REV
2022-02-25 06:34:00,2022-02-25 06:39:00,LONG,1904.5,1903.5,,,0.1,-14.5,0.0,6,REV
2022-02-25 06:39:00,2022-02-25 06:47:00,SHORT,1903.5,1896.5,,,0.1,65.5,0.0,34,REV
2022-02-25 06:47:00,2022-02-25 07:44:00,LONG,1896.5,1904.5,,,0.1,75.5,0.0,76,REV
2022-02-25 07:44:00,2022-02-25 08:02:00,SHORT,1904.5,1896.5,,,0.1,75.5,0.0,52,REV
2022-02-25 08:02:00,2022-02-25 08:02:00,LONG,1896.5,1894.0,,,0.1,-29.5,0.0,5,REV
2022-02-25 08:02:00,2022-02-25 08:03:00,SHORT,1894.0,1895.5,,,0.1,-19.5,0.0,7,REV
2022-02-25 08:03:00,2022-02-25 08:07:00,LONG,1895.5,1895.0,,,0.1,-9.5,0.0,11,REV
2022-02-25 08:07:00,2022-02-25 08:16:00,SHORT,1895.0,1893.5,,,0.1,10.5,0.0,29,REV
2022-02-25 08:16:00,2022-02-25 08:19:00,LONG,1893.5,1891.5,,,0.1,-24.5,0.0,8,REV
2022-02-25 08:19:00,2022-02-25 08:20:00,SHORT,1891.5,1893.5,,,0.1,-24.5,0.0,4,REV
2022-02-25 08:20:00,2022-02-25 08:22:00,LONG,1893.5,1892.0,,,0.1,-19.5,0.0,5,REV
2022-02-25 08:22:00,2022-02-25 08:25:00,SHORT,1892.0,1893.5,,,0.1,-19.5,0.0,9,REV
2022-02-25 08:25:00,2022-02-25 08:31:00,LONG,1893.5,1893.5,,,0.1,-4.5,0.0,16,REV
2022-02-25 08:31:00,2022-02-25 08:58:00,SHORT,1893.5,1889.5,,,0.1,35.5,0.0,50,REV
2022-02-25 08:58:00,2022-02-25 09:00:00,LONG,1889.5,1887.5,,,0.1,-24.5,0.0,6,REV
2022-02-25 09:00:00,2022-02-25 09:09:00,SHORT,1887.5,1887.5,,,0.1,-4.5,0.0,22,REV
2022-02-25 09:09:00,2022-02-25 09:11:00,LONG,1887.5,1886.0,,,0.1,-19.5,0.0,3,REV
2022-02-25 09:11:00,2022-02-25 09:13:00,SHORT,1886.0,1887.5,,,0.1,-19.5,0.0,7,REV
2022-02-25 09:13:00,2022-02-25 09:21:00,LONG,1887.5,1889.0,,,0.1,10.5,0.0,21,REV
2022-02-25 09:21:00,2022-02-25 09:27:00,SHORT,1889.0,1890.5,,,0.1,-19.5,0.0,9,REV
2022-02-25 09:27:00,2022-02-25 09:32:00,LONG,1890.5,1889.5,,,0.1,-14.5,0.0,14,REV
2022-02-25 09:32:00,2022-02-25 09:36:00,SHORT,1889.5,1890.5,,,0.1,-14.5,0.0,16,REV
2022-02-25 09:36:00,2022-02-25 09:47:00,LONG,1890.5,1890.5,,,0.1,-4.5,0.0,22,REV
2022-02-25 09:47:00,2022-02-25 10:07:00,SHORT,1890.5,1887.5,,,0.1,25.5,0.0,44,REV
2022-02-25 10:07:00,2022-02-25 10:08:00,LONG,1887.5,1886.0,,,0.1,-19.5,0.0,3,REV
2022-02-25 10:08:00,2022-02-25 10:14:00,SHORT,1886.0,1886.0,,,0.1,-4.5,0.0,14,REV
2022-02-25 10:14:00,2022-02-25 10:22:00,LONG,1886.0,1884.5,,,0.1,-19.5,0.0,11,REV
2022-02-25 10:22:00,2022-02-25 10:23:00,SHORT,1884.5,1887.0,,,0.1,-29.5,0.0,5,REV
2022-02-25 10:23:00,2022-02-25 10:31:00,LONG,1887.0,1886.0,,,0.1,-14.5,0.0,12,REV
2022-02-25 10:31:00,2022-02-25 10:32:00,SHORT,1886.0,1886.5,,,0.1,-9.5,0.0,1,REV
2022-02-25 10:32:00,2022-02-25 10:33:00,LONG,1886.5,1886.0,,,0.1,-9.5,0.0,1,REV
2022-02-25 10:33:00,2022-02-25 10:36:00,SHORT,1886.0,1887.0,,,0.1,-14.5,0.0,4,REV
2022-02-25 10:36:00,2022-02-25 10:54:00,LONG,1887.0,1888.0,,,0.1,5.5,0.0,20,REV
2022-02-25 10:54:00,2022-02-25 10:56:00,SHORT,1888.0,1889.0,,,0.1,-14.5,0.0,2,REV
2022-02-25 10:56:00,2022-02-25 10:56:00,LONG,1889.0,1888.0,,,0.1,-14.5,0.0,2,REV
2022-02-25 10:56:00,2022-02-25 11:00:00,SHORT,1888.0,1889.0,,,0.1,-14.5,0.0,8,REV
2022-02-25 11:00:00,2022-02-25 11:03:00,LONG,1889.0,1887.5,,,0.1,-19.5,0.0,7,REV
2022-02-25 11:03:00,2022-02-25 12:05:00,SHORT,1887.5,1885.5,,,0.1,15.5,0.0,60,REV
2022-02-25 12:05:00,2022-02-25 12:16:00,LONG,1885.5,1884.0,,,0.1,-19.5,0.0,7,REV
2022-02-25 12:16:00,2022-02-25 12:50:00,SHORT,1884.0,1885.0,,,0.1,-14.5,0.0,10,REV
2022-02-25 12:50:00,2022-02-25 13:28:00,LONG,1885.0,1887.5,,,0.1,20.5,0.0,31,REV
2022-02-25 13:28:00,2022-02-25 13:48:00,SHORT,1887.5,1888.5,,,0.1,-14.5,0.0,10,REV
2022-02-25 13:48:00,2022-02-25 13:55:00,LONG,1888.5,1887.0,,,0.1,-19.5,0.0,3,REV
2022-02-25 13:55:00,2022-02-25 13:57:00,SHORT,1887.0,1888.0,,,0.1,-14.5,0.0,2,REV
2022-02-25 13:57:00,2022-02-25 13:59:00,LONG,1888.0,1887.0,,,0.1,-14.5,0.0,2,REV
2022-02-25 13:59:00,2022-02-25 14:12:00,SHORT,1887.0,1888.0,,,0.1,-14.5,0.0,4,REV
2022-02-25 14:12:00,2022-02-25 15:51:00,LONG,1888.0,1890.5,,,0.1,20.5,0.0,37,REV
2022-02-25 15:51:00,2022-02-27 18:00:00,SHORT,1890.5,1889.5,,,0.1,5.5,0.0,22,REV
2022-02-27 18:00:00,2022-02-27 18:01:00,LONG,1889.5,1926.0,,,0.1,360.5,0.0,91,REV
2022-02-27 18:01:00,2022-02-27 18:02:00,SHORT,1926.0,1924.5,,,0.1,10.5,0.0,19,REV
2022-02-27 18:02:00,2022-02-27 18:03:00,LONG,1924.5,1925.0,,,0.1,0.5,0.0,17,REV
2022-02-27 18:03:00,2022-02-27 18:06:00,SHORT,1925.0,1923.5,,,0.1,10.5,0.0,19,REV
2022-02-27 18:06:00,2022-02-27 18:09:00,LONG,1923.5,1923.0,,,0.1,-9.5,0.0,15,REV
2022-02-27 18:09:00,2022-02-27 18:15:00,SHORT,1923.0,1914.0,,,0.1,85.5,0.0,42,REV
2022-02-27 18:15:00,2022-02-27 18:21:00,LONG,1914.0,1913.0,,,0.1,-14.5,0.0,16,REV
2022-02-27 18:21:00,2022-02-27 18:26:00,SHORT,1913.0,1911.0,,,0.1,15.5,0.0,20,REV
2022-02-27 18:26:00,2022-02-27 18:32:00,LONG,1911.0,1911.0,,,0.1,-4.5,0.0,16,REV
2022-02-27 18:32:00,2022-02-27 18:39:00,SHORT,1911.0,1910.5,,,0.1,0.5,0.0,23,REV
2022-02-27 18:39:00,2022-02-27 18:39:00,LONG,1910.5,1909.0,,,0.1,-19.5,0.0,3,REV
2022-02-27 18:39:00,2022-02-27 18:50:00,SHORT,1909.0,1907.5,,,0.1,10.5,0.0,29,REV
2022-02-27 18:50:00,2022-02-27 18:51:00,LONG,1907.5,1905.5,,,0.1,-24.5,0.0,4,REV
2022-02-27 18:51:00,2022-02-27 18:53:00,SHORT,1905.5,1907.0,,,0.1,-19.5,0.0,7,REV
2022-02-27 18:53:00,2022-02-27 19:08:00,LONG,1907.0,1908.0,,,0.1,5.5,0.0,24,REV
2022-02-27 19:08:00,2022-02-27 19:11:00,SHORT,1908.0,1910.0,,,0.1,-24.5,0.0,4,REV
2022-02-27 19:11:00,2022-02-27 19:16:00,LONG,1910.0,1908.5,,,0.1,-19.5,0.0,7,REV
2022-02-27 19:16:00,2022-02-27 19:18:00,SHORT,1908.5,1910.0,,,0.1,-19.5,0.0,3,REV
2022-02-27 19:18:00,2022-02-27 19:18:00,LONG,1910.0,1909.0,,,0.1,-14.5,0.0,2,REV
2022-02-27 19:18:00,2022-02-27 19:22:00,SHORT,1909.0,1910.0,,,0.1,-14.5,0.0,8,REV
2022-02-27 19:22:00,2022-02-27 19:58:00,LONG,1910.0,1916.5,,,0.1,60.5,0.0,51,REV
2022-02-27 19:58:00,2022-02-27 20:16:00,SHORT,1916.5,1910.0,,,0.1,60.5,0.0,59,REV
2022-02-27 20:16:00,2022-02-27 20:26:00,LONG,1910.0,1909.0,,,0.1,-14.5,0.0,16,REV
2022-02-27 20:26:00,2022-02-27 20:27:00,SHORT,1909.0,1910.5,,,0.1,-19.5,0.0,3,REV
2022-02-27 20:27:00,2022-02-27 21:09:00,LONG,1910.5,1911.0,,,0.1,0.5,0.0,29,REV
2022-02-27 21:09:00,2022-02-27 21:56:00,SHORT,1911.0,1911.0,,,0.1,-4.5,0.0,38,REV
2022-02-27 21:56:00,2022-02-27 22:00:00,LONG,1911.0,1909.5,,,0.1,-19.5,0.0,5,REV
2022-02-27 22:00:00,2022-02-27 22:07:00,SHORT,1909.5,1910.5,,,0.1,-14.5,0.0,4,REV
2022-02-27 22:07:00,2022-02-27 22:12:00,LONG,1910.5,1909.5,,,0.1,-14.5,0.0,2,REV
2022-02-27 22:12:00,2022-02-27 22:45:00,SHORT,1909.5,1907.0,,,0.1,20.5,0.0,29,REV
2022-02-27 22:45:00,2022-02-27 23:03:00,LONG,1907.0,1906.0,,,0.1,-14.5,0.0,10,REV
2022-02-27 23:03:00,2022-02-27 23:08:00,SHORT,1906.0,1907.0,,,0.1,-14.5,0.0,2,REV
2022-02-27 23:08:00,2022-02-27 23:21:00,LONG,1907.0,1906.5,,,0.1,-9.5,0.0,1,REV
2022-02-27 23:21:00,2022-02-27 23:21:00,SHORT,1906.5,1907.0,,,0.1,-9.5,0.0,1,REV
2022-02-27 23:21:00,2022-02-28 00:27:00,LONG,1907.0,1909.5,,,0.1,20.5,0.0,39,REV
2022-02-28 00:27:00,2022-02-28 00:45:00,SHORT,1909.5,1908.5,,,0.1,5.5,0.0,18,REV
2022-02-28 00:45:00,2022-02-28 00:54:00,LONG,1908.5,1907.5,,,0.1,-14.5,0.0,6,REV
2022-02-28 00:54:00,2022-02-28 01:05:00,SHORT,1907.5,1908.5,,,0.1,-14.5,0.0,8,REV
2022-02-28 01:05:00,2022-02-28 01:35:00,LONG,1908.5,1907.5,,,0.1,-14.5,0.0,14,REV
2022-02-28 01:35:00,2022-02-28 01:38:00,SHORT,1907.5,1909.5,,,0.1,-24.5,0.0,4,REV
2022-02-28 01:38:00,2022-02-28 01:48:00,LONG,1909.5,1908.0,,,0.1,-19.5,0.0,7,REV
2022-02-28 01:48:00,2022-02-28 02:30:00,SHORT,1908.0,1900.0,,,0.1,75.5,0.0,56,REV
2022-02-28 02:30:00,2022-02-28 02:30:00,LONG,1900.0,1898.5,,,0.1,-19.5,0.0,3,REV
2022-02-28 02:30:00,2022-02-28 02:36:00,SHORT,1898.5,1897.0,,,0.1,10.5,0.0,23,REV
2022-02-28 02:36:00,2022-02-28 02:54:00,LONG,1897.0,1898.0,,,0.1,5.5,0.0,22,REV
2022-02-28 02:54:00,2022-02-28 03:12:00,SHORT,1898.0,1897.5,,,0.1,0.5,0.0,29,REV
2022-02-28 03:12:00,2022-02-28 03:16:00,LONG,1897.5,1896.0,,,0.1,-19.5,0.0,7,REV
2022-02-28 03:16:00,2022-02-28 03:20:00,SHORT,1896.0,1898.0,,,0.1,-24.5,0.0,4,REV
2022-02-28 03:20:00,2022-02-28 03:28:00,LONG,1898.0,1897.0,,,0.1,-14.5,0.0,10,REV
2022-02-28 03:28:00,2022-02-28 03:29:00,SHORT,1897.0,1898.0,,,0.1,-14.5,0.0,2,REV
2022-02-28 03:29:00,2022-02-28 03:47:00,LONG,1898.0,1899.0,,,0.1,5.5,0.0,18,REV
2022-02-28 03:47:00,2022-02-28 03:56:00,SHORT,1899.0,1900.5,,,0.1,-19.5,0.0,7,REV
2022-02-28 03:56:00,2022-02-28 03:57:00,LONG,1900.5,1900.0,,,0.1,-9.5,0.0,1,REV
2022-02-28 03:57:00,2022-02-28 03:58:00,SHORT,1900.0,1900.5,,,0.1,-9.5,0.0,1,REV
2022-02-28 03:58:00,2022-02-28 04:02:00,LONG,1900.5,1899.5,,,0.1,-14.5,0.0,2,REV
2022-02-28 04:02:00,2022-02-28 04:04:00,SHORT,1899.5,1900.5,,,0.1,-14.5,0.0,2,REV
2022-02-28 04:04:00,2022-02-28 04:12:00,LONG,1900.5,1899.5,,,0.1,-14.5,0.0,10,REV
2022-02-28 04:12:00,2022-02-28 04:32:00,SHORT,1899.5,1900.5,,,0.1,-14.5,0.0,12,REV
2022-02-28 04:32:00,2022-02-28 04:54:00,LONG,1900.5,1899.5,,,0.1,-14.5,0.0,12,REV
2022-02-28 04:54:00,2022-02-28 05:14:00,SHORT,1899.5,1901.0,,,0.1,-19.5,0.0,9,REV
2022-02-28 05:14:00,2022-02-28 06:02:00,LONG,1901.0,1905.0,,,0.1,35.5,0.0,42,REV
2022-02-28 06:02:00,2022-02-28 06:15:00,SHORT,1905.0,1907.0,,,0.1,-24.5,0.0,10,REV
2022-02-28 06:15:00,2022-02-28 06:56:00,LONG,1907.0,1906.0,,,0.1,-14.5,0.0,26,REV
2022-02-28 06:56:00,2022-02-28 07:27:00,SHORT,1906.0,1906.5,,,0.1,-9.5,0.0,25,REV
2022-02-28 07:27:00,2022-02-28 08:03:00,LONG,1906.5,1910.5,,,0.1,35.5,0.0,38,REV
2022-02-28 08:03:00,2022-02-28 08:14:00,SHORT,1910.5,1911.5,,,0.1,-14.5,0.0,14,REV
2022-02-28 08:14:00,2022-02-28 08:17:00,LONG,1911.5,1910.5,,,0.1,-14.5,0.0,4,REV
2022-02-28 08:17:00,2022-02-28 08:20:00,SHORT,1910.5,1911.5,,,0.1,-14.5,0.0,4,REV
2022-02-28 08:20:00,2022-02-28 08:21:00,LONG,1911.5,1910.0,,,0.1,-19.5,0.0,3,REV
2022-02-28 08:21:00,2022-02-28 08:22:00,SHORT,1910.0,1911.5,,,0.1,-19.5,0.0,3,REV
2022-02-28 08:22:00,2022-02-28 08:24:00,LONG,1911.5,1910.0,,,0.1,-19.5,0.0,3,REV
2022-02-28 08:24:00,2022-02-28 08:32:00,SHORT,1910.0,1911.0,,,0.1,-14.5,0.0,10,REV
2022-02-28 08:32:00,2022-02-28 09:02:00,LONG,1911.0,1915.5,,,0.1,40.5,0.0,45,REV
2022-02-28 09:02:00,2022-02-28 09:21:00,SHORT,1915.5,1914.5,,,0.1,5.5,0.0,28,REV
2022-02-28 09:21:00,2022-02-28 09:31:00,LONG,1914.5,1913.0,,,0.1,-19.5,0.0,9,REV
2022-02-28 09:31:00,2022-02-28 09:37:00,SHORT,1913.0,1911.5,,,0.1,10.5,0.0,19,REV
2022-02-28 09:37:00,2022-02-28 09:48:00,LONG,1911.5,1914.5,,,0.1,25.5,0.0,36,REV
2022-02-28 09:48:00,2022-02-28 10:02:00,SHORT,1914.5,1911.5,,,0.1,25.5,0.0,30,REV
2022-02-28 10:02:00,2022-02-28 10:33:00,LONG,1911.5,1914.5,,,0.1,25.5,0.0,40,REV
2022-02-28 10:33:00,2022-02-28 11:00:00,SHORT,1914.5,1908.0,,,0.1,60.5,0.0,41,REV
2022-02-28 11:00:00,2022-02-28 11:05:00,LONG,1908.0,1907.0,,,0.1,-14.5,0.0,6,REV
2022-02-28 11:05:00,2022-02-28 11:28:00,SHORT,1907.0,1902.5,,,0.1,40.5,0.0,39,REV
2022-02-28 11:28:00,2022-02-28 11:29:00,LONG,1902.5,1901.0,,,0.1,-19.5,0.0,3,REV
2022-02-28 11:29:00,2022-02-28 11:35:00,SHORT,1901.0,1902.0,,,0.1,-14.5,0.0,12,REV
2022-02-28 11:35:00,2022-02-28 11:40:00,LONG,1902.0,1900.0,,,0.1,-24.5,0.0,12,REV
2022-02-28 11:40:00,2022-02-28 12:05:00,SHORT,1900.0,1893.5,,,0.1,60.5,0.0,59,REV
2022-02-28 12:05:00,2022-02-28 12:07:00,LONG,1893.5,1892.0,,,0.1,-19.5,0.0,5,REV
2022-02-28 12:07:00,2022-02-28 12:10:00,SHORT,1892.0,1893.5,,,0.1,-19.5,0.0,7,REV
2022-02-28 12:10:00,2022-02-28 12:20:00,LONG,1893.5,1892.5,,,0.1,-14.5,0.0,18,REV
2022-02-28 12:20:00,2022-02-28 12:28:00,SHORT,1892.5,1894.0,,,0.1,-19.5,0.0,9,REV
2022-02-28 12:28:00,2022-02-28 12:39:00,LONG,1894.0,1893.5,,,0.1,-9.5,0.0,19,REV
2022-02-28 12:39:00,2022-02-28 12:54:00,SHORT,1893.5,1895.5,,,0.1,-24.5,0.0,6,REV
2022-02-28 12:54:00,2022-02-28 13:51:00,LONG,1895.5,1898.5,,,0.1,25.5,0.0,40,REV
2022-02-28 13:51:00,2022-02-28 14:08:00,SHORT,1898.5,1899.0,,,0.1,-9.5,0.0,9,REV
2022-02-28 14:08:00,2022-02-28 16:31:00,LONG,1899.0,1908.0,,,0.1,85.5,0.0,78,REV
2022-02-28 16:31:00,2022-02-28 16:58:00,SHORT,1908.0,1909.5,,,0.1,-19.5,0.0,11,REV
2022-02-28 16:58:00,2022-02-28 18:00:00,LONG,1909.5,1907.5,,,0.1,-24.5,0.0,4,REV
2022-02-28 18:00:00,2022-02-28 22:03:00,SHORT,1907.5,1903.5,,,0.1,35.5,0.0,70,REV
2022-02-28 22:03:00,2022-03-01 01:16:00,LONG,1903.5,1905.5,,,0.1,15.5,0.0,46,REV
2022-03-01 01:16:00,2022-03-01 01:50:00,SHORT,1905.5,1907.0,,,0.1,-19.5,0.0,7,REV
2022-03-01 01:50:00,2022-03-01 02:24:00,LONG,1907.0,1907.0,,,0.1,-4.5,0.0,16,REV
2022-03-01 02:24:00,2022-03-01 02:29:00,SHORT,1907.0,1907.5,,,0.1,-9.5,0.0,1,REV
2022-03-01 02:29:00,2022-03-01 02:43:00,LONG,1907.5,1906.5,,,0.1,-14.5,0.0,4,REV
2022-03-01 02:43:00,2022-03-01 02:53:00,SHORT,1906.5,1907.5,,,0.1,-14.5,0.0,4,REV
2022-03-01 02:53:00,2022-03-01 02:54:00,LONG,1907.5,1907.0,,,0.1,-9.5,0.0,1,REV
2022-03-01 02:54:00,2022-03-01 03:00:00,SHORT,1907.0,1908.0,,,0.1,-14.5,0.0,4,REV
2022-03-01 03:00:00,2022-03-01 04:06:00,LONG,1908.0,1912.5,,,0.1,40.5,0.0,37,REV
2022-03-01 04:06:00,2022-03-01 04:07:00,SHORT,1912.5,1913.0,,,0.1,-9.5,0.0,1,REV
2022-03-01 04:07:00,2022-03-01 04:48:00,LONG,1913.0,1916.0,,,0.1,25.5,0.0,42,REV
2022-03-01 04:48:00,2022-03-01 05:05:00,SHORT,1916.0,1917.0,,,0.1,-14.5,0.0,14,REV
2022-03-01 05:05:00,2022-03-01 05:14:00,LONG,1917.0,1916.0,,,0.1,-14.5,0.0,10,REV
2022-03-01 05:14:00,2022-03-01 05:16:00,SHORT,1916.0,1917.5,,,0.1,-19.5,0.0,5,REV
2022-03-01 05:16:00,2022-03-01 06:13:00,LONG,1917.5,1924.0,,,0.1,60.5,0.0,65,REV
2022-03-01 06:13:00,2022-03-01 06:31:00,SHORT,1924.0,1922.5,,,0.1,10.5,0.0,29,REV
2022-03-01 06:31:00,2022-03-01 06:32:00,LONG,1922.5,1921.0,,,0.1,-19.5,0.0,3,REV
2022-03-01 06:32:00,2022-03-01 06:34:00,SHORT,1921.0,1922.0,,,0.1,-14.5,0.0,2,REV
2022-03-01 06:34:00,2022-03-01 06:40:00,LONG,1922.0,1921.0,,,0.1,-14.5,0.0,6,REV
2022-03-01 06:40:00,2022-03-01 06:42:00,SHORT,1921.0,1922.0,,,0.1,-14.5,0.0,2,REV
2022-03-01 06:42:00,2022-03-01 06:55:00,LONG,1922.0,1922.0,,,0.1,-4.5,0.0,10,REV
2022-03-01 06:55:00,2022-03-01 06:56:00,SHORT,1922.0,1922.5,,,0.1,-9.5,0.0,1,REV
2022-03-01 06:56:00,2022-03-01 06:56:00,LONG,1922.5,1922.0,,,0.1,-9.5,0.0,1,REV
2022-03-01 06:56:00,2022-03-01 07:04:00,SHORT,1922.0,1922.0,,,0.1,-4.5,0.0,10,REV
2022-03-01 07:04:00,2022-03-01 07:05:00,LONG,1922.0,1921.5,,,0.1,-9.5,0.0,1,REV
2022-03-01 07:05:00,2022-03-01 07:07:00,SHORT,1921.5,1922.0,,,0.1,-9.5,0.0,1,REV
2022-03-01 07:07:00,2022-03-01 07:07:00,LONG,1922.0,1921.5,,,0.1,-9.5,0.0,1,REV
2022-03-01 07:07:00,2022-03-01 07:22:00,SHORT,1921.5,1922.0,,,0.1,-9.5,0.0,13,REV
2022-03-01 07:22:00,2022-03-01 07:43:00,LONG,1922.0,1921.0,,,0.1,-14.5,0.0,18,REV
2022-03-01 07:43:00,2022-03-01 07:44:00,SHORT,1921.0,1922.5,,,0.1,-19.5,0.0,3,REV
2022-03-01 07:44:00,2022-03-01 07:44:00,LONG,1922.5,1921.5,,,0.1,-14.5,0.0,2,REV
2022-03-01 07:44:00,2022-03-01 07:56:00,SHORT,1921.5,1915.5,,,0.1,55.5,0.0,36,REV
2022-03-01 07:56:00,2022-03-01 08:01:00,LONG,1915.5,1915.0,,,0.1,-9.5,0.0,15,REV
2022-03-01 08:01:00,2022-03-01 08:04:00,SHORT,1915.0,1917.0,,,0.1,-24.5,0.0,6,REV
2022-03-01 08:04:00,2022-03-01 08:23:00,LONG,1917.0,1918.5,,,0.1,10.5,0.0,35,REV
2022-03-01 08:23:00,2022-03-01 08:30:00,SHORT,1918.5,1919.0,,,0.1,-9.5,0.0,15,REV
2022-03-01 08:30:00,2022-03-01 08:31:00,LONG,1919.0,1917.5,,,0.1,-19.5,0.0,3,REV
2022-03-01 08:31:00,2022-03-01 08:41:00,SHORT,1917.5,1916.0,,,0.1,10.5,0.0,21,REV
2022-03-01 08:41:00,2022-03-01 08:46:00,LONG,1916.0,1914.5,,,0.1,-19.5,0.0,7,REV
2022-03-01 08:46:00,2022-03-01 08:54:00,SHORT,1914.5,1915.0,,,0.1,-9.5,0.0,15,REV
2022-03-01 08:54:00,2022-03-01 09:23:00,LONG,1915.0,1917.5,,,0.1,20.5,0.0,37,REV
2022-03-01 09:23:00,2022-03-01 09:31:00,SHORT,1917.5,1919.0,,,0.1,-19.5,0.0,9,REV
2022-03-01 09:31:00,2022-03-01 09:37:00,LONG,1919.0,1918.0,,,0.1,-14.5,0.0,10,REV
2022-03-01 09:37:00,2022-03-01 09:37:00,SHORT,1918.0,1919.0,,,0.1,-14.5,0.0,2,REV
2022-03-01 09:37:00,2022-03-01 10:00:00,LONG,1919.0,1923.0,,,0.1,35.5,0.0,42,REV
2022-03-01 10:00:00,2022-03-01 10:05:00,SHORT,1923.0,1924.0,,,0.1,-14.5,0.0,12,REV
2022-03-01 10:05:00,2022-03-01 10:08:00,LONG,1924.0,1922.5,,,0.1,-19.5,0.0,3,REV
2022-03-01 10:08:00,2022-03-01 10:32:00,SHORT,1922.5,1921.0,,,0.1,10.5,0.0,31,REV
2022-03-01 10:32:00,2022-03-01 10:51:00,LONG,1921.0,1926.5,,,0.1,50.5,0.0,37,REV
2022-03-01 10:51:00,2022-03-01 11:16:00,SHORT,1926.5,1925.5,,,0.1,5.5,0.0,30,REV
2022-03-01 11:16:00,2022-03-01 11:39:00,LONG,1925.5,1928.5,,,0.1,25.5,0.0,32,REV
2022-03-01 11:39:00,2022-03-01 11:40:00,SHORT,1928.5,1929.5,,,0.1,-14.5,0.0,2,REV
2022-03-01 11:40:00,2022-03-01 11:58:00,LONG,1929.5,1932.0,,,0.1,20.5,0.0,29,REV
2022-03-01 11:58:00,2022-03-01 12:02:00,SHORT,1932.0,1933.5,,,0.1,-19.5,0.0,7,REV
2022-03-01 12:02:00,2022-03-01 12:06:00,LONG,1933.5,1932.0,,,0.1,-19.5,0.0,7,REV
2022-03-01 12:06:00,2022-03-01 12:09:00,SHORT,1932.0,1933.0,,,0.1,-14.5,0.0,4,REV
2022-03-01 12:09:00,2022-03-01 12:18:00,LONG,1933.0,1932.0,,,0.1,-14.5,0.0,12,REV
2022-03-01 12:18:00,2022-03-01 12:26:00,SHORT,1932.0,1933.5,,,0.1,-19.5,0.0,9,REV
2022-03-01 12:26:00,2022-03-01 12:46:00,LONG,1933.5,1933.0,,,0.1,-9.5,0.0,25,REV
2022-03-01 12:46:00,2022-03-01 12:55:00,SHORT,1933.0,1933.0,,,0.1,-4.5,0.0,14,REV
2022-03-01 12:55:00,2022-03-01 13:36:00,LONG,1933.0,1940.0,,,0.1,65.5,0.0,54,REV
2022-03-01 13:36:00,2022-03-01 13:42:00,SHORT,1940.0,1940.5,,,0.1,-9.5,0.0,13,REV
2022-03-01 13:42:00,2022-03-01 14:05:00,LONG,1940.5,1940.0,,,0.1,-9.5,0.0,23,REV
2022-03-01 14:05:00,2022-03-01 14:29:00,SHORT,1940.0,1939.0,,,0.1,5.5,0.0,26,REV
2022-03-01 14:29:00,2022-03-01 14:30:00,LONG,1939.0,1938.0,,,0.1,-14.5,0.0,2,REV
2022-03-01 14:30:00,2022-03-01 14:32:00,SHORT,1938.0,1939.0,,,0.1,-14.5,0.0,2,REV
2022-03-01 14:32:00,2022-03-01 14:50:00,LONG,1939.0,1939.0,,,0.1,-4.5,0.0,18,REV
2022-03-01 14:50:00,2022-03-01 14:57:00,SHORT,1939.0,1940.0,,,0.1,-14.5,0.0,10,REV
2022-03-01 14:57:00,2022-03-01 15:07:00,LONG,1940.0,1940.0,,,0.1,-4.5,0.0,16,REV
2022-03-01 15:07:00,2022-03-01 15:09:00,SHORT,1940.0,1941.0,,,0.1,-14.5,0.0,2,REV
2022-03-01 15:09:00,2022-03-01 15:18:00,LONG,1941.0,1940.0,,,0.1,-14.5,0.0,6,REV
2022-03-01 15:18:00,2022-03-01 15:34:00,SHORT,1940.0,1941.0,,,0.1,-14.5,0.0,6,REV
2022-03-01 15:34:00,2022-03-01 16:09:00,LONG,1941.0,1947.0,,,0.1,55.5,0.0,52,REV
2022-03-01 16:09:00,2022-03-01 16:50:00,SHORT,1947.0,1943.5,,,0.1,30.5,0.0,27,REV
2022-03-01 16:50:00,2022-03-01 18:05:00,LONG,1943.5,1942.5,,,0.1,-14.5,0.0,16,REV
2022-03-01 18:05:00,2022-03-01 18:16:00,SHORT,1942.5,1944.0,,,0.1,-19.5,0.0,5,REV
2022-03-01 18:16:00,2022-03-01 18:18:00,LONG,1944.0,1943.0,,,0.1,-14.5,0.0,2,REV
2022-03-01 18:18:00,2022-03-01 18:19:00,SHORT,1943.0,1943.5,,,0.1,-9.5,0.0,1,REV
2022-03-01 18:19:00,2022-03-01 18:23:00,LONG,1943.5,1943.0,,,0.1,-9.5,0.0,1,REV
2022-03-01 18:23:00,2022-03-01 18:24:00,SHORT,1943.0,1943.5,,,0.1,-9.5,0.0,1,REV
2022-03-01 18:24:00,2022-03-01 18:36:00,LONG,1943.5,1943.0,,,0.1,-9.5,0.0,5,REV
2022-03-01 18:36:00,2022-03-01 19:17:00,SHORT,1943.0,1943.5,,,0.1,-9.5,0.0,15,REV
2022-03-01 19:17:00,2022-03-01 19:26:00,LONG,1943.5,1942.0,,,0.1,-19.5,0.0,3,REV
2022-03-01 19:26:00,2022-03-01 20:29:00,SHORT,1942.0,1933.5,,,0.1,80.5,0.0,59,REV
2022-03-01 20:29:00,2022-03-01 21:38:00,LONG,1933.5,1938.0,,,0.1,40.5,0.0,47,REV
2022-03-01 21:38:00,2022-03-01 22:51:00,SHORT,1938.0,1936.5,,,0.1,10.5,0.0,33,REV
2022-03-01 22:51:00,2022-03-01 22:59:00,LONG,1936.5,1935.0,,,0.1,-19.5,0.0,3,REV
2022-03-01 22:59:00,2022-03-01 23:12:00,SHORT,1935.0,1936.5,,,0.1,-19.5,0.0,3,REV
2022-03-01 23:12:00,2022-03-02 00:06:00,LONG,1936.5,1935.5,,,0.1,-14.5,0.0,14,REV
2022-03-02 00:06:00,2022-03-02 00:36:00,SHORT,1935.5,1936.0,,,0.1,-9.5,0.0,15,REV
2022-03-02 00:36:00,2022-03-02 00:59:00,LONG,1936.0,1935.5,,,0.1,-9.5,0.0,15,REV
2022-03-02 00:59:00,2022-03-02 01:16:00,SHORT,1935.5,1934.5,,,0.1,5.5,0.0,20,REV
2022-03-02 01:16:00,2022-03-02 01:44:00,LONG,1934.5,1936.5,,,0.1,15.5,0.0,28,REV
2022-03-02 01:44:00,2022-03-02 01:46:00,SHORT,1936.5,1937.5,,,0.1,-14.5,0.0,2,REV
2022-03-02 01:46:00,2022-03-02 01:59:00,LONG,1937.5,1938.0,,,0.1,0.5,0.0,15,REV
2022-03-02 01:59:00,2022-03-02 02:10:00,SHORT,1938.0,1938.5,,,0.1,-9.5,0.0,19,REV
2022-03-02 02:10:00,2022-03-02 02:29:00,LONG,1938.5,1941.0,,,0.1,20.5,0.0,27,REV
2022-03-02 02:29:00,2022-03-02 02:45:00,SHORT,1941.0,1942.5,,,0.1,-19.5,0.0,11,REV
2022-03-02 02:45:00,2022-03-02 02:58:00,LONG,1942.5,1945.0,,,0.1,20.5,0.0,29,REV
2022-03-02 02:58:00,2022-03-02 03:49:00,SHORT,1945.0,1935.5,,,0.1,90.5,0.0,77,REV
2022-03-02 03:49:00,2022-03-02 03:49:00,LONG,1935.5,1935.0,,,0.1,-9.5,0.0,1,REV
2022-03-02 03:49:00,2022-03-02 03:53:00,SHORT,1935.0,1936.0,,,0.1,-14.5,0.0,6,REV
2022-03-02 03:53:00,2022-03-02 04:08:00,LONG,1936.0,1936.5,,,0.1,0.5,0.0,17,REV
2022-03-02 04:08:00,2022-03-02 04:24:00,SHORT,1936.5,1938.0,,,0.1,-19.5,0.0,15,REV
2022-03-02 04:24:00,2022-03-02 04:30:00,LONG,1938.0,1936.0,,,0.1,-24.5,0.0,8,REV
2022-03-02 04:30:00,2022-03-02 04:39:00,SHORT,1936.0,1934.5,,,0.1,10.5,0.0,23,REV
2022-03-02 04:39:00,2022-03-02 04:50:00,LONG,1934.5,1934.0,,,0.1,-9.5,0.0,13,REV
2022-03-02 04:50:00,2022-03-02 04:54:00,SHORT,1934.0,1936.0,,,0.1,-24.5,0.0,4,REV
2022-03-02 04:54:00,2022-03-02 04:58:00,LONG,1936.0,1934.5,,,0.1,-19.5,0.0,3,REV
2022-03-02 04:58:00,2022-03-02 05:09:00,SHORT,1934.5,1934.5,,,0.1,-4.5,0.0,12,REV
2022-03-02 05:09:00,2022-03-02 05:13:00,LONG,1934.5,1933.5,,,0.1,-14.5,0.0,2,REV
2022-03-02 05:13:00,2022-03-02 05:27:00,SHORT,1933.5,1918.5,,,0.1,145.5,0.0,54,REV
2022-03-02 05:27:00,2022-03-02 05:28:00,LONG,1918.5,1924.5,,,0.1,55.5,0.0,30,REV
2022-03-02 05:28:00,2022-03-02 05:30:00,SHORT,1924.5,1924.5,,,0.1,-4.5,0.0,16,REV
2022-03-02 05:30:00,2022-03-02 05:39:00,LONG,1924.5,1924.5,,,0.1,-4.5,0.0,22,REV
2022-03-02 05:39:00,2022-03-02 05:41:00,SHORT,1924.5,1926.0,,,0.1,-19.5,0.0,3,REV
2022-03-02 05:41:00,2022-03-02 05:43:00,LONG,1926.0,1925.0,,,0.1,-14.5,0.0,4,REV
2022-03-02 05:43:00,2022-03-02 05:50:00,SHORT,1925.0,1925.5,,,0.1,-9.5,0.0,13,REV
2022-03-02 05:50:00,2022-03-02 06:11:00,LONG,1925.5,1928.5,,,0.1,25.5,0.0,38,REV
2022-03-02 06:11:00,2022-03-02 06:24:00,SHORT,1928.5,1929.0,,,0.1,-9.5,0.0,13,REV
2022-03-02 06:24:00,2022-03-02 06:32:00,LONG,1929.0,1928.0,,,0.1,-14.5,0.0,12,REV
2022-03-02 06:32:00,2022-03-02 06:50:00,SHORT,1928.0,1928.0,,,0.1,-4.5,0.0,22,REV
2022-03-02 06:50:00,2022-03-02 07:07:00,LONG,1928.0,1928.0,,,0.1,-4.5,0.0,18,REV
2022-03-02 07:07:00,2022-03-02 07:30:00,SHORT,1928.0,1927.0,,,0.1,5.5,0.0,28,REV
2022-03-02 07:30:00,2022-03-02 07:40:00,LONG,1927.0,1926.0,,,0.1,-14.5,0.0,20,REV
2022-03-02 07:40:00,2022-03-02 07:51:00,SHORT,1926.0,1926.5,,,0.1,-9.5,0.0,11,REV
2022-03-02 07:51:00,2022-03-02 07:58:00,LONG,1926.5,1925.5,,,0.1,-14.5,0.0,10,REV
2022-03-02 07:58:00,2022-03-02 08:00:00,SHORT,1925.5,1926.5,,,0.1,-14.5,0.0,2,REV
2022-03-02 08:00:00,2022-03-02 08:09:00,LONG,1926.5,1927.5,,,0.1,5.5,0.0,20,REV
2022-03-02 08:09:00,2022-03-02 08:11:00,SHORT,1927.5,1929.5,,,0.1,-24.5,0.0,6,REV
2022-03-02 08:11:00,2022-03-02 08:14:00,LONG,1929.5,1928.0,,,0.1,-19.5,0.0,5,REV
2022-03-02 08:14:00,2022-03-02 08:23:00,SHORT,1928.0,1926.5,,,0.1,10.5,0.0,25,REV
2022-03-02 08:23:00,2022-03-02 08:33:00,LONG,1926.5,1928.5,,,0.1,15.5,0.0,32,REV
2022-03-02 08:33:00,2022-03-02 08:39:00,SHORT,1928.5,1930.0,,,0.1,-19.5,0.0,15,REV
2022-03-02 08:39:00,2022-03-02 08:49:00,LONG,1930.0,1931.0,,,0.1,5.5,0.0,22,REV
2022-03-02 08:49:00,2022-03-02 08:52:00,SHORT,1931.0,1933.0,,,0.1,-24.5,0.0,6,REV
2022-03-02 08:52:00,2022-03-02 08:57:00,LONG,1933.0,1931.5,,,0.1,-19.5,0.0,5,REV
2022-03-02 08:57:00,2022-03-02 09:00:00,SHORT,1931.5,1933.0,,,0.1,-19.5,0.0,5,REV
2022-03-02 09:00:00,2022-03-02 09:03:00,LONG,1933.0,1931.5,,,0.1,-19.5,0.0,5,REV
2022-03-02 09:03:00,2022-03-02 09:04:00,SHORT,1931.5,1933.0,,,0.1,-19.5,0.0,3,REV
2022-03-02 09:04:00,2022-03-02 09:10:00,LONG,1933.0,1932.0,,,0.1,-14.5,0.0,10,REV
2022-03-02 09:10:00,2022-03-02 09:29:00,SHORT,1932.0,1929.0,,,0.1,25.5,0.0,36,REV
2022-03-02 09:29:00,2022-03-02 09:34:00,LONG,1929.0,1927.5,,,0.1,-19.5,0.0,9,REV
2022-03-02 09:34:00,2022-03-02 09:35:00,SHORT,1927.5,1929.0,,,0.1,-19.5,0.0,3,REV
2022-03-02 09:35:00,2022-03-02 09:35:00,LONG,1929.0,1928.0,,,0.1,-14.5,0.0,2,REV
2022-03-02 09:35:00,2022-03-02 09:42:00,SHORT,1928.0,1925.0,,,0.1,25.5,0.0,26,REV
2022-03-02 09:42:00,2022-03-02 09:45:00,LONG,1925.0,1924.0,,,0.1,-14.5,0.0,6,REV
2022-03-02 09:45:00,2022-03-02 09:45:00,SHORT,1924.0,1924.5,,,0.1,-9.5,0.0,1,REV
2022-03-02 09:45:00,2022-03-02 09:48:00,LONG,1924.5,1923.5,,,0.1,-14.5,0.0,8,REV
2022-03-02 09:48:00,2022-03-02 09:49:00,SHORT,1923.5,1925.5,,,0.1,-24.5,0.0,4,REV
2022-03-02 09:49:00,2022-03-02 10:01:00,LONG,1925.5,1927.5,,,0.1,15.5,0.0,26,REV
2022-03-02 10:01:00,2022-03-02 10:04:00,SHORT,1927.5,1929.5,,,0.1,-24.5,0.0,12,REV
2022-03-02 10:04:00,2022-03-02 10:28:00,LONG,1929.5,1931.0,,,0.1,10.5,0.0,41,REV
2022-03-02 10:28:00,2022-03-02 10:28:00,SHORT,1931.0,1931.5,,,0.1,-9.5,0.0,1,REV
2022-03-02 10:28:00,2022-03-02 10:30:00,LONG,1931.5,1932.0,,,0.1,0.5,0.0,15,REV
2022-03-02 10:30:00,2022-03-02 10:46:00,SHORT,1932.0,1925.5,,,0.1,60.5,0.0,49,REV
2022-03-02 10:46:00,2022-03-02 10:57:00,LONG,1925.5,1926.0,,,0.1,0.5,0.0,17,REV
2022-03-02 10:57:00,2022-03-02 11:00:00,SHORT,1926.0,1927.0,,,0.1,-14.5,0.0,4,REV
2022-03-02 11:00:00,2022-03-02 11:02:00,LONG,1927.0,1925.5,,,0.1,-19.5,0.0,3,REV
2022-03-02 11:02:00,2022-03-02 11:16:00,SHORT,1925.5,1920.0,,,0.1,50.5,0.0,45,REV
2022-03-02 11:16:00,2022-03-02 11:31:00,LONG,1920.0,1922.0,,,0.1,15.5,0.0,28,REV
2022-03-02 11:31:00,2022-03-02 11:39:00,SHORT,1922.0,1920.0,,,0.1,15.5,0.0,28,REV
2022-03-02 11:39:00,2022-03-02 11:42:00,LONG,1920.0,1918.0,,,0.1,-24.5,0.0,6,REV
2022-03-02 11:42:00,2022-03-02 11:44:00,SHORT,1918.0,1919.5,,,0.1,-19.5,0.0,5,REV
2022-03-02 11:44:00,2022-03-02 11:47:00,LONG,1919.5,1918.0,,,0.1,-19.5,0.0,5,REV
2022-03-02 11:47:00,2022-03-02 11:51:00,SHORT,1918.0,1919.5,,,0.1,-19.5,0.0,7,REV
2022-03-02 11:51:00,2022-03-02 12:00:00,LONG,1919.5,1918.5,,,0.1,-14.5,0.0,12,REV
2022-03-02 12:00:00,2022-03-02 12:16:00,SHORT,1918.5,1917.5,,,0.1,5.5,0.0,24,REV
2022-03-02 12:16:00,2022-03-02 12:41:00,LONG,1917.5,1918.5,,,0.1,5.5,0.0,26,REV
2022-03-02 12:41:00,2022-03-02 13:09:00,SHORT,1918.5,1919.0,,,0.1,-9.5,0.0,21,REV
2022-03-02 13:09:00,2022-03-02 13:24:00,LONG,1919.0,1917.5,,,0.1,-19.5,0.0,9,REV
2022-03-02 13:24:00,2022-03-02 13:29:00,SHORT,1917.5,1919.0,,,0.1,-19.5,0.0,7,REV
2022-03-02 13:29:00,2022-03-02 13:55:00,LONG,1919.0,1920.0,,,0.1,5.5,0.0,22,REV
2022-03-02 13:55:00,2022-03-02 13:56:00,SHORT,1920.0,1920.5,,,0.1,-9.5,0.0,1,REV
2022-03-02 13:56:00,2022-03-02 15:22:00,LONG,1920.5,1930.0,,,0.1,90.5,0.0,69,REV
2022-03-02 15:22:00,2022-03-02 16:12:00,SHORT,1930.0,1927.0,,,0.1,25.5,0.0,56,REV
2022-03-02 16:12:00,2022-03-02 19:04:00,LONG,1927.0,1928.5,,,0.1,10.5,0.0,41,REV
2022-03-02 19:04:00,2022-03-02 19:20:00,SHORT,1928.5,1930.0,,,0.1,-19.5,0.0,5,REV
2022-03-02 19:20:00,2022-03-02 19:58:00,LONG,1930.0,1928.5,,,0.1,-19.5,0.0,11,REV
2022-03-02 19:58:00,2022-03-02 20:35:00,SHORT,1928.5,1928.5,,,0.1,-4.5,0.0,22,REV
2022-03-02 20:35:00,2022-03-02 21:25:00,LONG,1928.5,1929.0,,,0.1,0.5,0.0,19,REV
2022-03-02 21:25:00,2022-03-02 21:29:00,SHORT,1929.0,1929.5,,,0.1,-9.5,0.0,1,REV
2022-03-02 21:29:00,2022-03-02 21:30:00,LONG,1929.5,1929.0,,,0.1,-9.5,0.0,1,REV
2022-03-02 21:30:00,2022-03-02 21:33:00,SHORT,1929.0,1929.5,,,0.1,-9.5,0.0,1,REV
2022-03-02 21:33:00,2022-03-02 21:48:00,LONG,1929.5,1928.5,,,0.1,-14.5,0.0,4,REV
2022-03-02 21:48:00,2022-03-02 22:17:00,SHORT,1928.5,1929.0,,,0.1,-9.5,0.0,9,REV
2022-03-02 22:17:00,2022-03-02 22:48:00,LONG,1929.0,1928.0,,,0.1,-14.5,0.0,8,REV
2022-03-02 22:48:00,2022-03-03 00:36:00,SHORT,1928.0,1925.0,,,0.1,25.5,0.0,34,REV
2022-03-03 00:36:00,2022-03-03 02:10:00,LONG,1925.0,1927.5,,,0.1,20.5,0.0,41,REV
2022-03-03 02:10:00,2022-03-03 02:36:00,SHORT,1927.5,1927.5,,,0.1,-4.5,0.0,22,REV
2022-03-03 02:36:00,2022-03-03 03:10:00,LONG,1927.5,1931.0,,,0.1,30.5,0.0,43,REV
2022-03-03 03:10:00,2022-03-03 03:29:00,SHORT,1931.0,1931.0,,,0.1,-4.5,0.0,14,REV
2022-03-03 03:29:00,2022-03-03 03:52:00,LONG,1931.0,1932.0,,,0.1,5.5,0.0,22,REV
2022-03-03 03:52:00,2022-03-03 04:37:00,SHORT,1932.0,1927.0,,,0.1,45.5,0.0,40,REV
2022-03-03 04:37:00,2022-03-03 05:41:00,LONG,1927.0,1932.0,,,0.1,45.5,0.0,46,REV
2022-03-03 05:41:00,2022-03-03 05:56:00,SHORT,1932.0,1933.5,,,0.1,-19.5,0.0,9,REV
2022-03-03 05:56:00,2022-03-03 06:38:00,LONG,1933.5,1936.0,,,0.1,20.5,0.0,35,REV
2022-03-03 06:38:00,2022-03-03 07:17:00,SHORT,1936.0,1934.5,,,0.1,10.5,0.0,29,REV
2022-03-03 07:17:00,2022-03-03 07:34:00,LONG,1934.5,1933.5,,,0.1,-14.5,0.0,12,REV
2022-03-03 07:34:00,2022-03-03 08:03:00,SHORT,1933.5,1931.5,,,0.1,15.5,0.0,32,REV
2022-03-03 08:03:00,2022-03-03 08:05:00,LONG,1931.5,1931.0,,,0.1,-9.5,0.0,1,REV
2022-03-03 08:05:00,2022-03-03 08:09:00,SHORT,1931.0,1932.0,,,0.1,-14.5,0.0,4,REV
2022-03-03 08:09:00,2022-03-03 08:21:00,LONG,1932.0,1933.5,,,0.1,10.5,0.0,23,REV
2022-03-03 08:21:00,2022-03-03 08:49:00,SHORT,1933.5,1929.5,,,0.1,35.5,0.0,44,REV
2022-03-03 08:49:00,2022-03-03 08:52:00,LONG,1929.5,1928.0,,,0.1,-19.5,0.0,5,REV
2022-03-03 08:52:00,2022-03-03 09:05:00,SHORT,1928.0,1927.0,,,0.1,5.5,0.0,26,REV
2022-03-03 09:05:00,2022-03-03 09:26:00,LONG,1927.0,1929.0,,,0.1,15.5,0.0,36,REV
2022-03-03 09:26:00,2022-03-03 09:39:00,SHORT,1929.0,1929.0,,,0.1,-4.5,0.0,20,REV
2022-03-03 09:39:00,2022-03-03 09:42:00,LONG,1929.0,1927.5,,,0.1,-19.5,0.0,7,REV
2022-03-03 09:42:00,2022-03-03 09:43:00,SHORT,1927.5,1929.0,,,0.1,-19.5,0.0,3,REV
2022-03-03 09:43:00,2022-03-03 09:51:00,LONG,1929.0,1929.0,,,0.1,-4.5,0.0,16,REV
2022-03-03 09:51:00,2022-03-03 10:00:00,SHORT,1929.0,1929.0,,,0.1,-4.5,0.0,24,REV
2022-03-03 10:00:00,2022-03-03 10:05:00,LONG,1929.0,1927.5,,,0.1,-19.5,0.0,11,REV
2022-03-03 10:05:00,2022-03-03 10:06:00,SHORT,1927.5,1929.0,,,0.1,-19.5,0.0,3,REV
2022-03-03 10:06:00,2022-03-03 10:18:00,LONG,1929.0,1928.5,,,0.1,-9.5,0.0,15,REV
2022-03-03 10:18:00,2022-03-03 10:24:00,SHORT,1928.5,1929.5,,,0.1,-14.5,0.0,8,REV
2022-03-03 10:24:00,2022-03-03 10:28:00,LONG,1929.5,1928.0,,,0.1,-19.5,0.0,5,REV
2022-03-03 10:28:00,2022-03-03 10:47:00,SHORT,1928.0,1928.0,,,0.1,-4.5,0.0,26,REV
2022-03-03 10:47:00,2022-03-03 10:58:00,LONG,1928.0,1927.0,,,0.1,-14.5,0.0,10,REV
2022-03-03 10:58:00,2022-03-03 11:06:00,SHORT,1927.0,1928.0,,,0.1,-14.5,0.0,6,REV
2022-03-03 11:06:00,2022-03-03 11:10:00,LONG,1928.0,1926.5,,,0.1,-19.5,0.0,7,REV
2022-03-03 11:10:00,2022-03-03 11:19:00,SHORT,1926.5,1927.5,,,0.1,-14.5,0.0,10,REV
2022-03-03 11:19:00,2022-03-03 11:20:00,LONG,1927.5,1926.5,,,0.1,-14.5,0.0,2,REV
2022-03-03 11:20:00,2022-03-03 11:27:00,SHORT,1926.5,1926.5,,,0.1,-4.5,0.0,14,REV
2022-03-03 11:27:00,2022-03-03 11:59:00,LONG,1926.5,1928.5,,,0.1,15.5,0.0,30,REV
2022-03-03 11:59:00,2022-03-03 12:00:00,SHORT,1928.5,1930.0,,,0.1,-19.5,0.0,3,REV
2022-03-03 12:00:00,2022-03-03 12:26:00,LONG,1930.0,1929.0,,,0.1,-14.5,0.0,14,REV
2022-03-03 12:26:00,2022-03-03 12:31:00,SHORT,1929.0,1931.0,,,0.1,-24.5,0.0,8,REV
2022-03-03 12:31:00,2022-03-03 12:34:00,LONG,1931.0,1929.0,,,0.1,-24.5,0.0,6,REV
2022-03-03 12:34:00,2022-03-03 12:36:00,SHORT,1929.0,1931.0,,,0.1,-24.5,0.0,6,REV
2022-03-03 12:36:00,2022-03-03 12:36:00,LONG,1931.0,1929.0,,,0.1,-24.5,0.0,4,REV
2022-03-03 12:36:00,2022-03-03 12:39:00,SHORT,1929.0,1930.5,,,0.1,-19.5,0.0,5,REV
2022-03-03 12:39:00,2022-03-03 14:12:00,LONG,1930.5,1933.0,,,0.1,20.5,0.0,73,REV
2022-03-03 14:12:00,2022-03-03 14:44:00,SHORT,1933.0,1934.0,,,0.1,-14.5,0.0,12,REV
2022-03-03 14:44:00,2022-03-03 15:46:00,LONG,1934.0,1939.0,,,0.1,45.5,0.0,48,REV
2022-03-03 15:46:00,2022-03-03 19:09:00,SHORT,1939.0,1936.5,,,0.1,20.5,0.0,61,REV
2022-03-03 19:09:00,2022-03-03 19:41:00,LONG,1936.5,1945.5,,,0.1,85.5,0.0,70,REV
2022-03-03 19:41:00,2022-03-03 19:42:00,SHORT,1945.5,1947.5,,,0.1,-24.5,0.0,4,REV
2022-03-03 19:42:00,2022-03-03 19:47:00,LONG,1947.5,1947.0,,,0.1,-9.5,0.0,15,REV
2022-03-03 19:47:00,2022-03-03 19:47:00,SHORT,1947.0,1949.0,,,0.1,-24.5,0.0,4,REV
2022-03-03 19:47:00,2022-03-03 19:49:00,LONG,1949.0,1947.5,,,0.1,-19.5,0.0,5,REV
2022-03-03 19:49:00,2022-03-03 19:53:00,SHORT,1947.5,1948.5,,,0.1,-14.5,0.0,10,REV
2022-03-03 19:53:00,2022-03-03 19:58:00,LONG,1948.5,1947.0,,,0.1,-19.5,0.0,15,REV
2022-03-03 19:58:00,2022-03-03 20:08:00,SHORT,1947.0,1945.0,,,0.1,15.5,0.0,24,REV
2022-03-03 20:08:00,2022-03-03 20:12:00,LONG,1945.0,1944.5,,,0.1,-9.5,0.0,9,REV
2022-03-03 20:12:00,2022-03-03 20:55:00,SHORT,1944.5,1933.5,,,0.1,105.5,0.0,80,REV
2022-03-03 20:55:00,2022-03-03 21:39:00,LONG,1933.5,1936.0,,,0.1,20.5,0.0,43,REV
2022-03-03 21:39:00,2022-03-03 21:47:00,SHORT,1936.0,1937.5,,,0.1,-19.5,0.0,3,REV
2022-03-03 21:47:00,2022-03-03 22:35:00,LONG,1937.5,1938.5,,,0.1,5.5,0.0,26,REV
2022-03-03 22:35:00,2022-03-03 22:37:00,SHORT,1938.5,1940.5,,,0.1,-24.5,0.0,4,REV
2022-03-03 22:37:00,2022-03-03 22:37:00,LONG,1940.5,1939.0,,,0.1,-19.5,0.0,3,REV
2022-03-03 22:37:00,2022-03-03 22:41:00,SHORT,1939.0,1940.5,,,0.1,-19.5,0.0,7,REV
2022-03-03 22:41:00,2022-03-03 22:57:00,LONG,1940.5,1939.0,,,0.1,-19.5,0.0,9,REV
2022-03-03 22:57:00,2022-03-03 23:33:00,SHORT,1939.0,1940.0,,,0.1,-14.5,0.0,16,REV
2022-03-03 23:33:00,2022-03-03 23:36:00,LONG,1940.0,1939.0,,,0.1,-14.5,0.0,2,REV
2022-03-03 23:36:00,2022-03-04 00:04:00,SHORT,1939.0,1940.0,,,0.1,-14.5,0.0,8,REV
2022-03-04 00:04:00,2022-03-04 00:07:00,LONG,1940.0,1939.0,,,0.1,-14.5,0.0,2,REV
2022-03-04 00:07:00,2022-03-04 00:13:00,SHORT,1939.0,1939.5,,,0.1,-9.5,0.0,1,REV
2022-03-04 00:13:00,2022-03-04 00:17:00,LONG,1939.5,1939.0,,,0.1,-9.5,0.0,1,REV
2022-03-04 00:17:00,2022-03-04 00:31:00,SHORT,1939.0,1940.0,,,0.1,-14.5,0.0,4,REV
2022-03-04 00:31:00,2022-03-04 00:39:00,LONG,1940.0,1939.0,,,0.1,-14.5,0.0,2,REV
2022-03-04 00:39:00,2022-03-04 01:12:00,SHORT,1939.0,1937.5,,,0.1,10.5,0.0,23,REV
2022-03-04 01:12:00,2022-03-04 01:20:00,LONG,1937.5,1936.0,,,0.1,-19.5,0.0,3,REV
2022-03-04 01:20:00,2022-03-04 01:42:00,SHORT,1936.0,1936.5,,,0.1,-9.5,0.0,11,REV
2022-03-04 01:42:00,2022-03-04 01:58:00,LONG,1936.5,1935.0,,,0.1,-19.5,0.0,7,REV
2022-03-04 01:58:00,2022-03-04 02:03:00,SHORT,1935.0,1936.5,,,0.1,-19.5,0.0,3,REV
2022-03-04 02:03:00,2022-03-04 02:16:00,LONG,1936.5,1936.0,,,0.1,-9.5,0.0,9,REV
2022-03-04 02:16:00,2022-03-04 02:19:00,SHORT,1936.0,1937.0,,,0.1,-14.5,0.0,2,REV
2022-03-04 02:19:00,2022-03-04 02:50:00,LONG,1937.0,1936.5,,,0.1,-9.5,0.0,17,REV
2022-03-04 02:50:00,2022-03-04 03:08:00,SHORT,1936.5,1937.5,,,0.1,-14.5,0.0,18,REV
2022-03-04 03:08:00,2022-03-04 03:12:00,LONG,1937.5,1935.5,,,0.1,-24.5,0.0,4,REV
2022-03-04 03:12:00,2022-03-04 03:23:00,SHORT,1935.5,1936.0,,,0.1,-9.5,0.0,15,REV
2022-03-04 03:23:00,2022-03-04 04:33:00,LONG,1936.0,1940.5,,,0.1,40.5,0.0,61,REV
2022-03-04 04:33:00,2022-03-04 04:38:00,SHORT,1940.5,1942.0,,,0.1,-19.5,0.0,3,REV
2022-03-04 04:38:00,2022-03-04 05:06:00,LONG,1942.0,1944.0,,,0.1,15.5,0.0,30,REV
2022-03-04 05:06:00,2022-03-04 05:23:00,SHORT,1944.0,1944.5,,,0.1,-9.5,0.0,13,REV
2022-03-04 05:23:00,2022-03-04 05:24:00,LONG,1944.5,1944.0,,,0.1,-9.5,0.0,1,REV
2022-03-04 05:24:00,2022-03-04 05:25:00,SHORT,1944.0,1944.5,,,0.1,-9.5,0.0,1,REV
2022-03-04 05:25:00,2022-03-04 05:36:00,LONG,1944.5,1943.5,,,0.1,-14.5,0.0,4,REV
2022-03-04 05:36:00,2022-03-04 05:40:00,SHORT,1943.5,1945.0,,,0.1,-19.5,0.0,3,REV
2022-03-04 05:40:00,2022-03-04 06:17:00,LONG,1945.0,1946.5,,,0.1,10.5,0.0,27,REV
2022-03-04 06:17:00,2022-03-04 06:54:00,SHORT,1946.5,1946.0,,,0.1,0.5,0.0,27,REV
2022-03-04 06:54:00,2022-03-04 07:37:00,LONG,1946.0,1948.0,,,0.1,15.5,0.0,38,REV
2022-03-04 07:37:00,2022-03-04 08:17:00,SHORT,1948.0,1943.0,,,0.1,45.5,0.0,44,REV
2022-03-04 08:17:00,2022-03-04 08:28:00,LONG,1943.0,1943.0,,,0.1,-4.5,0.0,20,REV
2022-03-04 08:28:00,2022-03-04 08:30:00,SHORT,1943.0,1944.5,,,0.1,-19.5,0.0,3,REV
2022-03-04 08:30:00,2022-03-04 08:31:00,LONG,1944.5,1943.5,,,0.1,-14.5,0.0,8,REV
2022-03-04 08:31:00,2022-03-04 08:32:00,SHORT,1943.5,1945.0,,,0.1,-19.5,0.0,7,REV
2022-03-04 08:32:00,2022-03-04 08:36:00,LONG,1945.0,1944.0,,,0.1,-14.5,0.0,16,REV
2022-03-04 08:36:00,2022-03-04 08:45:00,SHORT,1944.0,1944.0,,,0.1,-4.5,0.0,16,REV
2022-03-04 08:45:00,2022-03-04 09:03:00,LONG,1944.0,1946.0,,,0.1,15.5,0.0,30,REV
2022-03-04 09:03:00,2022-03-04 09:04:00,SHORT,1946.0,1947.5,,,0.1,-19.5,0.0,3,REV
2022-03-04 09:04:00,2022-03-04 09:06:00,LONG,1947.5,1946.0,,,0.1,-19.5,0.0,3,REV
2022-03-04 09:06:00,2022-03-04 09:11:00,SHORT,1946.0,1947.5,,,0.1,-19.5,0.0,5,REV
2022-03-04 09:11:00,2022-03-04 09:43:00,LONG,1947.5,1956.0,,,0.1,80.5,0.0,61,REV
2022-03-04 09:43:00,2022-03-04 09:48:00,SHORT,1956.0,1956.5,,,0.1,-9.5,0.0,13,REV
2022-03-04 09:48:00,2022-03-04 09:52:00,LONG,1956.5,1955.0,,,0.1,-19.5,0.0,7,REV
2022-03-04 09:52:00,2022-03-04 10:03:00,SHORT,1955.0,1947.0,,,0.1,75.5,0.0,48,REV
2022-03-04 10:03:00,2022-03-04 10:42:00,LONG,1947.0,1954.5,,,0.1,70.5,0.0,65,REV
2022-03-04 10:42:00,2022-03-04 10:45:00,SHORT,1954.5,1956.0,,,0.1,-19.5,0.0,7,REV
2022-03-04 10:45:00,2022-03-04 11:27:00,LONG,1956.0,1960.5,,,0.1,40.5,0.0,51,REV
2022-03-04 11:27:00,2022-03-04 11:28:00,SHORT,1960.5,1961.5,,,0.1,-14.5,0.0,2,REV
2022-03-04 11:28:00,2022-03-04 11:33:00,LONG,1961.5,1960.5,,,0.1,-14.5,0.0,6,REV
2022-03-04 11:33:00,2022-03-04 11:39:00,SHORT,1960.5,1961.5,,,0.1,-14.5,0.0,10,REV
2022-03-04 11:39:00,2022-03-04 12:01:00,LONG,1961.5,1962.5,,,0.1,5.5,0.0,20,REV
2022-03-04 12:01:00,2022-03-04 12:08:00,SHORT,1962.5,1964.5,,,0.1,-24.5,0.0,8,REV
2022-03-04 12:08:00,2022-03-04 12:17:00,LONG,1964.5,1963.0,,,0.1,-19.5,0.0,7,REV
2022-03-04 12:17:00,2022-03-04 12:34:00,SHORT,1963.0,1962.5,,,0.1,0.5,0.0,21,REV
2022-03-04 12:34:00,2022-03-04 12:42:00,LONG,1962.5,1961.0,,,0.1,-19.5,0.0,3,REV
2022-03-04 12:42:00,2022-03-04 12:50:00,SHORT,1961.0,1961.5,,,0.1,-9.5,0.0,7,REV
2022-03-04 12:50:00,2022-03-04 13:08:00,LONG,1961.5,1961.0,,,0.1,-9.5,0.0,11,REV
2022-03-04 13:08:00,2022-03-04 13:09:00,SHORT,1961.0,1962.5,,,0.1,-19.5,0.0,3,REV
2022-03-04 13:09:00,2022-03-04 13:14:00,LONG,1962.5,1961.5,,,0.1,-14.5,0.0,4,REV
2022-03-04 13:14:00,2022-03-04 13:27:00,SHORT,1961.5,1962.5,,,0.1,-14.5,0.0,10,REV
2022-03-04 13:27:00,2022-03-04 13:52:00,LONG,1962.5,1963.5,,,0.1,5.5,0.0,24,REV
2022-03-04 13:52:00,2022-03-04 13:58:00,SHORT,1963.5,1965.5,,,0.1,-24.5,0.0,6,REV
2022-03-04 13:58:00,2022-03-04 14:31:00,LONG,1965.5,1965.5,,,0.1,-4.5,0.0,24,REV
2022-03-04 14:31:00,2022-03-04 14:37:00,SHORT,1965.5,1967.5,,,0.1,-24.5,0.0,6,REV
2022-03-04 14:37:00,2022-03-04 14:55:00,LONG,1967.5,1967.5,,,0.1,-4.5,0.0,18,REV
2022-03-04 14:55:00,2022-03-04 15:12:00,SHORT,1967.5,1968.0,,,0.1,-9.5,0.0,13,REV
2022-03-04 15:12:00,2022-03-04 15:34:00,LONG,1968.0,1968.0,,,0.1,-4.5,0.0,20,REV
2022-03-04 15:34:00,2022-03-04 15:36:00,SHORT,1968.0,1969.5,,,0.1,-19.5,0.0,3,REV
2022-03-04 15:36:00,2022-03-04 15:47:00,LONG,1969.5,1968.5,,,0.1,-14.5,0.0,8,REV
2022-03-04 15:47:00,2022-03-04 16:19:00,SHORT,1968.5,1969.0,,,0.1,-9.5,0.0,23,REV
2022-03-04 16:19:00,2022-03-04 16:44:00,LONG,1969.0,1967.5,,,0.1,-19.5,0.0,13,REV
2022-03-04 16:44:00,2022-03-04 16:49:00,SHORT,1967.5,1969.0,,,0.1,-19.5,0.0,3,REV
2022-03-04 16:49:00,2022-03-04 16:59:00,LONG,1969.0,1970.5,,,0.1,10.5,0.0,6,END
